split,class,image_filename,image_source,image_destination,mask_filename,mask_source,mask_destination,image_sha256,mask_sha256,width,height,bands,dtype,storage_method,excluded,exclusion_reason
train,Oil,00501.tif,Oil/00501.tif,train/images/Oil/00501.tif,00501.tif,Mask_oil/00501.tif,train/masks/Oil/00501.tif,09f0e04e3c207e084225c57ae6670f4c199891da5d8acd6c0b40e739142cc711,5526a4b79fe7a57f8c831c0b9d1300f435a1c0426f10ee1159eb15df93558f5a,2048,2048,2,float32+float32,HARD_LINK,NO,
train,Oil,00889.tif,Oil/00889.tif,train/images/Oil/00889.tif,00889.tif,Mask_oil/00889.tif,train/masks/Oil/00889.tif,88eb7e82b37fd2f7f71b93b543ec4f2fbf71a17ee09b5ec14485075d8e2c8b49,776002509854c053a9331a1e81a2598a532f6c7c35d8a5f78e59b1ef7593a13d,2048,2048,2,float32+float32,HARD_LINK,NO,
train,Oil,01183.tif,Oil/01183.tif,train/images/Oil/01183.tif,01183.tif,Mask_oil/01183.tif,train/masks/Oil/01183.tif,b0bf583b5761ef0c183547d23b34468b5f1b707aa1b66810b5a1d57cd4640a67,dd87abc7c2cb4f17b201d5f0acaa3c0cc00cfac927bf7dc8c8e30f590eeb7580,2048,2048,2,float32+float32,HARD_LINK,NO,
train,Oil,01236.tif,Oil/01236.tif,train/images/Oil/01236.tif,01236.tif,Mask_oil/01236.tif,train/masks/Oil/01236.tif,1d295516b550b1e0b0c1532814ba1dc3723d713bd6092e1963c895d8c129e9ce,44a54e7fbffd7c8e2d1d89671dd08de24bcc8b1fc86dd71b61d702615ba62e93,2048,2048,2,float32+float32,HARD_LINK,NO,
train,Oil,00897.tif,Oil/00897.tif,train/images/Oil/00897.tif,00897.tif,Mask_oil/00897.tif,train/masks/Oil/00897.tif,1b34adf84cdd7bd85d9ea47361c33a1e42bfa10e49f3ba0a224dd5e06e47b354,001033aa989eed5a7252fbb5ceb56abfac5fcd26bb8c21e0abd614a6a6d6594d,2048,2048,2,float32+float32,HARD_LINK,NO,
train,Oil,00096.tif,Oil/00096.tif,train/images/Oil/00096.tif,00096.tif,Mask_oil/00096.tif,train/masks/Oil/00096.tif,09121b140aa61b4c790d60e56d4964ce7103d4bb9728012beaa3f83fe995d9c8,01a3da8e71aec17e4eed9af1815713a1aee54bdd5f444984c279a6c4a33cccf7,2048,2048,2,float32+float32,HARD_LINK,NO,
train,Oil,01076.tif,Oil/01076.tif,train/images/Oil/01076.tif,01076.tif,Mask_oil/01076.tif,train/masks/Oil/01076.tif,d0ce6880f5b0764cf706ef5bd4b733b6e93c4d5829022434ce589925e507670c,276978d0d1a29e2fc9f3daebedc09e7c850075de0479d18319c29071ef23055d,2048,2048,2,float32+float32,HARD_LINK,NO,
train,Oil,00560.tif,Oil/00560.tif,train/images/Oil/00560.tif,00560.tif,Mask_oil/00560.tif,train/masks/Oil/00560.tif,6825c748b3314e07fab3d3353b8a3c8a7e1ba40fe7006f4a6915e176e4343060,9bb87624e604f75d7f71f4888e3245e519d75a0dc5fb8e95556db5fb1d4f8f08,2048,2048,2,float32+float32,HARD_LINK,NO,
train,Oil,00866.tif,Oil/00866.tif,train/images/Oil/00866.tif,00866.tif,Mask_oil/00866.tif,train/masks/Oil/00866.tif,0d32e3d1a44b5c71ad7550d1fb11f0d9ff979846b11ca894434bd8843a58deb6,78487c6b00794da29aebb91e95a191e848f891acc9fc41e43fb359445a1b83be,2048,2048,2,float32+float32,HARD_LINK,NO,
train,Oil,00374.tif,Oil/00374.tif,train/images/Oil/00374.tif,00374.tif,Mask_oil/00374.tif,train/masks/Oil/00374.tif,eb939dc1a768673a45ddc8d8690e7545af6904a9db4c8782d72b8d4e21323034,bca6ec9c06405e505613f7e45278ab84c5c2b721dba4c70170461899cdb4ee41,2048,2048,2,float32+float32,HARD_LINK,NO,
train,Oil,01195.tif,Oil/01195.tif,train/images/Oil/01195.tif,01195.tif,Mask_oil/01195.tif,train/masks/Oil/01195.tif,2789a2b2f2ebe9d5c3f418f8919c35ab82e56984a9082b3ea9828532ef798c2b,69562185ffbd2a503f0c4a9e008e81786e6a763a53df7b5ed45d6daf826e6d60,2048,2048,2,float32+float32,HARD_LINK,NO,
train,Oil,00820.tif,Oil/00820.tif,train/images/Oil/00820.tif,00820.tif,Mask_oil/00820.tif,train/masks/Oil/00820.tif,c5106b9ebdee4cc07443ea916302cb360501163e9b3653f7b293fd44d694de0e,55669f441a79be0fef59c2bd086d1fed12291bc10829026bc480a2010b01b5eb,2048,2048,2,float32+float32,HARD_LINK,NO,
train,Oil,00079.tif,Oil/00079.tif,train/images/Oil/00079.tif,00079.tif,Mask_oil/00079.tif,train/masks/Oil/00079.tif,e1f821d524fe4405dc03414b6287fec53ed7018e5ea16a6efe41b7d2cb196313,762e2b399889636b1ad092229dc1e38e2579ccd1dfe5e1bc43c89a1be4e14ed8,2048,2048,2,float32+float32,HARD_LINK,NO,
train,Oil,00807.tif,Oil/00807.tif,train/images/Oil/00807.tif,00807.tif,Mask_oil/00807.tif,train/masks/Oil/00807.tif,89db654dce3e9cd6f4e91c9bc70d12d2b61b7b73128b47aa773b469fea17ee50,c64a6fa452b6309c7acd8cb5d283b365acf28ac8896dc4b3e40908cac90e83a9,2048,2048,2,float32+float32,HARD_LINK,NO,
train,Oil,00950.tif,Oil/00950.tif,train/images/Oil/00950.tif,00950.tif,Mask_oil/00950.tif,train/masks/Oil/00950.tif,a63a6356dfd9ed550c97d4484aa34583d2f56d75cb4fe2c78e57c5095e96ebcb,6ff6c607339923419cba76ec8430c181cca59fc5aa8a3d3364609965c77a025f,2048,2048,2,float32+float32,HARD_LINK,NO,
train,Oil,00840.tif,Oil/00840.tif,train/images/Oil/00840.tif,00840.tif,Mask_oil/00840.tif,train/masks/Oil/00840.tif,d0336a4a45f529029713ef87232397b57da7461e4f59e103716d8f3527079241,21fa93bf77d828f8a56efaeccb4799f1a88bfd7153c066f0f1ebf3858ba1e39e,2048,2048,2,float32+float32,HARD_LINK,NO,
train,Oil,00478.tif,Oil/00478.tif,train/images/Oil/00478.tif,00478.tif,Mask_oil/00478.tif,train/masks/Oil/00478.tif,d1b4a4b65a1de1d8ea40ac6d0112440c436563a9ff5d72c945e495d8be150d85,4ab2c44503c4490e24b6b1b2c54229a3263bc3a554e4ff5799cb651ea387b0a3,2048,2048,2,float32+float32,HARD_LINK,NO,
train,Oil,00188.tif,Oil/00188.tif,train/images/Oil/00188.tif,00188.tif,Mask_oil/00188.tif,train/masks/Oil/00188.tif,a12b47378c0809af58b39bb79e41158a8afb8bb4d5e4c03e975d1253a164185c,fb7921e6905713b8933bea94d953e3bdd8a58e043400a4fb1207b535ed948c00,2048,2048,2,float32+float32,HARD_LINK,NO,
train,Oil,01165.tif,Oil/01165.tif,train/images/Oil/01165.tif,01165.tif,Mask_oil/01165.tif,train/masks/Oil/01165.tif,1d11b2166d135e14a016fa934c49b6a15e716d97f811f2d267761e3199b548e7,26441549044f4185f832f4c9f2d1e6333caf99002b51eb3393d866d9f11779c2,2048,2048,2,float32+float32,HARD_LINK,NO,
train,Oil,00197.tif,Oil/00197.tif,train/images/Oil/00197.tif,00197.tif,Mask_oil/00197.tif,train/masks/Oil/00197.tif,952f1d9d56b08131fa1e5cdabd3ccb4ddba259d42c1189d1e5441604dc5f99fd,f0e000a148b93024e041dc5f3b4def3c8ee78252cde6bcbdcd5208f03217cc8a,2048,2048,2,float32+float32,HARD_LINK,NO,
train,Oil,00846.tif,Oil/00846.tif,train/images/Oil/00846.tif,00846.tif,Mask_oil/00846.tif,train/masks/Oil/00846.tif,fd61c3ce62c9dc80e3a8838891c5da6a66e4a1499b9f01aa9adeb1cc010c4b2a,77e4c78fa3b66673323b7b3576cb79f132de7fa9ee19b33d4185a4d3131665c4,2048,2048,2,float32+float32,HARD_LINK,NO,
train,Oil,00012.tif,Oil/00012.tif,train/images/Oil/00012.tif,00012.tif,Mask_oil/00012.tif,train/masks/Oil/00012.tif,a72c2919a5bf1823f2f5f4ce4b33a9d293e7049d5374a7ca14f48e79fccf1eb4,a7c268cfbf8cb6413d65c88d336e94f5bb5b40a28c42787e8d8255a6b5edd1f3,2048,2048,2,float32+float32,HARD_LINK,NO,
train,Oil,00845.tif,Oil/00845.tif,train/images/Oil/00845.tif,00845.tif,Mask_oil/00845.tif,train/masks/Oil/00845.tif,5a22b346b8cbd6b3b935cc7e24ff01599100d5edac732c9a0efa5cbd408b1b1b,ea25ce883d7e36e478695f570d62ca5b8a43ec5d1841553c0d5294473830ed24,2048,2048,2,float32+float32,HARD_LINK,NO,
train,Oil,00412.tif,Oil/00412.tif,train/images/Oil/00412.tif,00412.tif,Mask_oil/00412.tif,train/masks/Oil/00412.tif,7de10645480c9fd485e32e2d263bb81748276d6a5015ed0f7990ca96b2944515,6ef0d45ce440f68429b6e9f0cdc47cd942ca75c247bfaa0e36bce024cc0e1be5,2048,2048,2,float32+float32,HARD_LINK,NO,
train,Oil,00461.tif,Oil/00461.tif,train/images/Oil/00461.tif,00461.tif,Mask_oil/00461.tif,train/masks/Oil/00461.tif,0aa5f2b307ac61184ec9ae556169f219f743b6bb212e56f49df75e6e12b3dfb7,382734fb31d7fc777103948a7a5d1c0d37925890ec6d9e68d91e99fa58837636,2048,2048,2,float32+float32,HARD_LINK,NO,
train,Oil,00915.tif,Oil/00915.tif,train/images/Oil/00915.tif,00915.tif,Mask_oil/00915.tif,train/masks/Oil/00915.tif,c612ddde47b2072ff5341c0aa9a5996c0f321f7a4bae5175f8dd056e1f5c9b70,76c1f7d5f7e4fb4f71d880c78ab20a363e022c0bfce43f163e860ddce4561433,2048,2048,2,float32+float32,HARD_LINK,NO,
train,Oil,00772.tif,Oil/00772.tif,train/images/Oil/00772.tif,00772.tif,Mask_oil/00772.tif,train/masks/Oil/00772.tif,a60bf4ea4fb41fdd6d6cc08a5b5cd357850bf5ad9aaa9c92d4080e7a281b1502,2b50ea0f4cfc83fd9490ac3a167e4f69dffca59741a32988d314cd72718f898a,2048,2048,2,float32+float32,HARD_LINK,NO,
train,Oil,01027.tif,Oil/01027.tif,train/images/Oil/01027.tif,01027.tif,Mask_oil/01027.tif,train/masks/Oil/01027.tif,98f30a155f46f3fd5a27279fb96ad699157e1f0e15d88ac8d53bf82eebbafc65,74065f65f53714c085d104cab235a0254cd5bd2509fe8f527a5ba836855a3e94,2048,2048,2,float32+float32,HARD_LINK,NO,
train,Oil,01179.tif,Oil/01179.tif,train/images/Oil/01179.tif,01179.tif,Mask_oil/01179.tif,train/masks/Oil/01179.tif,a4ed7e6e61fd7349f8bbcb7b138780c2c72da9fbab17711fc721cf3b352ea77d,9ad3f761ab11fae0199b1c5794a32936c8821325eb19ba018c35d960fc1b81b7,2048,2048,2,float32+float32,HARD_LINK,NO,
train,Oil,00080.tif,Oil/00080.tif,train/images/Oil/00080.tif,00080.tif,Mask_oil/00080.tif,train/masks/Oil/00080.tif,17d444cc833af09bdc09bfac14633817f8229fe802da039ac4b0b2a1a05ea076,cb49b2b230ff8a53a0934fb1ceed754d2a65beff0f3ca75e022af65e8d8853bb,2048,2048,2,float32+float32,HARD_LINK,NO,
train,Oil,00871.tif,Oil/00871.tif,train/images/Oil/00871.tif,00871.tif,Mask_oil/00871.tif,train/masks/Oil/00871.tif,50e583648add7e23a6dbf8325fbcd09421c90f72ff2c7fb4409fc124f0a56339,bab5b0a4b39476ec1b06074638bc516f12f7324aa95138bc82a74ddbcd418988,2048,2048,2,float32+float32,HARD_LINK,NO,
train,Oil,01147.tif,Oil/01147.tif,train/images/Oil/01147.tif,01147.tif,Mask_oil/01147.tif,train/masks/Oil/01147.tif,6c88dd86de994417dda0568867ee15747ef713b6c58a7644bc40a3e25878a0aa,52847d25bb14964f96e52d4c11e70c1278a03775cdd34b8f26e36af73b4dcec2,2048,2048,2,float32+float32,HARD_LINK,NO,
train,Oil,01158.tif,Oil/01158.tif,train/images/Oil/01158.tif,01158.tif,Mask_oil/01158.tif,train/masks/Oil/01158.tif,a7608a2a86b516de5dc70188f5645e9cacfd7cce7b46b9061ceab00d6be61c19,a59a530e682378f73d09ee1112fc4a0d1efae7ea2150d23ff913bccb566db6e7,2048,2048,2,float32+float32,HARD_LINK,NO,
train,Oil,00785.tif,Oil/00785.tif,train/images/Oil/00785.tif,00785.tif,Mask_oil/00785.tif,train/masks/Oil/00785.tif,a1d371f43073be254a06b484eefc3ab38fe4cc9bc265959dec148bc782571923,e975f212944775bca99e5cf980026e9d10c42986e0e049fd39c5373d376eff5f,2048,2048,2,float32+float32,HARD_LINK,NO,
train,Oil,00133.tif,Oil/00133.tif,train/images/Oil/00133.tif,00133.tif,Mask_oil/00133.tif,train/masks/Oil/00133.tif,6655277f1a8d62bd45216a420c39b92d67c5d647af2d06ca356eb2a63ee5ae86,4dad5ba4518740adbe718eb87f2b348a61e68e7823c2e5969a737ff9e72b7a88,2048,2048,2,float32+float32,HARD_LINK,NO,
train,Oil,00978.tif,Oil/00978.tif,train/images/Oil/00978.tif,00978.tif,Mask_oil/00978.tif,train/masks/Oil/00978.tif,37e8a53c8020a99193158de8ecf82d25188c0121c5c732c299859d163f218539,5e9da086a1d5f3a42545d057ae0a1ee27a309fea5dba38ce060e72c67f35b637,2048,2048,2,float32+float32,HARD_LINK,NO,
train,Oil,00570.tif,Oil/00570.tif,train/images/Oil/00570.tif,00570.tif,Mask_oil/00570.tif,train/masks/Oil/00570.tif,9322fdc65d8c4af6be0592e0f43a9a8fc19800ea0b7303ecbbf84c54851fdb94,d827035090fc4b817dd0e7d81dd87f4d26905e30acb8ec27c56d88b5dab490c5,2048,2048,2,float32+float32,HARD_LINK,NO,
train,Oil,00577.tif,Oil/00577.tif,train/images/Oil/00577.tif,00577.tif,Mask_oil/00577.tif,train/masks/Oil/00577.tif,8eecd55024bb1f5de37b874f6448bbaf11556932ec4e20e0fe43d66a946e9dd2,2c2dcdcf5d0084131c34e3a37006acb98e6b105259761827bc9af2abcefcc2d2,2048,2048,2,float32+float32,HARD_LINK,NO,
train,Oil,00294.tif,Oil/00294.tif,train/images/Oil/00294.tif,00294.tif,Mask_oil/00294.tif,train/masks/Oil/00294.tif,0a1b7bf9f8f4162b6349ad994864fd56c918fcd9b08949e477d7436fe8309b0a,95dcf76ac2ac12c9246111e30d2d1ac7db9cd37c120f180af90795e434b07504,2048,2048,2,float32+float32,HARD_LINK,NO,
train,Oil,00919.tif,Oil/00919.tif,train/images/Oil/00919.tif,00919.tif,Mask_oil/00919.tif,train/masks/Oil/00919.tif,cdf98edd33e4b7ad9f8380e4256d7cd7c56f4fdc4ede060c9bf5d30a38779c8f,de3e01295585c268cebc80b3826666873737af1ff83209381781864a84dcdb88,2048,2048,2,float32+float32,HARD_LINK,NO,
train,Oil,01046.tif,Oil/01046.tif,train/images/Oil/01046.tif,01046.tif,Mask_oil/01046.tif,train/masks/Oil/01046.tif,a754847fb83466a09381e0d19b3a8c5949017c8b6bfe30c44c310051ff6cb8ed,f35ec2a0a2f02f98abf59e0c39c58d6ff2ad45a7caa1b301b306c5164f38f872,2048,2048,2,float32+float32,HARD_LINK,NO,
train,Oil,00778.tif,Oil/00778.tif,train/images/Oil/00778.tif,00778.tif,Mask_oil/00778.tif,train/masks/Oil/00778.tif,d2281dfff0b1348577b2f83224a63b6fd66f6eb839d2a1464b2143de7906e069,498f1479cc9a342736e8f9bb2694cd1d4fa413f2affd8150fc90085f38cceadc,2048,2048,2,float32+float32,HARD_LINK,NO,
train,Oil,01299.tif,Oil/01299.tif,train/images/Oil/01299.tif,01299.tif,Mask_oil/01299.tif,train/masks/Oil/01299.tif,0c762e9923521ca63fc777df080605dc146c2c28a5daa574f9c5648db92e89cd,951be192d1ac71b53cf93d8b329d917c42ed6d5facc41cdd286a3c027404ec72,2048,2048,2,float32+float32,HARD_LINK,NO,
train,Oil,01123.tif,Oil/01123.tif,train/images/Oil/01123.tif,01123.tif,Mask_oil/01123.tif,train/masks/Oil/01123.tif,e85fcb21410dab6b4f663ec7300261ecbd9e98cb5a9b9ed79c7d6dad448b6429,a5526348df84a6cbc6c4fe6e5631456294293cd1b649f7059210f117792ee376,2048,2048,2,float32+float32,HARD_LINK,NO,
train,Oil,00452.tif,Oil/00452.tif,train/images/Oil/00452.tif,00452.tif,Mask_oil/00452.tif,train/masks/Oil/00452.tif,3f901da1d9d825fd96f76bbe1ee74ba6c2ac67bbd5755390db455971993d30ac,30733fd627b4a671d894ca933caec54847fdb394fb47dcb133bec90e10d49316,2048,2048,2,float32+float32,HARD_LINK,NO,
train,Oil,01008.tif,Oil/01008.tif,train/images/Oil/01008.tif,01008.tif,Mask_oil/01008.tif,train/masks/Oil/01008.tif,adc08e54e2996b53f39251a603d39430d04bdae4de06cf4a59e5e8de1a59d4ff,94eb27a49e1e4c34ad29814bce4d260fc117f0df2182bff39d41cd071b68ddd0,2048,2048,2,float32+float32,HARD_LINK,NO,
train,Oil,00788.tif,Oil/00788.tif,train/images/Oil/00788.tif,00788.tif,Mask_oil/00788.tif,train/masks/Oil/00788.tif,cc8d9bf4c5a37ca029e2f3e1cb7f3eba5536c87ce2ba1a14c68cce6e3bdc442f,51fdc1f5e5b74be1249a414333dc0dd4144f76c826ae81fdc54d8f16d511dc3a,2048,2048,2,float32+float32,HARD_LINK,NO,
train,Oil,01297.tif,Oil/01297.tif,train/images/Oil/01297.tif,01297.tif,Mask_oil/01297.tif,train/masks/Oil/01297.tif,54a5d82b83716f2884e962045bfdb84b9b690d680676d60c61037a957df0ce45,d8f8b58004172e25f59baf9b85df16b4bc9e5880f03a57fe3f18280021b5cc07,2048,2048,2,float32+float32,HARD_LINK,NO,
train,Oil,00521.tif,Oil/00521.tif,train/images/Oil/00521.tif,00521.tif,Mask_oil/00521.tif,train/masks/Oil/00521.tif,a9b540d6bc8b0d7ad12fb03b03db3535a114124a06a3a10277d1eeec347e4cdb,96ed50a774e69c8ff63ddbb858a3f1eeeffe3aad1302badadbb7b1e239d4a6e9,2048,2048,2,float32+float32,HARD_LINK,NO,
train,Oil,00949.tif,Oil/00949.tif,train/images/Oil/00949.tif,00949.tif,Mask_oil/00949.tif,train/masks/Oil/00949.tif,e6a345cac6ccf76a5be5663a000167a3df7f03a298f9d71591bead37aecf7e0b,8baecea31cd054c68e50b54f6b43fce5c3b1393ec1e5e047cf221f56131e86bb,2048,2048,2,float32+float32,HARD_LINK,NO,
train,Oil,01169.tif,Oil/01169.tif,train/images/Oil/01169.tif,01169.tif,Mask_oil/01169.tif,train/masks/Oil/01169.tif,6f7c34acd189dd0d93e78fb738f624f7c8651f6ff04ec8efb19a56ba0dea6c55,864e4138b56bffeec9bab1e6b92adf719104196f4dee878acb703990e6e42f60,2048,2048,2,float32+float32,HARD_LINK,NO,
train,Oil,00738.tif,Oil/00738.tif,train/images/Oil/00738.tif,00738.tif,Mask_oil/00738.tif,train/masks/Oil/00738.tif,b2779bccce965c4ea7fa2cb0faf2a0b0bfd4ffab4662914ed28a9fb4f021d1ae,907a59c388e73d57eed2a953ffe536750798702406b547044a8886c74352a2c0,2048,2048,2,float32+float32,HARD_LINK,NO,
train,Oil,00675.tif,Oil/00675.tif,train/images/Oil/00675.tif,00675.tif,Mask_oil/00675.tif,train/masks/Oil/00675.tif,ab877cb7b02f3eed144e8ec671931c76abb2fddf7d72e1fff32f19ed4a5c1a82,1cdcaa5716e05a4dbd8f398d12e608bf382626335d10b7aa28375695ed185536,2048,2048,2,float32+float32,HARD_LINK,NO,
train,Oil,00325.tif,Oil/00325.tif,train/images/Oil/00325.tif,00325.tif,Mask_oil/00325.tif,train/masks/Oil/00325.tif,4c721b5a4a9eca64c5f10577bc8d3c459437046862ebd9f425ee643416994145,4e58d2c6be6a5397350fc7b9e26399958eec12cfa4a9e146195fdfaac6124b2f,2048,2048,2,float32+float32,HARD_LINK,NO,
train,Oil,01334.tif,Oil/01334.tif,train/images/Oil/01334.tif,01334.tif,Mask_oil/01334.tif,train/masks/Oil/01334.tif,5e0d5673d21bb0f96b527884cacccf846f33096048c880794f58597479e025df,39afc77b3c445bee50e115a3be8c6573a2da112454037b1564266741403d0f07,2048,2048,2,float32+float32,HARD_LINK,NO,
train,Oil,00251.tif,Oil/00251.tif,train/images/Oil/00251.tif,00251.tif,Mask_oil/00251.tif,train/masks/Oil/00251.tif,45a774033cf4f5b3110c3d98d7a4f76a7582d87808af81d51a3fcfaa46134791,7c22388abd550c396d5508fec0a555b3dc858b9501b060fb13ad3be3f7514c3c,2048,2048,2,float32+float32,HARD_LINK,NO,
train,Oil,01107.tif,Oil/01107.tif,train/images/Oil/01107.tif,01107.tif,Mask_oil/01107.tif,train/masks/Oil/01107.tif,5d402f8c4392f5e5bfe0848733178b4bb20fe632b5391551ee943d184e212900,41bc97ec30fa24a24450cc7a778a13be58f4717b6d0142eb014734da2537482a,2048,2048,2,float32+float32,HARD_LINK,NO,
train,Oil,00154.tif,Oil/00154.tif,train/images/Oil/00154.tif,00154.tif,Mask_oil/00154.tif,train/masks/Oil/00154.tif,7c16d19b541814037009a781ffa9f0a8ff242458efaa4fc1944b1546331bf7a7,bf460716bd1fef1dd8c0805dd77f3e7e35f432f9b9d36426fd463b57112454b7,2048,2048,2,float32+float32,HARD_LINK,NO,
train,Oil,01144.tif,Oil/01144.tif,train/images/Oil/01144.tif,01144.tif,Mask_oil/01144.tif,train/masks/Oil/01144.tif,0f67caca21e4082df7156e4fa4f257db08b52ff67a95dcef564710bdfd82a80d,9b982d25774e4b4522c3e34a5dab324e1ec9de8bbfeba4aee163bbab6101a3ff,2048,2048,2,float32+float32,HARD_LINK,NO,
train,Oil,00864.tif,Oil/00864.tif,train/images/Oil/00864.tif,00864.tif,Mask_oil/00864.tif,train/masks/Oil/00864.tif,111c1c6e061dccf286f3478c384ba59558938d226322c6c13214e3a510f1f963,f3233cd76785daf0dbdb5dcb061698bc492deb06d91605996d2a6a8323cb3fa6,2048,2048,2,float32+float32,HARD_LINK,NO,
train,Oil,00753.tif,Oil/00753.tif,train/images/Oil/00753.tif,00753.tif,Mask_oil/00753.tif,train/masks/Oil/00753.tif,b306e53ac523d6a67556a9cafad68eb08e9c2fb359ff86525686bcdb8e03bacb,7c9610a98d40c8c74d9b5464895470d88b4daf97912cf155a51050843ac5eb33,2048,2048,2,float32+float32,HARD_LINK,NO,
train,Oil,00568.tif,Oil/00568.tif,train/images/Oil/00568.tif,00568.tif,Mask_oil/00568.tif,train/masks/Oil/00568.tif,026ca33c6bbad08277f9a7b2899e677c7844c87a80412b10149ade8cf66d99c7,0894bf98905fddb1da5c13e6ae6ae4a33d8d24df4e7f439af13e5e72c1262bae,2048,2048,2,float32+float32,HARD_LINK,NO,
train,Oil,01081.tif,Oil/01081.tif,train/images/Oil/01081.tif,01081.tif,Mask_oil/01081.tif,train/masks/Oil/01081.tif,ca9287b18e6a138cd7ef93a6606ef101af1cb8423dd0faec7a1810ff25dd6db7,301427d9ede464f9a9a2e6269fb6e021a9b90808dcf4b778def0e63b518d146a,2048,2048,2,float32+float32,HARD_LINK,NO,
train,Oil,00524.tif,Oil/00524.tif,train/images/Oil/00524.tif,00524.tif,Mask_oil/00524.tif,train/masks/Oil/00524.tif,fbfefa1e6a34554dc6aa0ad3537249a49a8cc58afa3416fb0d7cd543bb06f605,557338b5c70897fb9370ee4249f7493d0861f127c286854a5c2e0e795a05d58a,2048,2048,2,float32+float32,HARD_LINK,NO,
train,Oil,00761.tif,Oil/00761.tif,train/images/Oil/00761.tif,00761.tif,Mask_oil/00761.tif,train/masks/Oil/00761.tif,bb8444c284c62e6038a6ac5f32d7eed72b0cb8d7ba0cf170c7cc1d73f728a77a,a5929da63f365e1f0b00b519d1b364d7bed402e7854ddff67cada97b8b0b5855,2048,2048,2,float32+float32,HARD_LINK,NO,
train,Oil,00102.tif,Oil/00102.tif,train/images/Oil/00102.tif,00102.tif,Mask_oil/00102.tif,train/masks/Oil/00102.tif,b447323f65ccb92e08d67c9cd61b322726c7350e65f7e185e34db890b468528f,2c61dfc28e82934524b3b8d1b3489dbd160d4690a19de65c95cca43e8ce9786f,2048,2048,2,float32+float32,HARD_LINK,NO,
train,Oil,00725.tif,Oil/00725.tif,train/images/Oil/00725.tif,00725.tif,Mask_oil/00725.tif,train/masks/Oil/00725.tif,5de23778a0e2f40697c982ce50fcf99fb1eb399129d50136492dd19c7a7cccab,d804452b109c942dfeba4c1fcbfb9487926849fbd3d020eff826eeaa0e96a085,2048,2048,2,float32+float32,HARD_LINK,NO,
train,Oil,00064.tif,Oil/00064.tif,train/images/Oil/00064.tif,00064.tif,Mask_oil/00064.tif,train/masks/Oil/00064.tif,fe797a6f46f54e1964ff4e328d697b4bce70dbfea30815abfbed7f044bb4c87e,aafadb05051fa493e22136043422e81cd008f4f452766dd39208c2b09408c54d,2048,2048,2,float32+float32,HARD_LINK,NO,
train,Oil,00013.tif,Oil/00013.tif,train/images/Oil/00013.tif,00013.tif,Mask_oil/00013.tif,train/masks/Oil/00013.tif,d5e04143b6173dbfb6214b01ba86dd79464c8fcdc8188f7be7c764921f6a150f,d1780032a7da8eb05c2495ed3adafdc0e53cd7c9e7688ec4f5193d9f6ac3cbfc,2048,2048,2,float32+float32,HARD_LINK,NO,
train,Oil,00407.tif,Oil/00407.tif,train/images/Oil/00407.tif,00407.tif,Mask_oil/00407.tif,train/masks/Oil/00407.tif,5e89aabda85776b188755f8f9cfa916f4f413ebe47fa579853ce8d6db949d1b5,95b74f8e35178bf6b88fa8504ede2221dcb9257b8a4c905c49b1a8e196906def,2048,2048,2,float32+float32,HARD_LINK,NO,
train,Oil,00927.tif,Oil/00927.tif,train/images/Oil/00927.tif,00927.tif,Mask_oil/00927.tif,train/masks/Oil/00927.tif,d3ce66f9907ec7aca76763f619bbaf011302b4aad024da2bf5b41fac91bbd715,e240fef6c5608866ae5d7a41c8630defef7fc5add6628797d7c1322c89774986,2048,2048,2,float32+float32,HARD_LINK,NO,
train,Oil,01025.tif,Oil/01025.tif,train/images/Oil/01025.tif,01025.tif,Mask_oil/01025.tif,train/masks/Oil/01025.tif,cf94c6de9d7db6764322979a1e2d149e8b033cfe96a37d37492bbb16a7225a22,e8158bf9b8613e2f47a0ba34515e6ea83ecf20dc1d0c44c288c83b2cb696bc8d,2048,2048,2,float32+float32,HARD_LINK,NO,
train,Oil,00004.tif,Oil/00004.tif,train/images/Oil/00004.tif,00004.tif,Mask_oil/00004.tif,train/masks/Oil/00004.tif,ea5c7c077ee4e44802eb0f7e808d82abe837978067d9b3e3157b95f31e7f9156,25f79deac6e46ce5a3b36cf832faade60c1bce63a3497c42670205ac5a0b0902,2048,2048,2,float32+float32,HARD_LINK,NO,
train,Oil,00713.tif,Oil/00713.tif,train/images/Oil/00713.tif,00713.tif,Mask_oil/00713.tif,train/masks/Oil/00713.tif,255c5e5555b23fd9a20c602df33b2e26fc5c99ae334462d2500721c4b0389920,a21cbd62abd6b85a99c3cc28125fb023c16cae6fd09e30ff414681c9bc7940bb,2048,2048,2,float32+float32,HARD_LINK,NO,
train,Oil,01117.tif,Oil/01117.tif,train/images/Oil/01117.tif,01117.tif,Mask_oil/01117.tif,train/masks/Oil/01117.tif,fc6699048a20785d62c30c952e73e63455b02494bfad038e87628371a978aca6,9d9a77761ef21b08431af4fa757761cbb88a8744f821be232ac6c64f99231036,2048,2048,2,float32+float32,HARD_LINK,NO,
train,Oil,00264.tif,Oil/00264.tif,train/images/Oil/00264.tif,00264.tif,Mask_oil/00264.tif,train/masks/Oil/00264.tif,9b548bff8955278bb88822e50fce57cb34dbbf7b71b886383f13b2346b8ab342,2019954bb398b2f0144ba8762955751531b238bf5ed73ddca7581aec5f0e3924,2048,2048,2,float32+float32,HARD_LINK,NO,
train,Oil,00341.tif,Oil/00341.tif,train/images/Oil/00341.tif,00341.tif,Mask_oil/00341.tif,train/masks/Oil/00341.tif,7f87a5c528b23cf5c8a222f6f072daa05a2a81fcdcbe35514229cbcb5f1a761e,a7e474cac0fa22337d08d90c42c8b321f5beeecd8ca2c57d5a216a7358a6c5c9,2048,2048,2,float32+float32,HARD_LINK,NO,
train,Oil,01109.tif,Oil/01109.tif,train/images/Oil/01109.tif,01109.tif,Mask_oil/01109.tif,train/masks/Oil/01109.tif,daa99467d04146e7303d84b1c3daba326d48c9a13abfc2261a8a842820c73265,a778b9631e8b05c0b588bf593583aa9d64eeda74397671f5a4a9faec74ec4d98,2048,2048,2,float32+float32,HARD_LINK,NO,
train,Oil,01265.tif,Oil/01265.tif,train/images/Oil/01265.tif,01265.tif,Mask_oil/01265.tif,train/masks/Oil/01265.tif,5c99fbf1245553f8d2397ec5f09cd0cbcf80fb9eff634224761420793add8c76,14a3a44cc510323a54e7bb289811256c74c862f82e5df47d4b4aa27cc6f84ff8,2048,2048,2,float32+float32,HARD_LINK,NO,
train,Oil,01290.tif,Oil/01290.tif,train/images/Oil/01290.tif,01290.tif,Mask_oil/01290.tif,train/masks/Oil/01290.tif,196557eb944613a2b1757aa7746d46ddc92c1383c822ab520c102185d8988e72,f6bb22965f7158fc414011a6dc5bbd4175565e3116ba15e04a8007dac9a5dbfd,2048,2048,2,float32+float32,HARD_LINK,NO,
train,Oil,00563.tif,Oil/00563.tif,train/images/Oil/00563.tif,00563.tif,Mask_oil/00563.tif,train/masks/Oil/00563.tif,57a03d54d5ba48c02065cdee8dd24378a1414c57a872500d59b9681c3365a912,1076e1848de37d7cf155306533d0b428adb103b9fb8ef0a5b9d23fcfaa7f9134,2048,2048,2,float32+float32,HARD_LINK,NO,
train,Oil,00208.tif,Oil/00208.tif,train/images/Oil/00208.tif,00208.tif,Mask_oil/00208.tif,train/masks/Oil/00208.tif,9398d62f18c8b9767c6a7790a1f965ef1370ec090a9bcd7fec791c3d85689471,3236cec28d5014165aaa8290689f2f5d4cddab24d2d0fe80e55a27f5615c9ff8,2048,2048,2,float32+float32,HARD_LINK,NO,
train,Oil,00691.tif,Oil/00691.tif,train/images/Oil/00691.tif,00691.tif,Mask_oil/00691.tif,train/masks/Oil/00691.tif,1408924e617f3d1b275185715ad71beded3991d0de8609e71b6783191528369b,157505b350853cc1cc7caedf17117935132ab5b66596f3b2292aeb178da1db58,2048,2048,2,float32+float32,HARD_LINK,NO,
train,Oil,00681.tif,Oil/00681.tif,train/images/Oil/00681.tif,00681.tif,Mask_oil/00681.tif,train/masks/Oil/00681.tif,02ff53a9e7b23904f9c9fc6bc50fe8d77f027dfa0580ebb0c034017c3056a819,8312acc6f4b95b36e1919119839eff7afb7be0b1e629ed31aca13260abcabb02,2048,2048,2,float32+float32,HARD_LINK,NO,
train,Oil,00712.tif,Oil/00712.tif,train/images/Oil/00712.tif,00712.tif,Mask_oil/00712.tif,train/masks/Oil/00712.tif,92ee0fec5096ba871a8141773bbdd89c6524d5ef34505463a239fbfdb216f956,80582b7da86d9fe24a610a5f05596e37749a0d786bde05a74276ab2f41a46672,2048,2048,2,float32+float32,HARD_LINK,NO,
train,Oil,00342.tif,Oil/00342.tif,train/images/Oil/00342.tif,00342.tif,Mask_oil/00342.tif,train/masks/Oil/00342.tif,eb04617a6eebd5e4525d0bb6a83e5fb28ee87445d197dc7774eae2138de22eea,33c0dd46dda0419d9ab23151d46456de627968f32109b14a3f0047641a312694,2048,2048,2,float32+float32,HARD_LINK,NO,
train,Oil,00627.tif,Oil/00627.tif,train/images/Oil/00627.tif,00627.tif,Mask_oil/00627.tif,train/masks/Oil/00627.tif,fb5aca87cb71266fef2d39dee268d20c80ba35b0b0c60caa0941c5d86ef5be01,076c057890d8eeb50d5467250361657acbfe70a22028caa0f2cf01871af3d2e6,2048,2048,2,float32+float32,HARD_LINK,NO,
train,Oil,00826.tif,Oil/00826.tif,train/images/Oil/00826.tif,00826.tif,Mask_oil/00826.tif,train/masks/Oil/00826.tif,af595ec2e0d913383ca16a3cb4ce41d8070990c3c0d928368d6342bc781c85f5,8bfc33a35f6e3814052bf42e8f56706e5f6b525433282e731dca1de35c929e5f,2048,2048,2,float32+float32,HARD_LINK,NO,
train,Oil,01037.tif,Oil/01037.tif,train/images/Oil/01037.tif,01037.tif,Mask_oil/01037.tif,train/masks/Oil/01037.tif,ee5eb2d384a1f0aa01e46945b20847fb752a6c75b46cd05d6208f3be48969d8a,7cf22c343143e0c3e20f57321b79a1a1d55a57ea6c7422ee5f63bfd2e5456ab3,2048,2048,2,float32+float32,HARD_LINK,NO,
train,Oil,00958.tif,Oil/00958.tif,train/images/Oil/00958.tif,00958.tif,Mask_oil/00958.tif,train/masks/Oil/00958.tif,8238983755fa9f0f529d8aded19551fb35f974fb2dc238c4878ba66bff9f2f0b,9b9be8f5f5bf6daa0abe9d42760ce20627930ab720e75d5bd80b0049af2cb0a5,2048,2048,2,float32+float32,HARD_LINK,NO,
train,Oil,00447.tif,Oil/00447.tif,train/images/Oil/00447.tif,00447.tif,Mask_oil/00447.tif,train/masks/Oil/00447.tif,62a1623b41d08b964f672d0cc92c6e9fbb0921a59800cf8433f8d36173c01cfd,928e3e72c49a3955523fd6468feed1c05876eebcb60640b8c49729566541e7ca,2048,2048,2,float32+float32,HARD_LINK,NO,
train,Oil,00542.tif,Oil/00542.tif,train/images/Oil/00542.tif,00542.tif,Mask_oil/00542.tif,train/masks/Oil/00542.tif,b045ad74b5a5949cde14f51d821b04b303bb47f743a680383a1c4917f372d6c9,5cad1f3c987df189723b7458b9ea6b90d4a6691df7722df24c69cfeebc7494b4,2048,2048,2,float32+float32,HARD_LINK,NO,
train,Oil,00941.tif,Oil/00941.tif,train/images/Oil/00941.tif,00941.tif,Mask_oil/00941.tif,train/masks/Oil/00941.tif,47408f771dcf7a980f8094fdfb393d91d3f3caf6fc0d6ef36f35db68089c49d4,0f5f1521e31ad1557626bfeeac9c4d1d6c82a9f376b58c32b87ab33fee7c9cc0,2048,2048,2,float32+float32,HARD_LINK,NO,
train,Oil,00535.tif,Oil/00535.tif,train/images/Oil/00535.tif,00535.tif,Mask_oil/00535.tif,train/masks/Oil/00535.tif,a4c679726ba1cee189596a8f30129ccc05ef7b0ca092720bfee5b025bc777bf0,2b973c32bc2e1601dcbdf4232a0d1e51fccc15f71d3e0e1aae4f10bc486f9120,2048,2048,2,float32+float32,HARD_LINK,NO,
train,Oil,00368.tif,Oil/00368.tif,train/images/Oil/00368.tif,00368.tif,Mask_oil/00368.tif,train/masks/Oil/00368.tif,0fb33f53051f5be3ffe609f24ac57460d4f0ea21786c9d10fc623b4f72cda5af,d405d1ad879d7a8aa2ef492c14ce2012b7c89016784e6eedb1a12b3adb783487,2048,2048,2,float32+float32,HARD_LINK,NO,
train,Oil,00176.tif,Oil/00176.tif,train/images/Oil/00176.tif,00176.tif,Mask_oil/00176.tif,train/masks/Oil/00176.tif,b89617656df7c4cd09fa0a006407ccd5c76ea4dcaebbc31df8eb607aebfd6699,55f8e5b19cc17ddbf1c1756e7e0e06aa8aead6dc569e2feb0cdd5a604b7a7574,2048,2048,2,float32+float32,HARD_LINK,NO,
train,Oil,00611.tif,Oil/00611.tif,train/images/Oil/00611.tif,00611.tif,Mask_oil/00611.tif,train/masks/Oil/00611.tif,25db7e83b5d9bfde5e32217757f6c839560e3335d27ea4db7ca35fc665cd2dee,787e0b829b1530aef216346c6b63e7dcc9e3423aae692bad64f697d4dea4cb1a,2048,2048,2,float32+float32,HARD_LINK,NO,
train,Oil,01229.tif,Oil/01229.tif,train/images/Oil/01229.tif,01229.tif,Mask_oil/01229.tif,train/masks/Oil/01229.tif,5bbaab18ceec1ea8a9a2265254b5d89f1ceceb2b0d526d24b42211aec4357113,1ded1efa99d4f14d5a1656dbf40ac5b8a243753b6aa1e1773f59e5653d4425b9,2048,2048,2,float32+float32,HARD_LINK,NO,
train,Oil,00766.tif,Oil/00766.tif,train/images/Oil/00766.tif,00766.tif,Mask_oil/00766.tif,train/masks/Oil/00766.tif,028d5fb3213ef5c23391fcc67eddb30d03e471a4b17800eebd61c5a1f489324c,49b60020c329fae235442d233af07cf20fe3755eb3f6afc1343a3936dab1709d,2048,2048,2,float32+float32,HARD_LINK,NO,
train,Oil,00909.tif,Oil/00909.tif,train/images/Oil/00909.tif,00909.tif,Mask_oil/00909.tif,train/masks/Oil/00909.tif,4beb8bbd9c8d8a8239ee826791fbd2a00f2b1547185cb5e20ab61179e3ccf0eb,23587b957495c4ef09dd6f5958f549fbe37e9d9a3266730d1fd3e755b1acff95,2048,2048,2,float32+float32,HARD_LINK,NO,
train,Oil,00964.tif,Oil/00964.tif,train/images/Oil/00964.tif,00964.tif,Mask_oil/00964.tif,train/masks/Oil/00964.tif,535595947c071b6ed02057615c356336d49990f3c5d9de3006d22f86b88d67a9,2d0ec12abced42fcefc69ad2b2698770e20754731c9cd215ef0d04a97672dbe3,2048,2048,2,float32+float32,HARD_LINK,NO,
train,Oil,00504.tif,Oil/00504.tif,train/images/Oil/00504.tif,00504.tif,Mask_oil/00504.tif,train/masks/Oil/00504.tif,90b99601e83c1c0a967518797f8156c7bf669ce0cc9f2f7b7b57fabaf762eb34,32f46c01131ab1a10f58ad93f8b29d4ee393ac5642c8060df47119db8ad49731,2048,2048,2,float32+float32,HARD_LINK,NO,
train,Oil,00425.tif,Oil/00425.tif,train/images/Oil/00425.tif,00425.tif,Mask_oil/00425.tif,train/masks/Oil/00425.tif,54e7e19f46ab3af5749cc3848cca20e46f78fc0a2b3723fbf7397018b7febf13,d07cf83aa807e1c68a9c01a30875a4fdfd5b71835604e27cc5d5421e087acd1a,2048,2048,2,float32+float32,HARD_LINK,NO,
train,Oil,00480.tif,Oil/00480.tif,train/images/Oil/00480.tif,00480.tif,Mask_oil/00480.tif,train/masks/Oil/00480.tif,ade5ac4517222e1dde304906cd37442569c040985706fb129e1c6aecd631a621,f8345c049a81adfcaa99678fdc7d2fa11ede0b38a009b1b02809354f9e0f16f5,2048,2048,2,float32+float32,HARD_LINK,NO,
train,Oil,01048.tif,Oil/01048.tif,train/images/Oil/01048.tif,01048.tif,Mask_oil/01048.tif,train/masks/Oil/01048.tif,dbb255d83cd50743331d22311c1557b6e9c5835998e93bb0fec52316d849454e,baed330357c8f8c80d8e3822576f9e7cdd93ef6ea54d966f434ab922f51e99c2,2048,2048,2,float32+float32,HARD_LINK,NO,
train,Oil,00038.tif,Oil/00038.tif,train/images/Oil/00038.tif,00038.tif,Mask_oil/00038.tif,train/masks/Oil/00038.tif,9784078e9f0eafb99e2d689cf61eac5187d02deccc7a33d948c45baf8bbda33d,a46f23404e275001f0148f3365b08a8b82d2a0678dd01bf4d69f14686e48f6df,2048,2048,2,float32+float32,HARD_LINK,NO,
train,Oil,00907.tif,Oil/00907.tif,train/images/Oil/00907.tif,00907.tif,Mask_oil/00907.tif,train/masks/Oil/00907.tif,adb35e2837151fa4e6a1cb8cf18fb6124e0cb3ad69dbf0acc1523bfab6c63e24,3f93246143863dbf94d9bffc5ea9af7b41eea9f45a1f2e14a0a0fa0c9ec15f5d,2048,2048,2,float32+float32,HARD_LINK,NO,
train,Oil,01069.tif,Oil/01069.tif,train/images/Oil/01069.tif,01069.tif,Mask_oil/01069.tif,train/masks/Oil/01069.tif,1d851d4f3bd59c1fab81530652db6baec09c845db947896353562f42d391df37,5382347737f8214cb53b0890267bb9f1efdb3b64c59a8cbea3c250b6ce9ccd35,2048,2048,2,float32+float32,HARD_LINK,NO,
train,Oil,01005.tif,Oil/01005.tif,train/images/Oil/01005.tif,01005.tif,Mask_oil/01005.tif,train/masks/Oil/01005.tif,9e10547bf7652204777eec13f31e3c02decca0d10cfe6abf0477869e9d86d3e3,d20f6d5fc6fb7ce643d4ddae598284e1b4f68c2b4f71f5958ce6933fffe66ba0,2048,2048,2,float32+float32,HARD_LINK,NO,
train,Oil,00834.tif,Oil/00834.tif,train/images/Oil/00834.tif,00834.tif,Mask_oil/00834.tif,train/masks/Oil/00834.tif,cd3256d4dbfa6aab7daa3ac25eeccdf0eedbb10d2c7b310fecf9e061be628864,2e748b17310e0f45fe17c85e6ee3c8591dbbf564209234008a748e5c357b0fd8,2048,2048,2,float32+float32,HARD_LINK,NO,
train,Oil,00720.tif,Oil/00720.tif,train/images/Oil/00720.tif,00720.tif,Mask_oil/00720.tif,train/masks/Oil/00720.tif,38b9cd33618db695896791114b3d60050096c924de5922e54f909c9ff36b3ec1,d0d10e09ba3868990f753a7eacaf10ce977449195220aec268a0fd0741c5aa03,2048,2048,2,float32+float32,HARD_LINK,NO,
train,Oil,00808.tif,Oil/00808.tif,train/images/Oil/00808.tif,00808.tif,Mask_oil/00808.tif,train/masks/Oil/00808.tif,8f002337a26a0cff4f5ae4384e10538b7eb6b04089ec58d1faea9cea5c821a2c,f05868b5c1c5392d3eca2e998993d35fb7d81953e8e267c3c7544a8a5b483c25,2048,2048,2,float32+float32,HARD_LINK,NO,
train,Oil,00618.tif,Oil/00618.tif,train/images/Oil/00618.tif,00618.tif,Mask_oil/00618.tif,train/masks/Oil/00618.tif,ab4d88aef0f771f8b0c6f9b89a2a53ac65b18b6754d8d728e06009fdcc0732a0,5bcf88021f1b642f5d23caec69c805505579bab11e7d0dbb9654e4e10b20317e,2048,2048,2,float32+float32,HARD_LINK,NO,
train,Oil,01155.tif,Oil/01155.tif,train/images/Oil/01155.tif,01155.tif,Mask_oil/01155.tif,train/masks/Oil/01155.tif,254ff6a9879dd754cce3fe001cf368d27b9acf23b0df52d2782bf6e87d82e10f,c2f2c4ca875107f8b8f05f73db1788063d40723619d195ba6a5cf1979dde42bc,2048,2048,2,float32+float32,HARD_LINK,NO,
train,Oil,01082.tif,Oil/01082.tif,train/images/Oil/01082.tif,01082.tif,Mask_oil/01082.tif,train/masks/Oil/01082.tif,7be02e5caca2abd44fede6182a4a580eeac879e10848e1dbf60b9fbbedb652cf,ed6028e477d7b66e1d59611f0fee55542a8412a6d0f53d5d91e33a7afeed5e64,2048,2048,2,float32+float32,HARD_LINK,NO,
train,Oil,00369.tif,Oil/00369.tif,train/images/Oil/00369.tif,00369.tif,Mask_oil/00369.tif,train/masks/Oil/00369.tif,828c62c43b377eee77ca6b6cd94328cf6bebcd826ddfbf91349260ee6a70e3ce,2cf60b9f9667a0497a75fa02ed7dabd96c91a1a75ad6386aa27ad41d74332610,2048,2048,2,float32+float32,HARD_LINK,NO,
train,Oil,00018.tif,Oil/00018.tif,train/images/Oil/00018.tif,00018.tif,Mask_oil/00018.tif,train/masks/Oil/00018.tif,47eaaa7404a3f1f53de710473db82e61d58088123c56ef1aa9e8722882c602e9,ab407cff9d4191dd4b060dd937d16c34761cad612640eb3a8d4c39b0b2acbac6,2048,2048,2,float32+float32,HARD_LINK,NO,
train,Oil,00890.tif,Oil/00890.tif,train/images/Oil/00890.tif,00890.tif,Mask_oil/00890.tif,train/masks/Oil/00890.tif,11abe03e1418f90a6ac6df745370f5f321e1068b50c749b112caa296873dc017,b0f6536eb9868499889d649b15483b6bbae62846dc4993449074428ef6369e29,2048,2048,2,float32+float32,HARD_LINK,NO,
train,Oil,00745.tif,Oil/00745.tif,train/images/Oil/00745.tif,00745.tif,Mask_oil/00745.tif,train/masks/Oil/00745.tif,d2b4199e6476ff210a54cc26e65b3f5a884858f060f2c6e30703fc5b4987a046,21fb38cf727f21e6ba6b720b77c77e440280fff6f4055c14706b1a04bd70ea0e,2048,2048,2,float32+float32,HARD_LINK,NO,
train,Oil,00667.tif,Oil/00667.tif,train/images/Oil/00667.tif,00667.tif,Mask_oil/00667.tif,train/masks/Oil/00667.tif,91ec6eabab910aba91d13981ad5222312e4e43c9dffbea783079e6be48831256,cc37579863a2850779b6400c0f73813af7d2e8b9bd17c019ee065ff13dd0b2e6,2048,2048,2,float32+float32,HARD_LINK,NO,
train,Oil,00320.tif,Oil/00320.tif,train/images/Oil/00320.tif,00320.tif,Mask_oil/00320.tif,train/masks/Oil/00320.tif,f8d4dd432e1c7c7bab5dd2d960216d80b122e8946d587b46ab0dd64ba91909ea,e4d95f8a489f79b996f5472acfaaf22ce8be326f35e9962eff4a6c74b48e68e5,2048,2048,2,float32+float32,HARD_LINK,NO,
train,Oil,00150.tif,Oil/00150.tif,train/images/Oil/00150.tif,00150.tif,Mask_oil/00150.tif,train/masks/Oil/00150.tif,677aa7dc8ff06244690607436ed51e46eaea6ab015585cc1eec87d70c984db38,9658a6954c6414e9d037431a3d29af9a7ca3520de7ae87c729d80c4d1c78783b,2048,2048,2,float32+float32,HARD_LINK,NO,
train,Oil,01033.tif,Oil/01033.tif,train/images/Oil/01033.tif,01033.tif,Mask_oil/01033.tif,train/masks/Oil/01033.tif,4ebdceb6876e55046538d15e58d9ac28488050c2b4a2c13e01fa1fa57881d713,ba5ee714532ead2258199ad56ede0d1cf08b8c7a758e082e5375d8c5ff95768d,2048,2048,2,float32+float32,HARD_LINK,NO,
train,Oil,00055.tif,Oil/00055.tif,train/images/Oil/00055.tif,00055.tif,Mask_oil/00055.tif,train/masks/Oil/00055.tif,2a65b8f671026cb4580764e874aa6694cebfd394ebf12ff0e9cee779b1f6bf80,58d0609f44c92969b188f85eabc46f619037af3dbececec611796652694eca2e,2048,2048,2,float32+float32,HARD_LINK,NO,
train,Oil,00997.tif,Oil/00997.tif,train/images/Oil/00997.tif,00997.tif,Mask_oil/00997.tif,train/masks/Oil/00997.tif,29edf2333d086a76d6b59c1caa08282642cfd8c9ef74583de72abc5694b10337,227052f1bc4ebc09e47858fa0238b5564d404b994bba2d880ac2869c3237e560,2048,2048,2,float32+float32,HARD_LINK,NO,
train,Oil,00961.tif,Oil/00961.tif,train/images/Oil/00961.tif,00961.tif,Mask_oil/00961.tif,train/masks/Oil/00961.tif,dc472d82a7c0bf7a3fc35e6c37601f4384d3dff769276b9440f263d3311d26b7,5ff29356dfb8e52abb9dc728da59eb9dd26c32e22317270ec334e3e7f1a4eda4,2048,2048,2,float32+float32,HARD_LINK,NO,
train,Oil,00352.tif,Oil/00352.tif,train/images/Oil/00352.tif,00352.tif,Mask_oil/00352.tif,train/masks/Oil/00352.tif,76afcdb39ce0e03a4cf084053fe6cbcb0fa0d3aaca2f2b59f5e47503c1c502be,3f9e6a4aaab4cbb284f53cfc3154e274083495342359894b3f3ac2b035cb7ad1,2048,2048,2,float32+float32,HARD_LINK,NO,
train,Oil,01023.tif,Oil/01023.tif,train/images/Oil/01023.tif,01023.tif,Mask_oil/01023.tif,train/masks/Oil/01023.tif,60577b552303980826bba660f4843926ab508219719823b33085bd619083debd,225e4b896ee24cca9ef0c7397cd3958de7896d1382d41f57173ff86f740cc099,2048,2048,2,float32+float32,HARD_LINK,NO,
train,Oil,01275.tif,Oil/01275.tif,train/images/Oil/01275.tif,01275.tif,Mask_oil/01275.tif,train/masks/Oil/01275.tif,bd7655be1d8d138256b562fe0398c184223ca82236dcce8b1d233e7947c59585,f0f5459750335e6ed4bdd51df56729a578278451352079eb31776494215d155a,2048,2048,2,float32+float32,HARD_LINK,NO,
train,Oil,00575.tif,Oil/00575.tif,train/images/Oil/00575.tif,00575.tif,Mask_oil/00575.tif,train/masks/Oil/00575.tif,cc410c1e9735ba9dde147df372d7f35341c7918532266f5b8538c8e80a349b93,d1db66b65d5e0704a75e953623acc8d36a817fbb73f7c084a80d2c148cfee428,2048,2048,2,float32+float32,HARD_LINK,NO,
train,Oil,00348.tif,Oil/00348.tif,train/images/Oil/00348.tif,00348.tif,Mask_oil/00348.tif,train/masks/Oil/00348.tif,2873537a511838d5ad83a8118f288168d242f8ec085455677db14d63bb2e5b4a,347c8f3ed779a97402894ed434a109f173d23996ead545166333de30af27a8b6,2048,2048,2,float32+float32,HARD_LINK,NO,
train,Oil,01214.tif,Oil/01214.tif,train/images/Oil/01214.tif,01214.tif,Mask_oil/01214.tif,train/masks/Oil/01214.tif,f2d0f510efc1dcbc7a366ffd66e4590eddb80bee2fa79947eed1a3cf7ea94ce6,0cfb0c55b887f2c24cd634ee8ed70f8d79344aeecbb55122c89b0de0c3d35556,2048,2048,2,float32+float32,HARD_LINK,NO,
train,Oil,00635.tif,Oil/00635.tif,train/images/Oil/00635.tif,00635.tif,Mask_oil/00635.tif,train/masks/Oil/00635.tif,9840cdfd3ef46eba40dd21b6408ea8e3160721d43c98b1657f781017603e7abf,91735b658b6f3c697e3ef49181c92198cf16477f24ecb68d0bd71a94684af815,2048,2048,2,float32+float32,HARD_LINK,NO,
train,Oil,00749.tif,Oil/00749.tif,train/images/Oil/00749.tif,00749.tif,Mask_oil/00749.tif,train/masks/Oil/00749.tif,ed9b0bf65234eaa159903cb4d3d2d660e1e162941811432230c8335b8001370f,8965a3eda10488da8875da9a7f598fd4562a7bd5d19dea4b3f8c2efc056c19f3,2048,2048,2,float32+float32,HARD_LINK,NO,
train,Oil,00200.tif,Oil/00200.tif,train/images/Oil/00200.tif,00200.tif,Mask_oil/00200.tif,train/masks/Oil/00200.tif,1a892b0b609df16a3332ab9f85c31b5e22a16822a2c73de9b38ceb2145a66194,c59ad4a4a7db0448d208447ee0cd5e1f5ca4baebace1b518894e455870f37e6a,2048,2048,2,float32+float32,HARD_LINK,NO,
train,Oil,00823.tif,Oil/00823.tif,train/images/Oil/00823.tif,00823.tif,Mask_oil/00823.tif,train/masks/Oil/00823.tif,3e6141d738be7ee42f943012937265cd44eadec6b2573c41f821b6124c453b0f,550277105af6b6c54af55afdd9a8529e3819ae2c125cb0acf0b43837eb434504,2048,2048,2,float32+float32,HARD_LINK,NO,
train,Oil,00459.tif,Oil/00459.tif,train/images/Oil/00459.tif,00459.tif,Mask_oil/00459.tif,train/masks/Oil/00459.tif,658fabbbabbf0be1655504e02db193e20276f588afa450a181af1ee6c50a2dfb,babccaf19cee14380282a75f648d2b8e30f0a8e7775ba17f12cb39d792e1db41,2048,2048,2,float32+float32,HARD_LINK,NO,
train,Oil,00477.tif,Oil/00477.tif,train/images/Oil/00477.tif,00477.tif,Mask_oil/00477.tif,train/masks/Oil/00477.tif,0897ea569851901bcc15cad12da5a200ce9c1cd629cd98891749018642d7d222,e7b883d75ed9cfb69d1b4b356b5a085575a8b73a872c21ed7deac742e7c8ab91,2048,2048,2,float32+float32,HARD_LINK,NO,
train,Oil,00387.tif,Oil/00387.tif,train/images/Oil/00387.tif,00387.tif,Mask_oil/00387.tif,train/masks/Oil/00387.tif,3b5a542b6bb8865cd846f47066442784ff05dbdc0fa4b8de724904ab2f1359f3,20c90c9a3e01ed6a8e18380068ed5c51776a14b41588ed4e653b72a48378ff15,2048,2048,2,float32+float32,HARD_LINK,NO,
train,Oil,00065.tif,Oil/00065.tif,train/images/Oil/00065.tif,00065.tif,Mask_oil/00065.tif,train/masks/Oil/00065.tif,1dbad83c39da0ec231669c02c1f46f5ccfbf84ec3f001f2b9d45e223620fe7ef,9e56d3503c2dc6fb92d8322b6b11bff96979ba2dcae54b3d7440993b3728ee40,2048,2048,2,float32+float32,HARD_LINK,NO,
train,Oil,00752.tif,Oil/00752.tif,train/images/Oil/00752.tif,00752.tif,Mask_oil/00752.tif,train/masks/Oil/00752.tif,77a06c530b760e146daa48d3671523b8ccaaacfdbee924fa893d5cf61195acac,19787d6f233ea682d43b398e42d9cb2e85663319661accd2bb7c580084aa51d3,2048,2048,2,float32+float32,HARD_LINK,NO,
train,Oil,00303.tif,Oil/00303.tif,train/images/Oil/00303.tif,00303.tif,Mask_oil/00303.tif,train/masks/Oil/00303.tif,8a16b181ce52a4103327792e6f9bad0301b3bc3b591ed81c4a712cd63bed760c,680dd6c663f611825704a9bf570298aea61de3c4be68b5f7090d4f2179ffc98d,2048,2048,2,float32+float32,HARD_LINK,NO,
train,Oil,00695.tif,Oil/00695.tif,train/images/Oil/00695.tif,00695.tif,Mask_oil/00695.tif,train/masks/Oil/00695.tif,749fc6e040dbbb3421542500085273cb1f519e34cc8f3a7db58a97324aec66e2,bdcf20ef54f5a4c3678434a21ed071d95659c341687a8c92fc88e94585079d8b,2048,2048,2,float32+float32,HARD_LINK,NO,
train,Oil,00912.tif,Oil/00912.tif,train/images/Oil/00912.tif,00912.tif,Mask_oil/00912.tif,train/masks/Oil/00912.tif,216b1a084d7ef026543cbd73c666f9276cd47000bbf3ee3a557c09d70720d32f,975c9b00da26fd837c222ffdcc579ae3aa800d8f7006f343233d803e3a67481c,2048,2048,2,float32+float32,HARD_LINK,NO,
train,Oil,00841.tif,Oil/00841.tif,train/images/Oil/00841.tif,00841.tif,Mask_oil/00841.tif,train/masks/Oil/00841.tif,79cf5b99c85f96adf6de82fdb100e03231c39d21a3fdb2c285b6b64a05381dde,c32739bcc0e44cc02aa2a82d5f21de42a9f8c931ec6353d8a0dcd365b5316abe,2048,2048,2,float32+float32,HARD_LINK,NO,
train,Oil,00686.tif,Oil/00686.tif,train/images/Oil/00686.tif,00686.tif,Mask_oil/00686.tif,train/masks/Oil/00686.tif,fd0237f77da97cef63447fd0670e6d3aa80ddf677bbce1ae90694dd6157bf185,3d22c86a8cb9a0ec5c6beac333748ee09be16e0e4b78ffdcb013571186e2442a,2048,2048,2,float32+float32,HARD_LINK,NO,
train,Oil,00882.tif,Oil/00882.tif,train/images/Oil/00882.tif,00882.tif,Mask_oil/00882.tif,train/masks/Oil/00882.tif,b89f4372a5dec9ea41f2f6a590684ddd76dbe493a703cdd9650c3bd55aed8c93,938ea991e8d399178963d68488e1ef8dd9c691679c769e195665f768db1c829b,2048,2048,2,float32+float32,HARD_LINK,NO,
train,Oil,00424.tif,Oil/00424.tif,train/images/Oil/00424.tif,00424.tif,Mask_oil/00424.tif,train/masks/Oil/00424.tif,8613ffd3868175cf55995f90cbed5cd615c47f731d65ed7f72247d8be65d9b0e,12fb910a88a314605fa7420cd9335cc180140f2d93540951d238970eb697d09c,2048,2048,2,float32+float32,HARD_LINK,NO,
train,Oil,00455.tif,Oil/00455.tif,train/images/Oil/00455.tif,00455.tif,Mask_oil/00455.tif,train/masks/Oil/00455.tif,251216141a2002910e8624671e5310f19f1928ce6d89fda74bfca6e2c0e7d40e,b8bf86e9fc0935d7cfbb3441f6ee0e1df9312304d9abfc5ea69bc605d9401f8b,2048,2048,2,float32+float32,HARD_LINK,NO,
train,Oil,00922.tif,Oil/00922.tif,train/images/Oil/00922.tif,00922.tif,Mask_oil/00922.tif,train/masks/Oil/00922.tif,61aff5d367b32a719ed60dbcb7f92a43b7f36dd01307a6aa16f9c77cb9e85dd4,6048ccfb425bc77391061ab65fd112a7d20d40fe6510a6b8107c2ea313384571,2048,2048,2,float32+float32,HARD_LINK,NO,
train,Oil,00445.tif,Oil/00445.tif,train/images/Oil/00445.tif,00445.tif,Mask_oil/00445.tif,train/masks/Oil/00445.tif,7c5d812aa879167a535f03ae55034b7cef31dd52bfe9cde20736cc51654ea955,2142132989d0e55ea0a98779a59974f53250bc261460b134fa0c855944c10eb4,2048,2048,2,float32+float32,HARD_LINK,NO,
train,Oil,00701.tif,Oil/00701.tif,train/images/Oil/00701.tif,00701.tif,Mask_oil/00701.tif,train/masks/Oil/00701.tif,d66172570d7e72bf2074e617d4bf6f0d9db5b22c5a064225b0fc286d48ada7bc,dd384162ee35c3a678c5a0b8071de95574d52c0b89870d416d42274a1cde4938,2048,2048,2,float32+float32,HARD_LINK,NO,
train,Oil,00650.tif,Oil/00650.tif,train/images/Oil/00650.tif,00650.tif,Mask_oil/00650.tif,train/masks/Oil/00650.tif,a18cab0489650b8bec8fffc212842a1cba6d6cfb83eadb86a48cc8c9d4b359f5,c5c4f7892811ff004a9fe16bc9c38f57a6da59461da02240b4244f67454d9579,2048,2048,2,float32+float32,HARD_LINK,NO,
train,Oil,00543.tif,Oil/00543.tif,train/images/Oil/00543.tif,00543.tif,Mask_oil/00543.tif,train/masks/Oil/00543.tif,f697e4dcb858a157ab21bd458cea93fe92f5041cddfedb38ab1dc30c8c3c1c34,b6529152d6e4430bc59b7bc8248a067c344b55a6add90475c60670d8ed3b1ba1,2048,2048,2,float32+float32,HARD_LINK,NO,
train,Oil,00779.tif,Oil/00779.tif,train/images/Oil/00779.tif,00779.tif,Mask_oil/00779.tif,train/masks/Oil/00779.tif,0ac61aa71e0ac18422455b04c80ff99285b2db7b22d3d7558c08d13cb3e3b04b,0e47a26e35e27a7fd42ae112c1a97ecd46b11a676b53c76089335a70870cf37d,2048,2048,2,float32+float32,HARD_LINK,NO,
train,Oil,00506.tif,Oil/00506.tif,train/images/Oil/00506.tif,00506.tif,Mask_oil/00506.tif,train/masks/Oil/00506.tif,6f0635c2dee4fddb120d43c252a59d97cfd5452cf8a64486f9b001a3206f11b7,7a9ad8d84cb634cc09effe965f7a682c52a5f99182ba847b692c86755f3ddb2e,2048,2048,2,float32+float32,HARD_LINK,NO,
train,Oil,00394.tif,Oil/00394.tif,train/images/Oil/00394.tif,00394.tif,Mask_oil/00394.tif,train/masks/Oil/00394.tif,45fa648753eac606932eb00479fd106c5cd6382ba9c9db72a843bfbfa272e35a,f570dac0789086168081a540423100323e3dbd5e0914e12780ae7d180317b49f,2048,2048,2,float32+float32,HARD_LINK,NO,
train,Oil,00204.tif,Oil/00204.tif,train/images/Oil/00204.tif,00204.tif,Mask_oil/00204.tif,train/masks/Oil/00204.tif,fbf23719ca3306f272de19cca41e78ec7f465407d39dc3252a7eb47f8a923c46,fbf1bddda0c6f1918f9fd8bb257fb9d6c79c3abc02e8007803f1fd17641ae07a,2048,2048,2,float32+float32,HARD_LINK,NO,
train,Oil,00801.tif,Oil/00801.tif,train/images/Oil/00801.tif,00801.tif,Mask_oil/00801.tif,train/masks/Oil/00801.tif,fa4f694c637af4c8f6f248e50511d9736ae1a9b1da1183d6bfc1e2c816f901b5,e2830349e3fc50098081260cfe7159bb8a83b974ceeea1d0de9924f0d80ae00b,2048,2048,2,float32+float32,HARD_LINK,NO,
train,Oil,01210.tif,Oil/01210.tif,train/images/Oil/01210.tif,01210.tif,Mask_oil/01210.tif,train/masks/Oil/01210.tif,9c67eb2893f2a8a2f5ecc84f8cd36d13630ea0a58dd2a46984b9131f238e1327,e1b31ca244896e59de41e968e8e15e1427ddbe4166d6745b85a228113b7222d8,2048,2048,2,float32+float32,HARD_LINK,NO,
train,Oil,00564.tif,Oil/00564.tif,train/images/Oil/00564.tif,00564.tif,Mask_oil/00564.tif,train/masks/Oil/00564.tif,3879f19b124390cbe1bea1e98ce1efa451b5c8a471d06385fd6adc066834b25e,cecd82dff8abe507e3902bf4a17b1b3dfb110b06d86025a81a73e8804abdb899,2048,2048,2,float32+float32,HARD_LINK,NO,
train,Oil,00112.tif,Oil/00112.tif,train/images/Oil/00112.tif,00112.tif,Mask_oil/00112.tif,train/masks/Oil/00112.tif,25aeb5956b6262b7e883cbda0b566d876ec617baf17535c17a910880d8ca3f89,b0dc600d4fb9f86c782776e86ad134fbe3f17f22ea40f70a99834edb801527a3,2048,2048,2,float32+float32,HARD_LINK,NO,
train,Oil,01213.tif,Oil/01213.tif,train/images/Oil/01213.tif,01213.tif,Mask_oil/01213.tif,train/masks/Oil/01213.tif,c6833f852e32e1097943a6882c2a28341169aa2e65ee1a0a18f7e4ef74ca99de,27245edefe1d57c0417dc25bb5e906c6ca464a415c414b9cb87897ed1db1ab8a,2048,2048,2,float32+float32,HARD_LINK,NO,
train,Oil,00054.tif,Oil/00054.tif,train/images/Oil/00054.tif,00054.tif,Mask_oil/00054.tif,train/masks/Oil/00054.tif,2d05f1fc65642b01510678785c1549142cb87be35b4a2fae92e886921dbd0715,a5117696bdf1a4ae43c9aaefd889becc3fe82ee26ff75308a6e11fc4209d63a2,2048,2048,2,float32+float32,HARD_LINK,NO,
train,Oil,01237.tif,Oil/01237.tif,train/images/Oil/01237.tif,01237.tif,Mask_oil/01237.tif,train/masks/Oil/01237.tif,64766032b5008fbc67742e06f7294c0bd73ad1a863a70055c9edfb90546ec630,e25ca9c87d27d69d384fcf5f1965fb2a519ac980b50632c2c5e15871e1d2d33d,2048,2048,2,float32+float32,HARD_LINK,NO,
train,Oil,00658.tif,Oil/00658.tif,train/images/Oil/00658.tif,00658.tif,Mask_oil/00658.tif,train/masks/Oil/00658.tif,ad816399d474bef4591979341adaa08a8a04a651a9435b510de2ee5bfa26924d,dab4c68f48a7ccc59f6537872c60f0dae7eba4ad55b561d95873706c753a064d,2048,2048,2,float32+float32,HARD_LINK,NO,
train,Oil,01242.tif,Oil/01242.tif,train/images/Oil/01242.tif,01242.tif,Mask_oil/01242.tif,train/masks/Oil/01242.tif,7afb3a5a852b214c7e8584fc85254f618f633444e55f8d81fb6853c1fb4f217f,8d960405ea4d3f61750c66ec8f6d4fa17fc45c1399cea30ee9f7d34a6273d227,2048,2048,2,float32+float32,HARD_LINK,NO,
train,Oil,00466.tif,Oil/00466.tif,train/images/Oil/00466.tif,00466.tif,Mask_oil/00466.tif,train/masks/Oil/00466.tif,618f4266bfd2293550c40860d49321cf9eca7240fb06d3977a27317b87a52d5f,777d2d84cf7ba266648e5e88251665ac3075f9f86ba195924afe06a77e9bd2cb,2048,2048,2,float32+float32,HARD_LINK,NO,
train,Oil,00770.tif,Oil/00770.tif,train/images/Oil/00770.tif,00770.tif,Mask_oil/00770.tif,train/masks/Oil/00770.tif,4896d9353cbeb92dadb96c841c2d109d83b8911482916edf8677d11655b2eaac,04d5e74322732475fb253a93796412ebc08352ec728cdd6952e3f4600269eba5,2048,2048,2,float32+float32,HARD_LINK,NO,
train,Oil,01262.tif,Oil/01262.tif,train/images/Oil/01262.tif,01262.tif,Mask_oil/01262.tif,train/masks/Oil/01262.tif,118efb27d26fc4a3aaf63012a8e15aa13bf839f8f9cbb69b8e10c0bf4b8d408d,412dc4676358828ba60229f9274a7a6a05eaddb7eb49127e88eed738475bfdba,2048,2048,2,float32+float32,HARD_LINK,NO,
train,Oil,00456.tif,Oil/00456.tif,train/images/Oil/00456.tif,00456.tif,Mask_oil/00456.tif,train/masks/Oil/00456.tif,bf78e9286200d07577b36097db7f24b47d1180c95e7cd16ea1e304780193b216,316e8cbd1d417e5673400df29656a2e0c6423da751a64de5430b5e8adef7f31c,2048,2048,2,float32+float32,HARD_LINK,NO,
train,Oil,00893.tif,Oil/00893.tif,train/images/Oil/00893.tif,00893.tif,Mask_oil/00893.tif,train/masks/Oil/00893.tif,1fd02fd4d510811cafec5ce0de8f9c07743388feafcc656046ad34972c1185e0,7af71d805cc0bc3b9209666a7ee57bf933b48f0df19e0a6c9a901128127a5ace,2048,2048,2,float32+float32,HARD_LINK,NO,
train,Oil,00835.tif,Oil/00835.tif,train/images/Oil/00835.tif,00835.tif,Mask_oil/00835.tif,train/masks/Oil/00835.tif,bd856262855804823381889fce261f90bb5e23b750309efc66018097c1483df0,a8a0b3c1e5dd84747ae10b0cb1e977b1f233af7a1b2cb668056a1376e8dd0e0c,2048,2048,2,float32+float32,HARD_LINK,NO,
train,Oil,00679.tif,Oil/00679.tif,train/images/Oil/00679.tif,00679.tif,Mask_oil/00679.tif,train/masks/Oil/00679.tif,c89913cf807c82bc9b17a6cd3cc42fb663872c1647b5b55c4fd478dab184195b,6b251e131b6d38630dd3170cd607703b7d108da700e3809272c2853f218ae1a1,2048,2048,2,float32+float32,HARD_LINK,NO,
train,Oil,01095.tif,Oil/01095.tif,train/images/Oil/01095.tif,01095.tif,Mask_oil/01095.tif,train/masks/Oil/01095.tif,e6e954da6ecf8a5ac409c2a009ca1a1cba08cce90209e8b90d3a52690e1b3c9a,8462d92276d4ddf17de3de2329187b877a0cf1dc8d27fdc22c7d044b98d7bca3,2048,2048,2,float32+float32,HARD_LINK,NO,
train,Oil,00023.tif,Oil/00023.tif,train/images/Oil/00023.tif,00023.tif,Mask_oil/00023.tif,train/masks/Oil/00023.tif,e9e05996925345e60008f7f56aeeb006517d8fd14a3d4479e762a5b485694e2e,6771858427de145e08b7897d5bab5887a46497d37dfe492951f12bb24900f4ac,2048,2048,2,float32+float32,HARD_LINK,NO,
train,Oil,00929.tif,Oil/00929.tif,train/images/Oil/00929.tif,00929.tif,Mask_oil/00929.tif,train/masks/Oil/00929.tif,9d1184f4101e82a8efb6d723eb84fa50244971bff026ab9930ec3e04364672b0,ba4a11e8fb2808900c3e9f76eb6073958bcb3e73efd30840648df69ede31507f,2048,2048,2,float32+float32,HARD_LINK,NO,
train,Oil,01220.tif,Oil/01220.tif,train/images/Oil/01220.tif,01220.tif,Mask_oil/01220.tif,train/masks/Oil/01220.tif,fa8049309bd0f8093500120db2436e5bf72811a31bb07228d47bfdff47de06ce,eaaf371f5aa171683da42518cb3b3746f48992fc954aca0e22cb6cf17c776dec,2048,2048,2,float32+float32,HARD_LINK,NO,
train,Oil,00680.tif,Oil/00680.tif,train/images/Oil/00680.tif,00680.tif,Mask_oil/00680.tif,train/masks/Oil/00680.tif,ce1fbfe8d41980190da48181bdce748d1b626343254d7d2033ec48fae3655b4f,035463ed33f184897893be70a313a1c9f49c6452b27bee46283a7fb3d7a5923d,2048,2048,2,float32+float32,HARD_LINK,NO,
train,Oil,00965.tif,Oil/00965.tif,train/images/Oil/00965.tif,00965.tif,Mask_oil/00965.tif,train/masks/Oil/00965.tif,6c28a774e765510562faa80e4eed3ade0cf1d2f59b9b9a4425632a61b05f459a,a935adf9ffc25ae9bbe33845727c26b8fd459a3dd22c8b26e5f8d97140582605,2048,2048,2,float32+float32,HARD_LINK,NO,
train,Oil,00586.tif,Oil/00586.tif,train/images/Oil/00586.tif,00586.tif,Mask_oil/00586.tif,train/masks/Oil/00586.tif,47bf5a715b2fca7920bec8671a4156135e62402c92f482eee8708b4a79b83f27,e42cdf4a117594e246ad8bec234422a8fbe6e2bc0c796e0fd890f8c602383fc0,2048,2048,2,float32+float32,HARD_LINK,NO,
train,Oil,01219.tif,Oil/01219.tif,train/images/Oil/01219.tif,01219.tif,Mask_oil/01219.tif,train/masks/Oil/01219.tif,0bef670933849ee53515c5d98011e3962e07c8d02fe4e259650adb6661ee2df4,b144fd54087a487f0a60d54474d434d28c5ac6e0d784c7af8c8913f722128245,2048,2048,2,float32+float32,HARD_LINK,NO,
train,Oil,00285.tif,Oil/00285.tif,train/images/Oil/00285.tif,00285.tif,Mask_oil/00285.tif,train/masks/Oil/00285.tif,690af77caaafc6ee021e453a10c21ee82fbd711d202e0e997b2e54f4f113eacf,0e22010ed838e1c85f10ee4b2cd9f40a002a0b284046dca9fa8c1214fb8d8256,2048,2048,2,float32+float32,HARD_LINK,NO,
train,Oil,00699.tif,Oil/00699.tif,train/images/Oil/00699.tif,00699.tif,Mask_oil/00699.tif,train/masks/Oil/00699.tif,6e9c49e618163ffd89bc854dcd8be09484095f21d59e9ccd94bc1086569e4cfa,1e3618527d28f296a31c123dfd9dc039a44eb7c465b44c8bc5aae1d66637685e,2048,2048,2,float32+float32,HARD_LINK,NO,
train,Oil,00876.tif,Oil/00876.tif,train/images/Oil/00876.tif,00876.tif,Mask_oil/00876.tif,train/masks/Oil/00876.tif,26a81be9fa0a19eb639435ae11178f19e84b578ba164b8c8abba414120418e66,e7235f71a846d5fc0870705e084259324772b4a27e9e7fafbd08a9a24e63eb10,2048,2048,2,float32+float32,HARD_LINK,NO,
train,Oil,00099.tif,Oil/00099.tif,train/images/Oil/00099.tif,00099.tif,Mask_oil/00099.tif,train/masks/Oil/00099.tif,f58fa631fc2b3092ddeeb802e9ced236eff9063d86b99b7c652938d7403093e7,1e85e5751baa13590c4182fb33826bbade6ce101857a1abbf8d0197e29c3b0d8,2048,2048,2,float32+float32,HARD_LINK,NO,
train,Oil,00644.tif,Oil/00644.tif,train/images/Oil/00644.tif,00644.tif,Mask_oil/00644.tif,train/masks/Oil/00644.tif,6e3e252e6931cb398adcec86b3ba65b9c9b5f5660b35d3b759da3def4e656f8d,ef7857929925d06b4f3590e44c44839cb482efdb7d59ea5f5a1567278cc14aaf,2048,2048,2,float32+float32,HARD_LINK,NO,
train,Oil,00769.tif,Oil/00769.tif,train/images/Oil/00769.tif,00769.tif,Mask_oil/00769.tif,train/masks/Oil/00769.tif,3c9df664408fc7f0ca2a72b04c081a28845e4c90fa1f04783b825686ba84b5bb,fec89f4f2c321448a7976f87749d8ee8a7b2e9551ae52d48d2b817aedcfbc494,2048,2048,2,float32+float32,HARD_LINK,NO,
train,Oil,00213.tif,Oil/00213.tif,train/images/Oil/00213.tif,00213.tif,Mask_oil/00213.tif,train/masks/Oil/00213.tif,1ba59af77144636ded9baa71200a87a3c971bfc5c7438a978063e6055560b08f,a22904a29a08680e20f9dc2aeda0f98bcb7f16b25aebccfd83ac246959178142,2048,2048,2,float32+float32,HARD_LINK,NO,
train,Oil,01166.tif,Oil/01166.tif,train/images/Oil/01166.tif,01166.tif,Mask_oil/01166.tif,train/masks/Oil/01166.tif,adc4f812b0d7fd8a9c1de436c2df993f0f4be42592806c6543d23478be0a3ee5,04ede4fc45c3a89b1d9580b75890e57d270ad4222af67918a731693ff6af0828,2048,2048,2,float32+float32,HARD_LINK,NO,
train,Oil,01032.tif,Oil/01032.tif,train/images/Oil/01032.tif,01032.tif,Mask_oil/01032.tif,train/masks/Oil/01032.tif,9e6e461a45ca7bf4be5e9c9e515de9c3eb777478266d4b16987649d8a06d9fca,3cc693ed3d5db0a0128c43b3774b6b88fd4c7e68a6587c022d5496d8db2b6380,2048,2048,2,float32+float32,HARD_LINK,NO,
train,Oil,00130.tif,Oil/00130.tif,train/images/Oil/00130.tif,00130.tif,Mask_oil/00130.tif,train/masks/Oil/00130.tif,600937f9c0f9382264e2614d498439363aaf4ee38d5fb5bb8c397e4e4a2963f1,b14400c0cfc8b48e81332126cdea4b5003fc3d93cced74ab6788d2b84635486c,2048,2048,2,float32+float32,HARD_LINK,NO,
train,Oil,00104.tif,Oil/00104.tif,train/images/Oil/00104.tif,00104.tif,Mask_oil/00104.tif,train/masks/Oil/00104.tif,06ef27a8db1f4a72aa2636bd326125910348f5718a3bcb8feffc12175530ef2b,0967d44c66a537ccb1f7b0df34c0e7d7b4f3333b157c085dc10bab316066b30e,2048,2048,2,float32+float32,HARD_LINK,NO,
train,Oil,01016.tif,Oil/01016.tif,train/images/Oil/01016.tif,01016.tif,Mask_oil/01016.tif,train/masks/Oil/01016.tif,75c0375cf8a66e32bbff68567076a06de5d102d715a3a6965d9fc514a8b679cb,f90c49894010b0187c22df8b9c03518efc069459704c2110e1c8cdfa510877f3,2048,2048,2,float32+float32,HARD_LINK,NO,
train,Oil,00274.tif,Oil/00274.tif,train/images/Oil/00274.tif,00274.tif,Mask_oil/00274.tif,train/masks/Oil/00274.tif,bc879f599fe9eeae21583a5d1a604319d9d8a60d6a23c4e1c7feaebba50caaae,3496468e7877d0ebcf68085a5af8691ace756d222fd3c9b23fb8fe781fd64850,2048,2048,2,float32+float32,HARD_LINK,NO,
train,Oil,00665.tif,Oil/00665.tif,train/images/Oil/00665.tif,00665.tif,Mask_oil/00665.tif,train/masks/Oil/00665.tif,58f0994afbd8d42f975108f783475db7d4185044aed036f5a01fdf5e69eab2f2,5ad3f6613be6371cbcab29d7ec5db14c85043e7f8529952a79e101d4082cf283,2048,2048,2,float32+float32,HARD_LINK,NO,
train,Oil,00698.tif,Oil/00698.tif,train/images/Oil/00698.tif,00698.tif,Mask_oil/00698.tif,train/masks/Oil/00698.tif,d7e13d8f75748ab3ff73d5cc127c69df8767ead9e6827faf2dcbd65fba608faf,74abc68886f2bdecc29fe1e704d85ad2214f1c02a05bf37148504edd5c40a3e6,2048,2048,2,float32+float32,HARD_LINK,NO,
train,Oil,00592.tif,Oil/00592.tif,train/images/Oil/00592.tif,00592.tif,Mask_oil/00592.tif,train/masks/Oil/00592.tif,44c4b1f81008ac14e4bcb313cf8d8e0015f4b5a2b43aa074dfed208fc98c9c25,452653841dd57f3614ffa32abc56dfaa7d2ef9bbcc7af6ca278ae14a0e6b91b6,2048,2048,2,float32+float32,HARD_LINK,NO,
train,Oil,00333.tif,Oil/00333.tif,train/images/Oil/00333.tif,00333.tif,Mask_oil/00333.tif,train/masks/Oil/00333.tif,fa084247e4c06f850049514812fb44f14d1390ad00262736dc14ae25fa5680a6,a0e5ec869b2fabd2dce0cc9ece157a45202ae37f039721ea33bbfb9dbb1071c6,2048,2048,2,float32+float32,HARD_LINK,NO,
train,Oil,00052.tif,Oil/00052.tif,train/images/Oil/00052.tif,00052.tif,Mask_oil/00052.tif,train/masks/Oil/00052.tif,e4015788025cbccefa6aa97c6ee7b8c1f7a0c92f0da014fd1338be701bf66e9d,326742cd3f9debc46bb20e2b19383f2544ac96f67279993aeb683f5aee581804,2048,2048,2,float32+float32,HARD_LINK,NO,
train,Oil,01003.tif,Oil/01003.tif,train/images/Oil/01003.tif,01003.tif,Mask_oil/01003.tif,train/masks/Oil/01003.tif,2a8287a06173ba4f30a1da0d0d4a4c556b459f071feb3f0e39ac29d89cf26860,dd86541699901db876ec9a803c53b2b3196822768ac8d06dc3a86907ba85d438,2048,2048,2,float32+float32,HARD_LINK,NO,
train,Oil,00800.tif,Oil/00800.tif,train/images/Oil/00800.tif,00800.tif,Mask_oil/00800.tif,train/masks/Oil/00800.tif,e816a8777cad84a3b13eb69096f57ee52923e33291f4d312c7a0ce2e6d2cc450,f0b5a23386c907290289e7b3c626e49cb58040837c58464f638968b78ea849e8,2048,2048,2,float32+float32,HARD_LINK,NO,
train,Oil,00821.tif,Oil/00821.tif,train/images/Oil/00821.tif,00821.tif,Mask_oil/00821.tif,train/masks/Oil/00821.tif,e6da8a39c4c6ee1d560af0aca72faebf1e10cce4afa65acff4fca6debe22bd5f,174ef4c838091dedb0fe8ed8627854999a375a4762527046b44ebc54adc409be,2048,2048,2,float32+float32,HARD_LINK,NO,
train,Oil,00572.tif,Oil/00572.tif,train/images/Oil/00572.tif,00572.tif,Mask_oil/00572.tif,train/masks/Oil/00572.tif,5a88da2ebba0f690816aac0edb7e458052a54ad9361081f5628cf7b6d567a072,d7a3a4977f4bc38ccc6f1d5c7d326832cd2f2550bb724e6ad089b8765af5aaf6,2048,2048,2,float32+float32,HARD_LINK,NO,
train,Oil,01203.tif,Oil/01203.tif,train/images/Oil/01203.tif,01203.tif,Mask_oil/01203.tif,train/masks/Oil/01203.tif,458e4a93907cbc4cc4a36d3a82a05d48f0bc8646d7ef74450aeacc370a507a8f,1517540ab670d8de71db58eeb88a2d2932ec99ceb6320a7a5bd428ca539d55a5,2048,2048,2,float32+float32,HARD_LINK,NO,
train,Oil,00873.tif,Oil/00873.tif,train/images/Oil/00873.tif,00873.tif,Mask_oil/00873.tif,train/masks/Oil/00873.tif,06c8a136b7dbab0bb51b3ed8f30ec568fde31403d5844a0a07d18ba4195f2327,d7c5e73fd79de0511afac12eaa351af8e08433635b3820f5718c59489506c578,2048,2048,2,float32+float32,HARD_LINK,NO,
train,Oil,00244.tif,Oil/00244.tif,train/images/Oil/00244.tif,00244.tif,Mask_oil/00244.tif,train/masks/Oil/00244.tif,67de5ea6e5a59773037657fcc130bec4122fbf47cc5a85c9f39cf950b77d6a1b,146dfbc58a272ae79568bda7ef7ea009be30de215fdd174dbdb76f9be81988cc,2048,2048,2,float32+float32,HARD_LINK,NO,
train,Oil,01306.tif,Oil/01306.tif,train/images/Oil/01306.tif,01306.tif,Mask_oil/01306.tif,train/masks/Oil/01306.tif,e655509d85f7d71159ba2d00ac67fe365367a61a818d054b694efa496c403df0,c6985173978c4cb1e81be38245f135e678e73f6b106134db18ebe0832b48008e,2048,2048,2,float32+float32,HARD_LINK,NO,
train,Oil,00851.tif,Oil/00851.tif,train/images/Oil/00851.tif,00851.tif,Mask_oil/00851.tif,train/masks/Oil/00851.tif,badf5c1b57bb3fb35b6ccc9579779aa588e5f06c76040c34adf4086318438107,2e83af11e5daee948f3717609f6e895eb9ed80d9a9afcaf14c395055fa2e0183,2048,2048,2,float32+float32,HARD_LINK,NO,
train,Oil,00804.tif,Oil/00804.tif,train/images/Oil/00804.tif,00804.tif,Mask_oil/00804.tif,train/masks/Oil/00804.tif,0c326d8e114561cac8c041cbf67bdaf8b31aa256b376fd3d668437a187a0bd00,6dc9011c0c314ebbd7b604685c398e029e04b230952137634d6821ed6c922485,2048,2048,2,float32+float32,HARD_LINK,NO,
train,Oil,00082.tif,Oil/00082.tif,train/images/Oil/00082.tif,00082.tif,Mask_oil/00082.tif,train/masks/Oil/00082.tif,9a8c7e7937f5e0e5d8cd1935c3712c0bdd0c2bd1e446c288871630f96cf27b56,2e853ac583e325b0b6993d6e9df7111906f9e947f1c90326c6495b67f54c1dc3,2048,2048,2,float32+float32,HARD_LINK,NO,
train,Oil,00261.tif,Oil/00261.tif,train/images/Oil/00261.tif,00261.tif,Mask_oil/00261.tif,train/masks/Oil/00261.tif,5849c76ba62f86f9f6a2506c17ec18a179288dbc8e46bef01e91a9b07b05b096,de076bac5ba7b2822a16b13680d3595ec3b19822e2f78317da538798e851ce70,2048,2048,2,float32+float32,HARD_LINK,NO,
train,Oil,00757.tif,Oil/00757.tif,train/images/Oil/00757.tif,00757.tif,Mask_oil/00757.tif,train/masks/Oil/00757.tif,1f5ff8c0f30aa91ca73e29171cb7cb078988fca7361b71bad40fa950dcaba51a,53f8f4a868d583373a84e8700e53b7994c3bd75d2b6f7bc1d335a8c76ba9d57a,2048,2048,2,float32+float32,HARD_LINK,NO,
train,Oil,00246.tif,Oil/00246.tif,train/images/Oil/00246.tif,00246.tif,Mask_oil/00246.tif,train/masks/Oil/00246.tif,4db55573a87dfb4211d26dd756c010d75140ab181b8d6627956e5fd09a0a5387,4cc3e329c4797afe4238b46d11d011bfe9e2cb7877aea5a544f8c43a7abbbda9,2048,2048,2,float32+float32,HARD_LINK,NO,
train,Oil,01096.tif,Oil/01096.tif,train/images/Oil/01096.tif,01096.tif,Mask_oil/01096.tif,train/masks/Oil/01096.tif,593cdc7f7161f171542229a5b4f8f48441900e8a8c8eed96692d1e0b2da0e037,3c3c72a7dcb807a57644ab20c2e9f448816e79a611a41a11429f882672c85df5,2048,2048,2,float32+float32,HARD_LINK,NO,
train,Oil,00883.tif,Oil/00883.tif,train/images/Oil/00883.tif,00883.tif,Mask_oil/00883.tif,train/masks/Oil/00883.tif,ee895176805047adcfffed82d34cdf284336f0f31f6cc24c56414963cd9c45fc,dc2a0b7b9779ad8a8a3f62512e07a263a127b35d42d32380650450e01db6b206,2048,2048,2,float32+float32,HARD_LINK,NO,
train,Oil,01218.tif,Oil/01218.tif,train/images/Oil/01218.tif,01218.tif,Mask_oil/01218.tif,train/masks/Oil/01218.tif,1e0bd57bc40c4f12ceafa776ae5b5168b9d0d896444addc549e0d41eba1d7802,36f2e277ca9c1598e387937af902a26823d4acefd34836b0c92bcf3659fcbb1f,2048,2048,2,float32+float32,HARD_LINK,NO,
train,Oil,00266.tif,Oil/00266.tif,train/images/Oil/00266.tif,00266.tif,Mask_oil/00266.tif,train/masks/Oil/00266.tif,6f556db0d39337b5fe2d9b4eff8cfc37aa4d9f5e7e2598d0625cec75cb47c422,0021be75acef0a6c8c07d1fbec71bde4471ac97c64e3dad9e25d5e5bc3c41cdc,2048,2048,2,float32+float32,HARD_LINK,NO,
train,Oil,00484.tif,Oil/00484.tif,train/images/Oil/00484.tif,00484.tif,Mask_oil/00484.tif,train/masks/Oil/00484.tif,208f6f64597b8e5d064f506303d8b9eb6ab1a19275b2e9215ec78fb54132645b,12cdc9bc1254ada6f1015cd8c68ef27eeab4a0d389051a68dadf6d5c7a426f45,2048,2048,2,float32+float32,HARD_LINK,NO,
train,Oil,00614.tif,Oil/00614.tif,train/images/Oil/00614.tif,00614.tif,Mask_oil/00614.tif,train/masks/Oil/00614.tif,450604173a2951b4760ff0a1fa8478ccbb7ececb0f6df5d40240d02b581589c5,b417219c01f4fd31e88c2196aed99ed5a83f0c675ce9ec85bc73cba0d029a9af,2048,2048,2,float32+float32,HARD_LINK,NO,
train,Oil,01310.tif,Oil/01310.tif,train/images/Oil/01310.tif,01310.tif,Mask_oil/01310.tif,train/masks/Oil/01310.tif,b1e2ea35488f32f359a9dd0eb6d4e19a312bbae6e976b3e742cee5df9c6ad938,b7a883f197c35fdbaebb6c6361f2201bb16323322f5efa01398e1b416066d1ad,2048,2048,2,float32+float32,HARD_LINK,NO,
train,Oil,00393.tif,Oil/00393.tif,train/images/Oil/00393.tif,00393.tif,Mask_oil/00393.tif,train/masks/Oil/00393.tif,ba934947ee2418981b58846c48ebba95a7c7b991856486773cdf905fd1b179d4,a73b590cc0292e2161834b8371fd1884cae3629467537b1687bec1cfe4c54703,2048,2048,2,float32+float32,HARD_LINK,NO,
train,Oil,00396.tif,Oil/00396.tif,train/images/Oil/00396.tif,00396.tif,Mask_oil/00396.tif,train/masks/Oil/00396.tif,d2bf43ee51245af9f7222dbf461415b52bc2c9238c2f3bb9f4efda713e74970b,415b684bf1f7847c86155e76ec9a65ffa83f2a1a30371b460554831004cc9bce,2048,2048,2,float32+float32,HARD_LINK,NO,
train,Oil,01231.tif,Oil/01231.tif,train/images/Oil/01231.tif,01231.tif,Mask_oil/01231.tif,train/masks/Oil/01231.tif,506c5752b99d23d0e62ec39453b1cd207eacd1ac5461bee58ef077a70c7c39a1,f0d48d088b615b8231415ad06f5e6214b1e1554bb4755c108c73932f0d0be756,2048,2048,2,float32+float32,HARD_LINK,NO,
train,Oil,01126.tif,Oil/01126.tif,train/images/Oil/01126.tif,01126.tif,Mask_oil/01126.tif,train/masks/Oil/01126.tif,fa324c639bb8e4ad43f2778fd7da8657b4db17b7b64c2a8eaec274af7e9d4d60,750aced536f02c890fd4800caaaefe21dcd0466434f5d4c0a245305ba611fecd,2048,2048,2,float32+float32,HARD_LINK,NO,
train,Oil,01202.tif,Oil/01202.tif,train/images/Oil/01202.tif,01202.tif,Mask_oil/01202.tif,train/masks/Oil/01202.tif,ff5b52c2cfe10580c204c7b39487692b00fffbb6be2f2ce2480122844c81239a,d0ffc79a81d970102b0b1ff688f003b0b0a3a4d5dc3f2a476a64507f80844ad6,2048,2048,2,float32+float32,HARD_LINK,NO,
train,Oil,00901.tif,Oil/00901.tif,train/images/Oil/00901.tif,00901.tif,Mask_oil/00901.tif,train/masks/Oil/00901.tif,c667f9d795c9dfa458a81ac75d6812eb695b440084772e2299ecd0a6bd88feac,4a59f42fc12a54872ba52ad001c626a4a82ee91ac466ff63aafd8649b348cce9,2048,2048,2,float32+float32,HARD_LINK,NO,
train,Oil,00011.tif,Oil/00011.tif,train/images/Oil/00011.tif,00011.tif,Mask_oil/00011.tif,train/masks/Oil/00011.tif,adbcffcfc19b92a5ffeda4006a052639c9afad5753093bcd7cf143c9dfbffb98,60d072069993f06b53246608895df193ef97ffa492308c67a94f29b71600411d,2048,2048,2,float32+float32,HARD_LINK,NO,
train,Oil,00193.tif,Oil/00193.tif,train/images/Oil/00193.tif,00193.tif,Mask_oil/00193.tif,train/masks/Oil/00193.tif,f128d0200c388ae7fc01a3b9f930b9475b2e860927aa30e89757027e8a80c695,1f7f0dec192e2bcc1356cf9ecc3eb6c68d38d793246c2fd9293f8dd0f0666843,2048,2048,2,float32+float32,HARD_LINK,NO,
train,Oil,00601.tif,Oil/00601.tif,train/images/Oil/00601.tif,00601.tif,Mask_oil/00601.tif,train/masks/Oil/00601.tif,70806c133836d44b0388b257ff8805bc7f8434fc31a5d78940e4b05b0b682a22,f0dc0b0dd4317fa601f147f1ac9d8340d27dd274325d1805ca9d8947866f92f0,2048,2048,2,float32+float32,HARD_LINK,NO,
train,Oil,00296.tif,Oil/00296.tif,train/images/Oil/00296.tif,00296.tif,Mask_oil/00296.tif,train/masks/Oil/00296.tif,09364b87353cebc2bb70ff6e7697789cbff85ae13250b514ce63bc4382771d25,ed3f7bb3c733f98601adbfa9b497250f14c18b90eef20bb7138570c2434bfc3d,2048,2048,2,float32+float32,HARD_LINK,NO,
train,Oil,00160.tif,Oil/00160.tif,train/images/Oil/00160.tif,00160.tif,Mask_oil/00160.tif,train/masks/Oil/00160.tif,dd14040b6786178c8c7c740a60ba67e717fd0169b14a3ec8e139219678535a08,686154e180771624d64e379bf4f21592cfe6f54c5d937131579099d592406ea6,2048,2048,2,float32+float32,HARD_LINK,NO,
train,Oil,00431.tif,Oil/00431.tif,train/images/Oil/00431.tif,00431.tif,Mask_oil/00431.tif,train/masks/Oil/00431.tif,ea2550b0661c6f52cfdf9705728b24b8f5c6fd65f61a12e29b860a0c96be45b1,134293eaf401a89c5cefc33b77dd35ff04f0724c8e56e4cc1212a28541f7fc5e,2048,2048,2,float32+float32,HARD_LINK,NO,
train,Oil,00457.tif,Oil/00457.tif,train/images/Oil/00457.tif,00457.tif,Mask_oil/00457.tif,train/masks/Oil/00457.tif,3c0ea7d10c32015ae385e380576d53cfe109337d7b97e9fea647eba33cb1751e,f830e96cf7368039bacb77282edf65a3b20631677043679b481a10eb41080af9,2048,2048,2,float32+float32,HARD_LINK,NO,
train,Oil,01004.tif,Oil/01004.tif,train/images/Oil/01004.tif,01004.tif,Mask_oil/01004.tif,train/masks/Oil/01004.tif,0a2e3f0e311952983f08d0a8f14c9bf0a8aef7e86b7c0fe704b42897d6b91f57,bca8459c851b35d8d8191b45a5f00fe2424a73d68480144afe29959c5f9ac095,2048,2048,2,float32+float32,HARD_LINK,NO,
train,Oil,00127.tif,Oil/00127.tif,train/images/Oil/00127.tif,00127.tif,Mask_oil/00127.tif,train/masks/Oil/00127.tif,f42b01443a19ea78c91872fa51d2902b5cb0be5345a487429e89b78db0ffb8b5,81e777601bc7bc42675bc61da5ef8b87a8ef4173b5147b999474420bb20d84bd,2048,2048,2,float32+float32,HARD_LINK,NO,
train,Oil,00223.tif,Oil/00223.tif,train/images/Oil/00223.tif,00223.tif,Mask_oil/00223.tif,train/masks/Oil/00223.tif,d23642563ca0c12dde8602b49c1d1dc28e81e85fc938bef2301266c2fc24e19c,be4e491838a432c64d13be4c5ef7a90c2e6d374fd1f949087ae3d51880d398f0,2048,2048,2,float32+float32,HARD_LINK,NO,
train,Oil,00911.tif,Oil/00911.tif,train/images/Oil/00911.tif,00911.tif,Mask_oil/00911.tif,train/masks/Oil/00911.tif,082020c779bbc55741cee6597764b5910630741d2fba5a9c476f8fb954d4eaaa,37bc91a7c25036c123c1000a8407d29d7d1dc385ddf27ad8f9002cc042a87220,2048,2048,2,float32+float32,HARD_LINK,NO,
train,Oil,00437.tif,Oil/00437.tif,train/images/Oil/00437.tif,00437.tif,Mask_oil/00437.tif,train/masks/Oil/00437.tif,a6fb0edb0ed53102ecc8a2aa18c003d26ef7fa779f07c0c333481e80feb6f990,bc83b86d808907fbf5e956dd1e609640cb6d973cf0c68edfcf6b61b90a1a6db8,2048,2048,2,float32+float32,HARD_LINK,NO,
train,Oil,01175.tif,Oil/01175.tif,train/images/Oil/01175.tif,01175.tif,Mask_oil/01175.tif,train/masks/Oil/01175.tif,0c2cd352bd3c4cd8f4e7df5dd079f06483f9932c0a51e383b3f9f76dbf2db3ff,8ad47bbb1967954707697ff859db32060ebf2e77ecc4c6b6e55983239ee2bbad,2048,2048,2,float32+float32,HARD_LINK,NO,
train,Oil,00703.tif,Oil/00703.tif,train/images/Oil/00703.tif,00703.tif,Mask_oil/00703.tif,train/masks/Oil/00703.tif,4b2dbae985dffb653e39ec72e329513928c3554cac5b0a4cce0e9fcc364d67c2,c04ae13747c9bdfe60623b5778a823ed258605bee5a362218e1b3b15e5f3955f,2048,2048,2,float32+float32,HARD_LINK,NO,
train,Oil,00143.tif,Oil/00143.tif,train/images/Oil/00143.tif,00143.tif,Mask_oil/00143.tif,train/masks/Oil/00143.tif,364f04f08caeadf11f081a94d9d47a7061be992d5c37c48c1faa15f7c0595a4e,04feeed2268341377662c6413980d906d3bbbe7dd90043cd382bfbc4afd1df7c,2048,2048,2,float32+float32,HARD_LINK,NO,
train,Oil,00088.tif,Oil/00088.tif,train/images/Oil/00088.tif,00088.tif,Mask_oil/00088.tif,train/masks/Oil/00088.tif,6e1b708a8416e5912daa5afd7d77c966a4e4e0039b5b4afc68d590418dad9ede,5367daadc520255b0a3a2bf68c611587bd91914abbf55498e907a466281748e7,2048,2048,2,float32+float32,HARD_LINK,NO,
train,Oil,00900.tif,Oil/00900.tif,train/images/Oil/00900.tif,00900.tif,Mask_oil/00900.tif,train/masks/Oil/00900.tif,d7aacae357098306c4143eb771f856d685b29a4fd3eca32219587e492c4f8f21,e293b11f788f957c2be7fbe1dcd92682ebcaf1010f0a406c5b04cb64bd86991a,2048,2048,2,float32+float32,HARD_LINK,NO,
train,Oil,00743.tif,Oil/00743.tif,train/images/Oil/00743.tif,00743.tif,Mask_oil/00743.tif,train/masks/Oil/00743.tif,818dbc8e8993eb46c4153a80a93da4734f498f862397a252f83556922810e4b6,7dd9907b6e3b619e72b8c038ccccc7f7115e5fcb774de7979ec01b621c562da7,2048,2048,2,float32+float32,HARD_LINK,NO,
train,Oil,00859.tif,Oil/00859.tif,train/images/Oil/00859.tif,00859.tif,Mask_oil/00859.tif,train/masks/Oil/00859.tif,4520f5883417ccc303614d7eb6237d52fe88b022ded06f2afa6e505892b92d29,31e51f30c7d5383afaa87553fcc6fa036f69f56578e4a6ed2d497303d32926bb,2048,2048,2,float32+float32,HARD_LINK,NO,
train,Oil,01325.tif,Oil/01325.tif,train/images/Oil/01325.tif,01325.tif,Mask_oil/01325.tif,train/masks/Oil/01325.tif,1e2839c00e97c20fc68d0ed688d0277c17e8339eb5e18c5b756699b0ffcf0519,c936bc58a2e1e013ee41d92252bba9cb84c908710ea957ea09c50969f5807def,2048,2048,2,float32+float32,HARD_LINK,NO,
train,Oil,00353.tif,Oil/00353.tif,train/images/Oil/00353.tif,00353.tif,Mask_oil/00353.tif,train/masks/Oil/00353.tif,c201dd45264c511e1c3ba0363bfe2435545ce1a3619d96e8a7191c109dfa4354,ef3f1b8230b85bf608e9b4c06f4d7ffc0f23cc262afb6c7de74702771249478b,2048,2048,2,float32+float32,HARD_LINK,NO,
train,Oil,00620.tif,Oil/00620.tif,train/images/Oil/00620.tif,00620.tif,Mask_oil/00620.tif,train/masks/Oil/00620.tif,b9b39ad830032df4b73a742523b6ad571b7e51acc217026ba3dfcf0f36cc7d7f,9b090262370ca513b7274b2e11f25168c02c28b17854ca7497077d6819aa82ae,2048,2048,2,float32+float32,HARD_LINK,NO,
train,Oil,00253.tif,Oil/00253.tif,train/images/Oil/00253.tif,00253.tif,Mask_oil/00253.tif,train/masks/Oil/00253.tif,cdaac70a8a103c4abd8531bb830003f1ef72747598694a9cc476368eea7933fa,f29243dbc0d327338cbf487ce2e68c37ae2834250c74b5f313d5eec59d58033e,2048,2048,2,float32+float32,HARD_LINK,NO,
train,Oil,01287.tif,Oil/01287.tif,train/images/Oil/01287.tif,01287.tif,Mask_oil/01287.tif,train/masks/Oil/01287.tif,8468b20f8584cc438a7a63c468950b559a5b9ac2cb82d6317f088598587670ed,bbaaf6e0ba5b7fe12f42166f487f0d454250788d0a30678e8c9a4789d8f9dbcf,2048,2048,2,float32+float32,HARD_LINK,NO,
train,Oil,01064.tif,Oil/01064.tif,train/images/Oil/01064.tif,01064.tif,Mask_oil/01064.tif,train/masks/Oil/01064.tif,55927ed3c0779bfd9ac8b084b07e1362e0ff966d676e46163469ba1f1e7cf946,9213dd5e934bdcf4aa7a1f41b9038a711990b468895d5a66b378ace0d3dbfb97,2048,2048,2,float32+float32,HARD_LINK,NO,
train,Oil,00019.tif,Oil/00019.tif,train/images/Oil/00019.tif,00019.tif,Mask_oil/00019.tif,train/masks/Oil/00019.tif,bd5d2467a7df3b50af0450e159d068704ee83ff8d5a5e73d264d81ac7ef6e9be,ba08a6778cf98fdedd86ad3e1db863aceeaff188dc8437505174c492770fae1c,2048,2048,2,float32+float32,HARD_LINK,NO,
train,Oil,00327.tif,Oil/00327.tif,train/images/Oil/00327.tif,00327.tif,Mask_oil/00327.tif,train/masks/Oil/00327.tif,ab4f545c9e36ae16eeccfbac51a9b1328ffdeddce8ff35cd635c9c0b73e7672f,be85ae1fa0929c2beb6e96918513b89fa060633a25f7113731d03f0c97aec58f,2048,2048,2,float32+float32,HARD_LINK,NO,
train,Oil,01035.tif,Oil/01035.tif,train/images/Oil/01035.tif,01035.tif,Mask_oil/01035.tif,train/masks/Oil/01035.tif,5dbf0e3237cbf7916fa5854b6a208f3be8959b0f6d9470cd644e144a0b26a595,4e490e23b503ef0205887a4a3ef9d284798dd3bdc2d2df1cf5f9da47f9e7a8f3,2048,2048,2,float32+float32,HARD_LINK,NO,
train,Oil,00709.tif,Oil/00709.tif,train/images/Oil/00709.tif,00709.tif,Mask_oil/00709.tif,train/masks/Oil/00709.tif,6e7c08695916be4c329cf3210d544533fbed164279dc1de4a5a15912c2a4f9d2,087502eb8b53f7d696c912ba65f398e3f0a1c21a753dacd144544a6941f152e4,2048,2048,2,float32+float32,HARD_LINK,NO,
train,Oil,00370.tif,Oil/00370.tif,train/images/Oil/00370.tif,00370.tif,Mask_oil/00370.tif,train/masks/Oil/00370.tif,c012a9585786aa325444699e415277c378bb11106a06af87139c8f9328f695da,0dc1c1455c4bc94dc75a148808fd0ae3f3dff16f58a4aa2a24979769b6c0829f,2048,2048,2,float32+float32,HARD_LINK,NO,
train,Oil,00924.tif,Oil/00924.tif,train/images/Oil/00924.tif,00924.tif,Mask_oil/00924.tif,train/masks/Oil/00924.tif,70b19bde05cbf066b0faa53d588f3af13a1f0ed885042eee57d86c890b33a5a4,e18fd44c4a42b45517ef951ffc7b0af599afef87d68c0478e3e6e94600c70819,2048,2048,2,float32+float32,HARD_LINK,NO,
train,Oil,00946.tif,Oil/00946.tif,train/images/Oil/00946.tif,00946.tif,Mask_oil/00946.tif,train/masks/Oil/00946.tif,645701800518c74dca13153948a300353b213dd0b494e18b13ea3d196cc4c583,f5ace689d443673bfa101923eed9a650972e72573595876ecd5788d403e6d66c,2048,2048,2,float32+float32,HARD_LINK,NO,
train,Oil,00652.tif,Oil/00652.tif,train/images/Oil/00652.tif,00652.tif,Mask_oil/00652.tif,train/masks/Oil/00652.tif,31efe0f53ecdc9f18e5713db6c9f904fe0d6fa6e6744b5f0d9f080c58cdf88b0,b2d21f8f3060b05176576f8c75eeee61888e1e15e38152f2f74b2aec4b8acfc6,2048,2048,2,float32+float32,HARD_LINK,NO,
train,Oil,00760.tif,Oil/00760.tif,train/images/Oil/00760.tif,00760.tif,Mask_oil/00760.tif,train/masks/Oil/00760.tif,80862881257bb2a40ea3fb22290a3b28afd63cec718077dc13b1e15b1cb01b6c,d816209383a9db1be3a000370297a169c1c2b1f4d0fe46079540091c1e83ce09,2048,2048,2,float32+float32,HARD_LINK,NO,
train,Oil,00346.tif,Oil/00346.tif,train/images/Oil/00346.tif,00346.tif,Mask_oil/00346.tif,train/masks/Oil/00346.tif,6e4cba16557c5ead7352fda9992a4c6e879a7658819b1aa8afb4421fa31432f3,6dc7f4cf156caf53bc22f021eadae21ea7ae3d430bfa0df8327078f93c2fbe7f,2048,2048,2,float32+float32,HARD_LINK,NO,
train,Oil,00152.tif,Oil/00152.tif,train/images/Oil/00152.tif,00152.tif,Mask_oil/00152.tif,train/masks/Oil/00152.tif,498b699ad232dfc846391106ec47603e4b7e971c12b055b1b06cf66ffa619b0b,0fd8abf4a8e9b86003103bb8541711fc7d8677290c7bccbb264fbf3e14f2e366,2048,2048,2,float32+float32,HARD_LINK,NO,
train,Oil,00892.tif,Oil/00892.tif,train/images/Oil/00892.tif,00892.tif,Mask_oil/00892.tif,train/masks/Oil/00892.tif,571fe6c6f471869adca51cb717a1d15205acf06725dd970d6dca643a8a618d82,306d3fd0b04f6ac2bc23f992bf01f1d530dbcc05330e7146b54f672b4abaf180,2048,2048,2,float32+float32,HARD_LINK,NO,
train,Oil,00973.tif,Oil/00973.tif,train/images/Oil/00973.tif,00973.tif,Mask_oil/00973.tif,train/masks/Oil/00973.tif,016923a54f79eb5d1016509daac2a6837f2f0d8cf254d564ef8db0a1d1fd68a6,3b0f937910c86f0fca36b002bdac9e08e62e41d09bcef9ec03d6077b08f11942,2048,2048,2,float32+float32,HARD_LINK,NO,
train,Oil,00704.tif,Oil/00704.tif,train/images/Oil/00704.tif,00704.tif,Mask_oil/00704.tif,train/masks/Oil/00704.tif,207f86101efe57831cbc8534e12977756b5d0ae83f0644d7434d1f453f696537,02e2a8d440fbc8a2d08e400caf6ab6baaaa7efcf4b68eeed74c0a14bff8d20d0,2048,2048,2,float32+float32,HARD_LINK,NO,
train,Oil,00186.tif,Oil/00186.tif,train/images/Oil/00186.tif,00186.tif,Mask_oil/00186.tif,train/masks/Oil/00186.tif,8b852eb4add4869de88af232069a143cfb3ba4b0a18b28db41661a6cc138f6fd,90c30ccd0b8407583781d45a9b8f2e6a3d267a0b23ab038e8072e5420510e166,2048,2048,2,float32+float32,HARD_LINK,NO,
train,Oil,00428.tif,Oil/00428.tif,train/images/Oil/00428.tif,00428.tif,Mask_oil/00428.tif,train/masks/Oil/00428.tif,8289dab8c454489ac4813744d28a9327e4e966c3e460b825f8acf01965b3780a,5e7e406f98f8efc5ddde4e910b8215678adabb8cb893033657475ded61542ee1,2048,2048,2,float32+float32,HARD_LINK,NO,
train,Oil,00017.tif,Oil/00017.tif,train/images/Oil/00017.tif,00017.tif,Mask_oil/00017.tif,train/masks/Oil/00017.tif,8073136f31f896e871b3724e60594a0dcb2dffa953c47c8152ee80758aee04b5,b3798298097bff06fc001497bbd3885e2947838c64c7762df5abae64b118d588,2048,2048,2,float32+float32,HARD_LINK,NO,
train,Oil,00972.tif,Oil/00972.tif,train/images/Oil/00972.tif,00972.tif,Mask_oil/00972.tif,train/masks/Oil/00972.tif,5c140eaf78808676cc942f644f909d85d90e40082f350539a0cdbf5120522e1b,6f3685e2f2762384c01236093b49e48a6f8f79f03ce1edc18a393c087633441c,2048,2048,2,float32+float32,HARD_LINK,NO,
train,Oil,00877.tif,Oil/00877.tif,train/images/Oil/00877.tif,00877.tif,Mask_oil/00877.tif,train/masks/Oil/00877.tif,029d6585c8cc54299747d14bc8966492b92c0f89068ccc029014e36e33bee3b9,6641a3c91e96be206d9b1ad05d663ec5079d60f8d1100eddb3316f60bf7913f5,2048,2048,2,float32+float32,HARD_LINK,NO,
train,Oil,01084.tif,Oil/01084.tif,train/images/Oil/01084.tif,01084.tif,Mask_oil/01084.tif,train/masks/Oil/01084.tif,5231418730a1c5a087a9952df722e06d8e4e3f2b1e403d528e0ad239ad7c8c96,74ba1caff7de4368a554ccc27cf1125213b2e0a27a1e372ebe9f3415790217a5,2048,2048,2,float32+float32,HARD_LINK,NO,
train,Oil,01129.tif,Oil/01129.tif,train/images/Oil/01129.tif,01129.tif,Mask_oil/01129.tif,train/masks/Oil/01129.tif,5e3c352c1af8d4af2c51c01a6eccaaea4be7346a625c13899aea0021d2e63f05,40a1da2c512d406cce58253984ba0963b3accbca4c5c119a6c36b682625c4808,2048,2048,2,float32+float32,HARD_LINK,NO,
train,Oil,00971.tif,Oil/00971.tif,train/images/Oil/00971.tif,00971.tif,Mask_oil/00971.tif,train/masks/Oil/00971.tif,4c1be11c30be72d79caff97c2f2f7920ebc37a533b848a3c966a175a36f59fbe,b621a2928e0e96d3ad4ead897bbc5eb4be3fe34a11fd8ddf1bea140bf0289585,2048,2048,2,float32+float32,HARD_LINK,NO,
train,Oil,00682.tif,Oil/00682.tif,train/images/Oil/00682.tif,00682.tif,Mask_oil/00682.tif,train/masks/Oil/00682.tif,64dffa08e9e3a1de2aab1379b363d6f1a700926e039d1db0bb9e79183951c876,bb014d372c3ad5e015f2cd0f947d396a7b2dfb3d0caf5100b72b6cf9c96dfb8f,2048,2048,2,float32+float32,HARD_LINK,NO,
train,Oil,00755.tif,Oil/00755.tif,train/images/Oil/00755.tif,00755.tif,Mask_oil/00755.tif,train/masks/Oil/00755.tif,792b07de0e7a2858153a0a0cc1d74d14b2fa3ef349cc3bfc98a033752ed57f7b,73c1a7639b8c4052ae868978d68259acc1a21824c0b064bfaaf0cb144a76debb,2048,2048,2,float32+float32,HARD_LINK,NO,
train,Oil,01295.tif,Oil/01295.tif,train/images/Oil/01295.tif,01295.tif,Mask_oil/01295.tif,train/masks/Oil/01295.tif,e97ed6c9e5bbdb78408d8b805644fd20e5c17ee596719635540c09292faa3e7e,9efc8698a963cac7e6b44ca6e82b838e7d9d0feb91da6201b37e9defbcfe319e,2048,2048,2,float32+float32,HARD_LINK,NO,
train,Oil,00999.tif,Oil/00999.tif,train/images/Oil/00999.tif,00999.tif,Mask_oil/00999.tif,train/masks/Oil/00999.tif,290afb656c18c1a838448c6f883551032becb19846719da4d19aed5933ad2382,53f7057c1d65d7b55b85c0a09b6836a8af4148f41a23e76c5e188eb7aa4e1789,2048,2048,2,float32+float32,HARD_LINK,NO,
train,Oil,00095.tif,Oil/00095.tif,train/images/Oil/00095.tif,00095.tif,Mask_oil/00095.tif,train/masks/Oil/00095.tif,321873d2f077829c3f01813f76d3e46edf32362c5da375751f8e941de61c3dc1,11c0e285b8dff41c6b8e6b4921cc946fc0b2f16bc073a8e5d416bad73209c206,2048,2048,2,float32+float32,HARD_LINK,NO,
train,Oil,01243.tif,Oil/01243.tif,train/images/Oil/01243.tif,01243.tif,Mask_oil/01243.tif,train/masks/Oil/01243.tif,5fbe49efe9e3a612bce745209ce3f7cbb18640cf74f5b5827d4577fe8ea19562,73086ac0efe6502b04b66c18c769a4081927b9301c40ad06a448855973db4837,2048,2048,2,float32+float32,HARD_LINK,NO,
train,Oil,00959.tif,Oil/00959.tif,train/images/Oil/00959.tif,00959.tif,Mask_oil/00959.tif,train/masks/Oil/00959.tif,b5ca8b03d443a9382dc55bf53d4687482b2e59d90bb789067e036a58afc44d3d,2f0fe9450c555262f3a7da2e1c6a31eb80fdfd418633219a65d92f5b25e189c8,2048,2048,2,float32+float32,HARD_LINK,NO,
train,Oil,00538.tif,Oil/00538.tif,train/images/Oil/00538.tif,00538.tif,Mask_oil/00538.tif,train/masks/Oil/00538.tif,e6eaf583b711b3ac350f9c127e81ea457fba4c2c6897b0d9fa1a94a8d235fbdd,c57927faf9742bf7cbbd0b70ff9d1c044baedb17d51ee2c6a12f4d4e12e3dc74,2048,2048,2,float32+float32,HARD_LINK,NO,
train,Oil,00939.tif,Oil/00939.tif,train/images/Oil/00939.tif,00939.tif,Mask_oil/00939.tif,train/masks/Oil/00939.tif,e4301f789fff758af56f03797866f278fb59d9d2f42338d4063f0e0b56ed4d1f,a813b0003981eccc77952b9b1e36cf7359e8812031f13e6350e50f90d43cc33c,2048,2048,2,float32+float32,HARD_LINK,NO,
train,Oil,00056.tif,Oil/00056.tif,train/images/Oil/00056.tif,00056.tif,Mask_oil/00056.tif,train/masks/Oil/00056.tif,05b48156875dd81e5dfc555f4274ec7aaeb3e66229a21d16ba283436e3b8d5f5,7600bbf2e2d7a3cb473d9a6c9823f4c8a38788e1757f0c6df94aa58d38f91751,2048,2048,2,float32+float32,HARD_LINK,NO,
train,Oil,00031.tif,Oil/00031.tif,train/images/Oil/00031.tif,00031.tif,Mask_oil/00031.tif,train/masks/Oil/00031.tif,0631f369ca3ef9d363fae795c3ecd94db83b40219dcc69fc73d9c8f8992fd580,26475ec909896f51d16b1032a2ede4a05ac18e162bc480f606b976dd99630375,2048,2048,2,float32+float32,HARD_LINK,NO,
train,Oil,00446.tif,Oil/00446.tif,train/images/Oil/00446.tif,00446.tif,Mask_oil/00446.tif,train/masks/Oil/00446.tif,51e8e14d2b31c994103e892586f2c09d080c280e8dbfaba2ae535fe92062142e,ed1bcda38e23593cdf9fe979f8ba7ffa7e39fb9c408578dfaef0763852f3aa22,2048,2048,2,float32+float32,HARD_LINK,NO,
train,Oil,00534.tif,Oil/00534.tif,train/images/Oil/00534.tif,00534.tif,Mask_oil/00534.tif,train/masks/Oil/00534.tif,bbf3438058b075dad68a54ca211b25cef94d44befdb4e4e6a64df6abde773d9b,c4004cc4af30c2b002fe807ff49e0de77143563f7449ad3e976c313039db5517,2048,2048,2,float32+float32,HARD_LINK,NO,
train,Oil,00894.tif,Oil/00894.tif,train/images/Oil/00894.tif,00894.tif,Mask_oil/00894.tif,train/masks/Oil/00894.tif,90cda86d0c97fd6a20ade8c823fbc31d7ecd4174fe6815c91708adc1f4e1da3a,c4f9113c6a66777bd413f33e41488eb83520e29ea89927b3a284dfa0911a9823,2048,2048,2,float32+float32,HARD_LINK,NO,
train,Oil,00280.tif,Oil/00280.tif,train/images/Oil/00280.tif,00280.tif,Mask_oil/00280.tif,train/masks/Oil/00280.tif,c108605a44f93a3ef7fa441b976605c8434c70e2690b78e662313dcf79fa1dba,ac3b637b692c0dd2d93b5a476dbffdb16e618c212c1ecc6d60561c1da4e2c733,2048,2048,2,float32+float32,HARD_LINK,NO,
train,Oil,01316.tif,Oil/01316.tif,train/images/Oil/01316.tif,01316.tif,Mask_oil/01316.tif,train/masks/Oil/01316.tif,e350f1809dbf432956199de96ded44309ebb4c779e4d2628f1e3581853582046,b62785565f23a9fbd071b38b71db5959f3835febc020cbed453c09328929fd81,2048,2048,2,float32+float32,HARD_LINK,NO,
train,Oil,01284.tif,Oil/01284.tif,train/images/Oil/01284.tif,01284.tif,Mask_oil/01284.tif,train/masks/Oil/01284.tif,c9a533bc1624255f20649c72fdf18492d223abb8c852a6b9b11c749eb3782f77,9815a9a12727ddb314dbf83c6bcdf35d09be18c7c3bae0d531959e09eed2a140,2048,2048,2,float32+float32,HARD_LINK,NO,
train,Oil,01143.tif,Oil/01143.tif,train/images/Oil/01143.tif,01143.tif,Mask_oil/01143.tif,train/masks/Oil/01143.tif,760b6296de9314a4b2dfb1395f6e85f4ed144332a60084660933177661e430ae,6c85984c57ac344cd08c3bc6a9d3c77cf90f27f3f35ed8bf541615bb97765780,2048,2048,2,float32+float32,HARD_LINK,NO,
train,Oil,00148.tif,Oil/00148.tif,train/images/Oil/00148.tif,00148.tif,Mask_oil/00148.tif,train/masks/Oil/00148.tif,99094bcd6a09a838ae9eea6f7f16ef14a217c5d8ef994c3e9535984b6b1538c4,05c7edabd42720dc028c4d30ff7e49584c1db095097abdd629159f2600e1a30e,2048,2048,2,float32+float32,HARD_LINK,NO,
train,Oil,00265.tif,Oil/00265.tif,train/images/Oil/00265.tif,00265.tif,Mask_oil/00265.tif,train/masks/Oil/00265.tif,6e828be795c964df8b92b119917f7201afb2ee357877e0493a1bd3db4f4e71df,7d2933be69e61824dc2ec47bdc0138edfc8bb412f4cfe4046a0c2a54c80a1a83,2048,2048,2,float32+float32,HARD_LINK,NO,
train,Oil,00837.tif,Oil/00837.tif,train/images/Oil/00837.tif,00837.tif,Mask_oil/00837.tif,train/masks/Oil/00837.tif,b5b1293abd13108828e2ca20d5fdca02d72fb689b93db22028fee1c4e38567c9,63c86fa26103157241f369088fa56d6e15c48945fd4a2bbb33d5531d9e6e7e98,2048,2048,2,float32+float32,HARD_LINK,NO,
train,Oil,01049.tif,Oil/01049.tif,train/images/Oil/01049.tif,01049.tif,Mask_oil/01049.tif,train/masks/Oil/01049.tif,abe7af435ac520e793605a008f62c39a7dd20270bbc996fc2c2ede17027ebd76,76ecf56a5afdea822e5c07617382ecb31ff583d0df94e2056c53174a96fc2861,2048,2048,2,float32+float32,HARD_LINK,NO,
train,Oil,00860.tif,Oil/00860.tif,train/images/Oil/00860.tif,00860.tif,Mask_oil/00860.tif,train/masks/Oil/00860.tif,b64a21c2eb23b84a4c2214f0ee1f3c0443eea129278e98806679a14631935ec2,7273ee9adc8f36cec258ca691273052e3940363c17bc960c52b82daa0060b108,2048,2048,2,float32+float32,HARD_LINK,NO,
train,Oil,00617.tif,Oil/00617.tif,train/images/Oil/00617.tif,00617.tif,Mask_oil/00617.tif,train/masks/Oil/00617.tif,cdb385682179f92b8549641911e355039731af285d4dbaf1abbde85a747e2f62,d89bfe6d3189b0d9dc4417df68c1665ac37fc38330481ee7d1e46ea883322e93,2048,2048,2,float32+float32,HARD_LINK,NO,
train,Oil,00195.tif,Oil/00195.tif,train/images/Oil/00195.tif,00195.tif,Mask_oil/00195.tif,train/masks/Oil/00195.tif,1940d0084d5744c39998a9cb91270a6e38d777adb62ed74cd9c6386c227a1ddd,eb9499846db18632923e514a0d2061dd5311404f1035e847f4e1b8dc945af7f6,2048,2048,2,float32+float32,HARD_LINK,NO,
train,Oil,00726.tif,Oil/00726.tif,train/images/Oil/00726.tif,00726.tif,Mask_oil/00726.tif,train/masks/Oil/00726.tif,e254f9ea8be02f1fe703780f15272cd3e9aff99f6aa4525ec173818684578888,8df1c241866a250c78a65d7d6c43083d267c55a54083e249a03f9e75793187d6,2048,2048,2,float32+float32,HARD_LINK,NO,
train,Oil,00091.tif,Oil/00091.tif,train/images/Oil/00091.tif,00091.tif,Mask_oil/00091.tif,train/masks/Oil/00091.tif,9b86a5b40c80587c8edb7f26b0191de8dd0c7cdb66e6dd9bc913c583360c568d,cfc8294d87876ce420fb8c612210a7fb8e09d0906bcb94b5a489a7a82ade198a,2048,2048,2,float32+float32,HARD_LINK,NO,
train,Oil,00896.tif,Oil/00896.tif,train/images/Oil/00896.tif,00896.tif,Mask_oil/00896.tif,train/masks/Oil/00896.tif,f3a55eade9361e1e71bbc90c84ef7e3027da1ddaf9101dbba63cf4f772a10c81,ed5aac8de7bf94cb856eea0a4a723eeab6f04ef9b11e329c2250c2492781fc42,2048,2048,2,float32+float32,HARD_LINK,NO,
train,Oil,00518.tif,Oil/00518.tif,train/images/Oil/00518.tif,00518.tif,Mask_oil/00518.tif,train/masks/Oil/00518.tif,b681f2f9795f1648f642637834a7b5f2a107b9f2b79cd31fb2679c1ff9ec136c,edb521d161eea946b3009dd820eaeb5da38c380a12670276671422aae630399c,2048,2048,2,float32+float32,HARD_LINK,NO,
train,Oil,00364.tif,Oil/00364.tif,train/images/Oil/00364.tif,00364.tif,Mask_oil/00364.tif,train/masks/Oil/00364.tif,664e4acfeee61b7f047487e3e5e47e265084cb05d6ec31595b5e8d410ca6f21b,784a8202d94fefc0846b1fd899ce1a58bc8058ca6e0616378898192c63bb1df6,2048,2048,2,float32+float32,HARD_LINK,NO,
train,Oil,00041.tif,Oil/00041.tif,train/images/Oil/00041.tif,00041.tif,Mask_oil/00041.tif,train/masks/Oil/00041.tif,757dab07badbdc80224499c999caac0a3e2d023ade6e2bc3a26006f75dfef484,879cbd744e1022fcca0ddd550ed97b8dcacd53bbc69102368fff641f10176260,2048,2048,2,float32+float32,HARD_LINK,NO,
train,Oil,01134.tif,Oil/01134.tif,train/images/Oil/01134.tif,01134.tif,Mask_oil/01134.tif,train/masks/Oil/01134.tif,75278f33302524afb656ee27f31bd906ee45a81ada2c13426bcfd28602b41639,d8ce7ba652ec4fab7b838073078fcb50478df549a8c65ed3cd94a6bd47c89a37,2048,2048,2,float32+float32,HARD_LINK,NO,
train,Oil,00256.tif,Oil/00256.tif,train/images/Oil/00256.tif,00256.tif,Mask_oil/00256.tif,train/masks/Oil/00256.tif,798417950d1be25efcfbc1a1c2d1eed6cc26873346a673d8cc5fa3044585d117,dc0c13712c57134dd96816643970d02c97d84f4c3ab8ddd2bb37e442b2276d63,2048,2048,2,float32+float32,HARD_LINK,NO,
train,Oil,00037.tif,Oil/00037.tif,train/images/Oil/00037.tif,00037.tif,Mask_oil/00037.tif,train/masks/Oil/00037.tif,8a0a345cceb6662e28d6ee2a178a9045d700884b3a9a43a2fc5acb8dfdb87175,d901d16eb3ffd179dc23c2780e92a2bac1265949ac019e4715b05c23ce819f9b,2048,2048,2,float32+float32,HARD_LINK,NO,
train,Oil,01054.tif,Oil/01054.tif,train/images/Oil/01054.tif,01054.tif,Mask_oil/01054.tif,train/masks/Oil/01054.tif,df183f2b99910ab631b25faea546dfd548ad6caf3ef35847787e59415edb8da1,fcdb59aacf36af39cae363668c4f34d103d452d86d33cf7ab8587725c4b3e3cc,2048,2048,2,float32+float32,HARD_LINK,NO,
train,Oil,00599.tif,Oil/00599.tif,train/images/Oil/00599.tif,00599.tif,Mask_oil/00599.tif,train/masks/Oil/00599.tif,80f05665647bb22949e53c42cc88a9fa0ab059cf10b4b4e8482ba82f02494844,07c6f0240c6d754c18da7a122d3c0e745162af6e8bda14199c2b26cb8150c2f6,2048,2048,2,float32+float32,HARD_LINK,NO,
train,Oil,00164.tif,Oil/00164.tif,train/images/Oil/00164.tif,00164.tif,Mask_oil/00164.tif,train/masks/Oil/00164.tif,e38954db9e2b179ea6816a5fb19250f97fda15a5e69b9c7c3ddf8f6ee69ba735,e87f8f740f91df9dd9048a2e76bb3180983185db36d182e26bca34f9beb54354,2048,2048,2,float32+float32,HARD_LINK,NO,
train,Oil,00027.tif,Oil/00027.tif,train/images/Oil/00027.tif,00027.tif,Mask_oil/00027.tif,train/masks/Oil/00027.tif,00d8c06b651e3d4f1416c03a4fd8726378a28710d0bb0f4fb5e0f1e2487de965,6f6a035830a7f68c8c58988fe45bb5c7ee351b90a56a869af0d4af451dc8fc7a,2048,2048,2,float32+float32,HARD_LINK,NO,
train,Oil,00756.tif,Oil/00756.tif,train/images/Oil/00756.tif,00756.tif,Mask_oil/00756.tif,train/masks/Oil/00756.tif,8967fd5663a2c615234edfcdfaa5be4bc4ecefe7b9a4b9397b84874463b92b96,439c42dae5e5db66c0323b4a5fe593964b9fd74a3ed2ed1bb2a65e048b970aeb,2048,2048,2,float32+float32,HARD_LINK,NO,
train,Oil,00473.tif,Oil/00473.tif,train/images/Oil/00473.tif,00473.tif,Mask_oil/00473.tif,train/masks/Oil/00473.tif,2c248a36cf1ac3085f7b58e5a7867640a93d5972523774894347551609eae6c4,fa37cb528e9a4fc79bb125ff59a45925f2f470ef44ea25391fb597d8a67b283c,2048,2048,2,float32+float32,HARD_LINK,NO,
train,Oil,00647.tif,Oil/00647.tif,train/images/Oil/00647.tif,00647.tif,Mask_oil/00647.tif,train/masks/Oil/00647.tif,86ba14179cb20c12ec178e5975535387826e9a98a04b50c057228ee419594cea,9fa6eb60793b5793e813f8f84fe037ee9933c37638e59515802ba8b8a86b6008,2048,2048,2,float32+float32,HARD_LINK,NO,
train,Oil,00302.tif,Oil/00302.tif,train/images/Oil/00302.tif,00302.tif,Mask_oil/00302.tif,train/masks/Oil/00302.tif,bed68b3b661d6ef710d8ef3f7f34e855de5b687d284546fc5833d0e5f675a771,fd60b8f5271d91fe288cf367deb758efc936f61a1fb777a3e9481da603afafde,2048,2048,2,float32+float32,HARD_LINK,NO,
train,Oil,00729.tif,Oil/00729.tif,train/images/Oil/00729.tif,00729.tif,Mask_oil/00729.tif,train/masks/Oil/00729.tif,9b3812ac673b60f34eec284a62f437834a35e5ac9c111f2d288cfab262805971,42dbc8f7a79c3544eeb8c0cf56142b904b76083a1ff12d516e785e62fd242f01,2048,2048,2,float32+float32,HARD_LINK,NO,
train,Oil,01153.tif,Oil/01153.tif,train/images/Oil/01153.tif,01153.tif,Mask_oil/01153.tif,train/masks/Oil/01153.tif,d3808e842eae6bd51010efd99dadf9eb2fdc67e81390344a9689bd90a488f7e0,2f4909ae4c8c399f0fe1bff1dfe600c35aebcdbbd418f1bb066b00fd4508ee3c,2048,2048,2,float32+float32,HARD_LINK,NO,
train,Oil,01256.tif,Oil/01256.tif,train/images/Oil/01256.tif,01256.tif,Mask_oil/01256.tif,train/masks/Oil/01256.tif,18fee3e9e8c7efb3d8113b17ba306d66f019417cf32c9ac36c21ab00ee74054e,b5b3088107cd49b35e0de4bfcc754b71830bd6feeee8aa52ef4ff02c399329de,2048,2048,2,float32+float32,HARD_LINK,NO,
train,Oil,01324.tif,Oil/01324.tif,train/images/Oil/01324.tif,01324.tif,Mask_oil/01324.tif,train/masks/Oil/01324.tif,1c35f672871393c57e026ae460416d69641061b8ecc689f2ff81d00efc0ea230,bcac13d6caca507d9076eff1cf4f5fa407b19fbd5a862fdbf68d20a5ed364121,2048,2048,2,float32+float32,HARD_LINK,NO,
train,Oil,00968.tif,Oil/00968.tif,train/images/Oil/00968.tif,00968.tif,Mask_oil/00968.tif,train/masks/Oil/00968.tif,bf5156001be9f3dc1ee0fdb0018adc37b77e0ce11df8f7a47d03e4530861b02f,8d8c7b9c4d54cb4dd0de72a09cb50bfd7f0e5c04266c7d1301c31b6b5aad4236,2048,2048,2,float32+float32,HARD_LINK,NO,
train,Oil,00453.tif,Oil/00453.tif,train/images/Oil/00453.tif,00453.tif,Mask_oil/00453.tif,train/masks/Oil/00453.tif,1681a27455666c170bf118877f734735df6b65fc46f18b0040486cf6ccbddae6,679ff6c6bb0a7a6e0b3c18f4e31f74930cdf31fcc225cfcad98cf1ce56581cdc,2048,2048,2,float32+float32,HARD_LINK,NO,
train,Oil,00403.tif,Oil/00403.tif,train/images/Oil/00403.tif,00403.tif,Mask_oil/00403.tif,train/masks/Oil/00403.tif,daecb55519cac022d7fe08248a249203b8306e4b7b3448342939193894a629ab,74706cce68b2801aba361c11ef7926fff9daaab2ac8a86349048cd1724eddfb1,2048,2048,2,float32+float32,HARD_LINK,NO,
train,Oil,00189.tif,Oil/00189.tif,train/images/Oil/00189.tif,00189.tif,Mask_oil/00189.tif,train/masks/Oil/00189.tif,0bd4d67f583b272a470b39a00ef9400a78a3a732bc22bd1cb0236e5a1b1b0981,e92a309f718e7ecd64e2d8984172c3204c4a46db6c6df80814a22464a9345964,2048,2048,2,float32+float32,HARD_LINK,NO,
train,Oil,00439.tif,Oil/00439.tif,train/images/Oil/00439.tif,00439.tif,Mask_oil/00439.tif,train/masks/Oil/00439.tif,580843b15408e7359023e2c19a52ba365c2d92a9fb3d3c474dcf9d4551407436,f4030d8ef35a9eabfb2eb2d54c99229f9cb17510038e54e5f7c4c0da74b4c529,2048,2048,2,float32+float32,HARD_LINK,NO,
train,Oil,01172.tif,Oil/01172.tif,train/images/Oil/01172.tif,01172.tif,Mask_oil/01172.tif,train/masks/Oil/01172.tif,485e759f81833db80e4b02a8566abe530bc55ea30dc97ab73e87acd25594dba4,d3b06aea0efe2d2763d3a40af00ffd1d3185d797c8287ff7917951cf7661037f,2048,2048,2,float32+float32,HARD_LINK,NO,
train,Oil,01217.tif,Oil/01217.tif,train/images/Oil/01217.tif,01217.tif,Mask_oil/01217.tif,train/masks/Oil/01217.tif,01f2e40af58ef31e1bdce8d85fc1046f7f7e6af0bf80847efc2908fd69883f00,d66dc80b12d311020fae10be93a7eabff9d4aabab14bed3a395539b6d1112152,2048,2048,2,float32+float32,HARD_LINK,NO,
train,Oil,00177.tif,Oil/00177.tif,train/images/Oil/00177.tif,00177.tif,Mask_oil/00177.tif,train/masks/Oil/00177.tif,4ca6e254a698547e412746be03fe6cbe8f8a19e1c6544d1d0471b93d5888e6f3,3253574e070c2580a919d9bf108bd1bc4dede8acc5cdaa6626d9ba11066ff60e,2048,2048,2,float32+float32,HARD_LINK,NO,
train,Oil,00598.tif,Oil/00598.tif,train/images/Oil/00598.tif,00598.tif,Mask_oil/00598.tif,train/masks/Oil/00598.tif,f0666c09660a21320286ef06eb818eaa5f45c5b47277fcd3f169e1c15ea83823,fe132a2c25a11bb541fe4fcbe0651ddbb570b3d1c59935c42cfd1f49fe43b3f6,2048,2048,2,float32+float32,HARD_LINK,NO,
train,Oil,00858.tif,Oil/00858.tif,train/images/Oil/00858.tif,00858.tif,Mask_oil/00858.tif,train/masks/Oil/00858.tif,8090adf7f0935761a85dc479b11eba59b0f14563c42ceb0600a88e6322ec603e,615faf428936da60a6154bc23f1dc83fce9039b622201a2ae93da265d272da06,2048,2048,2,float32+float32,HARD_LINK,NO,
train,Oil,00008.tif,Oil/00008.tif,train/images/Oil/00008.tif,00008.tif,Mask_oil/00008.tif,train/masks/Oil/00008.tif,f1e22287865a97554267e891394448bc8942747647b3dde8e903e23862a2ab2a,ea5a930b161038def83fb41953f41e63cbf658c51c641a309dd1bce70ee5bb5e,2048,2048,2,float32+float32,HARD_LINK,NO,
train,Oil,00731.tif,Oil/00731.tif,train/images/Oil/00731.tif,00731.tif,Mask_oil/00731.tif,train/masks/Oil/00731.tif,dfdfd218847704464aae91684d8d47acd72caa3f678b51df4bb41552bce1fb14,b1489434bf5891bcb440106a404e47121df2ed64bdc525f1e50d8482b638b7be,2048,2048,2,float32+float32,HARD_LINK,NO,
train,Oil,00111.tif,Oil/00111.tif,train/images/Oil/00111.tif,00111.tif,Mask_oil/00111.tif,train/masks/Oil/00111.tif,ccb1477494815b12d7a3a2d3335eb9f8defd23593d7493fa1e04201cdb98c739,5be8d33fe0dcecbdfd3149341c8ab199f5f405cf364e91db6b446cc7d6a7b434,2048,2048,2,float32+float32,HARD_LINK,NO,
train,Oil,00232.tif,Oil/00232.tif,train/images/Oil/00232.tif,00232.tif,Mask_oil/00232.tif,train/masks/Oil/00232.tif,93fffd71042753bc5e1dbbaf69cd138f74bc6be451dd58c2cd45385133759c4b,f1d8da0ea0a04728e52183f86cfb6cb4beb91a058e62096ef0a47de2c7781c61,2048,2048,2,float32+float32,HARD_LINK,NO,
train,Oil,00149.tif,Oil/00149.tif,train/images/Oil/00149.tif,00149.tif,Mask_oil/00149.tif,train/masks/Oil/00149.tif,a17034ad1b0eee21eda3d0f196b84f56298d1cbcdd80324d48d92cb122387f8e,7b04230fa95e1cfe6d7c2956689f1da37db5d551f084cf3d0e826ed6c0d9b1c9,2048,2048,2,float32+float32,HARD_LINK,NO,
train,Oil,00872.tif,Oil/00872.tif,train/images/Oil/00872.tif,00872.tif,Mask_oil/00872.tif,train/masks/Oil/00872.tif,65b482eaa024eba1380aee9dfbbc36c9bf68992c374ad0698f52b26ab0fe9a5b,32af04e6ac0ce5909052e6dd281c7a344c016dddc2ff3b75181ff35060e9f838,2048,2048,2,float32+float32,HARD_LINK,NO,
train,Oil,01116.tif,Oil/01116.tif,train/images/Oil/01116.tif,01116.tif,Mask_oil/01116.tif,train/masks/Oil/01116.tif,ed6b1654f4d9e77b3d3b2b2c6f0f685187f4c462beca9d9489bf9a7f0de5d53d,5f63bf55dd94d2e3498ed47f213d94b8b632242ddae7d859819cfef8171ef8ca,2048,2048,2,float32+float32,HARD_LINK,NO,
train,Oil,00626.tif,Oil/00626.tif,train/images/Oil/00626.tif,00626.tif,Mask_oil/00626.tif,train/masks/Oil/00626.tif,ecd0348a3578c5c820deb4558aff273af5abd0ddb81a9ef46cd2ce8e3780e78e,491b0a9af57dc2c6c4f8ed0b5dfe21d3f2b41cd0c89509b7793affdf0dd6c00b,2048,2048,2,float32+float32,HARD_LINK,NO,
train,Oil,00183.tif,Oil/00183.tif,train/images/Oil/00183.tif,00183.tif,Mask_oil/00183.tif,train/masks/Oil/00183.tif,645961ce2478569aa79906326c836cd0a3c48e9c544502384088056c8e3327e3,4d227e9075e3aba44d11c2f3b9396b64ab83c7675f8890707b14e7989122527d,2048,2048,2,float32+float32,HARD_LINK,NO,
train,Oil,00710.tif,Oil/00710.tif,train/images/Oil/00710.tif,00710.tif,Mask_oil/00710.tif,train/masks/Oil/00710.tif,a7724f92c6426dae4e8da48d77e6900134e8656e7d64f278c3189db21f740823,6c5f0f262d38fa58595d4bdaca8d7b3178087cbae5a358794032355c6cc62a31,2048,2048,2,float32+float32,HARD_LINK,NO,
train,Oil,00906.tif,Oil/00906.tif,train/images/Oil/00906.tif,00906.tif,Mask_oil/00906.tif,train/masks/Oil/00906.tif,e4b79a60370f5ecf3d3294b03748f493f68dd3185ee84de107c99d773673a1ba,2b00eab67cd3b9d939a4ff45274d635da89c8649bf81fbb6ff2f0dd6ace48fee,2048,2048,2,float32+float32,HARD_LINK,NO,
train,Oil,00371.tif,Oil/00371.tif,train/images/Oil/00371.tif,00371.tif,Mask_oil/00371.tif,train/masks/Oil/00371.tif,47c05a2e2c4ad7aa9e402baaf03b103d168b19e4df33ba1bba738206da8c1ccf,55001836f51b1a58781891913fa0ffaccfbd6efc4a4e71c2565806b474328960,2048,2048,2,float32+float32,HARD_LINK,NO,
train,Oil,01184.tif,Oil/01184.tif,train/images/Oil/01184.tif,01184.tif,Mask_oil/01184.tif,train/masks/Oil/01184.tif,f45e5dfdab3fa74352fd75a3027a0f58cc1661d5c1a0e574f470dfc275c782ee,a710bee0ae0a438d7530f768f1df10c60be54a46d7f6a3fdf82f15d2cde41d9b,2048,2048,2,float32+float32,HARD_LINK,NO,
train,Oil,00630.tif,Oil/00630.tif,train/images/Oil/00630.tif,00630.tif,Mask_oil/00630.tif,train/masks/Oil/00630.tif,8240ed230a5e299780a2f6f30e0bccfa5df544e2c42a62f47cb71a7c749a0796,67562530371b699a1c1ff72a3791312cfe5c1d822318e40fd5e302949a5f3811,2048,2048,2,float32+float32,HARD_LINK,NO,
train,Oil,01104.tif,Oil/01104.tif,train/images/Oil/01104.tif,01104.tif,Mask_oil/01104.tif,train/masks/Oil/01104.tif,8aa104bc6e3dc76f911cdb2ee5fea80201699bb8762315abf24bdece17eedb06,af1a26fc04fe6c36f9b9f91fd05b9bab44a4d57e61ad02cbeaee733a69ed5e73,2048,2048,2,float32+float32,HARD_LINK,NO,
train,Oil,00561.tif,Oil/00561.tif,train/images/Oil/00561.tif,00561.tif,Mask_oil/00561.tif,train/masks/Oil/00561.tif,1d26fc5e7e45ed25a0e5e9e1306d40f51ebbb204002c4f098222b0c2eaff443f,5281eed36488694e2f08cf117cd468679f498e6590b18f59c99b881a3beb85fd,2048,2048,2,float32+float32,HARD_LINK,NO,
train,Oil,00917.tif,Oil/00917.tif,train/images/Oil/00917.tif,00917.tif,Mask_oil/00917.tif,train/masks/Oil/00917.tif,94263b492640e730b237992a75a6b5777fb38e3069cca9782a1f58d19c7ad31d,8758a1ebe8a82ab816f3c320110db87b8538786e1fd8cbf1b077cf8ec40ffc07,2048,2048,2,float32+float32,HARD_LINK,NO,
train,Oil,00339.tif,Oil/00339.tif,train/images/Oil/00339.tif,00339.tif,Mask_oil/00339.tif,train/masks/Oil/00339.tif,66e20b3a117dd0db3d2fcfdf8773b3554e17e72a8920f0a303f89d780ba6cf1b,d6a8d898156932e652d1f959539f99621eaf382cccbcd085514c36649bc06896,2048,2048,2,float32+float32,HARD_LINK,NO,
train,Oil,00926.tif,Oil/00926.tif,train/images/Oil/00926.tif,00926.tif,Mask_oil/00926.tif,train/masks/Oil/00926.tif,92f8c55c71b1609105252eee07ece441155dbffd16d01249c58f5e0050bb2ee7,208d2cdd475034196fe262299abeee2f12c51f0dd71ac6d138b29e00cc33662f,2048,2048,2,float32+float32,HARD_LINK,NO,
train,Oil,00953.tif,Oil/00953.tif,train/images/Oil/00953.tif,00953.tif,Mask_oil/00953.tif,train/masks/Oil/00953.tif,b4ca9b2e7e6239d315888576245ca2a8867d5ceb534e8cf2dd794b4379f1f2c7,3d34ea2cbd0a08196ed971e57420a4cc4a6a40882bec282c2796b1510f2c64c0,2048,2048,2,float32+float32,HARD_LINK,NO,
train,Oil,00118.tif,Oil/00118.tif,train/images/Oil/00118.tif,00118.tif,Mask_oil/00118.tif,train/masks/Oil/00118.tif,79d7b12b200942453cf335cf63f44dbaf15293a169eb5802276a0ed8d0a8d8c7,393fa81cdfdb9a74d038d0165a429c535e6a386f45ca9ddef7c632eee1044aa2,2048,2048,2,float32+float32,HARD_LINK,NO,
train,Oil,00541.tif,Oil/00541.tif,train/images/Oil/00541.tif,00541.tif,Mask_oil/00541.tif,train/masks/Oil/00541.tif,99fe2caa2b5f1c59dea8dc4a0d5375f7fbbf228bfda96ea6480d9a4c5cd3fca6,a271cf52ae3320cfeef56a790aa81bf6c2ff6c8066059c3c9c0ccff8836bc2ba,2048,2048,2,float32+float32,HARD_LINK,NO,
train,Oil,00812.tif,Oil/00812.tif,train/images/Oil/00812.tif,00812.tif,Mask_oil/00812.tif,train/masks/Oil/00812.tif,e11e5fcb8b89e1b94bc79d5421542c1014b51967bf5fb02a3e4a14f3f54fab77,5300d39286544a5d0c39e264125ab677e11f87ff0ba64a595f18b855e68de001,2048,2048,2,float32+float32,HARD_LINK,NO,
train,Oil,00162.tif,Oil/00162.tif,train/images/Oil/00162.tif,00162.tif,Mask_oil/00162.tif,train/masks/Oil/00162.tif,4e3cd34f5a1847be904f70f8c0f8f5166d3b7131020fd0f17cb38a4218ef192b,7dfa0f95bdde646d54c3cac249c7b92d8cea1d2231ae0f8f73f793ecf2e1a126,2048,2048,2,float32+float32,HARD_LINK,NO,
train,Oil,00462.tif,Oil/00462.tif,train/images/Oil/00462.tif,00462.tif,Mask_oil/00462.tif,train/masks/Oil/00462.tif,313df670b0c73e99271e26ed0aa4816deb8fd051b645dcad297799f947fddf80,deac84c6dbb811ac196f54065c49ff7290a07998a50ac2504169120035bfbaec,2048,2048,2,float32+float32,HARD_LINK,NO,
train,Oil,00649.tif,Oil/00649.tif,train/images/Oil/00649.tif,00649.tif,Mask_oil/00649.tif,train/masks/Oil/00649.tif,d39b8a7ca0f75e1e8233632b0ef4ca691c9deb70a324a90564ec6e297c756140,c3c9ce342e3ee7f0fc0a13b9a6fb3dd89c123ef744d13dcd1e9d2ab5c1678ce8,2048,2048,2,float32+float32,HARD_LINK,NO,
train,Oil,00286.tif,Oil/00286.tif,train/images/Oil/00286.tif,00286.tif,Mask_oil/00286.tif,train/masks/Oil/00286.tif,05a051427e92687f00797569b1325fed43ae8ac1479dbc60f5d525e7afff7419,748cf5bd4e8a8c49f0f0249aa2192d350ce39aecbef5d5f044eca0f56b9a9d41,2048,2048,2,float32+float32,HARD_LINK,NO,
train,Oil,00895.tif,Oil/00895.tif,train/images/Oil/00895.tif,00895.tif,Mask_oil/00895.tif,train/masks/Oil/00895.tif,b13cf5d2fb3ade1f475cffe5f9a0ce50f12a1514124649261e60976f337ae743,a9a72d74e7c92b22af641bd18f612779534388621bc574bca3925137a1a68960,2048,2048,2,float32+float32,HARD_LINK,NO,
train,Oil,00637.tif,Oil/00637.tif,train/images/Oil/00637.tif,00637.tif,Mask_oil/00637.tif,train/masks/Oil/00637.tif,b487511aeb5d91157ab5edb230d25320797805dc5bc7301aead043b629b56336,7e4e944a2a24895910df5a07cdbf4deacc470eb5c975daec99500b1489cb5448,2048,2048,2,float32+float32,HARD_LINK,NO,
train,Oil,01100.tif,Oil/01100.tif,train/images/Oil/01100.tif,01100.tif,Mask_oil/01100.tif,train/masks/Oil/01100.tif,071c72afcd7cfc29e8f8886f254866eec590d7690bc905877f59b008a571d152,dd4b15ca27987502f5c8849bf2742c3a3844ea2f4be1aca24d1f7b2741aa9814,2048,2048,2,float32+float32,HARD_LINK,NO,
train,Oil,01200.tif,Oil/01200.tif,train/images/Oil/01200.tif,01200.tif,Mask_oil/01200.tif,train/masks/Oil/01200.tif,c7f8c2c52cc07c5f01e8746b2e5236cb8dadcbca1b3260d832662996e7bbaa97,470c4af97b5e445d137d02ef9e3a3040d8fde0d6151f64afdf88128d673db71d,2048,2048,2,float32+float32,HARD_LINK,NO,
train,Oil,00218.tif,Oil/00218.tif,train/images/Oil/00218.tif,00218.tif,Mask_oil/00218.tif,train/masks/Oil/00218.tif,888e98574a0bb8f29a4d964bb79066d920b682d449c5e8b807d93befbde282dd,d017a495d780b3b66677e8d7323b7a58f8d25ab1503afd716997592eb0628894,2048,2048,2,float32+float32,HARD_LINK,NO,
train,Oil,00824.tif,Oil/00824.tif,train/images/Oil/00824.tif,00824.tif,Mask_oil/00824.tif,train/masks/Oil/00824.tif,8c7697aad998b2265eddc1d063b4e6380d2a2d7ebff5994e777e5bd0aa50a698,bec7b020cb3f923eeb012f6976de920cfc55645be8762f1dd6869395f4b1e534,2048,2048,2,float32+float32,HARD_LINK,NO,
train,Oil,00989.tif,Oil/00989.tif,train/images/Oil/00989.tif,00989.tif,Mask_oil/00989.tif,train/masks/Oil/00989.tif,7dde9dfa89078804e2847ea5a42e76bf667585bfe45a70b74567dea33d674c96,bbea5043d3ecd2a0a8f874b868f86888434a06a9af2e3445e3d06b8af92a459b,2048,2048,2,float32+float32,HARD_LINK,NO,
train,Oil,00597.tif,Oil/00597.tif,train/images/Oil/00597.tif,00597.tif,Mask_oil/00597.tif,train/masks/Oil/00597.tif,fb9ca6873218fc606f4fcd0eb092073786dfd230f592f633cd92adbd5bec6644,9b7c5bb279fd311a6f408a09977738d432716988b3ad6d4164867eefb5ba1804,2048,2048,2,float32+float32,HARD_LINK,NO,
train,Oil,00951.tif,Oil/00951.tif,train/images/Oil/00951.tif,00951.tif,Mask_oil/00951.tif,train/masks/Oil/00951.tif,2ca37ecc9714a283851df0f3e1cca925c1e380b924a869b92d2118808f2d24fb,42d1d9a6d67737a5a718b5ed9fd1ef94d6fb97c61b13fc11c6280649323253e9,2048,2048,2,float32+float32,HARD_LINK,NO,
train,Oil,00366.tif,Oil/00366.tif,train/images/Oil/00366.tif,00366.tif,Mask_oil/00366.tif,train/masks/Oil/00366.tif,e702be9e34ca0dbcbee33eb3e782e56240ce0d3b65d80831cc8d035df220a689,9472d74169b993a664cbc722483f9ac22560f45cf2ebc86c1c067da123836b50,2048,2048,2,float32+float32,HARD_LINK,NO,
train,Oil,00830.tif,Oil/00830.tif,train/images/Oil/00830.tif,00830.tif,Mask_oil/00830.tif,train/masks/Oil/00830.tif,cd78f5a2798826455e659c98d1daa412e64ca86d2e8805d6e7267bf24377527f,45aba74f814c32595a60d7c97a92dfb9a560cd6fbfa485a812ab0540386f5302,2048,2048,2,float32+float32,HARD_LINK,NO,
train,Oil,00600.tif,Oil/00600.tif,train/images/Oil/00600.tif,00600.tif,Mask_oil/00600.tif,train/masks/Oil/00600.tif,4337d2c352067312aba4e27e73a0dadb6195b02f333633502a53ff7bf297e9b0,bcc6f2d3b62c6208c148287e0fe94211b6faccd673c5a65a21b4dd5dfa9d6587,2048,2048,2,float32+float32,HARD_LINK,NO,
train,Oil,00505.tif,Oil/00505.tif,train/images/Oil/00505.tif,00505.tif,Mask_oil/00505.tif,train/masks/Oil/00505.tif,9a74210d244b9e93dc817061d2aa1c9563ef0d5b66a2c5dbc564bac09928a174,aeb9eb4692160c30419185115b009c859b076723f2c23e9e91a0679bd167dcab,2048,2048,2,float32+float32,HARD_LINK,NO,
train,Oil,00430.tif,Oil/00430.tif,train/images/Oil/00430.tif,00430.tif,Mask_oil/00430.tif,train/masks/Oil/00430.tif,21542f48328605b2c783803d881e680d3e3c6090a2763628988e9ec1f91fb901,3687dbc6bd34f99446e2dbc1cf561a83c779bd0a5dc89948f6f52485cdd539aa,2048,2048,2,float32+float32,HARD_LINK,NO,
train,Oil,00258.tif,Oil/00258.tif,train/images/Oil/00258.tif,00258.tif,Mask_oil/00258.tif,train/masks/Oil/00258.tif,cb5e2cf61d0bb60c8b543e062e7779a657438e41e925ea7d71ff629891358113,dc372a1ff1b9250b2b42f665d2e806d76383f7a5fba9c899d7ee99f43fbc7972,2048,2048,2,float32+float32,HARD_LINK,NO,
train,Oil,00145.tif,Oil/00145.tif,train/images/Oil/00145.tif,00145.tif,Mask_oil/00145.tif,train/masks/Oil/00145.tif,be4f0bcbc56da5947a40d784090f637f80f540685339709514832f381284db53,1fd3dc1ff9025ea210d238f3383c61fa32783452b659e7dbbce28a60506ebbcf,2048,2048,2,float32+float32,HARD_LINK,NO,
train,Oil,00739.tif,Oil/00739.tif,train/images/Oil/00739.tif,00739.tif,Mask_oil/00739.tif,train/masks/Oil/00739.tif,88c249004ba0f1785873312e95a0ffee5b47eefc14176bd20092c789d98acfeb,0671bc103d16e92dbbaf1fee658c249373d15e3b71a596f6f08323bf201fedaa,2048,2048,2,float32+float32,HARD_LINK,NO,
train,Oil,00795.tif,Oil/00795.tif,train/images/Oil/00795.tif,00795.tif,Mask_oil/00795.tif,train/masks/Oil/00795.tif,70f16aadcb54413918ef2ec5f5e5f74040adfcfdefbd65c30f0896eeb88fc2dc,22fc91cf2cfde25fe31b44142671caaa80a3b7ec86856678ee4f2ccb93a54ff3,2048,2048,2,float32+float32,HARD_LINK,NO,
train,Oil,00944.tif,Oil/00944.tif,train/images/Oil/00944.tif,00944.tif,Mask_oil/00944.tif,train/masks/Oil/00944.tif,157ddd1d9e330bc3d821411f04e3097f5e07b77d9e520d51563993322a517eb2,6b9e7dbe213098cc2bc19abe0935874bd9c04a17acbea3eb478cf54f43d15fe8,2048,2048,2,float32+float32,HARD_LINK,NO,
train,Oil,00943.tif,Oil/00943.tif,train/images/Oil/00943.tif,00943.tif,Mask_oil/00943.tif,train/masks/Oil/00943.tif,ee15e89c92166da162aa94023d575b504795f6dc5bec16dcd908a6e6e3af8bae,488c732c2771645fa5b380091570f34b3f2fceb7283ad8308d4ef22cee207d4b,2048,2048,2,float32+float32,HARD_LINK,NO,
train,Oil,00308.tif,Oil/00308.tif,train/images/Oil/00308.tif,00308.tif,Mask_oil/00308.tif,train/masks/Oil/00308.tif,9dc053b882db112dbe891b88cd4026357640048c961b4e67e080f5308952c1a6,76f3ddea6454b565b034115f2afa913f8564ea3bfaa64854e760970eaef77dd1,2048,2048,2,float32+float32,HARD_LINK,NO,
train,Oil,00440.tif,Oil/00440.tif,train/images/Oil/00440.tif,00440.tif,Mask_oil/00440.tif,train/masks/Oil/00440.tif,eb1d00bd1695d48db54b7fbefc0ef0128b16f9476b5bfb3cbc64b3d0bac62b41,468011b21f622ab225e327351c2574994650a4cb359a30a4f9bcc6dc86b27993,2048,2048,2,float32+float32,HARD_LINK,NO,
train,Oil,01193.tif,Oil/01193.tif,train/images/Oil/01193.tif,01193.tif,Mask_oil/01193.tif,train/masks/Oil/01193.tif,677d119083d4a783022d604e08e6f163216977668ab10ae230f15fe3075b0011,d698043ce0621f89d1c0ee5bcd5693ebdb967dcd4b1760a536f2c55a1feb8292,2048,2048,2,float32+float32,HARD_LINK,NO,
train,Oil,01142.tif,Oil/01142.tif,train/images/Oil/01142.tif,01142.tif,Mask_oil/01142.tif,train/masks/Oil/01142.tif,387d86dd032451854224630e98591cfab960aeb012f971d64aeb5f884c260682,e8bcab6c24d974903f8b4959db3772b5457facf86cb809272330a045856b1e83,2048,2048,2,float32+float32,HARD_LINK,NO,
train,Oil,01079.tif,Oil/01079.tif,train/images/Oil/01079.tif,01079.tif,Mask_oil/01079.tif,train/masks/Oil/01079.tif,f239af03946cefff0222db99f91e0b610485bce3bf1241fb81d49c0e6f1bccd4,049fb94f46f2175140c141045829de464245fcc503e5ef1b5ef9693d3e2389ec,2048,2048,2,float32+float32,HARD_LINK,NO,
train,Oil,00463.tif,Oil/00463.tif,train/images/Oil/00463.tif,00463.tif,Mask_oil/00463.tif,train/masks/Oil/00463.tif,de279e49e16e4cd087be70c82d5e10f8c59d235f1b29cd1b6a25b9b6aebaf04e,6ca428e85dea410b2edc915a7f6bfa57f16db6bf6c30365876fbf1a3ff13ec12,2048,2048,2,float32+float32,HARD_LINK,NO,
train,Oil,00920.tif,Oil/00920.tif,train/images/Oil/00920.tif,00920.tif,Mask_oil/00920.tif,train/masks/Oil/00920.tif,062ce79d0e440bf4bd89f924708813cc077a2b6beacf3b3ec6707f27a6592737,d4cf5d932a858d53e9468d8f659c935f3ac21ebe17842736e7f04d6be680d214,2048,2048,2,float32+float32,HARD_LINK,NO,
train,Oil,00522.tif,Oil/00522.tif,train/images/Oil/00522.tif,00522.tif,Mask_oil/00522.tif,train/masks/Oil/00522.tif,a3f787973d099c7996d5c9f7bd6ea509386b5297ab5bc632ab36c94473f14986,ac582e373ad0879f31fbcd7ce32b3bd4c2906a46686a7e3d0abd1175c52a93b4,2048,2048,2,float32+float32,HARD_LINK,NO,
train,Oil,00925.tif,Oil/00925.tif,train/images/Oil/00925.tif,00925.tif,Mask_oil/00925.tif,train/masks/Oil/00925.tif,604b997c872dacbdd6d1916e3a9cf7cbeea806186dc2a6d142a26ea3c4cd0ad0,72267a04ae83e784e2f4b966d0a82282d3a67cce475ad0d71a8df5479f7626a1,2048,2048,2,float32+float32,HARD_LINK,NO,
train,Oil,00444.tif,Oil/00444.tif,train/images/Oil/00444.tif,00444.tif,Mask_oil/00444.tif,train/masks/Oil/00444.tif,ece9b53caae56a86d058abd91cf33f233df93d42cca057c61274c1f2682e3bea,c4f92518e057c27c7544f3ebb8047286b9577f40ed8b125069c9559b76fa9e29,2048,2048,2,float32+float32,HARD_LINK,NO,
train,Oil,00156.tif,Oil/00156.tif,train/images/Oil/00156.tif,00156.tif,Mask_oil/00156.tif,train/masks/Oil/00156.tif,906011d627362b1204f7201f27ad73ed284ac8d07bc17d287d2e0cf9873bc296,066da56e686d3e5bed01108e65d8bcc7a41cc56653c3ef89a19e3fe019d8c157,2048,2048,2,float32+float32,HARD_LINK,NO,
train,Oil,01157.tif,Oil/01157.tif,train/images/Oil/01157.tif,01157.tif,Mask_oil/01157.tif,train/masks/Oil/01157.tif,059eda5ff591569823637402177d2584ccebe5cbffebdc1eee2520b971226483,424aa470f4fb1cbeb4d3dea97401682d3c809bc8102fc962faad50e6bb4a9714,2048,2048,2,float32+float32,HARD_LINK,NO,
train,Oil,00117.tif,Oil/00117.tif,train/images/Oil/00117.tif,00117.tif,Mask_oil/00117.tif,train/masks/Oil/00117.tif,0db3341b66dcf814f7191e3378adcd2e207c5511bbb9558a5a8ad5995313c913,d4e7443371ee0f908746ccb0734e7a02bbb14fd75a05c6598501739160e833ae,2048,2048,2,float32+float32,HARD_LINK,NO,
train,Oil,00328.tif,Oil/00328.tif,train/images/Oil/00328.tif,00328.tif,Mask_oil/00328.tif,train/masks/Oil/00328.tif,e941632f006fedbb98b7ff24880a65b416f51dffe2ed5ed890d3bc32ed9ce716,7b91dbcfe79a43dc100f26cf67c78d6794d0376e00bbcfbd63e57ee464b06df2,2048,2048,2,float32+float32,HARD_LINK,NO,
train,Oil,00722.tif,Oil/00722.tif,train/images/Oil/00722.tif,00722.tif,Mask_oil/00722.tif,train/masks/Oil/00722.tif,0ecc8324062a37a81cc39a99f56e9271ecaee455b8f60e05414ea2a0be464943,9cbb381a7504dda8ca81aac48c1483923b9fe46f04ef6058dbf8b13496d1e84a,2048,2048,2,float32+float32,HARD_LINK,NO,
train,Oil,00916.tif,Oil/00916.tif,train/images/Oil/00916.tif,00916.tif,Mask_oil/00916.tif,train/masks/Oil/00916.tif,280652b0cfc10e1171b564a5b07e469f1fcb49834e3f1b7c4784e0acefc286b1,21fe5355ac01f856e5ab83c3eca70a30ded63b1ecf64d78fe9bb92e3bfdd0267,2048,2048,2,float32+float32,HARD_LINK,NO,
train,Oil,00998.tif,Oil/00998.tif,train/images/Oil/00998.tif,00998.tif,Mask_oil/00998.tif,train/masks/Oil/00998.tif,690263c78911eb466692347432eb7e4cd35edb5ab5cba5c7915620f4beda127c,2c7e161a266203148bd9c40147e7f62d8f90b77899ef0111f93ed236bd9f3be2,2048,2048,2,float32+float32,HARD_LINK,NO,
train,Oil,01268.tif,Oil/01268.tif,train/images/Oil/01268.tif,01268.tif,Mask_oil/01268.tif,train/masks/Oil/01268.tif,a1d77132a853ec47918e6b13d9e8f54906067d3a0ad7d0cbd16675d4b171ea46,d61058f09cc9b6e743b64db8c878f95beb40ee6edeeaee17c6d2eada736b77ca,2048,2048,2,float32+float32,HARD_LINK,NO,
train,Oil,00700.tif,Oil/00700.tif,train/images/Oil/00700.tif,00700.tif,Mask_oil/00700.tif,train/masks/Oil/00700.tif,996ae48cb44372a428bc43850bc5107d61b868f3852c9306c45552579c351900,6dd2b34abe0d48ecacc29ca9db41df579538b8df29e6254624a32bc308f1813a,2048,2048,2,float32+float32,HARD_LINK,NO,
train,Oil,01083.tif,Oil/01083.tif,train/images/Oil/01083.tif,01083.tif,Mask_oil/01083.tif,train/masks/Oil/01083.tif,59a2e8243ea7f17fb4f08b834353e53e6bc13e0fa80064ea6c67a50e3901b26d,166d7856f4d4e8ab665da023fb1d8cf821a82c466995592ad632848473c943ee,2048,2048,2,float32+float32,HARD_LINK,NO,
train,Oil,00952.tif,Oil/00952.tif,train/images/Oil/00952.tif,00952.tif,Mask_oil/00952.tif,train/masks/Oil/00952.tif,7478124e3185744cb0ed4822c779c6ef9fb6e0d3d3f405e60b2a72f518aeb1c3,85d16191c07c1bd33f13885f7612d7aa10cbe51e080dceb179d8679cabde854b,2048,2048,2,float32+float32,HARD_LINK,NO,
train,Oil,00168.tif,Oil/00168.tif,train/images/Oil/00168.tif,00168.tif,Mask_oil/00168.tif,train/masks/Oil/00168.tif,68539055b08b7408efd9a8a47bcb5097bd9b4839042fbfc17734b00e7abb29d0,2773229163a9daf469b643133502982c6e693e02076b5178e153b3fd080ea686,2048,2048,2,float32+float32,HARD_LINK,NO,
train,Oil,01269.tif,Oil/01269.tif,train/images/Oil/01269.tif,01269.tif,Mask_oil/01269.tif,train/masks/Oil/01269.tif,e613d0598a00e4eb770eec95341ed1a43b71b2257ce93a9d9173eed2b333cf7f,2ca075795c0452762906d3ed46d0b0c795ec79c2b47940cd0389622bedca49fc,2048,2048,2,float32+float32,HARD_LINK,NO,
train,Oil,00134.tif,Oil/00134.tif,train/images/Oil/00134.tif,00134.tif,Mask_oil/00134.tif,train/masks/Oil/00134.tif,4bf8dea233b07d18aa961f072ac3154457067b9b26da2422260050dcf5970655,057a6a2672aeb688fbf8ae68ccdf89f57e2dc73d28bd620047caa9b49e10c86b,2048,2048,2,float32+float32,HARD_LINK,NO,
train,Oil,00948.tif,Oil/00948.tif,train/images/Oil/00948.tif,00948.tif,Mask_oil/00948.tif,train/masks/Oil/00948.tif,c3f91f76bc777ad7f5e9e324e61fd7b7ac07c3e6c91d70216fd3030679ff7d78,6c5c1d0b0b2545e6862d93be92687b6e411d87882d13538df7c00a09c7e12b45,2048,2048,2,float32+float32,HARD_LINK,NO,
train,Oil,01280.tif,Oil/01280.tif,train/images/Oil/01280.tif,01280.tif,Mask_oil/01280.tif,train/masks/Oil/01280.tif,99abd09f75f0114382a4c890cd83844901b0f2a79333fe933c0de6a40a3a50f3,8cddb15a3188df58035815d206e401e268540c0e8b01e69fd48d3de9ecade614,2048,2048,2,float32+float32,HARD_LINK,NO,
train,Oil,00904.tif,Oil/00904.tif,train/images/Oil/00904.tif,00904.tif,Mask_oil/00904.tif,train/masks/Oil/00904.tif,f33c0d241f2b4223660206cda023789bc528368a63127d9a850353d40fa6ff0d,480bb22a8fe3188e397e435d898e8d40acf967d3a8937a52ea874ab5d9961eb5,2048,2048,2,float32+float32,HARD_LINK,NO,
train,Oil,00604.tif,Oil/00604.tif,train/images/Oil/00604.tif,00604.tif,Mask_oil/00604.tif,train/masks/Oil/00604.tif,c667e4bd475fb010d6fcd4c16ce2def06671f1a4728726f9ab0ede95cc6ee646,44a1212067c29843e0e12a145b8b958f1f3e16920cb304e7c37ab4a4d78bd3fa,2048,2048,2,float32+float32,HARD_LINK,NO,
train,Oil,01154.tif,Oil/01154.tif,train/images/Oil/01154.tif,01154.tif,Mask_oil/01154.tif,train/masks/Oil/01154.tif,08b853978d91b91f9095b9dec72bfd39e91ef74f3b3d4d05a0bf728c604dd3fe,2308933e3881a994de122316aeafc118d456f8417b833f0aca6421e4921c5373,2048,2048,2,float32+float32,HARD_LINK,NO,
train,Oil,00214.tif,Oil/00214.tif,train/images/Oil/00214.tif,00214.tif,Mask_oil/00214.tif,train/masks/Oil/00214.tif,e6fe8644cb6f5664c95682cf97d1617978b7b338fd1c2dd2750ed2071187991b,da69049f67c41147b12f4d89d3bf5420cedd7265a260bdc71aca430596bcd0cc,2048,2048,2,float32+float32,HARD_LINK,NO,
train,Oil,00809.tif,Oil/00809.tif,train/images/Oil/00809.tif,00809.tif,Mask_oil/00809.tif,train/masks/Oil/00809.tif,ce23efc1b7be69a4976b2727bf048ddbee633ead3e32e0c821498b23944023e2,6df9966b9cf170b262eeb71e3b21c3ae085b9f6315add069161eeb58bc839828,2048,2048,2,float32+float32,HARD_LINK,NO,
train,Oil,00596.tif,Oil/00596.tif,train/images/Oil/00596.tif,00596.tif,Mask_oil/00596.tif,train/masks/Oil/00596.tif,5af3461da2e8aa2d166a9126381d37ef23a685283dec6bcdd7c625793ee8844d,82809305636c37277d951a1844f426573a04cc766ae0e178cbd7419441a6489f,2048,2048,2,float32+float32,HARD_LINK,NO,
train,Oil,00847.tif,Oil/00847.tif,train/images/Oil/00847.tif,00847.tif,Mask_oil/00847.tif,train/masks/Oil/00847.tif,390541389e9e21a13ea8ed6da784a0d56e6afff5a0c1e27a818f5c178f858534,6bf87a0b176353f6bdcc01c6dd293dc9606823e88acd416e7e1a20dcac77e5d9,2048,2048,2,float32+float32,HARD_LINK,NO,
train,Oil,00954.tif,Oil/00954.tif,train/images/Oil/00954.tif,00954.tif,Mask_oil/00954.tif,train/masks/Oil/00954.tif,09a22b5b958be37dd738045d8e078015966469bc9ec4ad89c05b5942fa372594,b02e4b8abf5f669f5357775ee2ea2ee7053c98e97036d4c90afab1193ea25852,2048,2048,2,float32+float32,HARD_LINK,NO,
train,Oil,00291.tif,Oil/00291.tif,train/images/Oil/00291.tif,00291.tif,Mask_oil/00291.tif,train/masks/Oil/00291.tif,4a461a5f2b7d44b0c86856c14d02e8995a27e0be1433de196a134909793b6e5e,d808e5d47e4365f1ee40553333cda14d40b2891ca461fd236e2dd4589efda35b,2048,2048,2,float32+float32,HARD_LINK,NO,
train,Oil,00460.tif,Oil/00460.tif,train/images/Oil/00460.tif,00460.tif,Mask_oil/00460.tif,train/masks/Oil/00460.tif,0642ebcf4c0014e177965a81ebf6d30c2fe1fe4d02f7feef8743b72059404506,1cc6f11198286193d4e87b9205b050df99b0961960e0767d65f7a82b9149a642,2048,2048,2,float32+float32,HARD_LINK,NO,
train,Oil,00551.tif,Oil/00551.tif,train/images/Oil/00551.tif,00551.tif,Mask_oil/00551.tif,train/masks/Oil/00551.tif,4b1e3e77d7db30d97b6d8ab80cb82701eb30e2c6e28098e8bda92f3b95b9311e,a263eca4ba42d36a8beb2fb55d196c91b2ff8bbad360a03ff5cad161ac0622a6,2048,2048,2,float32+float32,HARD_LINK,NO,
train,Oil,00742.tif,Oil/00742.tif,train/images/Oil/00742.tif,00742.tif,Mask_oil/00742.tif,train/masks/Oil/00742.tif,22a3c551d833aa8dde48547449120a08e8e53dc2aaaf8d7a418ad2e82ae2671c,fe14e177824b04d889cc5d69691e7ebcd82e6c0e288c56e525fbe68688980fec,2048,2048,2,float32+float32,HARD_LINK,NO,
train,Oil,01281.tif,Oil/01281.tif,train/images/Oil/01281.tif,01281.tif,Mask_oil/01281.tif,train/masks/Oil/01281.tif,e2aad362339ba72509a952ac9b47df807776682bd154980c2a495dbcec20a09b,a4d65593c97fff4ee8cce178415f225e7e785c9396599451743d547ef16cc8fc,2048,2048,2,float32+float32,HARD_LINK,NO,
train,Oil,00050.tif,Oil/00050.tif,train/images/Oil/00050.tif,00050.tif,Mask_oil/00050.tif,train/masks/Oil/00050.tif,7fea1ba76e7aae7030dc710075a6159da9abddef2beafa775a466a015c9ef31f,5f1c3b3b2dfc158c6f654987974aa970989cf63bc64c6c9f80cf65c6ce6475f2,2048,2048,2,float32+float32,HARD_LINK,NO,
train,Oil,00158.tif,Oil/00158.tif,train/images/Oil/00158.tif,00158.tif,Mask_oil/00158.tif,train/masks/Oil/00158.tif,fe6f441b332f10b0817fba8babd3b1d52c1c44586beb7fdb6592be6fb8f3f927,2fcb790e0aec7f356be46a17db39190195b9988aa11ab14a0a6b5565fe23b19c,2048,2048,2,float32+float32,HARD_LINK,NO,
train,Oil,00905.tif,Oil/00905.tif,train/images/Oil/00905.tif,00905.tif,Mask_oil/00905.tif,train/masks/Oil/00905.tif,9d57f68e718c7ba663107708a033db65e76be88a192825f056807639b963f374,18d04df5fc3ed3a7d2ccb2a5be645a5c7e6483d2e702558b8eb9fd706b6d6c38,2048,2048,2,float32+float32,HARD_LINK,NO,
train,Oil,01073.tif,Oil/01073.tif,train/images/Oil/01073.tif,01073.tif,Mask_oil/01073.tif,train/masks/Oil/01073.tif,76f751d6ba94ee8829f0134b6dae47bf395967a6ca25c8ba0cfab556b635f50b,c4ac26ff034613102f9b406d45620aa8a73a33336c5664509beff2fecc90a854,2048,2048,2,float32+float32,HARD_LINK,NO,
train,Oil,00555.tif,Oil/00555.tif,train/images/Oil/00555.tif,00555.tif,Mask_oil/00555.tif,train/masks/Oil/00555.tif,0c93de9a54996cb44f5eeeee8619fbcf5b23bdadca2f82eabec29c61c756fc2a,42196e6d755d2e2ae672fb637eece0c79c31bd01ea9e56ef6038df05fa0263c5,2048,2048,2,float32+float32,HARD_LINK,NO,
train,Oil,00450.tif,Oil/00450.tif,train/images/Oil/00450.tif,00450.tif,Mask_oil/00450.tif,train/masks/Oil/00450.tif,4a5cea2c04af48ac13ccc4287e6d94625bb53a5f4c5f2dd78f49c764b161c02e,2da19d55aa72dfff9a3edbfad7d1abd86a3262e95a049ceaebcc2fc307e88dcb,2048,2048,2,float32+float32,HARD_LINK,NO,
train,Oil,00277.tif,Oil/00277.tif,train/images/Oil/00277.tif,00277.tif,Mask_oil/00277.tif,train/masks/Oil/00277.tif,acb4a1b018ee97cb8009c0dc8d153bc223d5c571b06efbd1531dfed47a182065,190d8f048b939612192d858a45529e75a45c699be96221f2257f1a9a88e6c275,2048,2048,2,float32+float32,HARD_LINK,NO,
train,Oil,00591.tif,Oil/00591.tif,train/images/Oil/00591.tif,00591.tif,Mask_oil/00591.tif,train/masks/Oil/00591.tif,563e4ddb139810aece021c4abb5dc5a96cef7f94834dc5e242ee052ef79a4e05,d6e59cf654e937acac6ff7eb78286e6d38b42db456fd0d214d7b4e262c92ddfd,2048,2048,2,float32+float32,HARD_LINK,NO,
train,Oil,01163.tif,Oil/01163.tif,train/images/Oil/01163.tif,01163.tif,Mask_oil/01163.tif,train/masks/Oil/01163.tif,cd7e8ebfef798e9b8f3b9e9277a62ef53fe79021bf59e689df182f6023602aed,8cdaa20e4be53450b6d5593dfcc88216130fd16103149ccc731f99d6a30f692b,2048,2048,2,float32+float32,HARD_LINK,NO,
train,Oil,00472.tif,Oil/00472.tif,train/images/Oil/00472.tif,00472.tif,Mask_oil/00472.tif,train/masks/Oil/00472.tif,de4914ac21d5450321ba3781ba2baf11d8f58f902a66a0f92aa62b69a11e0cf7,94d3f0e5021acaccb918afd90f9b0631971d29499384e2358247a828fb0970e0,2048,2048,2,float32+float32,HARD_LINK,NO,
train,Oil,00340.tif,Oil/00340.tif,train/images/Oil/00340.tif,00340.tif,Mask_oil/00340.tif,train/masks/Oil/00340.tif,c23f6fa171b3fb0a0acfbd1aca8a10f73332470c83fe82c688f1aa016560e895,5d7f5c70f6795d7dbddfc4448144f88af99c99805f3c8999b93b9b03c2b9540b,2048,2048,2,float32+float32,HARD_LINK,NO,
train,Oil,01000.tif,Oil/01000.tif,train/images/Oil/01000.tif,01000.tif,Mask_oil/01000.tif,train/masks/Oil/01000.tif,46eaefc5fa882ee207110db080437b29df6b39c0ae4b26987b0d527b82ecc0fe,1ae9a5c2225bf9812633b63c39672a0177f201f125e9d35d2fa5a7dd926b6b7d,2048,2048,2,float32+float32,HARD_LINK,NO,
train,Oil,00884.tif,Oil/00884.tif,train/images/Oil/00884.tif,00884.tif,Mask_oil/00884.tif,train/masks/Oil/00884.tif,90f6d1221a7b060da1cf39b4883e989664c7bf81474c8d0c3e446f0735f64dfc,32cf72cd103aa20c6d35985cfb28e09ef97807e877863799f9afbe1737d55e90,2048,2048,2,float32+float32,HARD_LINK,NO,
train,Oil,01204.tif,Oil/01204.tif,train/images/Oil/01204.tif,01204.tif,Mask_oil/01204.tif,train/masks/Oil/01204.tif,e18ce863da00a9b30e57ae2322a7ba7eaa7e26d0600b9ea7fcaae29e24173dba,88e40fb5dc6dc229b1de6bfe9be5962ac8c3449005dc6d434366cb8e31c5be93,2048,2048,2,float32+float32,HARD_LINK,NO,
train,Oil,01270.tif,Oil/01270.tif,train/images/Oil/01270.tif,01270.tif,Mask_oil/01270.tif,train/masks/Oil/01270.tif,e82197ce7e316dad58edddf457d1c1b575c4fac1b3514dbc7e5a8410f5d82e20,46c3ef677c639c9135df7af8859a64a5007447ea1c1110c5300a9526ff318ef0,2048,2048,2,float32+float32,HARD_LINK,NO,
train,Oil,01271.tif,Oil/01271.tif,train/images/Oil/01271.tif,01271.tif,Mask_oil/01271.tif,train/masks/Oil/01271.tif,22effda5f882496f96713c33beb30dab8808702c61f457d9b89f9bd3249f06c3,27c1c9b538c3a12be757d6cf31c9608d8f12aa852818cced08a9832fbb677958,2048,2048,2,float32+float32,HARD_LINK,NO,
train,Oil,00451.tif,Oil/00451.tif,train/images/Oil/00451.tif,00451.tif,Mask_oil/00451.tif,train/masks/Oil/00451.tif,99b877ed4f2a0507c01509fb155c5f1ed0458e7a112496ba142277f78b27e093,de015ec1f770e4b5dc444ac13d8449acfadd88bb5adaaaf5cf565feddf6ea120,2048,2048,2,float32+float32,HARD_LINK,NO,
train,Oil,00108.tif,Oil/00108.tif,train/images/Oil/00108.tif,00108.tif,Mask_oil/00108.tif,train/masks/Oil/00108.tif,125f9178ac2a4f2f0beea9a57b6ba5531f1d435edc10ca54bea51a88901faaea,b2ca981260d1f9b7bca0735021498cb4b93dad329ed7d512a09302d4cde2054b,2048,2048,2,float32+float32,HARD_LINK,NO,
train,Oil,01028.tif,Oil/01028.tif,train/images/Oil/01028.tif,01028.tif,Mask_oil/01028.tif,train/masks/Oil/01028.tif,b863dd1ecac87c5021fa68a0eac1646737c9162f9a32c075454d6d90ea07ad61,98b751931dfa03989375bc64427447bf361c334410f2bbf1c45971639528a627,2048,2048,2,float32+float32,HARD_LINK,NO,
train,Oil,00093.tif,Oil/00093.tif,train/images/Oil/00093.tif,00093.tif,Mask_oil/00093.tif,train/masks/Oil/00093.tif,174ef291c3d3ce74364d99c5aae2babfbd1ca867d982976b6676a9dbb1a95331,edf76d9c81ceff2573918f0305e307391584e94a3b1202bd8ca92f77ce109630,2048,2048,2,float32+float32,HARD_LINK,NO,
train,Oil,01022.tif,Oil/01022.tif,train/images/Oil/01022.tif,01022.tif,Mask_oil/01022.tif,train/masks/Oil/01022.tif,4feddadb4db884e8f46d342ae63d3b721de52b8ae75a411c727bd4fc900aeb3a,3ca17c1715d5fd1d2fb4736397d3b6df2cd93c9b1358809e0a394a17b7798a69,2048,2048,2,float32+float32,HARD_LINK,NO,
train,Oil,00289.tif,Oil/00289.tif,train/images/Oil/00289.tif,00289.tif,Mask_oil/00289.tif,train/masks/Oil/00289.tif,4773ae86e62f97424fad61946eda69d88dec14396ea967a84ceb2affecf87507,584eef969807a2396f79aa79266d92ad87a53e7880980cfde5e4096eefb1bbf2,2048,2048,2,float32+float32,HARD_LINK,NO,
train,Oil,00966.tif,Oil/00966.tif,train/images/Oil/00966.tif,00966.tif,Mask_oil/00966.tif,train/masks/Oil/00966.tif,5b6bfb0c5a41ea22e462a646b30569e8ab87d0397db3cd10190e7035e5ff006d,c8bd807c5bca35e9c88a65adec5db36bdabb587a4fe5a8a73580078998c25e5c,2048,2048,2,float32+float32,HARD_LINK,NO,
train,Oil,00400.tif,Oil/00400.tif,train/images/Oil/00400.tif,00400.tif,Mask_oil/00400.tif,train/masks/Oil/00400.tif,84cfba8efc6c27c6c2e93bbab48e6f98c9e15ab38c550a1c710cf5f5eaba5282,2fbf3b85e810f25374703d68b8a64f956ff91e0bb5eb28e1aee8c7db0ad34be5,2048,2048,2,float32+float32,HARD_LINK,NO,
train,Oil,00233.tif,Oil/00233.tif,train/images/Oil/00233.tif,00233.tif,Mask_oil/00233.tif,train/masks/Oil/00233.tif,a899c6a62af6a1e1fcaacb7264c504e94fdf66f09219fbdecb66f6944de398b7,56b304d511e4cc0c3546d91de2aa64a62b1509a93cc36159d737891cac9d63db,2048,2048,2,float32+float32,HARD_LINK,NO,
train,Oil,00275.tif,Oil/00275.tif,train/images/Oil/00275.tif,00275.tif,Mask_oil/00275.tif,train/masks/Oil/00275.tif,357074edb385d31e67cb459070880574437162773ee50ab8f05f99900e3de681,ac7b45f84fd69cf961ffb76362d5360f49645c62ee51db0d5113f9fcd12d4f8a,2048,2048,2,float32+float32,HARD_LINK,NO,
train,Oil,01321.tif,Oil/01321.tif,train/images/Oil/01321.tif,01321.tif,Mask_oil/01321.tif,train/masks/Oil/01321.tif,1ef12d2c8b20eb5af5e6f8e996fc351d7f68d128b45f998c4fabcad5fcf24a7f,692a0bc2bcdeda2130f0ad22c510a7c873a56285c92bbe87fc1322b2f09356c2,2048,2048,2,float32+float32,HARD_LINK,NO,
train,Oil,00736.tif,Oil/00736.tif,train/images/Oil/00736.tif,00736.tif,Mask_oil/00736.tif,train/masks/Oil/00736.tif,7523e86a130e332c1344a4f7de973e4ce0a641605ba3ad4d2927e106d485927d,c30abc70398c494f01d170f6400351095a3373b569b8d8928ab7ae9b40a3edca,2048,2048,2,float32+float32,HARD_LINK,NO,
train,Oil,00861.tif,Oil/00861.tif,train/images/Oil/00861.tif,00861.tif,Mask_oil/00861.tif,train/masks/Oil/00861.tif,e3ae35f0d66e797cd17fa4cfc80e2a043f46b1508e6853b9c2f1e52dce179495,69d5c81c9b640c8987ed47c80cad5b4e5bbabc5ea31e6570d5741d300fac986d,2048,2048,2,float32+float32,HARD_LINK,NO,
train,Oil,01191.tif,Oil/01191.tif,train/images/Oil/01191.tif,01191.tif,Mask_oil/01191.tif,train/masks/Oil/01191.tif,199b239d769d69143664a6a449fa436bf56e39893ea9a0a1f45953b3ab541573,57165b171d42484d3dc2b2361d75f9987c68ca9b91cdeca258bd8bb5f4d88842,2048,2048,2,float32+float32,HARD_LINK,NO,
train,Oil,00513.tif,Oil/00513.tif,train/images/Oil/00513.tif,00513.tif,Mask_oil/00513.tif,train/masks/Oil/00513.tif,c0a20bbbefce1413ac77e711330e17981e9145f883e4bcc3cb82359eab64522c,41d6b1555b168b8b6afc22a363fbd3f35a0bf0198f980a5e59e77b697e2c5a30,2048,2048,2,float32+float32,HARD_LINK,NO,
train,Oil,01130.tif,Oil/01130.tif,train/images/Oil/01130.tif,01130.tif,Mask_oil/01130.tif,train/masks/Oil/01130.tif,894982ce1007acc884328f4e07943b08f65d05643914663f4c06316bb4fc04db,99b94dfbef57714eed953cd00269ead7baf7563e53c6bcfb9956d3ab630e285a,2048,2048,2,float32+float32,HARD_LINK,NO,
train,Oil,00216.tif,Oil/00216.tif,train/images/Oil/00216.tif,00216.tif,Mask_oil/00216.tif,train/masks/Oil/00216.tif,912845e8002b0a81cb15c98bd802054d5d173355ad254dd0facd6d017d1ab287,71a2c874b81bab96765d0c411f53e95cebe8fac1246d1daa3ea2ef677966473d,2048,2048,2,float32+float32,HARD_LINK,NO,
train,Oil,00406.tif,Oil/00406.tif,train/images/Oil/00406.tif,00406.tif,Mask_oil/00406.tif,train/masks/Oil/00406.tif,fd21e36f26c6565d94c0f2d9ae4a45ac1c7a141b190750bf8a56af8a5e588a30,d844de0f71a753639a7b57e024a7405c89a4aeb597f6badb6c39ea28971b3242,2048,2048,2,float32+float32,HARD_LINK,NO,
train,Oil,00323.tif,Oil/00323.tif,train/images/Oil/00323.tif,00323.tif,Mask_oil/00323.tif,train/masks/Oil/00323.tif,2d60ba60d8075657318aadfa38fe5b4852cacf317a3bcce9a626eb80fda4ed39,b1eb2fc42fc665b7aaaa2b2aaadbec4d7cadec721166743894774bd3de052831,2048,2048,2,float32+float32,HARD_LINK,NO,
train,Oil,00039.tif,Oil/00039.tif,train/images/Oil/00039.tif,00039.tif,Mask_oil/00039.tif,train/masks/Oil/00039.tif,ee6fc6eab5a697646407fb90a5d9bf37f695b3094927c67cf7438913784e6fdd,6f1f6290bd74b35dad4ab2b3e629b8bd3feefae9133cf435309d4b6937f381c4,2048,2048,2,float32+float32,HARD_LINK,NO,
train,Oil,01301.tif,Oil/01301.tif,train/images/Oil/01301.tif,01301.tif,Mask_oil/01301.tif,train/masks/Oil/01301.tif,ffb7835698f1080d3ec5de5781a18506e24d7c4ef01e5f07203e68f874a4d35e,8de5aed72e27cc0092217b3189ca2307837d5edecfaef4b7100db6dd5403a527,2048,2048,2,float32+float32,HARD_LINK,NO,
train,Oil,00910.tif,Oil/00910.tif,train/images/Oil/00910.tif,00910.tif,Mask_oil/00910.tif,train/masks/Oil/00910.tif,607dba5ca06915fbdbae15e516782591d9a9b7694e9b6e6c71d035589322b75b,c337b5f8c44d6b11f1aedb5d413a3550043b99eaddd0dba0ea3b6445b000c19a,2048,2048,2,float32+float32,HARD_LINK,NO,
train,Oil,01234.tif,Oil/01234.tif,train/images/Oil/01234.tif,01234.tif,Mask_oil/01234.tif,train/masks/Oil/01234.tif,09320a3dafc6ded44476cc83d717e46a80c0b2cf598788e6ddcf737b7fcb9ded,799a2fe017c9781bb36bc6db7b4a051250a7fb3026487d43143c5e7e136885f8,2048,2048,2,float32+float32,HARD_LINK,NO,
train,Oil,00336.tif,Oil/00336.tif,train/images/Oil/00336.tif,00336.tif,Mask_oil/00336.tif,train/masks/Oil/00336.tif,4e76c35b4e55b7c3abc66c026a3e3a7a975e8bbe54e653bed73d7dbdf4a4e077,ca66c6f8f1f64c05304a089c066db5847598b28bbfb7ec36ffa5a5397d2cca20,2048,2048,2,float32+float32,HARD_LINK,NO,
train,Oil,00219.tif,Oil/00219.tif,train/images/Oil/00219.tif,00219.tif,Mask_oil/00219.tif,train/masks/Oil/00219.tif,a5c94187b8dac87640e276c3bb676889e31b84b38c2b267e969d53c9bca25dfd,f58ef98e183c833916b365a445c8b30b1b22bd2bcee7098ae4b191ef7a03f422,2048,2048,2,float32+float32,HARD_LINK,NO,
train,Oil,00022.tif,Oil/00022.tif,train/images/Oil/00022.tif,00022.tif,Mask_oil/00022.tif,train/masks/Oil/00022.tif,5949bb5e29210ae121025aeccdd22265af551d8ef7f9b6fafbc1e22faa2c440e,a60e7382d9a35d61e0a8d8c480e6a72823786072b2e3c1af5bf8d3a200740f70,2048,2048,2,float32+float32,HARD_LINK,NO,
train,Oil,00476.tif,Oil/00476.tif,train/images/Oil/00476.tif,00476.tif,Mask_oil/00476.tif,train/masks/Oil/00476.tif,e63164ec264a98f9333a25e7397a7dda9a5db2f6d1c26f64ef25a0a601db6beb,7b89f672cce4ab03ad33962bee06ab531ce7b641b6d45c828b01cc86691c66fa,2048,2048,2,float32+float32,HARD_LINK,NO,
train,Oil,00355.tif,Oil/00355.tif,train/images/Oil/00355.tif,00355.tif,Mask_oil/00355.tif,train/masks/Oil/00355.tif,40df6d302dface497773b738a6fb3a6cc881c1ac7a42f2fdba4026199d6077e1,97a4e8cf78308eaf1f15a6029251646273b76241e9929ca5a1beff08ae0b1a98,2048,2048,2,float32+float32,HARD_LINK,NO,
train,Oil,01196.tif,Oil/01196.tif,train/images/Oil/01196.tif,01196.tif,Mask_oil/01196.tif,train/masks/Oil/01196.tif,a76222627309b70af7f50932a399f849828ebe609089ba0b3bf2cc0334cc9d9e,c1fdeb55315221bbdd92f76f82635336845a63c1c2f5385f94a4cf35316da7a6,2048,2048,2,float32+float32,HARD_LINK,NO,
train,Oil,01326.tif,Oil/01326.tif,train/images/Oil/01326.tif,01326.tif,Mask_oil/01326.tif,train/masks/Oil/01326.tif,79fc4a59ecc82f04b11f307767146edb5081353084022634cfddeb8401360834,0bf5c8b34c5631dec9a0197b2f5f44ab09fa83ed08ab5d10d01e3df120ed7381,2048,2048,2,float32+float32,HARD_LINK,NO,
train,Oil,00832.tif,Oil/00832.tif,train/images/Oil/00832.tif,00832.tif,Mask_oil/00832.tif,train/masks/Oil/00832.tif,73f306d7f9946e362afd0219084a5d85b812f01551875b1195194c1b8bcb2cad,f738229e4a921f83957c5fe972a0b7b39a7970f6cbe38cd884ec824830825822,2048,2048,2,float32+float32,HARD_LINK,NO,
train,Oil,00791.tif,Oil/00791.tif,train/images/Oil/00791.tif,00791.tif,Mask_oil/00791.tif,train/masks/Oil/00791.tif,52066d621c195d885cfe3251c6dca1978a8aa65f9a45be94555ad68a3c813778,afcc729582b3e90c15cae0b218128068e7adf296e932329efb12f550c0abd23c,2048,2048,2,float32+float32,HARD_LINK,NO,
train,Oil,01285.tif,Oil/01285.tif,train/images/Oil/01285.tif,01285.tif,Mask_oil/01285.tif,train/masks/Oil/01285.tif,cc9bf79f51b5911756171879c1ab8489b447056cb42f40a99eace1eeb62f9e02,43373867370ed32ed0356738746ea792bc68e070abe6f53c81bba333e1f37796,2048,2048,2,float32+float32,HARD_LINK,NO,
train,Oil,00719.tif,Oil/00719.tif,train/images/Oil/00719.tif,00719.tif,Mask_oil/00719.tif,train/masks/Oil/00719.tif,b139c061cfdb6bc866865a07c6d70ff6bec813a279f790cb873e04111b10c4ea,fcf9b2b1c2fe2059a186beeba0dfdc805629b9eccc52d78fe0972ddd093fe8bc,2048,2048,2,float32+float32,HARD_LINK,NO,
train,Oil,00777.tif,Oil/00777.tif,train/images/Oil/00777.tif,00777.tif,Mask_oil/00777.tif,train/masks/Oil/00777.tif,66cc59cc6eb5a2d6b5291b19673dab4bbd324f27813f980b8f5eb779537ccf64,f28ddf40fb43eb299263a0966401177a9846e3e683dc325ff1abc9c70035b242,2048,2048,2,float32+float32,HARD_LINK,NO,
train,Oil,00471.tif,Oil/00471.tif,train/images/Oil/00471.tif,00471.tif,Mask_oil/00471.tif,train/masks/Oil/00471.tif,21e7096332e340479bc3b046075ed9f101ae1fe499a0326cb6a37cf3bc922529,b1759fb2d08b0fd071a1ed70b8e66dfa0b7d452eca1599803e43a1b63455d5af,2048,2048,2,float32+float32,HARD_LINK,NO,
train,Oil,00432.tif,Oil/00432.tif,train/images/Oil/00432.tif,00432.tif,Mask_oil/00432.tif,train/masks/Oil/00432.tif,b1da249b22c9b4dcd3ec97302827ae9055d76dd9f9550fdba72faa2d3422a781,fb68a7abaf3c336129f51fa467bdb02edfe7ece4a81191bac7f576311101b1fe,2048,2048,2,float32+float32,HARD_LINK,NO,
train,Oil,00918.tif,Oil/00918.tif,train/images/Oil/00918.tif,00918.tif,Mask_oil/00918.tif,train/masks/Oil/00918.tif,d08f8a6d52c7754d594dcb5289c8f273633b54713d574b31ec5c611c27219138,6585f804a98a5480712f12fda0641cd4cfe1bf6c66b3f3d537e80b8d8c8aa30a,2048,2048,2,float32+float32,HARD_LINK,NO,
train,Oil,00711.tif,Oil/00711.tif,train/images/Oil/00711.tif,00711.tif,Mask_oil/00711.tif,train/masks/Oil/00711.tif,e0c9ece597ee230f5ec7fec4baaad2d08e0bce48cbdb44a699f7113b237eafab,66788c63d2f098814ea59c9b4b12707d8bb7ae9206d9d127aff5cc5dbec51751,2048,2048,2,float32+float32,HARD_LINK,NO,
train,Oil,01309.tif,Oil/01309.tif,train/images/Oil/01309.tif,01309.tif,Mask_oil/01309.tif,train/masks/Oil/01309.tif,be4ad26d9b9d3936d15ac9a62e157835c5ba1e39348fd00c9b8838c4f2e387ee,f5165929a37ed1834d25421c49adbb219cdf1d2299444263dbcaf3d8af0c530a,2048,2048,2,float32+float32,HARD_LINK,NO,
train,Oil,00661.tif,Oil/00661.tif,train/images/Oil/00661.tif,00661.tif,Mask_oil/00661.tif,train/masks/Oil/00661.tif,7712f36ec52aaa02325e41d0ef3f665d30fa7d510adf59ddf2670a5c09186539,2161df2a0abdb52e2c3f4a03149c8e76baf827a9b560b6b2773ee53fbb1a251b,2048,2048,2,float32+float32,HARD_LINK,NO,
train,Oil,00818.tif,Oil/00818.tif,train/images/Oil/00818.tif,00818.tif,Mask_oil/00818.tif,train/masks/Oil/00818.tif,653b0072eacf893d7d0c9995f96bc86391668778111f21de6c31e27ec29c9def,a7b77a60b1528984b841000132ab3b6c6dae23fdf1f894be17af6ac1b90f604d,2048,2048,2,float32+float32,HARD_LINK,NO,
train,Oil,01029.tif,Oil/01029.tif,train/images/Oil/01029.tif,01029.tif,Mask_oil/01029.tif,train/masks/Oil/01029.tif,fee8f6fa67d2b86dc61efd35071d0be7272c0350b68b33db5fed25c28516c269,8cfc03b3063cdb44ad8c226287d04f91e86d74ca635749944e0b08dd0a214c0a,2048,2048,2,float32+float32,HARD_LINK,NO,
train,Oil,00042.tif,Oil/00042.tif,train/images/Oil/00042.tif,00042.tif,Mask_oil/00042.tif,train/masks/Oil/00042.tif,dbcc3c7f3ca2caa3fde834ff19634a3117397a04b9fd0d6ab6db8f5a82c8c922,e4d00307198b8fcada26886c6cbde9dc5a632c1c2a5ca338aada19bdc6cc037b,2048,2048,2,float32+float32,HARD_LINK,NO,
train,Oil,00123.tif,Oil/00123.tif,train/images/Oil/00123.tif,00123.tif,Mask_oil/00123.tif,train/masks/Oil/00123.tif,022f7c5fd3c4923fab8e065e63d311ca6be8c9f0903e94a66082e4e66982cd90,abd763c23a643a8681a26c39fab3bf48c4ac53c8c74c987c87fcfcc1583f35c2,2048,2048,2,float32+float32,HARD_LINK,NO,
train,Oil,01062.tif,Oil/01062.tif,train/images/Oil/01062.tif,01062.tif,Mask_oil/01062.tif,train/masks/Oil/01062.tif,32a303003870e9eca3663fb884c189820231119f89926601ca018e4f86b6ee46,3bbaa2b4a3e2d0aa97e6715b92302f503f98b21c5989be2d3e9a75a26d222a42,2048,2048,2,float32+float32,HARD_LINK,NO,
train,Oil,00740.tif,Oil/00740.tif,train/images/Oil/00740.tif,00740.tif,Mask_oil/00740.tif,train/masks/Oil/00740.tif,145bb6b3731e90ac7a4a727a104c6bcb6b6c6ab38b46648c444517d32162488f,c1254bd56756b4b6e3c417513b9dad33e837cd425161b3a61e1c1fb7a38384bf,2048,2048,2,float32+float32,HARD_LINK,NO,
train,Oil,00241.tif,Oil/00241.tif,train/images/Oil/00241.tif,00241.tif,Mask_oil/00241.tif,train/masks/Oil/00241.tif,548855f373defc09a49b181f3c4dd068fb87fe7ee37070b2c948bc1c21ddf8db,59067443a0758f369d6ee0d7e4c163c20210f7ec72808d0ac8d195daebc2b816,2048,2048,2,float32+float32,HARD_LINK,NO,
train,Oil,00544.tif,Oil/00544.tif,train/images/Oil/00544.tif,00544.tif,Mask_oil/00544.tif,train/masks/Oil/00544.tif,b94f773d1bb1104adb0cefb467a3ee0ca723ba4f9cfc74dda816c5eb9e2f918e,f6e549c8b068d6cf538599e7cc1254a25ed7b091df32f716fac8ddbb752ac044,2048,2048,2,float32+float32,HARD_LINK,NO,
train,Oil,00422.tif,Oil/00422.tif,train/images/Oil/00422.tif,00422.tif,Mask_oil/00422.tif,train/masks/Oil/00422.tif,5b7b6ed5280f4d45a535d36e558edf6af57ab2528d4593ebccbd3209745a8a24,98a8cd615641663cffa7fb94ccee5986711fdc67cf8c86fdb1c7b55483b863d9,2048,2048,2,float32+float32,HARD_LINK,NO,
train,Oil,00363.tif,Oil/00363.tif,train/images/Oil/00363.tif,00363.tif,Mask_oil/00363.tif,train/masks/Oil/00363.tif,90d8369690e6187a18eb9ef9d98e8721708ba66a2ce9923d3ecfefc89299cd21,928089429b68afe7a8d1ebaadebc63a343878392a19dfd1626c1e8db52657d45,2048,2048,2,float32+float32,HARD_LINK,NO,
train,Oil,00902.tif,Oil/00902.tif,train/images/Oil/00902.tif,00902.tif,Mask_oil/00902.tif,train/masks/Oil/00902.tif,78e7afe91ad748ee49619b01cd65c20e93e92e0df5e9ee79c795de08e68b0ee7,ad5794f481676c1d168dc2ed583325a8f68e569d117f5c8cabcfd0f422430e8b,2048,2048,2,float32+float32,HARD_LINK,NO,
train,Oil,01199.tif,Oil/01199.tif,train/images/Oil/01199.tif,01199.tif,Mask_oil/01199.tif,train/masks/Oil/01199.tif,636be774f1c06ca5ab6d9bc0f6b3117009beee5559f8f0791f80bec1bb45ecc1,27586d695b7831facf84d4453d0d7420e849bbe21d206c6558dd941d59dff548,2048,2048,2,float32+float32,HARD_LINK,NO,
train,Oil,01311.tif,Oil/01311.tif,train/images/Oil/01311.tif,01311.tif,Mask_oil/01311.tif,train/masks/Oil/01311.tif,88799d79eaf17657a36f547825ac84f3e9350e371337fc9f7e62cf44fee398cf,06d34acc3edc95ecbc0da363a64eae4be4ee46a5ff50761edcb57c1b90abf63e,2048,2048,2,float32+float32,HARD_LINK,NO,
train,Oil,00365.tif,Oil/00365.tif,train/images/Oil/00365.tif,00365.tif,Mask_oil/00365.tif,train/masks/Oil/00365.tif,8beab76f05d214e15fbb598d92ff31617e8e830d54c4943a0b0d6f56483349c0,3280146ac2485222d7c6ae8e8e2f5d42e6c012a0fb350d7f9a711edddcfc146e,2048,2048,2,float32+float32,HARD_LINK,NO,
train,Oil,01103.tif,Oil/01103.tif,train/images/Oil/01103.tif,01103.tif,Mask_oil/01103.tif,train/masks/Oil/01103.tif,d3c4266409dc0c7dae09ed1fd8fd2f658b28e3a51ca1e1a54a4be5ba40614fcc,a8268edf836880521df855af04ac0ae343659dffc61b671adeadb972d96b9f9f,2048,2048,2,float32+float32,HARD_LINK,NO,
train,Oil,01251.tif,Oil/01251.tif,train/images/Oil/01251.tif,01251.tif,Mask_oil/01251.tif,train/masks/Oil/01251.tif,24feeed34bf79aecf0da8d6cd4135515249109bb2fc1893762bc46607d80583a,a5966de7a39b5a136973d25f0c7de47bd77b32bebdacaa38ed14498c2aeeb29d,2048,2048,2,float32+float32,HARD_LINK,NO,
train,Oil,00613.tif,Oil/00613.tif,train/images/Oil/00613.tif,00613.tif,Mask_oil/00613.tif,train/masks/Oil/00613.tif,be6e8d8909cf44eae403d49569dc4ec99d736ae4ee1d342135434099d06a96b7,182c10ff9c4545e5680b18fcc583d2bea47cac281229aaeedad16b7b9a336038,2048,2048,2,float32+float32,HARD_LINK,NO,
train,Oil,00497.tif,Oil/00497.tif,train/images/Oil/00497.tif,00497.tif,Mask_oil/00497.tif,train/masks/Oil/00497.tif,bb5e33d8cf964fd0510180b7950c8d5faff95b92bf5b1b1a89603e0bafb0f7ac,032b8b4c39d19a6bc5d7eec763b458fad6e4dffceae201507f934e9d750e07f7,2048,2048,2,float32+float32,HARD_LINK,NO,
train,Oil,00963.tif,Oil/00963.tif,train/images/Oil/00963.tif,00963.tif,Mask_oil/00963.tif,train/masks/Oil/00963.tif,ed2e33d0e2c3bcbe7ec300850438b18eb55abaa24211702f6cfec03999d8b1fb,ea3cd6bafe8d15fbb8a2672affb33d4df6f7e37c3f238d3cf0178fbeaeba492b,2048,2048,2,float32+float32,HARD_LINK,NO,
train,Oil,01322.tif,Oil/01322.tif,train/images/Oil/01322.tif,01322.tif,Mask_oil/01322.tif,train/masks/Oil/01322.tif,4091ad7e1dd0eedf61a02e9ea245a4fdccba47a802566cf93b43b49f76854495,9cd43086b799bf8a8dab5195f1f6a2f56e947a2765bdae958874dfc28fa5ac9d,2048,2048,2,float32+float32,HARD_LINK,NO,
train,Oil,00443.tif,Oil/00443.tif,train/images/Oil/00443.tif,00443.tif,Mask_oil/00443.tif,train/masks/Oil/00443.tif,123dcee2ba7d70b4308112519d2924b883387a593d0edb36f4b2b3db13b43bb6,46ba51a74a562fa3606c13f9e6234f991efcfb03c5fe019bd5da460cfb7687ee,2048,2048,2,float32+float32,HARD_LINK,NO,
train,Oil,00458.tif,Oil/00458.tif,train/images/Oil/00458.tif,00458.tif,Mask_oil/00458.tif,train/masks/Oil/00458.tif,8cde7e347643f6a03cb4e99adb06a774d7a474ca11cc0affcf6a09466a4d900a,3ee6487d53c78d6760a5d327bb0fa77b3d1db13cf4bbe9f7e556f91e4d8fd502,2048,2048,2,float32+float32,HARD_LINK,NO,
train,Oil,01181.tif,Oil/01181.tif,train/images/Oil/01181.tif,01181.tif,Mask_oil/01181.tif,train/masks/Oil/01181.tif,4cf28bc2ef299a63e610123db1236db65becc92de75349a39dbb92f1342fd186,1080c1740175eee4d4a648394ef6c1d600dde8dadd45b73290e4341d11d1f75f,2048,2048,2,float32+float32,HARD_LINK,NO,
train,Oil,01137.tif,Oil/01137.tif,train/images/Oil/01137.tif,01137.tif,Mask_oil/01137.tif,train/masks/Oil/01137.tif,ce7d83ad90d0cec35bd34fb3b658a8d1461ec07fcb758f49838d5430f0be0631,9ab59529d08e253f5162229703fa3fbf640d058b92ac3701d187d54252738c52,2048,2048,2,float32+float32,HARD_LINK,NO,
train,Oil,00382.tif,Oil/00382.tif,train/images/Oil/00382.tif,00382.tif,Mask_oil/00382.tif,train/masks/Oil/00382.tif,d44ccd5d54e253e26c5b5a74b7204d5693cb1e6f96b7cb642f41ff438d24709b,d5d4a148e1710846b4c8c4bcac90cda4f2491bf65fdfed29ac11d9bfdd87ffd4,2048,2048,2,float32+float32,HARD_LINK,NO,
train,Oil,00945.tif,Oil/00945.tif,train/images/Oil/00945.tif,00945.tif,Mask_oil/00945.tif,train/masks/Oil/00945.tif,2d9d50de146a5b29fd6539c1de2d134b0675e85c1219a173631e16b73e7e7b9f,9e0efa28e60e17225ecb54baebe4bb19810272e858531e7919f84489a79bf5a5,2048,2048,2,float32+float32,HARD_LINK,NO,
train,Oil,00236.tif,Oil/00236.tif,train/images/Oil/00236.tif,00236.tif,Mask_oil/00236.tif,train/masks/Oil/00236.tif,c024d8e0ebd403dff655e2822d3b81c568cc3bcf0758563355ccad775c0938a5,f3a54dfc29dee08ae4086095e990667fe9d8616ab50fdd011fbfc850d2aff96b,2048,2048,2,float32+float32,HARD_LINK,NO,
train,Oil,00674.tif,Oil/00674.tif,train/images/Oil/00674.tif,00674.tif,Mask_oil/00674.tif,train/masks/Oil/00674.tif,dd3a55fa1706757ed4eeaed995216c34978d11ef2ac216effc6bd92be052e4ca,7f470f77e7a67376aed273dee58655867d81e7daf4f6ee00d3d7416baab49063,2048,2048,2,float32+float32,HARD_LINK,NO,
train,Oil,01159.tif,Oil/01159.tif,train/images/Oil/01159.tif,01159.tif,Mask_oil/01159.tif,train/masks/Oil/01159.tif,a5a31164f01eab3c30c6c8bf2d6c7f7bf5ba6374ef454fa99cff2e27de493b30,1d7a1c7cd239327ff881527053eb17390929855ef8b8d7c555caaa97b038785e,2048,2048,2,float32+float32,HARD_LINK,NO,
train,Oil,01011.tif,Oil/01011.tif,train/images/Oil/01011.tif,01011.tif,Mask_oil/01011.tif,train/masks/Oil/01011.tif,35b48dfabbc3720396737a567ae3fe9825cb41744abc8b43da7f4758c069f55b,8fe0705e6e515ef7f98c262b39f7fc3c07940b4306dc489bb1797c10e43a2810,2048,2048,2,float32+float32,HARD_LINK,NO,
train,Oil,00293.tif,Oil/00293.tif,train/images/Oil/00293.tif,00293.tif,Mask_oil/00293.tif,train/masks/Oil/00293.tif,32ec3d2a53f13b89f735e4f64cd55fbbbfad2c6038ff3240556738a953d50fe5,88aa138eccdb038f9f05a4aedccbdb806c095b1a631a897243e191500a4a4a29,2048,2048,2,float32+float32,HARD_LINK,NO,
train,Oil,01038.tif,Oil/01038.tif,train/images/Oil/01038.tif,01038.tif,Mask_oil/01038.tif,train/masks/Oil/01038.tif,b3368f2fb3e156d38276ea947f5371a9c0290440fec82c94af95fcd31ebccd78,b939ac71914fa6cd73a3ade7c9e146a1174fa5d2164e421f1011b80a00f6d26a,2048,2048,2,float32+float32,HARD_LINK,NO,
train,Oil,00566.tif,Oil/00566.tif,train/images/Oil/00566.tif,00566.tif,Mask_oil/00566.tif,train/masks/Oil/00566.tif,33b63a0eba916111512be792a439f7b4aa9a9d7baf69398408fed2073f55b82b,03852181c2e17da9099eb256e77ca3c99f51d863cf8948c3ad301bf1e2efa1a1,2048,2048,2,float32+float32,HARD_LINK,NO,
train,Oil,01093.tif,Oil/01093.tif,train/images/Oil/01093.tif,01093.tif,Mask_oil/01093.tif,train/masks/Oil/01093.tif,75315dfdd28fa52a82f41b66da149e2963f9135937ea65a83b49101028eabf20,cdfdd15086b9e5f27e512d1543d9f842e31760fa4318a6461f2527b8be3def77,2048,2048,2,float32+float32,HARD_LINK,NO,
train,Oil,01012.tif,Oil/01012.tif,train/images/Oil/01012.tif,01012.tif,Mask_oil/01012.tif,train/masks/Oil/01012.tif,eef19c982c1796f0cbdf68ddc282d30bc49dd1c99d3af5306182b0f8c09cbca4,9244c0e137ae9cbca094d566e411213bd9472c5a0b50de22f60387bde5ab1592,2048,2048,2,float32+float32,HARD_LINK,NO,
train,Oil,00417.tif,Oil/00417.tif,train/images/Oil/00417.tif,00417.tif,Mask_oil/00417.tif,train/masks/Oil/00417.tif,05fb9c6a70f683857afbf314268e9ddfb4a2850ac057e747cd2ab77c400fa5e7,aeda1da34bf82c58a29a0bc71b65329f5035bf23af63c3bc14ce62fde5cd26bd,2048,2048,2,float32+float32,HARD_LINK,NO,
train,Oil,00934.tif,Oil/00934.tif,train/images/Oil/00934.tif,00934.tif,Mask_oil/00934.tif,train/masks/Oil/00934.tif,f1f5587b4bc666a46d727deef117b72a4c77881a5ad0caee922b7fddf6c4f670,8d52f4d837603cfe7403027941d699741961961cf7c38a83313e01fb19a7d4a7,2048,2048,2,float32+float32,HARD_LINK,NO,
train,Oil,00077.tif,Oil/00077.tif,train/images/Oil/00077.tif,00077.tif,Mask_oil/00077.tif,train/masks/Oil/00077.tif,1690a0cdcd8bbf8f43f193554c4e0efbc6402c1f2a95bbe30b34781b229644a4,c85b0416c70b7b3e50d15032141174ee61662d2442cbf5a6c478bdc2df22b9dd,2048,2048,2,float32+float32,HARD_LINK,NO,
train,Oil,00825.tif,Oil/00825.tif,train/images/Oil/00825.tif,00825.tif,Mask_oil/00825.tif,train/masks/Oil/00825.tif,31c32c53fa16f74c95f83ed7cda62ddce47a176d3f9eadcfd01578b63b9cad12,7e659c52e979f127d6f9a414f1dd69e5fb0be29b3d732eb471fe2fbd71a39831,2048,2048,2,float32+float32,HARD_LINK,NO,
train,Oil,00670.tif,Oil/00670.tif,train/images/Oil/00670.tif,00670.tif,Mask_oil/00670.tif,train/masks/Oil/00670.tif,6895da97ac5002fe0b6fe4f03875536ae3d10821d9148847776f1d3d6502882c,6323bbb6cf9cc1e9c30f630ac599cacab45e3eee5c438820ddd690178e674ae9,2048,2048,2,float32+float32,HARD_LINK,NO,
train,Oil,00933.tif,Oil/00933.tif,train/images/Oil/00933.tif,00933.tif,Mask_oil/00933.tif,train/masks/Oil/00933.tif,efee26b58648c581e554249f521ec0b552ed66f20bd20d1ebdaa0b724ee98c88,d19f0fa634f7af7f7fc33a8544c17a4a9d5fbe20fe8146f6b53378c562fc6314,2048,2048,2,float32+float32,HARD_LINK,NO,
train,Oil,01232.tif,Oil/01232.tif,train/images/Oil/01232.tif,01232.tif,Mask_oil/01232.tif,train/masks/Oil/01232.tif,d521732f67f57a0eebfc80dc754d4db21e50d6a08ab466de172311382706e985,12eca7c4513a34f5db5bfe52b0f2f99780f9fdcebe1f6e1e9b021487d963d688,2048,2048,2,float32+float32,HARD_LINK,NO,
train,Oil,01018.tif,Oil/01018.tif,train/images/Oil/01018.tif,01018.tif,Mask_oil/01018.tif,train/masks/Oil/01018.tif,84b119c997dc6b6fbcba45b9e5585f5cf7eb3777374aad2d9d82ad1496219862,49e854f5944a6e2adf3709fea4436bb545e2041223aac89fadde79a6eb40c246,2048,2048,2,float32+float32,HARD_LINK,NO,
train,Oil,00032.tif,Oil/00032.tif,train/images/Oil/00032.tif,00032.tif,Mask_oil/00032.tif,train/masks/Oil/00032.tif,47da79b972864e9bc709f5cacc925c21348b383e96d6484231f8be92c7087623,98c1624229f8f83fbec38daaa3e3e3b9f0533c4809bc09a319f0a9da0a3cc586,2048,2048,2,float32+float32,HARD_LINK,NO,
train,Oil,00046.tif,Oil/00046.tif,train/images/Oil/00046.tif,00046.tif,Mask_oil/00046.tif,train/masks/Oil/00046.tif,cdc2e16d7faaa2c124102d3968f69c81496e64d11231eed51f8a2c90e8990a11,b38d244616a2d17a9f25e623b2383bbe97552f735a9733499b82c2ad97fad311,2048,2048,2,float32+float32,HARD_LINK,NO,
train,Oil,00957.tif,Oil/00957.tif,train/images/Oil/00957.tif,00957.tif,Mask_oil/00957.tif,train/masks/Oil/00957.tif,1b7288a5dc35a23b8c7d762632b38ad139d64383653a80ab83625d2dc60c3184,818fe3503d1219b22112d333dc80ad7242f3d714dd687d0810e5be861c85b022,2048,2048,2,float32+float32,HARD_LINK,NO,
train,Oil,01188.tif,Oil/01188.tif,train/images/Oil/01188.tif,01188.tif,Mask_oil/01188.tif,train/masks/Oil/01188.tif,75311cee14b866476d1ef78b9d9a74e8b2c8e657926159c50db12633905337f7,f24a053f553ae9eb1f44ad502f17fe3f847db67bb75fba22287e5ea63fdd238d,2048,2048,2,float32+float32,HARD_LINK,NO,
train,Oil,00848.tif,Oil/00848.tif,train/images/Oil/00848.tif,00848.tif,Mask_oil/00848.tif,train/masks/Oil/00848.tif,965a1bd23f6e9a65117f4be4d3b04d0b9bf0775ecacc469ffacc2a95a61b6660,febf2eb79d298725a7a737f7917814b6e4d3234d54203a1f0364262cf4dd5842,2048,2048,2,float32+float32,HARD_LINK,NO,
train,Oil,00059.tif,Oil/00059.tif,train/images/Oil/00059.tif,00059.tif,Mask_oil/00059.tif,train/masks/Oil/00059.tif,ad701ca5f1db4246109a1371aa041ee980bf337bea2835770b10d48b5cbcb6b7,198e5ef02800e423108eb9c126cb4404df37f7998a6dcc5443709d9e73376291,2048,2048,2,float32+float32,HARD_LINK,NO,
train,Oil,00020.tif,Oil/00020.tif,train/images/Oil/00020.tif,00020.tif,Mask_oil/00020.tif,train/masks/Oil/00020.tif,5b67159c3457cd94bda06f466c8683b26f2e6553135681ca1e18645bceb632cd,c646a332d11043ec80f1359bc8910d35b38f52b741d50dce26a1a2d71823b109,2048,2048,2,float32+float32,HARD_LINK,NO,
train,Oil,01185.tif,Oil/01185.tif,train/images/Oil/01185.tif,01185.tif,Mask_oil/01185.tif,train/masks/Oil/01185.tif,4d26990238e2a90e7a0333cd5e5dda43c77c5f0ae2079fc1fd7bf54ee8bebc1d,1cdec523783835ff7bc73d01e313389627bb755707302c936ce4bd487a720648,2048,2048,2,float32+float32,HARD_LINK,NO,
train,Oil,00992.tif,Oil/00992.tif,train/images/Oil/00992.tif,00992.tif,Mask_oil/00992.tif,train/masks/Oil/00992.tif,0830a7d9e3287bcd2b3e34348e323f1e9db873c113166734e81890b54afb2a3e,c8ccac2055e12dbe231db4ff480d1861359af7bd609b7fedb5d2b00e7a6cde59,2048,2048,2,float32+float32,HARD_LINK,NO,
train,Oil,00322.tif,Oil/00322.tif,train/images/Oil/00322.tif,00322.tif,Mask_oil/00322.tif,train/masks/Oil/00322.tif,dadcffe356e8c31f2646ff42b0ce67033be8e774c3b6ac4df711f14f292d7f79,27b1cce10dd51e6206c0bf62ac90bd7b996cafc4768e03660870c7a14ffb5eed,2048,2048,2,float32+float32,HARD_LINK,NO,
train,Oil,00509.tif,Oil/00509.tif,train/images/Oil/00509.tif,00509.tif,Mask_oil/00509.tif,train/masks/Oil/00509.tif,33aea2e8592e8a27430eb918f315609c185d0ba0e77db3c0c31b867b55b38f70,6c64fad79d1b0d7e378cf00cecdecfeb9059452d11ab9f9e71b68745a97410bc,2048,2048,2,float32+float32,HARD_LINK,NO,
train,Oil,00350.tif,Oil/00350.tif,train/images/Oil/00350.tif,00350.tif,Mask_oil/00350.tif,train/masks/Oil/00350.tif,a98e37651fa600b8b590d51e8560059e9e5668d5e347a879eb4353a41ca0ff52,c067e5e3adfdf5ce1a332641c541cbaed3294fc4a8596a1018885fb2a560b39f,2048,2048,2,float32+float32,HARD_LINK,NO,
train,Oil,00624.tif,Oil/00624.tif,train/images/Oil/00624.tif,00624.tif,Mask_oil/00624.tif,train/masks/Oil/00624.tif,0fb069da55f49e196ffe180ca154b3186077ecfa69b6eb189f65debe073297c2,9d282f2f5c0a2dd024bbab58b44b70267f9d0f2560a8a7177fd4f6d5e5f9b8f0,2048,2048,2,float32+float32,HARD_LINK,NO,
train,Oil,00421.tif,Oil/00421.tif,train/images/Oil/00421.tif,00421.tif,Mask_oil/00421.tif,train/masks/Oil/00421.tif,e8a79c9701285da2445a0f63763d2e9b65bb10cda28cb582d6f9b2ab7a76573d,a2df53690b5306a109049c2e7b9bd08526f64dafd65ba9e7afc0ace796944c55,2048,2048,2,float32+float32,HARD_LINK,NO,
train,Oil,00797.tif,Oil/00797.tif,train/images/Oil/00797.tif,00797.tif,Mask_oil/00797.tif,train/masks/Oil/00797.tif,f7c0531f62d57a05ba82d8c5bc7470cb965ee2da6bc04017f7004286d3e800e8,207d20154dc829d3da299cd2831304152796647713da730af9779d3db5474789,2048,2048,2,float32+float32,HARD_LINK,NO,
train,Oil,01207.tif,Oil/01207.tif,train/images/Oil/01207.tif,01207.tif,Mask_oil/01207.tif,train/masks/Oil/01207.tif,e9ecb669bffe8ed150ef5271075bb6d48f5396cc34b32ea05717e2c892ae7cb5,9f20e3c04212fc0398d82fffc5c5cac620708968f9e16237ee335c87a4286342,2048,2048,2,float32+float32,HARD_LINK,NO,
train,Oil,00268.tif,Oil/00268.tif,train/images/Oil/00268.tif,00268.tif,Mask_oil/00268.tif,train/masks/Oil/00268.tif,cc0d2c3bd0966123f6951b14297e0aafe0802c2709677e023398ab9ad7b7a8e3,c5c1642601cf88671dbd4a40f26df61b181627ec9ec2fcf49a009c81be94b6f2,2048,2048,2,float32+float32,HARD_LINK,NO,
train,Oil,00410.tif,Oil/00410.tif,train/images/Oil/00410.tif,00410.tif,Mask_oil/00410.tif,train/masks/Oil/00410.tif,dd586d6157de422200cd17a436902756c3c659de1b6f1a839e83d39331516053,a720ad299ec63421c83ead43366fd16b12c4e47a14f8613d7d30ba32584d660c,2048,2048,2,float32+float32,HARD_LINK,NO,
train,Oil,00990.tif,Oil/00990.tif,train/images/Oil/00990.tif,00990.tif,Mask_oil/00990.tif,train/masks/Oil/00990.tif,efd82f0c21cf2efd68db713f84d3f748baa612e9a9a13f82099821e9cc6a0366,3afef52a6cb9c15947332d664a83a070495db7f08bbfeeb3ab51203f896c9119,2048,2048,2,float32+float32,HARD_LINK,NO,
train,Oil,00330.tif,Oil/00330.tif,train/images/Oil/00330.tif,00330.tif,Mask_oil/00330.tif,train/masks/Oil/00330.tif,105ec2355238dd5f7edeb35bf95547b308451dc035dbddf0ae1b064c1606a48b,5fccefca4902cb9faa2a466faf366318e00334e8f75801d355df68db365f9093,2048,2048,2,float32+float32,HARD_LINK,NO,
train,Oil,00714.tif,Oil/00714.tif,train/images/Oil/00714.tif,00714.tif,Mask_oil/00714.tif,train/masks/Oil/00714.tif,214eff9b84bed368bdea280d1ddcb7a9434a622a4ba6f056a3a0b6e24c8e92f4,ef2a06c08c84a87b1f7fe34115f9c77854791ac9b6daa04fa12834ff3f3f0a1f,2048,2048,2,float32+float32,HARD_LINK,NO,
train,Oil,01227.tif,Oil/01227.tif,train/images/Oil/01227.tif,01227.tif,Mask_oil/01227.tif,train/masks/Oil/01227.tif,4bd449816e06693c6a40c9c4a371e20e56f5cec2e93d2c710419674c92fa6403,aec8ebb440bc60c6a3af9a959840650385700db37d032ddfa6ce210551353d9a,2048,2048,2,float32+float32,HARD_LINK,NO,
train,Oil,00553.tif,Oil/00553.tif,train/images/Oil/00553.tif,00553.tif,Mask_oil/00553.tif,train/masks/Oil/00553.tif,cb260edea07a38c9472fd381706f12955d69d9966d19151e8b743c32b5c94368,01a1350aaf74ac5256c6f6d91cee80e12b9e0067ef0904b1e1b9627f1e4127f3,2048,2048,2,float32+float32,HARD_LINK,NO,
train,Oil,01150.tif,Oil/01150.tif,train/images/Oil/01150.tif,01150.tif,Mask_oil/01150.tif,train/masks/Oil/01150.tif,2d0ab32fccbac5c0c050d0c7340da1f5fbbd13e304d919c17ce053136f3012bb,4cf70127d3e76a4e36b555fb979e01d325b9473dd47f126974b6cf95d1332b5c,2048,2048,2,float32+float32,HARD_LINK,NO,
train,Oil,00517.tif,Oil/00517.tif,train/images/Oil/00517.tif,00517.tif,Mask_oil/00517.tif,train/masks/Oil/00517.tif,294f3f5de8d0b0e0d674321f39a205d9517464a6283b8f82fc3bab74408d8c32,8a83c801fa5bd495af887f832c6937c846c2b646ab272a5c553088883005d97c,2048,2048,2,float32+float32,HARD_LINK,NO,
train,Oil,00100.tif,Oil/00100.tif,train/images/Oil/00100.tif,00100.tif,Mask_oil/00100.tif,train/masks/Oil/00100.tif,184eed670bba3e4d8493022b435845cb13fd6954d344f942e34acb734d995522,cf879bd6d27e32d6d2351309fbf5b80eab7318dae9292582fca69defbfae8f99,2048,2048,2,float32+float32,HARD_LINK,NO,
train,Oil,00634.tif,Oil/00634.tif,train/images/Oil/00634.tif,00634.tif,Mask_oil/00634.tif,train/masks/Oil/00634.tif,b0f3e3fef02fa645f9f68fd275d03b8b4dc68afe85b66382921b2470b573241d,0a0a143f76bad02ff93fff89702fc9980fd14f51f094e7df30a468da7a072dc6,2048,2048,2,float32+float32,HARD_LINK,NO,
train,Oil,00479.tif,Oil/00479.tif,train/images/Oil/00479.tif,00479.tif,Mask_oil/00479.tif,train/masks/Oil/00479.tif,8c30d9a9fb19ef142684fcb0f353a369a8ca652bece2261fef5379ca3329a33d,3fb89861c23c32b85a4b1c041d1ea61634fe74cc93d3d41b487c7ef98635ea0d,2048,2048,2,float32+float32,HARD_LINK,NO,
train,Oil,00028.tif,Oil/00028.tif,train/images/Oil/00028.tif,00028.tif,Mask_oil/00028.tif,train/masks/Oil/00028.tif,c9d2c701ca152aa6abf9f2458cc80d1a0c8cf2caaa5ea1d905a1d91b87bed074,bf9db0c14b8b0d3ea50f9e32b790b8e9c9ff823d5526bf41abfd0d03076a99fd,2048,2048,2,float32+float32,HARD_LINK,NO,
train,Oil,00783.tif,Oil/00783.tif,train/images/Oil/00783.tif,00783.tif,Mask_oil/00783.tif,train/masks/Oil/00783.tif,e5cfc89bc811f1ac67fd7240b486777add3b23dd8d7152c456b1004654825289,5e0ec11bfe0a75d0a3c8d0eff950eacc490aae17af5ca83cc8af3fa2cf8aa5c8,2048,2048,2,float32+float32,HARD_LINK,NO,
train,Oil,01108.tif,Oil/01108.tif,train/images/Oil/01108.tif,01108.tif,Mask_oil/01108.tif,train/masks/Oil/01108.tif,c4c4b399d2c4f87fc8c17cd356d091b2aaace6e0bb352154f8b13e472f4a1f23,9e69813d06bf4cbfdab3d55a2ab56208bdc40dbfbe54e904fc685f6041d3089b,2048,2048,2,float32+float32,HARD_LINK,NO,
train,Oil,00211.tif,Oil/00211.tif,train/images/Oil/00211.tif,00211.tif,Mask_oil/00211.tif,train/masks/Oil/00211.tif,f268204059cdcac24931831e0cdb6e52c314f0ae712a7958de765160d8480914,a7c47e63270fd24ed61161a50401821beeea23266975c71d906cc92aa27df2d1,2048,2048,2,float32+float32,HARD_LINK,NO,
train,Oil,00492.tif,Oil/00492.tif,train/images/Oil/00492.tif,00492.tif,Mask_oil/00492.tif,train/masks/Oil/00492.tif,8ac470447375deb23c8f500ad54e6c0198dfe88d70f0aafa19a1c2bb122ae329,611bb62c8a209ae64557106ffce42360e96e92fcfc46098e17287a2611595eb4,2048,2048,2,float32+float32,HARD_LINK,NO,
train,Oil,00419.tif,Oil/00419.tif,train/images/Oil/00419.tif,00419.tif,Mask_oil/00419.tif,train/masks/Oil/00419.tif,312f667463a1170d23b96711563dadf6b449da7b49499256e9aaef1ead60f040,f92b1f3e59c5cb21e007b484ffe7926c6698898f07634791eac31c0425d8c0d7,2048,2048,2,float32+float32,HARD_LINK,NO,
train,Oil,01034.tif,Oil/01034.tif,train/images/Oil/01034.tif,01034.tif,Mask_oil/01034.tif,train/masks/Oil/01034.tif,92184a036c7159943a3af698dd6dc191711ab0a64925c06bb1297911bfb6d629,d5e550d4fdb6c8ed98845be6150f4472f5688f063a7e43862221bdd863b938e0,2048,2048,2,float32+float32,HARD_LINK,NO,
train,Oil,00030.tif,Oil/00030.tif,train/images/Oil/00030.tif,00030.tif,Mask_oil/00030.tif,train/masks/Oil/00030.tif,cd298550bd3b737f3127343bc032948d31a972d28082775f15d86c57153d29e2,fdb94cb06b5efc4799a9df48e429a1d1564b362c9f3955a399ffc121099a1cef,2048,2048,2,float32+float32,HARD_LINK,NO,
train,Oil,01055.tif,Oil/01055.tif,train/images/Oil/01055.tif,01055.tif,Mask_oil/01055.tif,train/masks/Oil/01055.tif,d56f2b0364038ccc348909a2a19da44b97b1d867158bbe518c3de74e7816c57b,bb03e6e3cfdb554a909148cbacf8b04ad41c9058f0a8afce1391a1b024f11f57,2048,2048,2,float32+float32,HARD_LINK,NO,
train,Oil,00806.tif,Oil/00806.tif,train/images/Oil/00806.tif,00806.tif,Mask_oil/00806.tif,train/masks/Oil/00806.tif,b33abe8a8436dd13ea46f4485141239adb59843778967e6952c28eac7be31a0f,580366880365c72c88c7604dfd834ce29edda6ccff97669537817ced909ff18f,2048,2048,2,float32+float32,HARD_LINK,NO,
train,Oil,00345.tif,Oil/00345.tif,train/images/Oil/00345.tif,00345.tif,Mask_oil/00345.tif,train/masks/Oil/00345.tif,b839a4f84a9524954a62e3a9a35b02adea0cdec6542ec583fc3db70748a19796,ec9b04470795b7eac47c29d6b95312bf9722b5cb31c217bcb0675c42f8e47b3d,2048,2048,2,float32+float32,HARD_LINK,NO,
train,Oil,01222.tif,Oil/01222.tif,train/images/Oil/01222.tif,01222.tif,Mask_oil/01222.tif,train/masks/Oil/01222.tif,c41c026eda5780007412959cfafdaa0c703ab46f81231b292c91a6b38621f808,0f5c3179c9b42733924920ac66403ea045082da723b339b67f5dc10310e27a9b,2048,2048,2,float32+float32,HARD_LINK,NO,
train,Oil,00583.tif,Oil/00583.tif,train/images/Oil/00583.tif,00583.tif,Mask_oil/00583.tif,train/masks/Oil/00583.tif,eed0bc115c414179ab2269de2b45d164cab63c3f729f2a5881b2eb04c77034b1,79f0f109724ee4345e65f4d2ebb66654088b3c868b99084305ac075ec0a435fb,2048,2048,2,float32+float32,HARD_LINK,NO,
train,Oil,00279.tif,Oil/00279.tif,train/images/Oil/00279.tif,00279.tif,Mask_oil/00279.tif,train/masks/Oil/00279.tif,19e6ce1ca0cd899d3a0e388f94c31a30fe9a7a8ee03f0105ae60f5432a91d0e1,2ea4280767b7d1876889b759c8e6521de048e307f98d3e47d8674be6a4fc3328,2048,2048,2,float32+float32,HARD_LINK,NO,
train,Oil,01212.tif,Oil/01212.tif,train/images/Oil/01212.tif,01212.tif,Mask_oil/01212.tif,train/masks/Oil/01212.tif,cf64bb45a4a5555d2d06439b5b82199e8d3ae928fe4e759bbff8b2c7b96fcc8a,cc8e2f140c9119e8f3072abda2d983e3ab9882de73ba74f32ef5d8a444d6f1ab,2048,2048,2,float32+float32,HARD_LINK,NO,
train,Oil,01146.tif,Oil/01146.tif,train/images/Oil/01146.tif,01146.tif,Mask_oil/01146.tif,train/masks/Oil/01146.tif,bb75e48b1465ea0052a409a30189a5887ca432f2d23e3b3137278901d9202977,762b3813cf49e3f3cde508f44964821e71188e167607938110f94e3a85be8e09,2048,2048,2,float32+float32,HARD_LINK,NO,
train,Oil,01045.tif,Oil/01045.tif,train/images/Oil/01045.tif,01045.tif,Mask_oil/01045.tif,train/masks/Oil/01045.tif,20eb4eece877bd9c8e3ddf177d371f48730138ced78ee6372a9b2db4dd0ae401,cd656e13444ec0d89bf0db1f850ae3656c935e60c69537fe42b0bde727011ebd,2048,2048,2,float32+float32,HARD_LINK,NO,
train,Oil,00375.tif,Oil/00375.tif,train/images/Oil/00375.tif,00375.tif,Mask_oil/00375.tif,train/masks/Oil/00375.tif,72f54f35d463dadb42f0424bab24c184df9f1cd93f1993d63095794ec572ec8e,91bcaa90ca7bdc658bfa26f4c3164d6313db20dbc48193e46574402721c8fd27,2048,2048,2,float32+float32,HARD_LINK,NO,
train,Oil,00436.tif,Oil/00436.tif,train/images/Oil/00436.tif,00436.tif,Mask_oil/00436.tif,train/masks/Oil/00436.tif,d353bb8d109ef701753d2b2f870731c7815786ff2d9cf749a069e088e76da208,e1f2e88528932e944b41f1d8083a9d2fe54e9f9544e1a66e2445e3211a53e740,2048,2048,2,float32+float32,HARD_LINK,NO,
train,Oil,01205.tif,Oil/01205.tif,train/images/Oil/01205.tif,01205.tif,Mask_oil/01205.tif,train/masks/Oil/01205.tif,589f65a77974fb96d049d964a9e6394cacdf05407be9c92c629602b303d60d3b,8bda7cac965929a690983b3d6513e416944c9ee20e2cfddca4bbfe8c1b0cc024,2048,2048,2,float32+float32,HARD_LINK,NO,
train,Oil,01017.tif,Oil/01017.tif,train/images/Oil/01017.tif,01017.tif,Mask_oil/01017.tif,train/masks/Oil/01017.tif,5ed9f0a7cd9d15fc4687288aff539493f54a59782926091003fc5f0ed3c491f6,d1ee78ea14496b09fe6c8fd06b77bf42978098fe51b40a8e6d1df514bdab1019,2048,2048,2,float32+float32,HARD_LINK,NO,
train,Oil,00465.tif,Oil/00465.tif,train/images/Oil/00465.tif,00465.tif,Mask_oil/00465.tif,train/masks/Oil/00465.tif,a637f5cacaf4f76dec52aeb72e09e639709bb5c23ed02e2fa6770c3485c4cf8d,ac89c4817cbd134571f4773b7ede45290f86cf75a3893748a99330153c28c78c,2048,2048,2,float32+float32,HARD_LINK,NO,
train,Oil,00021.tif,Oil/00021.tif,train/images/Oil/00021.tif,00021.tif,Mask_oil/00021.tif,train/masks/Oil/00021.tif,539eba02186bd5528efcb03f16a2c7a6aa59d1e1e2f48c989c38d7b93d2c347f,ea29cdee60123e42024693cca603ac944b7ca8781455f14a4fb0db7871833257,2048,2048,2,float32+float32,HARD_LINK,NO,
train,Oil,00474.tif,Oil/00474.tif,train/images/Oil/00474.tif,00474.tif,Mask_oil/00474.tif,train/masks/Oil/00474.tif,f3d3d0a55a2be019a294862398a03ecb8a121798282693293862d8644c9bce63,9bdc400dad2d8e8b489a39ab7a3e2d4a8c42d389fa55db293c0451d15394f53c,2048,2048,2,float32+float32,HARD_LINK,NO,
train,Oil,01178.tif,Oil/01178.tif,train/images/Oil/01178.tif,01178.tif,Mask_oil/01178.tif,train/masks/Oil/01178.tif,d74ed8c22464d06fc244af49035d44fe6cab96ed9d34a89a5b415e8b082d2ab8,a5a62bd46fedc7bec380f995e308b973e9d6de3c8d26566c239c5b7f4bb3d2d2,2048,2048,2,float32+float32,HARD_LINK,NO,
train,Oil,00263.tif,Oil/00263.tif,train/images/Oil/00263.tif,00263.tif,Mask_oil/00263.tif,train/masks/Oil/00263.tif,7716c6c07db49d8f58cca6841ec2a31d6dd71442b878f90d16a02b56fef70adb,f5dd39a8912ba372a31a87d35ce391e09def103d0d4b79fe15294edc9021cdd8,2048,2048,2,float32+float32,HARD_LINK,NO,
train,Oil,00076.tif,Oil/00076.tif,train/images/Oil/00076.tif,00076.tif,Mask_oil/00076.tif,train/masks/Oil/00076.tif,b3ed15e4e46a8db7ddc722f1d4ace9544b0f80fedb973ef80aeabfc5f69d32db,420cf1f9c20ddba726f3fb7947ffd69e0caec43e330d1c66f78d9382596a07ef,2048,2048,2,float32+float32,HARD_LINK,NO,
train,Oil,00503.tif,Oil/00503.tif,train/images/Oil/00503.tif,00503.tif,Mask_oil/00503.tif,train/masks/Oil/00503.tif,856ee0a3c1fc3aeb5158a35618e21ce63ee9a9e6e24ba3fd58faa9a7bd43c430,756093dff33ae6221809364dc446d6124033c08033aa9de516a0489f584ffa10,2048,2048,2,float32+float32,HARD_LINK,NO,
train,Oil,00558.tif,Oil/00558.tif,train/images/Oil/00558.tif,00558.tif,Mask_oil/00558.tif,train/masks/Oil/00558.tif,94b89dba0ba4b930a08674b57060f548c20d2a6b62392cd5a50118ca29770cc5,a08ea6a1765d98ee9a94bfcca52f6dedc3e7ce9504a4013edb317a4f5f8cb30a,2048,2048,2,float32+float32,HARD_LINK,NO,
train,Oil,01024.tif,Oil/01024.tif,train/images/Oil/01024.tif,01024.tif,Mask_oil/01024.tif,train/masks/Oil/01024.tif,04fbe35ee3c91e1ff6db489e4e9634ae1a99644367a765c51c1e375766147982,cfc80aa0b7e3fc18b5bc2c680994eca80b420370d5001c42fa571c2ef742abad,2048,2048,2,float32+float32,HARD_LINK,NO,
train,Oil,01102.tif,Oil/01102.tif,train/images/Oil/01102.tif,01102.tif,Mask_oil/01102.tif,train/masks/Oil/01102.tif,6fad12dd37869f2830feb766b4586046566a71b0dc9980cb496f06025503aaa1,e7c12bd830c8186d82b439d8bf192a343aab0cb955dc1e3cb9695993c002a44d,2048,2048,2,float32+float32,HARD_LINK,NO,
train,Oil,00495.tif,Oil/00495.tif,train/images/Oil/00495.tif,00495.tif,Mask_oil/00495.tif,train/masks/Oil/00495.tif,b1da4556d5747972f5ea79f1d96958ffd686e5feb4b3d246ab6a88c9d75fb565,62f7b4bff49cc8d6e8b59a8bd3a7d7b20bd25cc69b0b2788ff9748ab1cf0bf50,2048,2048,2,float32+float32,HARD_LINK,NO,
train,Oil,00730.tif,Oil/00730.tif,train/images/Oil/00730.tif,00730.tif,Mask_oil/00730.tif,train/masks/Oil/00730.tif,11a749f99a8d21cad48763d7021a91b67c17f28f969e5c110a5e7481227ea18c,fc3c7b8a1ffd50b7a0c351887e3c24ad67eadffacd6e2fa038c16109f2d84868,2048,2048,2,float32+float32,HARD_LINK,NO,
train,Oil,01253.tif,Oil/01253.tif,train/images/Oil/01253.tif,01253.tif,Mask_oil/01253.tif,train/masks/Oil/01253.tif,c3f61f264d4c15d67e8d8425918569e100be4f66203a4785d0d9828cddbce3c9,f8858c212bfe1015671adc11fa4326d992b2a551d9574862e76fa68a41f59f70,2048,2048,2,float32+float32,HARD_LINK,NO,
train,Oil,01138.tif,Oil/01138.tif,train/images/Oil/01138.tif,01138.tif,Mask_oil/01138.tif,train/masks/Oil/01138.tif,0c9cf3c3772520b2f5f193960b03f6ed1fde2c169d9ac00a2f0f3e26c6fbe7cc,4587327c23455253db901cf3eb47d0f398767ce9e0cde5bd19a74d52571a4ed1,2048,2048,2,float32+float32,HARD_LINK,NO,
train,Oil,00196.tif,Oil/00196.tif,train/images/Oil/00196.tif,00196.tif,Mask_oil/00196.tif,train/masks/Oil/00196.tif,047bb911b3fd057604067a451936c40910dc635e86054024c847741e027f6b1d,944c6ef074a446b93168ad48afd15efeed706265f1d95f36a45532d5c250a059,2048,2048,2,float32+float32,HARD_LINK,NO,
train,Oil,00468.tif,Oil/00468.tif,train/images/Oil/00468.tif,00468.tif,Mask_oil/00468.tif,train/masks/Oil/00468.tif,92d87e717818f0a8ff082e3a55dfcb93c966aff4e6617673803a8616ae07842b,74e80c70ddae332b1ba0e2c77f914bf66e60767397bf0532485f590093e54437,2048,2048,2,float32+float32,HARD_LINK,NO,
train,Oil,00290.tif,Oil/00290.tif,train/images/Oil/00290.tif,00290.tif,Mask_oil/00290.tif,train/masks/Oil/00290.tif,cf5a98cca548b168981be8beeebdef96a19193455fb7b628979a08d15e0f6de8,a7d3834cca1d599ff8b15e321e4c02b2e65a98cc3cc644b0eadcc95d97efcdba,2048,2048,2,float32+float32,HARD_LINK,NO,
train,Oil,00194.tif,Oil/00194.tif,train/images/Oil/00194.tif,00194.tif,Mask_oil/00194.tif,train/masks/Oil/00194.tif,41bdc5ae86693954bb283a75bf3747af4bb8e01db9af441b23c663af2b1c37de,89e499bdb490e53eba37781d7a4d95f74f9b85c93cb50bd67fb324f8729f4214,2048,2048,2,float32+float32,HARD_LINK,NO,
train,Oil,01177.tif,Oil/01177.tif,train/images/Oil/01177.tif,01177.tif,Mask_oil/01177.tif,train/masks/Oil/01177.tif,f3682968514cde21ce658c3cddd2cdf93c615088985d37ebd9170626f504fbc7,ee027ff8f217d706d938d27df03c50253cd98488d53026fdd0bc679424048922,2048,2048,2,float32+float32,HARD_LINK,NO,
train,Oil,01010.tif,Oil/01010.tif,train/images/Oil/01010.tif,01010.tif,Mask_oil/01010.tif,train/masks/Oil/01010.tif,ca449c6c619b0e090d58eea1cec2bd1d0ed311a12c9fc787e0d69069fc5d615a,f4294c5d9ba2746b95221920be122c10e9d5b93b47d8f82cbf45e8236ee43715,2048,2048,2,float32+float32,HARD_LINK,NO,
train,Oil,01066.tif,Oil/01066.tif,train/images/Oil/01066.tif,01066.tif,Mask_oil/01066.tif,train/masks/Oil/01066.tif,4a4cc1a1645d14701d089b0fba95769c2e9839602ed7d0b7dfdfc48571271199,cd8ad5692f25ecd1d0c5e5ed0841397118db950ae95c4e3fa81282a9b21765db,2048,2048,2,float32+float32,HARD_LINK,NO,
train,Oil,01223.tif,Oil/01223.tif,train/images/Oil/01223.tif,01223.tif,Mask_oil/01223.tif,train/masks/Oil/01223.tif,34709f9a1b2e2a40f7f3257d7096a80e9dcdcba1161db5ee51f97d61d6e51150,856a92bc70d538a26702078cdf14e315bbbc822b3d507a3e62830428fb366b4a,2048,2048,2,float32+float32,HARD_LINK,NO,
train,Oil,01252.tif,Oil/01252.tif,train/images/Oil/01252.tif,01252.tif,Mask_oil/01252.tif,train/masks/Oil/01252.tif,f63722de86be45038cdd48dd622d5e1dcaf37d8b89b52d994a8432b9ba01139a,72892bbf53f25b89e0f982b7ed05573b135550087c006296ec7ef6d380f2603b,2048,2048,2,float32+float32,HARD_LINK,NO,
train,Oil,00931.tif,Oil/00931.tif,train/images/Oil/00931.tif,00931.tif,Mask_oil/00931.tif,train/masks/Oil/00931.tif,fda9cd5a3374c3475e2042d6d22b393fcdfe061a14074ddecbabe6f30f7bcb1a,b3e50232132bff1f79eabc8fbb48785fa6c1ada2491e745dde56d68cda4a868c,2048,2048,2,float32+float32,HARD_LINK,NO,
train,Oil,01246.tif,Oil/01246.tif,train/images/Oil/01246.tif,01246.tif,Mask_oil/01246.tif,train/masks/Oil/01246.tif,26b60d88cbc23380372b66dfb6c05fac48ce3c2918e5e479e8a83b1818bd4e08,9679b4cae1a57eb37a90a0eb98ed0fc2cd02e7eb34c65e0c4e981a62dade1be3,2048,2048,2,float32+float32,HARD_LINK,NO,
train,Oil,01272.tif,Oil/01272.tif,train/images/Oil/01272.tif,01272.tif,Mask_oil/01272.tif,train/masks/Oil/01272.tif,290a1ba2ceb0cf63912089f2493aebffad0a8adbf4011eed1d4b00eed9156c8d,9d917efebc06a47e85334d21bbcf52b97aa714af4ccc424948400f802dfba4e0,2048,2048,2,float32+float32,HARD_LINK,NO,
train,Oil,00094.tif,Oil/00094.tif,train/images/Oil/00094.tif,00094.tif,Mask_oil/00094.tif,train/masks/Oil/00094.tif,607136604488955fc78ce2d557efb55854ae1ece27c256a8315cf75906504401,9aea1c9e0f8b198ef25f67113c055fdbc8a6c94411307876e0e5cc67e2aa55e7,2048,2048,2,float32+float32,HARD_LINK,NO,
train,Oil,00530.tif,Oil/00530.tif,train/images/Oil/00530.tif,00530.tif,Mask_oil/00530.tif,train/masks/Oil/00530.tif,e8ebb598632c9640bab143c89a67e4914f0b759b8ca3895fb4e2fc9054f13df3,2088334710e53b5645803d22d4a19544224672ad649a868e597b4c2b17518699,2048,2048,2,float32+float32,HARD_LINK,NO,
train,Oil,00347.tif,Oil/00347.tif,train/images/Oil/00347.tif,00347.tif,Mask_oil/00347.tif,train/masks/Oil/00347.tif,84f3dd9bb21bcb017ca03d78e7c3e7b588b2c3a38b766ba6749d8a95629b08a2,ef11b04865da5d153d64963c2f2443c610e52827fe0bb855a392ccf49d359997,2048,2048,2,float32+float32,HARD_LINK,NO,
train,Oil,01060.tif,Oil/01060.tif,train/images/Oil/01060.tif,01060.tif,Mask_oil/01060.tif,train/masks/Oil/01060.tif,d6b7e05f8953b11e6c6a21908ffcc0fdb51960a9f1500185bd2525cd6f5795fc,f566d9518b52e4d52360167d0fb8cc5eb2315d8e8faf10984792c011e330cf36,2048,2048,2,float32+float32,HARD_LINK,NO,
train,Oil,00579.tif,Oil/00579.tif,train/images/Oil/00579.tif,00579.tif,Mask_oil/00579.tif,train/masks/Oil/00579.tif,50bafeaceeef69c3bd6db609367d1662fa8cd6e3073a4aea9d99f6483dce6d26,7c26ee62e46b99f2dee5524d6bd0f4b791ce9585f80103f287625a1711bbb7c5,2048,2048,2,float32+float32,HARD_LINK,NO,
train,Oil,00622.tif,Oil/00622.tif,train/images/Oil/00622.tif,00622.tif,Mask_oil/00622.tif,train/masks/Oil/00622.tif,2f6197ae7a82f0f5b2c3543d40c4e0b29f1396817c04465cd28d13e2354737b0,5372d351dbc6f722fce4266b032edda4a7d9d2fb05e745aba25a85e39561af8f,2048,2048,2,float32+float32,HARD_LINK,NO,
train,Oil,01042.tif,Oil/01042.tif,train/images/Oil/01042.tif,01042.tif,Mask_oil/01042.tif,train/masks/Oil/01042.tif,e5849e79e4e1db250e56949fd73d86c6765284b3d767f38b1a5cf673c04821a1,9c2b919dc8c08f445a8c21ea9b919aa7eccc12850a660df49082e2b4c5930a81,2048,2048,2,float32+float32,HARD_LINK,NO,
train,Oil,00317.tif,Oil/00317.tif,train/images/Oil/00317.tif,00317.tif,Mask_oil/00317.tif,train/masks/Oil/00317.tif,b9df6cd4a78782b9fa3e6f4e8889f4aa053e39601759f65758dcd04f0b5999c8,a59c6d79c5b54f716f810d84b36e18142638b347a1fb4a1efa046b5472c60b9c,2048,2048,2,float32+float32,HARD_LINK,NO,
train,Oil,00329.tif,Oil/00329.tif,train/images/Oil/00329.tif,00329.tif,Mask_oil/00329.tif,train/masks/Oil/00329.tif,dbdb3e0762069d6741ecb773dfbfa38d10897f48e934d7ffd1346a43e1f95940,b09f7c4e75207d5a00395225ae88b2312a56ebc49c64948d2d8fba769963a7ad,2048,2048,2,float32+float32,HARD_LINK,NO,
train,Oil,01160.tif,Oil/01160.tif,train/images/Oil/01160.tif,01160.tif,Mask_oil/01160.tif,train/masks/Oil/01160.tif,c8b8f7b575818ce99beb62b92bca8e10bb81017a45fe9ea4f19e326b30f0bca2,40a10de9bd57da7e80f8c820b00b63f43c01273a8238791e6ed21cd2ce4a95b2,2048,2048,2,float32+float32,HARD_LINK,NO,
train,Oil,01065.tif,Oil/01065.tif,train/images/Oil/01065.tif,01065.tif,Mask_oil/01065.tif,train/masks/Oil/01065.tif,390e410e09102ed2dfdb6239353568ff8f434a117937ee83a22429231794a72e,e05bdb0b56100ddd2151a720d6233c6cac357d923a9e9bad2cfbe979b0817c79,2048,2048,2,float32+float32,HARD_LINK,NO,
train,Oil,00202.tif,Oil/00202.tif,train/images/Oil/00202.tif,00202.tif,Mask_oil/00202.tif,train/masks/Oil/00202.tif,2219adf4f4d545c2ea51298b40d03292cf30f300996320a0c3f5883b87645211,7edaac1e2155116ae249fa5d4e3de268ddff2863dc6405c38426711368e29be5,2048,2048,2,float32+float32,HARD_LINK,NO,
train,Oil,00536.tif,Oil/00536.tif,train/images/Oil/00536.tif,00536.tif,Mask_oil/00536.tif,train/masks/Oil/00536.tif,a14aa0479175ff2ad6b53e49f6c410a4c6c44c6802daa1208dd013c18895ce24,441fde158baf55c300dcae40db6c229d39ddad4ab438eae2326bf58b707dc8b1,2048,2048,2,float32+float32,HARD_LINK,NO,
train,Oil,01067.tif,Oil/01067.tif,train/images/Oil/01067.tif,01067.tif,Mask_oil/01067.tif,train/masks/Oil/01067.tif,ba296539eda4490e1254b5ff4dd620e4d897984e0e7b4c4dad0d9732f970ade7,7582c7655ce687b975cd980deefc76174e3c74a7d3ce73ba8f92b8f30aedf93b,2048,2048,2,float32+float32,HARD_LINK,NO,
train,Oil,00515.tif,Oil/00515.tif,train/images/Oil/00515.tif,00515.tif,Mask_oil/00515.tif,train/masks/Oil/00515.tif,1d76c5796c6a88300e1e6626de59a5bbb0321fd5c26f622a13a1e6c8f32a3822,16543d6be4a0f8fd57fb053313b140457ab61507e01586d1695ffeefebea3076,2048,2048,2,float32+float32,HARD_LINK,NO,
train,Oil,00605.tif,Oil/00605.tif,train/images/Oil/00605.tif,00605.tif,Mask_oil/00605.tif,train/masks/Oil/00605.tif,53d8886daeb4fe15dc3e521417b1016734f179ff535bd800b807c0c202dca4c8,dc3905833166811178e7d484e176bd6928d2df5c6ef9f342c05cd8a45a23b3f5,2048,2048,2,float32+float32,HARD_LINK,NO,
train,Oil,01074.tif,Oil/01074.tif,train/images/Oil/01074.tif,01074.tif,Mask_oil/01074.tif,train/masks/Oil/01074.tif,33668df3bbc92a1ccf585c5dd4058a0c6db5b3b924cad4a94c24ea178941fd3c,6f54bdf4a529d8bd99d7b79dd329074c2b851d26e57d4e318fd045dac957956f,2048,2048,2,float32+float32,HARD_LINK,NO,
train,Oil,00399.tif,Oil/00399.tif,train/images/Oil/00399.tif,00399.tif,Mask_oil/00399.tif,train/masks/Oil/00399.tif,a450ec99b11a46ed9e297fbd9b5e01e4c0addd80c6d14a5df3d713235894aaee,8fb06c0e166bbce13de1f25b0c3f9e369e869bc34469106e9df5cd0a8d2c8e2a,2048,2048,2,float32+float32,HARD_LINK,NO,
train,Oil,00662.tif,Oil/00662.tif,train/images/Oil/00662.tif,00662.tif,Mask_oil/00662.tif,train/masks/Oil/00662.tif,4224321780ba1eed83616be283d96b84aa2b2122baaf34e08b17ab0e00dbb7d1,85b77ccfaee395aa6a7d960f5f0658616148d699a20e922e264223ceeb477d02,2048,2048,2,float32+float32,HARD_LINK,NO,
train,Oil,01014.tif,Oil/01014.tif,train/images/Oil/01014.tif,01014.tif,Mask_oil/01014.tif,train/masks/Oil/01014.tif,a8fc32778ef50fbad5107d9171dc1bf568ce5872c93f27e6e23fc6b8e10c2dba,f2294b844b3eba5cf2f9c76e1d33d82bb57d933e1ccde64cbacd1dd732324a5e,2048,2048,2,float32+float32,HARD_LINK,NO,
train,Oil,00715.tif,Oil/00715.tif,train/images/Oil/00715.tif,00715.tif,Mask_oil/00715.tif,train/masks/Oil/00715.tif,30934b82b7adb5088c560dff912a219f5bc3741e30ef22f17102921436bc3cf3,86fdc61eb03f21894ff639c94a4e64bc54b55e9ddae7cec1b4e1dee4226f34fa,2048,2048,2,float32+float32,HARD_LINK,NO,
train,Oil,00173.tif,Oil/00173.tif,train/images/Oil/00173.tif,00173.tif,Mask_oil/00173.tif,train/masks/Oil/00173.tif,65c638ea20377a75659f04e47397d336e0291c80cf1c5f26d05972108e40cec7,76e03b009d04eca62814b1545506d541db278dc6387201c6ec2137ed60cea044,2048,2048,2,float32+float32,HARD_LINK,NO,
train,Oil,00548.tif,Oil/00548.tif,train/images/Oil/00548.tif,00548.tif,Mask_oil/00548.tif,train/masks/Oil/00548.tif,ec7c0bac43a96d4a0be9c78ad94ec0c6d2be57308485e4a9c803d4b7cef2d013,13f6c15c6938b2069b09e917c314e4b33f39b2e4eaa5d3092eb67f8ab1081d82,2048,2048,2,float32+float32,HARD_LINK,NO,
train,Oil,00157.tif,Oil/00157.tif,train/images/Oil/00157.tif,00157.tif,Mask_oil/00157.tif,train/masks/Oil/00157.tif,103ba374622384c8baf00f88ff23da5f3567b42d6fdb751755d13057d0df6bdd,4c7d5d493e6d1dc792835776bb1385d18a6ac6f7fe35d9d077f3f5bf5be47bc2,2048,2048,2,float32+float32,HARD_LINK,NO,
train,Oil,00878.tif,Oil/00878.tif,train/images/Oil/00878.tif,00878.tif,Mask_oil/00878.tif,train/masks/Oil/00878.tif,e0b11d024906aeb392ec864b61d8b863be76aa6846c1b6d0d9242ce952d045b3,c62188ca8d4a59fef0c358c4509640a40c012c1c66e1a52c7edfafc40eb72f55,2048,2048,2,float32+float32,HARD_LINK,NO,
train,Oil,00660.tif,Oil/00660.tif,train/images/Oil/00660.tif,00660.tif,Mask_oil/00660.tif,train/masks/Oil/00660.tif,d443239c6da342ec7c57e0f3479aa1c29655b7f4f4095bb9eba9e35598e0cbec,64aa2ce00c4578ab5365a1a7b36f8d50adb2787d06c056253249b0d292c4e3f6,2048,2048,2,float32+float32,HARD_LINK,NO,
train,Oil,01019.tif,Oil/01019.tif,train/images/Oil/01019.tif,01019.tif,Mask_oil/01019.tif,train/masks/Oil/01019.tif,b189f8efd65f7ae490f2b9c910d964da8aed46ffd82a095cb29deeb39292ab13,eb8b11697cb4ab74d0aea200a035007e9589943ecf530750554e74acfb35fa92,2048,2048,2,float32+float32,HARD_LINK,NO,
train,Oil,00556.tif,Oil/00556.tif,train/images/Oil/00556.tif,00556.tif,Mask_oil/00556.tif,train/masks/Oil/00556.tif,da1ad1ac9fbe7c2163af677f8b5043a96972916c367881aa0125755300728b83,fd6594b1fa343a4c1e457495ccc82e19cf8afb6631d80198d191716e2b1748b7,2048,2048,2,float32+float32,HARD_LINK,NO,
train,Oil,00619.tif,Oil/00619.tif,train/images/Oil/00619.tif,00619.tif,Mask_oil/00619.tif,train/masks/Oil/00619.tif,4cd92ffb2c335260efdcd429f44b2e0ff3df55ddf8150fe62696377c07c66fbc,c5d89c4d49630603e09fd791a94d226b9a0d0e7e3c04ab8a2bddb0948070ab55,2048,2048,2,float32+float32,HARD_LINK,NO,
train,Oil,00224.tif,Oil/00224.tif,train/images/Oil/00224.tif,00224.tif,Mask_oil/00224.tif,train/masks/Oil/00224.tif,fd6b6e487768ca5f7573c56c0c0687d6e4fc5a0d2472291cb5f7eee8b7640bb7,f97a53b840d04fad3095e253fdd7d185b6201a3e55b50a7218969318725cc282,2048,2048,2,float32+float32,HARD_LINK,NO,
train,Oil,01263.tif,Oil/01263.tif,train/images/Oil/01263.tif,01263.tif,Mask_oil/01263.tif,train/masks/Oil/01263.tif,3660d95869e07a61c5f6a261e7bba66b9e36f15e6bcfbb113103daced8b43aab,4636e2b4e0ae36c080abc94a5c471bee6f8a50a97c6bc4f954452b6fdb8f3f94,2048,2048,2,float32+float32,HARD_LINK,NO,
train,Oil,01245.tif,Oil/01245.tif,train/images/Oil/01245.tif,01245.tif,Mask_oil/01245.tif,train/masks/Oil/01245.tif,fbaee8c8749af7c799534e60a00cc2b4ed030d5624a9f95586812ee597c9b498,33bfb2872da4555f3a1c85005f72a4047f23211534c7d1cfc9cac41a4c8d64b1,2048,2048,2,float32+float32,HARD_LINK,NO,
train,Oil,00935.tif,Oil/00935.tif,train/images/Oil/00935.tif,00935.tif,Mask_oil/00935.tif,train/masks/Oil/00935.tif,b78df71048915cc4ee41ee0a462651c8b5b3fd933e5370e83f660d0d065e6a9b,3f250b9aacdc646b42813b42c61e2f0b68c5685343e3a7c04491cafd70794a30,2048,2048,2,float32+float32,HARD_LINK,NO,
train,Oil,00005.tif,Oil/00005.tif,train/images/Oil/00005.tif,00005.tif,Mask_oil/00005.tif,train/masks/Oil/00005.tif,38c21ba8a8f1cdb9057460bc45aa8e7388aa88dd8f30d76178e8e8f7efd9a08b,e33442a4c0aaf348bdd602d12288a6f010bff447e6dc0852f70aea70add860c8,2048,2048,2,float32+float32,HARD_LINK,NO,
train,Oil,01274.tif,Oil/01274.tif,train/images/Oil/01274.tif,01274.tif,Mask_oil/01274.tif,train/masks/Oil/01274.tif,ebcb2dc7b9a52b38cab5c52ae7a0a3f1f0278807a47cbeb1c2ae733e49d6c2e6,e08fea16302f9407e52e45233f7f33ee545163194a6220792ab210f88a2849ba,2048,2048,2,float32+float32,HARD_LINK,NO,
train,Oil,00306.tif,Oil/00306.tif,train/images/Oil/00306.tif,00306.tif,Mask_oil/00306.tif,train/masks/Oil/00306.tif,2846965021462b3255fec92d17deec71f3c8dc8886cbec103b3a5b206ef7b785,c292ff70163feb8862c0b223a2202b1ba63c5d8e4f405bfbf8757182ee27877d,2048,2048,2,float32+float32,HARD_LINK,NO,
train,Oil,00833.tif,Oil/00833.tif,train/images/Oil/00833.tif,00833.tif,Mask_oil/00833.tif,train/masks/Oil/00833.tif,42bae10ac4e37b9590a75978d549c6bfcfd6e1c6f2024a5d5832f039312db416,91f564b9ed8a2bbfc69584af02a8a9840c79d19744ef36e486b860ed2e8a4391,2048,2048,2,float32+float32,HARD_LINK,NO,
train,Oil,00594.tif,Oil/00594.tif,train/images/Oil/00594.tif,00594.tif,Mask_oil/00594.tif,train/masks/Oil/00594.tif,95f9a9e0aaba9aa53164db6fb11f96f2376cde3e6d864c7bcf8e3caff5d049a6,8bab7c0c7f1d52d274ee9023b111daa4c70cbd5786a27f1b49cd001e42fb7c01,2048,2048,2,float32+float32,HARD_LINK,NO,
train,Oil,01282.tif,Oil/01282.tif,train/images/Oil/01282.tif,01282.tif,Mask_oil/01282.tif,train/masks/Oil/01282.tif,12bbd39dd40aeda83ac6633b13a514f5ce2be1e936295d934c1963313be6957c,6d0a6f025be508840b43f171ad081d2b2d6a605c38689fe289781121feff1246,2048,2048,2,float32+float32,HARD_LINK,NO,
train,Oil,00250.tif,Oil/00250.tif,train/images/Oil/00250.tif,00250.tif,Mask_oil/00250.tif,train/masks/Oil/00250.tif,68c69a4896c521680d0122c9f50075204e5f8089f52b91f3dd80bcec7186621e,af67f0e08365ffff86c9ed65126d797e42e8d7049e0688f4ab82cea33f5934ea,2048,2048,2,float32+float32,HARD_LINK,NO,
train,Oil,00684.tif,Oil/00684.tif,train/images/Oil/00684.tif,00684.tif,Mask_oil/00684.tif,train/masks/Oil/00684.tif,da78a7348ccdbe7eeddf5906a37cd552f96b259fb117b07e75f5896925f08e4b,fb97ddd8fa0d2351e7fb2540b848d0881cc737caa61a535f78bbcd57e01a8f47,2048,2048,2,float32+float32,HARD_LINK,NO,
train,Oil,00502.tif,Oil/00502.tif,train/images/Oil/00502.tif,00502.tif,Mask_oil/00502.tif,train/masks/Oil/00502.tif,a48e66e4b703a398c9c0321a1c501d22093e6fea587093e92cb5b36d3b20975e,89d5738185aa09ec424ef9b51dbd770e25b02ae9e317466fcfe0fdc08634de4b,2048,2048,2,float32+float32,HARD_LINK,NO,
train,Oil,01279.tif,Oil/01279.tif,train/images/Oil/01279.tif,01279.tif,Mask_oil/01279.tif,train/masks/Oil/01279.tif,758835dd2f58187331326915bb3f9f50d822d25541721922288e2f5633d3f06e,1120b9624c1abf47f9a30b813a0047dfa6c25a28ab7b16c93b98ba66ad25c6f8,2048,2048,2,float32+float32,HARD_LINK,NO,
train,Oil,01315.tif,Oil/01315.tif,train/images/Oil/01315.tif,01315.tif,Mask_oil/01315.tif,train/masks/Oil/01315.tif,5f47516da3e0eb9a5606ba6569c01b68786dc3beeb4f73f97f2dc8f61c9a68cc,af43d8b881391abf995fa047e8de71bd144fbbe4f85005aa629c9eba2c8fca57,2048,2048,2,float32+float32,HARD_LINK,NO,
train,Oil,00723.tif,Oil/00723.tif,train/images/Oil/00723.tif,00723.tif,Mask_oil/00723.tif,train/masks/Oil/00723.tif,90d5e7ac5297f1b0c086a3024d797edd3b53b911e9b1b5debb1ab583df90fab8,febc92110871e61bbc4b1745fb0dc68e34cd30e86f9e6005a54536df8d89bdd1,2048,2048,2,float32+float32,HARD_LINK,NO,
train,Oil,00567.tif,Oil/00567.tif,train/images/Oil/00567.tif,00567.tif,Mask_oil/00567.tif,train/masks/Oil/00567.tif,689c460394b7b7b44c1fc67f724ca4a960924837af3281dc09fa7b4c0a29a489,dd8a42bd3a3e90aa67a8ef4a65f16728b2c9ea61243cd821918b9b34b88c5005,2048,2048,2,float32+float32,HARD_LINK,NO,
train,Oil,00956.tif,Oil/00956.tif,train/images/Oil/00956.tif,00956.tif,Mask_oil/00956.tif,train/masks/Oil/00956.tif,8fe763014b637f3dbb660a402028d83ad3e7f4562fea64ae19ea392a125b1d34,7cc83e41f910d1a1fa41e30191979a5d2b246ac4958f9713def287011cd5afa3,2048,2048,2,float32+float32,HARD_LINK,NO,
train,Oil,00053.tif,Oil/00053.tif,train/images/Oil/00053.tif,00053.tif,Mask_oil/00053.tif,train/masks/Oil/00053.tif,685d6a0de3aec1a12315c35378464d9cb0d170427faa423f0f53769e22c173f6,280ce5e6a5c290dc02fbc156b345e94ba340efab5c406fd7331e83562f767e9a,2048,2048,2,float32+float32,HARD_LINK,NO,
train,Oil,00865.tif,Oil/00865.tif,train/images/Oil/00865.tif,00865.tif,Mask_oil/00865.tif,train/masks/Oil/00865.tif,709e9902b08308a10f20ba8d2fd14231eb7d08b897f9c409028285f47773ff54,42645fd229e78992ed1775b56f90192d6c8fb56483ddea048ff59859993519f4,2048,2048,2,float32+float32,HARD_LINK,NO,
train,Oil,00190.tif,Oil/00190.tif,train/images/Oil/00190.tif,00190.tif,Mask_oil/00190.tif,train/masks/Oil/00190.tif,4db337bddac52c98304dbe0fdc45d4d0ff0ab26082099a1e66ff3673aac34ae1,0dd6eb2d6923640b3c66e80a2967c94fbaf612421e6acdf81af6b5bd48f07592,2048,2048,2,float32+float32,HARD_LINK,NO,
train,Oil,00254.tif,Oil/00254.tif,train/images/Oil/00254.tif,00254.tif,Mask_oil/00254.tif,train/masks/Oil/00254.tif,e812be52920ab2b475f6e3360966eb2a0b1d688fcb5d8e918cb91e5041bbf04d,6a7b627bc5a790864e4e8a40a6732c9f70d6ebd61cdb60b703ab196538eb9c65,2048,2048,2,float32+float32,HARD_LINK,NO,
train,Oil,00284.tif,Oil/00284.tif,train/images/Oil/00284.tif,00284.tif,Mask_oil/00284.tif,train/masks/Oil/00284.tif,ad4d758962b2fe794d1a7e4e7da6c6fd2dd069b7fc97ecd96ce7517ca3c7d175,be099907d5702a22195906402262fdb818f83017c4a70ee6b830cffd5e4b4f84,2048,2048,2,float32+float32,HARD_LINK,NO,
train,Oil,00391.tif,Oil/00391.tif,train/images/Oil/00391.tif,00391.tif,Mask_oil/00391.tif,train/masks/Oil/00391.tif,fd3e059089aefcd2ad4aa2f64e87e3c45681744d04a36ab39222d6145617e788,8d206b8c37e635a00a1877dca83ddd04999b535faba0cc40267e9d544a38568f,2048,2048,2,float32+float32,HARD_LINK,NO,
train,Oil,01209.tif,Oil/01209.tif,train/images/Oil/01209.tif,01209.tif,Mask_oil/01209.tif,train/masks/Oil/01209.tif,5405f266b5df2cef6d8ac0cc27e59fbe35fdca301286d7d44a2582fbfe02a8db,2e54816fada31c691e0d123f484644dac959138b457b86034ee18074cf31eeb7,2048,2048,2,float32+float32,HARD_LINK,NO,
train,Oil,01063.tif,Oil/01063.tif,train/images/Oil/01063.tif,01063.tif,Mask_oil/01063.tif,train/masks/Oil/01063.tif,d2539d1988f941d45123a30ce5f017172a35e46c56f37a0b93f51e4b1461be78,6745fe3de07558ebb88f96cf08a874c1cf47e666088f3598e484059349eb14a4,2048,2048,2,float32+float32,HARD_LINK,NO,
train,Oil,00418.tif,Oil/00418.tif,train/images/Oil/00418.tif,00418.tif,Mask_oil/00418.tif,train/masks/Oil/00418.tif,44a76a3c357a45bad4cf6622ce7d52f4145a2bde201b6cd5bc16a9c9f1f170ce,0c65a15b6bd2714800e8acd1ee8bcb5b1c55a46c2076f94f817316976d4048c2,2048,2048,2,float32+float32,HARD_LINK,NO,
train,Oil,01002.tif,Oil/01002.tif,train/images/Oil/01002.tif,01002.tif,Mask_oil/01002.tif,train/masks/Oil/01002.tif,fc40609920aa2340de72165c6406a08fd37f18a35081439aaebbc0b7456896f4,82fba2576cfb1cb22d0c7f5288563f5c39c460143b9f55fac90d339e83bf95f6,2048,2048,2,float32+float32,HARD_LINK,NO,
train,Oil,00750.tif,Oil/00750.tif,train/images/Oil/00750.tif,00750.tif,Mask_oil/00750.tif,train/masks/Oil/00750.tif,858e8f25a4f662e3d5c8414d5f5f961112fc32f7085285bf4b9aac84d3d8ebbb,f314e0caa1497f7ffad0612ef1ee36e9e0f85508e151753df5dbb10b3e7375f5,2048,2048,2,float32+float32,HARD_LINK,NO,
train,Oil,00616.tif,Oil/00616.tif,train/images/Oil/00616.tif,00616.tif,Mask_oil/00616.tif,train/masks/Oil/00616.tif,4ed656bdc0825374ad7eda4a0eac7c8a264e9c882553557c5ba65692b21e143e,2e22203feec28a81f8254319d324e859596f8b5faeab1d7f0ab0511ba5071926,2048,2048,2,float32+float32,HARD_LINK,NO,
train,Oil,00356.tif,Oil/00356.tif,train/images/Oil/00356.tif,00356.tif,Mask_oil/00356.tif,train/masks/Oil/00356.tif,87148351174fb8cb77c1a3f9f05e0d635ec275ec6b73bce82fe6ec1fc01e7c35,6da04149726a3ec5a55714c76b1dbce8f93b4c71db5c78bfde028971ff458a5c,2048,2048,2,float32+float32,HARD_LINK,NO,
train,Oil,00101.tif,Oil/00101.tif,train/images/Oil/00101.tif,00101.tif,Mask_oil/00101.tif,train/masks/Oil/00101.tif,e19c220b83f19386a7739a579feb62f2051fd7eac3e7530070507dada8116601,5939f480108d6a132fdb245b109eb57a35fc89bdb3b57fefb53c4e30486bad8a,2048,2048,2,float32+float32,HARD_LINK,NO,
train,Oil,00215.tif,Oil/00215.tif,train/images/Oil/00215.tif,00215.tif,Mask_oil/00215.tif,train/masks/Oil/00215.tif,af29d21e930e0862f54dfce4ce07ef7678a02a6011c1546867a2730afdcc34c8,f7b9b92f77fe4766e3f693f4bc611473c83164e170ae6e49aef900da4fa760cc,2048,2048,2,float32+float32,HARD_LINK,NO,
train,Oil,01121.tif,Oil/01121.tif,train/images/Oil/01121.tif,01121.tif,Mask_oil/01121.tif,train/masks/Oil/01121.tif,6b49a5f784711b01df44382eaaba305ea7e52ec78a57bcf078ee4d387c5bad37,88d5975f62d8d0efd645b714f9a160397cc5b0daa6e06a15e67cdad440b84c01,2048,2048,2,float32+float32,HARD_LINK,NO,
train,Oil,00813.tif,Oil/00813.tif,train/images/Oil/00813.tif,00813.tif,Mask_oil/00813.tif,train/masks/Oil/00813.tif,ead1990edeeef15f5b3ff41b79fe57560ebb4758d0750fda3d7fbcb57ceb49fe,0509ecbbf83872ae0ca5e50fbae7b4921d3b0fde4a4c76cb0e228aafa1854205,2048,2048,2,float32+float32,HARD_LINK,NO,
train,Oil,00962.tif,Oil/00962.tif,train/images/Oil/00962.tif,00962.tif,Mask_oil/00962.tif,train/masks/Oil/00962.tif,ace7f0387dc7ddd3e7bd301764e5f673714d67f5b535d57d153f85372dc46d81,ad0e8e920f776c350609d0d4bcb4e2fe0391255393cb7b9c9088c806d831b63f,2048,2048,2,float32+float32,HARD_LINK,NO,
train,Oil,00759.tif,Oil/00759.tif,train/images/Oil/00759.tif,00759.tif,Mask_oil/00759.tif,train/masks/Oil/00759.tif,de3c0702767c4498f676419ebed458b8a8272cb440d400a5794bfa9d44d041ab,21936815ac57a941c1f0e74b8498961298fd31ba9f4c70b0147cc2d7fc8037b4,2048,2048,2,float32+float32,HARD_LINK,NO,
train,Oil,00903.tif,Oil/00903.tif,train/images/Oil/00903.tif,00903.tif,Mask_oil/00903.tif,train/masks/Oil/00903.tif,b85044df57c2400040a9e868fa6f233897f6b3e2d8c8b6a0b332d1b3986a4751,035fd9e2df295333c3cf73ddeb3fb6c69faddaa1c70419516a831cec955735a5,2048,2048,2,float32+float32,HARD_LINK,NO,
train,Oil,01276.tif,Oil/01276.tif,train/images/Oil/01276.tif,01276.tif,Mask_oil/01276.tif,train/masks/Oil/01276.tif,57073e88cbc124b334a517d42aed0360d38724310815f44fc204b62acd8ad876,e1a7cfc7bb1918df415e453afc449f494c837d597ef39340b764eb2673e9fea4,2048,2048,2,float32+float32,HARD_LINK,NO,
train,Oil,00404.tif,Oil/00404.tif,train/images/Oil/00404.tif,00404.tif,Mask_oil/00404.tif,train/masks/Oil/00404.tif,13110abd7fc55acf258fc4739365aef03da0cfd4d2b5e37f1ac2b5087329fbfd,dda1a24f9a47a6e179d42afd6c2bc561170539f355a751d775254f0b5fc676f5,2048,2048,2,float32+float32,HARD_LINK,NO,
train,Oil,00718.tif,Oil/00718.tif,train/images/Oil/00718.tif,00718.tif,Mask_oil/00718.tif,train/masks/Oil/00718.tif,01cf7d9d7d9965e8c1e7201fccc2e8ab895c1eb7c27417a8ef6501c813a0e57a,639e45e4ed3f02d7194d0f8d7e207b5686b30b14e2b8b65055a3166f9b052e1c,2048,2048,2,float32+float32,HARD_LINK,NO,
train,Oil,01026.tif,Oil/01026.tif,train/images/Oil/01026.tif,01026.tif,Mask_oil/01026.tif,train/masks/Oil/01026.tif,7cebdd8023740ae364327e50760b9214cfb358ba4526e725e9d114077ff59dcf,2ddfc2b47b0869c640dc3b50db7702d9b6d0876d4045b9a880f5f23d193f0428,2048,2048,2,float32+float32,HARD_LINK,NO,
train,Oil,01259.tif,Oil/01259.tif,train/images/Oil/01259.tif,01259.tif,Mask_oil/01259.tif,train/masks/Oil/01259.tif,72bff9d0b7128bc7d0bddb60fe0f0c39cf94d6ebd2b065afa8505966f3723c9d,5316687a27aad4c3c9fcbf57ad8c21f3a664494f12f7591893af32b5518eeab3,2048,2048,2,float32+float32,HARD_LINK,NO,
train,Oil,00880.tif,Oil/00880.tif,train/images/Oil/00880.tif,00880.tif,Mask_oil/00880.tif,train/masks/Oil/00880.tif,9af0b6e12d41b01d09380810a32c35d374829f710548dd1a98036bf362e8f38c,2102e8468a9e353ca7d015a40f44239cbd3d16c8dce2c87cb5d100cd1a09376a,2048,2048,2,float32+float32,HARD_LINK,NO,
train,Oil,00362.tif,Oil/00362.tif,train/images/Oil/00362.tif,00362.tif,Mask_oil/00362.tif,train/masks/Oil/00362.tif,1f196646852507f24f59f9a3e3e74a4fe825e5542940aa18eead9045933fb1d6,c5e4d6466249a8d54650b19e0c6b25fff8da02247633c8d5de241e834d2510d3,2048,2048,2,float32+float32,HARD_LINK,NO,
train,Oil,00384.tif,Oil/00384.tif,train/images/Oil/00384.tif,00384.tif,Mask_oil/00384.tif,train/masks/Oil/00384.tif,722664822775d758baff11f51c9e21e2dba918b019f8861da2bf84b1f8f2b000,54933e50c2b350c690fadf7981205d69b3cba86a70731bc7c096e355362df904,2048,2048,2,float32+float32,HARD_LINK,NO,
train,Oil,00000.tif,Oil/00000.tif,train/images/Oil/00000.tif,00000.tif,Mask_oil/00000.tif,train/masks/Oil/00000.tif,b164662ebf451ab83578d1214f94cdfeda26de10395fa7cba67aa3d3583d9693,16ccddfecc14e3225a2d2be6e525bd36eb990947ac13a100419e25d1795eb001,2048,2048,2,float32+float32,HARD_LINK,NO,
train,Oil,00651.tif,Oil/00651.tif,train/images/Oil/00651.tif,00651.tif,Mask_oil/00651.tif,train/masks/Oil/00651.tif,c8c12cc0b38b1627c2f3fc4ab8c25ed4eeff7ef9fb768b8e6c2b616ccdb5d0d5,50642988ec11737cb3574909b77b12cfe08fda4f8a751c8b8fb0f0b32052bf7d,2048,2048,2,float32+float32,HARD_LINK,NO,
train,Oil,00493.tif,Oil/00493.tif,train/images/Oil/00493.tif,00493.tif,Mask_oil/00493.tif,train/masks/Oil/00493.tif,997fa057c72e7695af4e13086d3d1f0a62715e6db036295c235a6bd82d840ece,7b7588b032f7a741ef2ae1859b3a7d6bc6c0bf00b73f83523523950f96dd9056,2048,2048,2,float32+float32,HARD_LINK,NO,
train,Oil,00378.tif,Oil/00378.tif,train/images/Oil/00378.tif,00378.tif,Mask_oil/00378.tif,train/masks/Oil/00378.tif,8dc0a2cc8bd34d3fda4a71deec2267f3f4ed411976dc33333a740ef60f7ff910,e1ce056409a9488c9c27da8f4dcae398d7f630a10cd80fa843cfdc12da9ceb0d,2048,2048,2,float32+float32,HARD_LINK,NO,
train,Oil,00676.tif,Oil/00676.tif,train/images/Oil/00676.tif,00676.tif,Mask_oil/00676.tif,train/masks/Oil/00676.tif,63aa59f29367b0d7d530861f605a9ebde5f8c08fd42f4bc64db4bd4f66841ea8,7ac0fc359f016ab675e68d37a7cda71fff7e685a9c0e48ba5e9f40bc49fb7713,2048,2048,2,float32+float32,HARD_LINK,NO,
train,Oil,00728.tif,Oil/00728.tif,train/images/Oil/00728.tif,00728.tif,Mask_oil/00728.tif,train/masks/Oil/00728.tif,84c1f053e73b371cda9b39e83cf717ebbbde04b08304f7a3566fc3781de105a8,ae89ae4e8dbceaa86eee3e5a23e8f23466afcf81476ec90319572e8a0ecc2d76,2048,2048,2,float32+float32,HARD_LINK,NO,
train,Oil,01330.tif,Oil/01330.tif,train/images/Oil/01330.tif,01330.tif,Mask_oil/01330.tif,train/masks/Oil/01330.tif,6242a82a576547d8664d9ea203706ab38ad486a4ca2add8df4e01cbabe309639,b3dddc300bb56930025f8dea8343e9f1c2b8d901b01888ea736978dfc5f8b0c6,2048,2048,2,float32+float32,HARD_LINK,NO,
train,Oil,01047.tif,Oil/01047.tif,train/images/Oil/01047.tif,01047.tif,Mask_oil/01047.tif,train/masks/Oil/01047.tif,d4737523e3c3be4ceccf2e4197a2125eab6fa2d7d495c1cb06ca7cc14f148724,c6c53e11593ccf9c2954f7207ee66d799afd860ad51d0eebd929f8adc2d11374,2048,2048,2,float32+float32,HARD_LINK,NO,
train,Oil,00508.tif,Oil/00508.tif,train/images/Oil/00508.tif,00508.tif,Mask_oil/00508.tif,train/masks/Oil/00508.tif,e8519477283a0ac1fd5e83606f4a656cbd3d4f6f41147a834cd6542868bc8178,f78efc78620223629642f19f48abd12fee6c9bb297853cb1948d6686dfce972d,2048,2048,2,float32+float32,HARD_LINK,NO,
train,Oil,01087.tif,Oil/01087.tif,train/images/Oil/01087.tif,01087.tif,Mask_oil/01087.tif,train/masks/Oil/01087.tif,79d471b212bc0f995adbc292f77794727d93e9539921a0171b8f61dd00eaf146,a32d5808ca317049d301eab7cc19386fe50a20a7df1d9c9e0eb20125ddde2d5b,2048,2048,2,float32+float32,HARD_LINK,NO,
train,Oil,00886.tif,Oil/00886.tif,train/images/Oil/00886.tif,00886.tif,Mask_oil/00886.tif,train/masks/Oil/00886.tif,d5c475051aaa3f77fd7c90fa1be1faab8a1b2b9e44e7e0736ca14dbbf0ea3490,d1236055f0eab642b655495d463ad7407236194941ad227ca53bfb8fb4edc190,2048,2048,2,float32+float32,HARD_LINK,NO,
train,Oil,00942.tif,Oil/00942.tif,train/images/Oil/00942.tif,00942.tif,Mask_oil/00942.tif,train/masks/Oil/00942.tif,5e4af7d7927b8c3ec3a8adc79c49e07a8fe0f3ce41feb588ae8a5ffd650c5ac1,2e64e39d6aef2dcfec07e70efbe692fef045e3252798704b2872abc07047b9e9,2048,2048,2,float32+float32,HARD_LINK,NO,
train,Oil,00372.tif,Oil/00372.tif,train/images/Oil/00372.tif,00372.tif,Mask_oil/00372.tif,train/masks/Oil/00372.tif,d5fd842a9a2ae2a6d9d0cd7214fb811ec50ce57f2e3a15d251315448110bbd0f,e6dd4c7eec9e128e8cf45291e3574fc908f0575766403bd07c2a0b37bf072773,2048,2048,2,float32+float32,HARD_LINK,NO,
train,Oil,01097.tif,Oil/01097.tif,train/images/Oil/01097.tif,01097.tif,Mask_oil/01097.tif,train/masks/Oil/01097.tif,7a5350794c77caa60732f06eb33f40226f609cac7b0bd7882938564154392b12,d3ad49e8006e3a59c4e18a6a5cc0c45f3e3cec67526fc627b902ca0d1a7ed977,2048,2048,2,float32+float32,HARD_LINK,NO,
train,Oil,01261.tif,Oil/01261.tif,train/images/Oil/01261.tif,01261.tif,Mask_oil/01261.tif,train/masks/Oil/01261.tif,29b229c44b48cb5adae3df69ed7e1aa186e5823a3b0f246659a20fedf2a398f6,48c2f7adcfdcbc96fe13876a6a941aec444d03a7a252daa596d1775c13484e43,2048,2048,2,float32+float32,HARD_LINK,NO,
train,Oil,00496.tif,Oil/00496.tif,train/images/Oil/00496.tif,00496.tif,Mask_oil/00496.tif,train/masks/Oil/00496.tif,af8adf9ad2f2f7bd7ca28a1121db41ade285e801a960ea778aa4c14995930357,9cfc68308d0751c9464d1e19823d08ee445ddd125b0a4bca736fa61d8459da3b,2048,2048,2,float32+float32,HARD_LINK,NO,
train,Oil,00389.tif,Oil/00389.tif,train/images/Oil/00389.tif,00389.tif,Mask_oil/00389.tif,train/masks/Oil/00389.tif,a9d9b22d240d85a6fbcd5eb17cc295e051ad2f864cf4a2a24aa8276aa30d7c7f,2792780c6f06e7baf11064d3c1c1a351165c1b6ed3ba9845b8bf6da54e92d687,2048,2048,2,float32+float32,HARD_LINK,NO,
train,Oil,00608.tif,Oil/00608.tif,train/images/Oil/00608.tif,00608.tif,Mask_oil/00608.tif,train/masks/Oil/00608.tif,94a1fef1cd052779e36060f6a9d7a9c86873c8b545b00dd7283064f9ce8ebe4b,784ca1deded0a18cdaba4b0a1becea0f9874d464394ed5cc098eb3c511f1ac8e,2048,2048,2,float32+float32,HARD_LINK,NO,
train,Oil,00974.tif,Oil/00974.tif,train/images/Oil/00974.tif,00974.tif,Mask_oil/00974.tif,train/masks/Oil/00974.tif,801bcb93b53c15c4c026d633386680be4f7d829fdc5a6a793e1932719caebad3,3ea39c2000a67973e029d752be68dbd0f62006b666eb8946aff76b9f6e7bae2f,2048,2048,2,float32+float32,HARD_LINK,NO,
train,Oil,00161.tif,Oil/00161.tif,train/images/Oil/00161.tif,00161.tif,Mask_oil/00161.tif,train/masks/Oil/00161.tif,6818f4ccf788a5b0b85e428440a9a0013a66973d6fc4a4598448a7b502a14b8d,b10b4d6fe48dc148383bd0830a8bf3629cd6320009f36ac0725db7080d1d45fc,2048,2048,2,float32+float32,HARD_LINK,NO,
train,Oil,00940.tif,Oil/00940.tif,train/images/Oil/00940.tif,00940.tif,Mask_oil/00940.tif,train/masks/Oil/00940.tif,d97b3538b8e46d9474223e5f0750a7c36122faa688962d23526df335f970420d,29f869500a5d287be98170c7520f7ab9f3f997030fc77173a2f2d3d36cc4a750,2048,2048,2,float32+float32,HARD_LINK,NO,
train,Oil,00817.tif,Oil/00817.tif,train/images/Oil/00817.tif,00817.tif,Mask_oil/00817.tif,train/masks/Oil/00817.tif,1584d1a5c0d27494b733d4175ea0a9a2e51d85eb2f66dd9973be8bc3f2264fd9,ab342838680d8d20a13f72f81bcf31dde94f5dfea0d2daa0d0fd9053f8f40009,2048,2048,2,float32+float32,HARD_LINK,NO,
train,Oil,01168.tif,Oil/01168.tif,train/images/Oil/01168.tif,01168.tif,Mask_oil/01168.tif,train/masks/Oil/01168.tif,2538ac42872e52d2d29635f099456ec26d01dc097201dad4dc0e6c6a0c7fd003,1c54c0deab47da43d8c3af92b1d457df4283062248669524e4cf12e81ab3e352,2048,2048,2,float32+float32,HARD_LINK,NO,
train,Oil,01145.tif,Oil/01145.tif,train/images/Oil/01145.tif,01145.tif,Mask_oil/01145.tif,train/masks/Oil/01145.tif,72bc17e2e68c22e1e513d1c3867c6b35039b7681720fd2bc127eb2c7c6eede35,6442758ea92edbd63e9b820abef55380b73ea2f562a13ce73b7921190556b499,2048,2048,2,float32+float32,HARD_LINK,NO,
train,Oil,00787.tif,Oil/00787.tif,train/images/Oil/00787.tif,00787.tif,Mask_oil/00787.tif,train/masks/Oil/00787.tif,70f37172a651facb2306b31624d7cb0c29d9607ace5514d35614919e0b565106,f7836c3f7a3be1e4ea6850e3ed77c7957eb70a059812083b62a7e1984ce5a474,2048,2048,2,float32+float32,HARD_LINK,NO,
train,Oil,00838.tif,Oil/00838.tif,train/images/Oil/00838.tif,00838.tif,Mask_oil/00838.tif,train/masks/Oil/00838.tif,9cd5115d17dd8d439e53c53efb51e9ab1b2655799613dca2b9606a2e01b7d88c,af61bf441ed7c31f124e6b34af7ff8d95e0d314e61ead544af9a146f44fce879,2048,2048,2,float32+float32,HARD_LINK,NO,
train,Oil,01114.tif,Oil/01114.tif,train/images/Oil/01114.tif,01114.tif,Mask_oil/01114.tif,train/masks/Oil/01114.tif,c867f53bf1562b6b72584aace564b7d2e2c60a647744aa49acc6c5c2615a8610,e9661f6c54fdda927bc663e3af1217eb8d1f804fdf1c581099760a6d4980400e,2048,2048,2,float32+float32,HARD_LINK,NO,
train,Oil,00448.tif,Oil/00448.tif,train/images/Oil/00448.tif,00448.tif,Mask_oil/00448.tif,train/masks/Oil/00448.tif,928ad1c02bfb36860b821a79bef73ea31e5d0071d9563a433139c29a7d2046f5,a57b9784d74208b93ce487f615503a4e81f6b3215aed6e0de5435525b4bbaf31,2048,2048,2,float32+float32,HARD_LINK,NO,
train,Oil,00252.tif,Oil/00252.tif,train/images/Oil/00252.tif,00252.tif,Mask_oil/00252.tif,train/masks/Oil/00252.tif,51a0b8c8b483b722de8c9464c8b9b89163b42f8b02c712b11d5daf86be319847,f71230f03fae2e246e733bc66df516d227f3c256f065e776a1873200a7cfc8ec,2048,2048,2,float32+float32,HARD_LINK,NO,
train,Oil,00793.tif,Oil/00793.tif,train/images/Oil/00793.tif,00793.tif,Mask_oil/00793.tif,train/masks/Oil/00793.tif,df178f401cbc25d22fd846c4be45f21cf6701c3f6d27e3fe7c01721439d03764,ca9b8d20afaf07eeb795f301ccc13709e50cd9000c8c7aa8cd01c7739daaaa10,2048,2048,2,float32+float32,HARD_LINK,NO,
train,Oil,00641.tif,Oil/00641.tif,train/images/Oil/00641.tif,00641.tif,Mask_oil/00641.tif,train/masks/Oil/00641.tif,71646f14987c2953143c11aa07f23e7fb668e6233f7d3e646a1728ed76e48caa,52b59fc88e552a0684c4ac4b3ef0c2820f3de83a81bc15ee95aebc36224a9c9f,2048,2048,2,float32+float32,HARD_LINK,NO,
train,Oil,00621.tif,Oil/00621.tif,train/images/Oil/00621.tif,00621.tif,Mask_oil/00621.tif,train/masks/Oil/00621.tif,b05cb564ee893db54bf3cce67b9764c5051bdd64ae930cea2a14215d8bb8d96c,0034a03f239802fa9b256a3e56480bfbde5fd24117233846d5dec8507c2b7de8,2048,2048,2,float32+float32,HARD_LINK,NO,
train,Oil,01192.tif,Oil/01192.tif,train/images/Oil/01192.tif,01192.tif,Mask_oil/01192.tif,train/masks/Oil/01192.tif,c4bd0c202d3f506545bfea92a789ff144d3a41f34cb22c2e8c5e8609b8eee179,2385d8edfc5aca2d277cb7869b2feabb4a8448a7d7e580c6162bc0f17034778e,2048,2048,2,float32+float32,HARD_LINK,NO,
train,Oil,00816.tif,Oil/00816.tif,train/images/Oil/00816.tif,00816.tif,Mask_oil/00816.tif,train/masks/Oil/00816.tif,e6b1c1da9cc0c38aa4084901d0c3b28ed0fb998f9fc13e71efc022a38d9fa4b1,cec5c1f8eef4aeffcc552c86b370e48168beecf41f3a8951feed2bfda4a1e7cc,2048,2048,2,float32+float32,HARD_LINK,NO,
train,Oil,01050.tif,Oil/01050.tif,train/images/Oil/01050.tif,01050.tif,Mask_oil/01050.tif,train/masks/Oil/01050.tif,487a05045b5b8c8bf495a1e464af7c9849849d4bd3477ca7c93ed2a3c0a9df29,3848f4e53479414d15e7e5d114dd5f18c84ee0fb7f71619b4b20c6eaaa07bac4,2048,2048,2,float32+float32,HARD_LINK,NO,
train,Oil,00324.tif,Oil/00324.tif,train/images/Oil/00324.tif,00324.tif,Mask_oil/00324.tif,train/masks/Oil/00324.tif,7bd310e10b23841a8bd14e82d554a62a43903bf4431f538343bf225634654017,72f55e69150ccb4fe6c0992b9e379b567478b9932e4e6717673557dd4363f2ea,2048,2048,2,float32+float32,HARD_LINK,NO,
train,Oil,01030.tif,Oil/01030.tif,train/images/Oil/01030.tif,01030.tif,Mask_oil/01030.tif,train/masks/Oil/01030.tif,95c686e141177d48ad38ecbd341b52a82df0408bd3230d33df9d550f773915af,2dd8916d59c0a0bb22f8fb78e9a0c23a29c088416ae0854534047e84b05714a0,2048,2048,2,float32+float32,HARD_LINK,NO,
train,Oil,01125.tif,Oil/01125.tif,train/images/Oil/01125.tif,01125.tif,Mask_oil/01125.tif,train/masks/Oil/01125.tif,2e863516892779fd90d2a122ca6d9b0419fd3c1eddb75176c3b42fad045b667b,d101978909806da1f2429dfa0bd80c925ba06a735c24471dcf21101c6b918270,2048,2048,2,float32+float32,HARD_LINK,NO,
train,Oil,00470.tif,Oil/00470.tif,train/images/Oil/00470.tif,00470.tif,Mask_oil/00470.tif,train/masks/Oil/00470.tif,3cdc8cda3f9e76c2b458331cf341c5b8edd82c3b89402208ee9d2b01421cd6a8,10704d479876f3ac737754181b8a183ab9ef1b5307f494b1dcf62086edbcc96c,2048,2048,2,float32+float32,HARD_LINK,NO,
train,Oil,00828.tif,Oil/00828.tif,train/images/Oil/00828.tif,00828.tif,Mask_oil/00828.tif,train/masks/Oil/00828.tif,2160c9132b563ed4be9da6c63f067f1a5782050515e42928a5b9f60e0ccd68fd,7d0962441b1549d2d28fb233ebbd422a55378807023b46662b30c8ced45cf0e1,2048,2048,2,float32+float32,HARD_LINK,NO,
train,Oil,00612.tif,Oil/00612.tif,train/images/Oil/00612.tif,00612.tif,Mask_oil/00612.tif,train/masks/Oil/00612.tif,218a4bcbcf5b0f0fdc413ffb7e09717dae4ab91e3df1eb78d7b17711b8bb27f5,4c478edb3dde33423d68ad43c7aa2a2b944b0064c156293b1da852eea0378b22,2048,2048,2,float32+float32,HARD_LINK,NO,
train,Oil,00717.tif,Oil/00717.tif,train/images/Oil/00717.tif,00717.tif,Mask_oil/00717.tif,train/masks/Oil/00717.tif,1af2c3b4fe6a2dfd72dc7c9ed5a6e64527cd0195e3248e806fc1f36b6a188351,c52b06cc133d21fb0ac355dbbf6188b73e5fb444f84e2b34e083ef3817a630fb,2048,2048,2,float32+float32,HARD_LINK,NO,
train,Oil,00525.tif,Oil/00525.tif,train/images/Oil/00525.tif,00525.tif,Mask_oil/00525.tif,train/masks/Oil/00525.tif,7481c2493395e7d7a47c68415451575ea7da35ff10653775da89b59839ea873d,7752773606b7752792827fd28fd6f3342b95d676089041f7f0d068ddf4138e8d,2048,2048,2,float32+float32,HARD_LINK,NO,
train,Oil,00981.tif,Oil/00981.tif,train/images/Oil/00981.tif,00981.tif,Mask_oil/00981.tif,train/masks/Oil/00981.tif,25f5c73efdc8ab7d635e15df1bcc6b7898107a51d161e1f535bbba4ae5ae5c47,e6b4e97dd423bba3267636d712acc30fec4771224b90e94459e46c4709afc445,2048,2048,2,float32+float32,HARD_LINK,NO,
train,Oil,00429.tif,Oil/00429.tif,train/images/Oil/00429.tif,00429.tif,Mask_oil/00429.tif,train/masks/Oil/00429.tif,69f937ce79f78e42aad58e904af510588c3a49091d40c7dc3a1772da3f59ef30,8f69097a881cfea5ad1b0c38de2f48356d2bf49a8a8b82bd5b5dc81c8b675cf5,2048,2048,2,float32+float32,HARD_LINK,NO,
train,Oil,00523.tif,Oil/00523.tif,train/images/Oil/00523.tif,00523.tif,Mask_oil/00523.tif,train/masks/Oil/00523.tif,3f87d4999ef992197e89f8edfddf99646162ab68ee3ccca59a185f5381050abb,36c4a25488c5b8ab46bebd3c410f62771b5b5d11563033b2de87dfbf30c9706a,2048,2048,2,float32+float32,HARD_LINK,NO,
train,Oil,00707.tif,Oil/00707.tif,train/images/Oil/00707.tif,00707.tif,Mask_oil/00707.tif,train/masks/Oil/00707.tif,922c27ede793739369b754d5c7c7a74e2e82915c2d21ccdbab1a5b5a78bf5448,ca5bcd61d4dd3dbd8f68bd10f442c2aa4dcbcfe91cd9918e1b4b49c6229bb675,2048,2048,2,float32+float32,HARD_LINK,NO,
train,Oil,01090.tif,Oil/01090.tif,train/images/Oil/01090.tif,01090.tif,Mask_oil/01090.tif,train/masks/Oil/01090.tif,4516708bc7ad5017b9d45a8a79297d17cd6fef90e415f6c1945acc8ea948655b,ba89e28dd6e1ed231156d2e92e535084232289849f2cf57c92c1023bb8d96641,2048,2048,2,float32+float32,HARD_LINK,NO,
train,Oil,00853.tif,Oil/00853.tif,train/images/Oil/00853.tif,00853.tif,Mask_oil/00853.tif,train/masks/Oil/00853.tif,087be711fa941c72ea415f4119184dffc360cdd0c43d412e7f8a32d03dd70ac7,c4d7bffcdf9f1db5e6f07e48de4f1d57045d9544de4fec51a6c6e118ed3d9462,2048,2048,2,float32+float32,HARD_LINK,NO,
train,Oil,00960.tif,Oil/00960.tif,train/images/Oil/00960.tif,00960.tif,Mask_oil/00960.tif,train/masks/Oil/00960.tif,95edeb1fb52188c7d0cc5adb3751f04468244781a416bf142d40e5639f53f78b,4b46bdf120bf354d80e10412c4ac678ca334a5f7ca19b33d573644da76f44012,2048,2048,2,float32+float32,HARD_LINK,NO,
train,Oil,00689.tif,Oil/00689.tif,train/images/Oil/00689.tif,00689.tif,Mask_oil/00689.tif,train/masks/Oil/00689.tif,b9187d1759e75b833b5142bb9407775d71f2dd14e1de143737c5257e9de59325,ff6d136394dfe266c9456160f0842d9c81b821729548621dbefb034c9e6e34d7,2048,2048,2,float32+float32,HARD_LINK,NO,
train,Oil,00228.tif,Oil/00228.tif,train/images/Oil/00228.tif,00228.tif,Mask_oil/00228.tif,train/masks/Oil/00228.tif,40231f891b63b3616378d3c51374d4fddbe4bf26782867b11acd77aee01af916,8fee8c34dab7c5a0863a641142204b15842bd837061685b99215f83eedbac7dc,2048,2048,2,float32+float32,HARD_LINK,NO,
train,Oil,00985.tif,Oil/00985.tif,train/images/Oil/00985.tif,00985.tif,Mask_oil/00985.tif,train/masks/Oil/00985.tif,4af909642ac931dc7f95a723636fd4d24e4b0b6d690a977969505e9fefbee14c,8dab0f491bc39c0d1e23180bc87fd5a65f8367835bdfb520ec6e08df91c34564,2048,2048,2,float32+float32,HARD_LINK,NO,
train,Oil,00936.tif,Oil/00936.tif,train/images/Oil/00936.tif,00936.tif,Mask_oil/00936.tif,train/masks/Oil/00936.tif,311aeb095e8fc7df20ef543475e6c38a2b3c5e03d668421db75f753dc6d9e3a5,587c834b3108bbc70baceca73a5b3ab3dac9956cec3d3ac6c68cfc5b979f30c8,2048,2048,2,float32+float32,HARD_LINK,NO,
train,Oil,00029.tif,Oil/00029.tif,train/images/Oil/00029.tif,00029.tif,Mask_oil/00029.tif,train/masks/Oil/00029.tif,b5b7cdca042d1322ebf08b9b3e157f4f76d760f1e1aa1383d49e1bb717ce78f3,32f59fd84ba2d2d7056aacea6e1ab0044636c82edd07694328668493024386b9,2048,2048,2,float32+float32,HARD_LINK,NO,
train,Oil,00414.tif,Oil/00414.tif,train/images/Oil/00414.tif,00414.tif,Mask_oil/00414.tif,train/masks/Oil/00414.tif,2c6515e99698835cb2410b27c513ad76631a50d602f2738aa77cda6de0e812cd,294c5f07cffd178297934a5f1d0cadad1be650a0cf50c6624961972ea234f6ca,2048,2048,2,float32+float32,HARD_LINK,NO,
train,Oil,01085.tif,Oil/01085.tif,train/images/Oil/01085.tif,01085.tif,Mask_oil/01085.tif,train/masks/Oil/01085.tif,4a0944a22e7c5166a80f95d974b569025aeeb2bf6fdb8c123f0e8148bc8f0df7,11a19580915bee9da8375101753b2b25b708368cd2312111767f8fea0ebe680d,2048,2048,2,float32+float32,HARD_LINK,NO,
train,Oil,00802.tif,Oil/00802.tif,train/images/Oil/00802.tif,00802.tif,Mask_oil/00802.tif,train/masks/Oil/00802.tif,57db34e42115545e611f3c34a37beff43b3e597340754efc1d5fb95217f2d037,64cac410f990e19a581fa44ef3c5c54083478b4481437f5a58c335cc845701c4,2048,2048,2,float32+float32,HARD_LINK,NO,
train,Oil,00487.tif,Oil/00487.tif,train/images/Oil/00487.tif,00487.tif,Mask_oil/00487.tif,train/masks/Oil/00487.tif,3a40ccc2a0031dedc088ec699582c2de3486d6f0d67c5e3a782647afd7868d0b,d9abea6afc255f6ce7f8ad385ecc69d9b11253b539f04e39409387f570e0b451,2048,2048,2,float32+float32,HARD_LINK,NO,
train,Oil,00610.tif,Oil/00610.tif,train/images/Oil/00610.tif,00610.tif,Mask_oil/00610.tif,train/masks/Oil/00610.tif,f53ca7e27b7d6d9380002329d2e7c9c1b7db5b9b0398cddcde65704761b7468e,0fd1e384c1ef063cb94ff2054486c45cd270dd3b53195c45c8689462390eb5e5,2048,2048,2,float32+float32,HARD_LINK,NO,
train,Oil,00758.tif,Oil/00758.tif,train/images/Oil/00758.tif,00758.tif,Mask_oil/00758.tif,train/masks/Oil/00758.tif,d202c457c085a13f357371cb07b95e20fb63086d65be550b54b9a3cac6e465e9,d6fc28ef297664c8035df99da8e52a1df659611e67fac24564506d33c928b7c5,2048,2048,2,float32+float32,HARD_LINK,NO,
train,Oil,00435.tif,Oil/00435.tif,train/images/Oil/00435.tif,00435.tif,Mask_oil/00435.tif,train/masks/Oil/00435.tif,1341eefcfd2f5e0b5c67a5dcd60faab3db693617d088fd2b53c5a43f308e2c06,110d8ee8fadc8d85a147871ba047638bd2e95caf321d825002897dbbc645d456,2048,2048,2,float32+float32,HARD_LINK,NO,
train,Oil,00839.tif,Oil/00839.tif,train/images/Oil/00839.tif,00839.tif,Mask_oil/00839.tif,train/masks/Oil/00839.tif,307e97296ef4044a29c8f93f3d6f161c13939873c56bf1e1d57566158a1f0b3d,005cff74239e43268ea6eb15863d6002b5cdb985d363cbdb2a8def70cabf033e,2048,2048,2,float32+float32,HARD_LINK,NO,
train,Oil,00086.tif,Oil/00086.tif,train/images/Oil/00086.tif,00086.tif,Mask_oil/00086.tif,train/masks/Oil/00086.tif,5c84b05f2ed66af4fbd36fb09149a2b3861b217f15981befa17d4e17f4e9fafc,ba74663c5a5669e414872cf94ab0243ba6133efd17c1415a28d7763eaf952cb6,2048,2048,2,float32+float32,HARD_LINK,NO,
train,Oil,01080.tif,Oil/01080.tif,train/images/Oil/01080.tif,01080.tif,Mask_oil/01080.tif,train/masks/Oil/01080.tif,bd8a65e5b24b63cce3c7f93bad292006d283ec96aaf671013417f4067e33d3fa,561b16c5d490c4c9b21864c4a4272a4368e6a5dfea73d6f006c5c2beb8f18484,2048,2048,2,float32+float32,HARD_LINK,NO,
train,Oil,00411.tif,Oil/00411.tif,train/images/Oil/00411.tif,00411.tif,Mask_oil/00411.tif,train/masks/Oil/00411.tif,63526e56987b33a59ac511f79e9ac4a38348261e927d1e3b6b8cbefb11ec8a84,9321aeb373b254dea41ae9c38a7bc758c71d0514f5898afd14cc23397fbd2da1,2048,2048,2,float32+float32,HARD_LINK,NO,
train,Oil,00486.tif,Oil/00486.tif,train/images/Oil/00486.tif,00486.tif,Mask_oil/00486.tif,train/masks/Oil/00486.tif,675a89cb57522b0cab9cb4ba19d1eefe369ee8fc78793d28af69be2b2f8c7339,abc56090b60a00f68cc7b63df62bb1e416eaaf7dc4c01c72296f50cbd6201ab6,2048,2048,2,float32+float32,HARD_LINK,NO,
train,Oil,00248.tif,Oil/00248.tif,train/images/Oil/00248.tif,00248.tif,Mask_oil/00248.tif,train/masks/Oil/00248.tif,bc5b7048e01eeda206203bf2ffe9e593d57d3d523dfc7e6a42267abff7979dc4,5545b1ccfbbcacd23fb7241b78930dc6d9f8125c38eb961ed67f3f09d03bbdc7,2048,2048,2,float32+float32,HARD_LINK,NO,
train,Oil,00782.tif,Oil/00782.tif,train/images/Oil/00782.tif,00782.tif,Mask_oil/00782.tif,train/masks/Oil/00782.tif,485ff84aa96032337059dd522ebf992adeb6326c95aada04ef6860bae8bedd10,e012e91610a7816500142c2f971cf2a1f2c885136420df3a091ebcc838e6978b,2048,2048,2,float32+float32,HARD_LINK,NO,
train,Oil,00025.tif,Oil/00025.tif,train/images/Oil/00025.tif,00025.tif,Mask_oil/00025.tif,train/masks/Oil/00025.tif,cf7773c779bdd79b122fca4a0911194e2f9424d8cadca72928d35207702318b3,259ebc0759eae8adb71731377ca4050b046710feab04655f158b937798ab6aca,2048,2048,2,float32+float32,HARD_LINK,NO,
train,Oil,01211.tif,Oil/01211.tif,train/images/Oil/01211.tif,01211.tif,Mask_oil/01211.tif,train/masks/Oil/01211.tif,259297503e1a9ea5f44e7a7087c94ed2b9546e6aa5fac69c74e328d9deb74dee,dc5024bf7139950e31a6adff72fc6510fdc918cb972cd5c90ed8a0382cc1f5fd,2048,2048,2,float32+float32,HARD_LINK,NO,
train,Oil,00287.tif,Oil/00287.tif,train/images/Oil/00287.tif,00287.tif,Mask_oil/00287.tif,train/masks/Oil/00287.tif,1919172f6babe32b6ade31c936deb36c150cfb132a20b93a5d1ae4a15fe137fa,068c37fea52837b8e80281b5013cbd328ec85fc68be94aeb3c72e966f353bc31,2048,2048,2,float32+float32,HARD_LINK,NO,
train,Oil,00385.tif,Oil/00385.tif,train/images/Oil/00385.tif,00385.tif,Mask_oil/00385.tif,train/masks/Oil/00385.tif,847d15f769c46e47d4173cfc3a62db9da48809c2bb6bb0dfac882c59a73a618c,9f011d7243bc6e259143764917b8f68a8ce522f3ee3033fd46e5369cd81b39aa,2048,2048,2,float32+float32,HARD_LINK,NO,
train,Oil,00434.tif,Oil/00434.tif,train/images/Oil/00434.tif,00434.tif,Mask_oil/00434.tif,train/masks/Oil/00434.tif,d4e56fbeb177f7fe8c47c09566423e380c3a7b81d457dc3f71a77e14bf97b923,6c1e612005b5faefd03d30b68f7ee2be27acc89a37ab6470818d52c6a0ceef5c,2048,2048,2,float32+float32,HARD_LINK,NO,
train,Oil,01156.tif,Oil/01156.tif,train/images/Oil/01156.tif,01156.tif,Mask_oil/01156.tif,train/masks/Oil/01156.tif,168b47b8bee11ae9ebe82267e40addfb7f50b68096ef75d5a0ef08da49adb352,337d8df830f79010c44eb0a57d89e18f5670613ae7335351cea3f63351b94cc8,2048,2048,2,float32+float32,HARD_LINK,NO,
train,Oil,00255.tif,Oil/00255.tif,train/images/Oil/00255.tif,00255.tif,Mask_oil/00255.tif,train/masks/Oil/00255.tif,9e75ac30eb9b833ea4e82b090b0adb29a09c26170c365e45fa792d2384c79fd5,620c8c0809924782fca13727ef886bf8c9b0f4bd520b223ee267c28bf1ce7e78,2048,2048,2,float32+float32,HARD_LINK,NO,
train,Oil,00281.tif,Oil/00281.tif,train/images/Oil/00281.tif,00281.tif,Mask_oil/00281.tif,train/masks/Oil/00281.tif,f207c048952dc42a54e4e9a221466ecb870104f31fe9c49bc4fdf11101c0b696,a4d523224ad2b007bd9370718e33d0ad6e84c3c6bcf85c17826d69f4d9653d74,2048,2048,2,float32+float32,HARD_LINK,NO,
train,Oil,00562.tif,Oil/00562.tif,train/images/Oil/00562.tif,00562.tif,Mask_oil/00562.tif,train/masks/Oil/00562.tif,8a9eb626e3b2913f393f2a3ad460130f79e6153bb2897016bf4998c431fe4f54,131fa6b3f022b91dfed37ec9cfb3e21579278b3be2814958dd999193a07a2bd3,2048,2048,2,float32+float32,HARD_LINK,NO,
train,Oil,01189.tif,Oil/01189.tif,train/images/Oil/01189.tif,01189.tif,Mask_oil/01189.tif,train/masks/Oil/01189.tif,98a0f0185c0d9194c7ae9eb800d39c2bfe458bb6744e6d126144e3a5acc4b1bc,9849ed3972a9e50ba9c269466dccff76a334703f1bed718f7864340884d9c14c,2048,2048,2,float32+float32,HARD_LINK,NO,
train,Oil,00467.tif,Oil/00467.tif,train/images/Oil/00467.tif,00467.tif,Mask_oil/00467.tif,train/masks/Oil/00467.tif,0356496fc6fdfac22d57c9a58b401f6a778257d06af6766b1b07e2cc131ee846,15b92853266434a37efee778b945f917e6f077864d17c3529d9aa2bb77b06c2c,2048,2048,2,float32+float32,HARD_LINK,NO,
train,Oil,00140.tif,Oil/00140.tif,train/images/Oil/00140.tif,00140.tif,Mask_oil/00140.tif,train/masks/Oil/00140.tif,c2ae4006d9546d55411b4bdcc9b46645c1824355c1b75437938868802eac8033,5f215903a9a102a199886e2b25d0834d80f9a3ae60266ea4e54c9510315a9b5a,2048,2048,2,float32+float32,HARD_LINK,NO,
train,Oil,00827.tif,Oil/00827.tif,train/images/Oil/00827.tif,00827.tif,Mask_oil/00827.tif,train/masks/Oil/00827.tif,0781e2c11ee93ad9e420caefa31078af67e5d3494f4d2c939befab2d3b6692bb,a40d4e4ed5ca7ed7c618a2e57df13ec1dcd551edec518002639018cc8ff9e6ba,2048,2048,2,float32+float32,HARD_LINK,NO,
train,Oil,01277.tif,Oil/01277.tif,train/images/Oil/01277.tif,01277.tif,Mask_oil/01277.tif,train/masks/Oil/01277.tif,db4352a9b100a1c8cbcef3005d95d739b4857f7d95e8454194444554e84bab22,a9e8171b7172aa506ec954ee9f95b0b1cc756a1d7e02487834a487637abc62d6,2048,2048,2,float32+float32,HARD_LINK,NO,
train,Oil,00337.tif,Oil/00337.tif,train/images/Oil/00337.tif,00337.tif,Mask_oil/00337.tif,train/masks/Oil/00337.tif,9f806ab7b7bcdc27e64a8dfd2f2e4b261796e092d1aad00e998acd7e7da3d386,13a75e351f355263f948ab40fc582f621e423dc482f17aaeb5c3b55db447fd7c,2048,2048,2,float32+float32,HARD_LINK,NO,
train,Oil,01088.tif,Oil/01088.tif,train/images/Oil/01088.tif,01088.tif,Mask_oil/01088.tif,train/masks/Oil/01088.tif,e9ab15ad2f701977273a95ffd3d04dccaa169542e93dce82b42fb27829c6a4b7,eebb2640732fda1c6b42e501c9eace26de2faf5edb6b110acd2c02dd38b19fe8,2048,2048,2,float32+float32,HARD_LINK,NO,
train,Oil,00983.tif,Oil/00983.tif,train/images/Oil/00983.tif,00983.tif,Mask_oil/00983.tif,train/masks/Oil/00983.tif,fddb6626427312c204fc2947f0fd0afa643c2ea3a853c2415f230af93ad02223,5a68f9122c00c4ad29eaad9589e810e04a5eff53774b586b38a9e284eab9de6e,2048,2048,2,float32+float32,HARD_LINK,NO,
train,Oil,00499.tif,Oil/00499.tif,train/images/Oil/00499.tif,00499.tif,Mask_oil/00499.tif,train/masks/Oil/00499.tif,737080316d839a6357ab68ec495b579e7c636e476631ed521c550d6515da37cc,ede5948304b40241e338caa3bc0836896ffb0d192654d48aebc62ee3219432ff,2048,2048,2,float32+float32,HARD_LINK,NO,
train,Oil,00415.tif,Oil/00415.tif,train/images/Oil/00415.tif,00415.tif,Mask_oil/00415.tif,train/masks/Oil/00415.tif,8ae536989c6e3d190c3d7f9f754cfc7e22e99b467f1808539daae6c340cb0a53,7ab069d45036b910761df6b8b8f75814ecdd8b52a8aef7cc44280f71c9906f9a,2048,2048,2,float32+float32,HARD_LINK,NO,
train,Oil,00863.tif,Oil/00863.tif,train/images/Oil/00863.tif,00863.tif,Mask_oil/00863.tif,train/masks/Oil/00863.tif,c0eab9bd88924d31878b4f252d25ccb772713bb817537c5d4064d9cb890fcba7,338af509eac527082c1602e59959c49ab7031ce319153cc8b24571bb6f9b0e34,2048,2048,2,float32+float32,HARD_LINK,NO,
train,Oil,00231.tif,Oil/00231.tif,train/images/Oil/00231.tif,00231.tif,Mask_oil/00231.tif,train/masks/Oil/00231.tif,60e3f79eedf13b4f00734e8854ad3656d263c29276527893e7e4d9a4a3de60e0,94a4b07bc622cdcab493985e68fcc496e819979f93b195ce087edb1b71d32e34,2048,2048,2,float32+float32,HARD_LINK,NO,
train,Oil,00026.tif,Oil/00026.tif,train/images/Oil/00026.tif,00026.tif,Mask_oil/00026.tif,train/masks/Oil/00026.tif,8a2262645ebbcbc70986c2a55ea0c64bfe05d53fa93c385c24dbd17fd8140a2f,50759f8a685ef3a91c7d01b9f59bda704a0f262c908bcf3d934d6156511a0767,2048,2048,2,float32+float32,HARD_LINK,NO,
train,Oil,00500.tif,Oil/00500.tif,train/images/Oil/00500.tif,00500.tif,Mask_oil/00500.tif,train/masks/Oil/00500.tif,17f0dd7b6235a1aa02127ce2ca7f88ab8bc400380a4fb77c8088834e389405bb,8b4550524cec005d894e01caa9a9a3694b4f442bdd3558aedf21ef7f6dafc396,2048,2048,2,float32+float32,HARD_LINK,NO,
train,Oil,00227.tif,Oil/00227.tif,train/images/Oil/00227.tif,00227.tif,Mask_oil/00227.tif,train/masks/Oil/00227.tif,ed690fddf9d2f427a1bfe9e70a709248f1d9385dd7ded33a580be923f3cfc5bb,bf25b7c9c2e2584410f58f8916d1954de7176b9e377d2f67ebfe373ae9d8caca,2048,2048,2,float32+float32,HARD_LINK,NO,
train,Oil,00207.tif,Oil/00207.tif,train/images/Oil/00207.tif,00207.tif,Mask_oil/00207.tif,train/masks/Oil/00207.tif,19171c93b8c0a952d67a2a830f7e3a222433640a912bfc6cc0651dd2e2bc40e9,c030e46c363bc58ffd8e50094f51bab66971bde2c88054dbf71c6d95a42a5019,2048,2048,2,float32+float32,HARD_LINK,NO,
train,Oil,01260.tif,Oil/01260.tif,train/images/Oil/01260.tif,01260.tif,Mask_oil/01260.tif,train/masks/Oil/01260.tif,db94872ece055e2ba84d9dec2f2e9d82fc632122e0e9dc879806337cebdc5274,2bd88a81d02dc5469f7e209eb9d3a8dc0a93941adb3066e792c526bdd3d25019,2048,2048,2,float32+float32,HARD_LINK,NO,
train,Oil,01313.tif,Oil/01313.tif,train/images/Oil/01313.tif,01313.tif,Mask_oil/01313.tif,train/masks/Oil/01313.tif,603048ad48592f7228cbcbf9f6c82505f4a975ede954883783721183fd4f8319,1f97c110ee5af61e2ec868151c066d3ccf49815c98208fa08001069815447322,2048,2048,2,float32+float32,HARD_LINK,NO,
train,Oil,00734.tif,Oil/00734.tif,train/images/Oil/00734.tif,00734.tif,Mask_oil/00734.tif,train/masks/Oil/00734.tif,0c32f9b5f2c5c5973c0a5c76e3df4e1960af9ed1cf32c29a2a92b500e5c6feda,3a11f78b0da186e3b7a63eff5230a3003888b59af43293a7640cbdc786be80bc,2048,2048,2,float32+float32,HARD_LINK,NO,
train,Oil,01057.tif,Oil/01057.tif,train/images/Oil/01057.tif,01057.tif,Mask_oil/01057.tif,train/masks/Oil/01057.tif,c6f0f65022f3096adf34f7fa1a3cf0a0c0d8dea2179269d1207e031d17183886,503ba798985fb93a194da116273e6b02e97a4b3a12cad31def1422a1fd20100b,2048,2048,2,float32+float32,HARD_LINK,NO,
train,Oil,00663.tif,Oil/00663.tif,train/images/Oil/00663.tif,00663.tif,Mask_oil/00663.tif,train/masks/Oil/00663.tif,6acd3a0252daa84ccba1526c13c5c89f22a2927225eb3b62c876f9f4f0fd97b0,5e4f8865afabf6e4109aa7c92b7a65a7b491dc0be4a324f824d100e839f8b567,2048,2048,2,float32+float32,HARD_LINK,NO,
train,Oil,01113.tif,Oil/01113.tif,train/images/Oil/01113.tif,01113.tif,Mask_oil/01113.tif,train/masks/Oil/01113.tif,70a0b5f608afa1396cd022544a7987e79a71bb1607e9316e00e93c0e7b40b2d0,90c4ca716ea39ea4ff05bf750e03303033efaf1fb83dd6209ee18756f19c8184,2048,2048,2,float32+float32,HARD_LINK,NO,
train,Oil,00131.tif,Oil/00131.tif,train/images/Oil/00131.tif,00131.tif,Mask_oil/00131.tif,train/masks/Oil/00131.tif,880da9baa27708ae56497c35a5c7cfaafc75d5d92486bf0a8be039b752fd5674,a5e0ffd4793eb737d6b9dc68c3bef538e6664891c84bbb7ff643f6b4b5c89129,2048,2048,2,float32+float32,HARD_LINK,NO,
train,Oil,00789.tif,Oil/00789.tif,train/images/Oil/00789.tif,00789.tif,Mask_oil/00789.tif,train/masks/Oil/00789.tif,d85fc05af5d6284ce40c1ae06ceac9f6a4e5bf7b13a9999b37086f276f349a42,bef5e87819e9978af481291f16ca0e840fee3f6b3d6ec1a751a90b6c339404bc,2048,2048,2,float32+float32,HARD_LINK,NO,
train,Oil,01078.tif,Oil/01078.tif,train/images/Oil/01078.tif,01078.tif,Mask_oil/01078.tif,train/masks/Oil/01078.tif,a1ec199e14685f4932a985ae110a7239830044ebd49aa688e331fd9633cd066f,70d94d33f5523fbc057002b40ac1386fd126a1c3064eae12786d74ae65bd6c05,2048,2048,2,float32+float32,HARD_LINK,NO,
train,Oil,00805.tif,Oil/00805.tif,train/images/Oil/00805.tif,00805.tif,Mask_oil/00805.tif,train/masks/Oil/00805.tif,4e8daaf3d22e4bf2aa0337cf3e2c9a1f282a10742c7f8ea5bacb2c9a3c959552,a29a32156c843d7e72e592b33fb83d1210c6b5b563175c07431394f44dc765bd,2048,2048,2,float32+float32,HARD_LINK,NO,
train,Oil,01197.tif,Oil/01197.tif,train/images/Oil/01197.tif,01197.tif,Mask_oil/01197.tif,train/masks/Oil/01197.tif,0a49d3097eb5497a551571468e7f0030d46c2b62510a1860630a6e196b03ecce,9bd790eadc3eda4df37ad64c6c378223aa6ff7e933d778d22fd4a9a13b4f833d,2048,2048,2,float32+float32,HARD_LINK,NO,
train,Oil,00442.tif,Oil/00442.tif,train/images/Oil/00442.tif,00442.tif,Mask_oil/00442.tif,train/masks/Oil/00442.tif,b064fb56a23b83ac30e12d1b276c3e759e89e65e0ca1e2d2c5a8ae21063a6bcf,594cf08eadba320f3a8d84eddb68c420aba48caef3ba64968aa6015a88bbe2bd,2048,2048,2,float32+float32,HARD_LINK,NO,
train,Oil,00994.tif,Oil/00994.tif,train/images/Oil/00994.tif,00994.tif,Mask_oil/00994.tif,train/masks/Oil/00994.tif,04913c4f76e129d062046e698330a3da720dff253a3e1e19ad6d28efd78a6f7b,66bb0815e45f48f15b502e6503040bc576b6ea275ae0db9799c1a58253205969,2048,2048,2,float32+float32,HARD_LINK,NO,
train,Oil,00449.tif,Oil/00449.tif,train/images/Oil/00449.tif,00449.tif,Mask_oil/00449.tif,train/masks/Oil/00449.tif,d4305c4001dfabee76b569b4ff978c77c001bd9eee5418149ec9a6bc5772f740,7304cdff1dc15e29b52bb5c5be96522ffa2b51ee71b1f5e7de3483f550b838c4,2048,2048,2,float32+float32,HARD_LINK,NO,
train,Oil,00388.tif,Oil/00388.tif,train/images/Oil/00388.tif,00388.tif,Mask_oil/00388.tif,train/masks/Oil/00388.tif,8ca5a1503bf7bf5c9afb8d4ed0e0e42f5ba0f95df2f455da0f2dc204b83c132b,cc7e5427d26a977b88cfc5d81f0ada160f950da9d76a702e3613a8ff8191e8f8,2048,2048,2,float32+float32,HARD_LINK,NO,
train,Oil,00047.tif,Oil/00047.tif,train/images/Oil/00047.tif,00047.tif,Mask_oil/00047.tif,train/masks/Oil/00047.tif,c794fe116313eda550ccdbce1b51c6b8edc89ad7360f27b21bcf3829dce2e12d,91922ce81f093568e5bde5e8a97e2d4a3c7268ff5cb9f7f3b895e8e83933aba5,2048,2048,2,float32+float32,HARD_LINK,NO,
train,Oil,01221.tif,Oil/01221.tif,train/images/Oil/01221.tif,01221.tif,Mask_oil/01221.tif,train/masks/Oil/01221.tif,f1ac1111addadb49bdff30c91bb8c6621154a07fec08558601b488290482333d,718b6a7c29e44f3921bc16e4860ec79cd5eaa12aa63dd6c550379742a66f7329,2048,2048,2,float32+float32,HARD_LINK,NO,
train,Oil,01305.tif,Oil/01305.tif,train/images/Oil/01305.tif,01305.tif,Mask_oil/01305.tif,train/masks/Oil/01305.tif,e270466f40edaae4817836c8eaf82a3b97e1ca5817f0d9a31610bf2197a7636f,b634cd42d8dcfc081237f940c44f695f16f4f122aa99ec3e66883a3c73a2258e,2048,2048,2,float32+float32,HARD_LINK,NO,
train,Oil,00191.tif,Oil/00191.tif,train/images/Oil/00191.tif,00191.tif,Mask_oil/00191.tif,train/masks/Oil/00191.tif,224cd37991ea5d3d334a196f03622ce345c3443578f7af63a7087aafe932fec4,cb777beb087d95840189a909d5fa90e0ca51f6ac3379c61241fee75b20132f1b,2048,2048,2,float32+float32,HARD_LINK,NO,
train,Oil,00655.tif,Oil/00655.tif,train/images/Oil/00655.tif,00655.tif,Mask_oil/00655.tif,train/masks/Oil/00655.tif,350bc9dea4e691fe0fa9176741d7f9dc02e235c350759b01e66498c48b4f2a20,4be3290fc99a1a1bfec4a43e20ac7464bea4f735096853a65099a0b652b01880,2048,2048,2,float32+float32,HARD_LINK,NO,
train,Oil,00692.tif,Oil/00692.tif,train/images/Oil/00692.tif,00692.tif,Mask_oil/00692.tif,train/masks/Oil/00692.tif,7fcfa68e61c13b18aba5f8434078ffa40ae44db4f44bf57d44c11a07d1948cac,bdc44624de01dc3316f6cd1647eb7f3caa7dfb9272b35b4509d49501ea38195a,2048,2048,2,float32+float32,HARD_LINK,NO,
train,Oil,00955.tif,Oil/00955.tif,train/images/Oil/00955.tif,00955.tif,Mask_oil/00955.tif,train/masks/Oil/00955.tif,487b2430f1299293a1cef0e5645990a3e58572950ee755e64e2f1fdd0170cfe1,0d0b9246720e95b335e729775f907f2e9a52b2c00eb9e773b075c592a642d36f,2048,2048,2,float32+float32,HARD_LINK,NO,
train,Oil,00040.tif,Oil/00040.tif,train/images/Oil/00040.tif,00040.tif,Mask_oil/00040.tif,train/masks/Oil/00040.tif,ce6622230e3d1ddd1ead5da81f434e6e896c78ffcb42638c55481b3084db521e,1e0ed3ae48a828268bd0c6373fc13995309d7a874d457b3d3f16740acb9233af,2048,2048,2,float32+float32,HARD_LINK,NO,
train,Oil,00648.tif,Oil/00648.tif,train/images/Oil/00648.tif,00648.tif,Mask_oil/00648.tif,train/masks/Oil/00648.tif,9a2f5373c20957db2e9db6b6835fbc005bac9706e3fb0df0987f8d402a677940,9db5665746aca8d82373efce7db866ced2c08a8778d29911ffad28b9d0bf309a,2048,2048,2,float32+float32,HARD_LINK,NO,
train,Oil,00192.tif,Oil/00192.tif,train/images/Oil/00192.tif,00192.tif,Mask_oil/00192.tif,train/masks/Oil/00192.tif,c5be4a124ebe0f7f50877cb1d449b5837fc403512ffe9d9f8a34a3f77f483550,8c3b8c67b6a696ab5480bc5039ec1f03ae5bb6b0660345301a33689a263e9eee,2048,2048,2,float32+float32,HARD_LINK,NO,
train,Oil,00815.tif,Oil/00815.tif,train/images/Oil/00815.tif,00815.tif,Mask_oil/00815.tif,train/masks/Oil/00815.tif,059a52898a3a252979f2cbbb3cd9c8ddf87254f4509e5080aba307f7d9c6577c,e29900b2c4e2a81d3d84e197966f667075253ae0247f432de8d9391d76fb2955,2048,2048,2,float32+float32,HARD_LINK,NO,
train,Oil,01075.tif,Oil/01075.tif,train/images/Oil/01075.tif,01075.tif,Mask_oil/01075.tif,train/masks/Oil/01075.tif,7a384ae679041646283813d919724dd2fac2f72a7fe9c5703dbc2528d3f60638,66de0f19c6e263eda0bcf6e272ddca8ceaa37234b56698f3ec1bff864885ca74,2048,2048,2,float32+float32,HARD_LINK,NO,
train,Oil,01255.tif,Oil/01255.tif,train/images/Oil/01255.tif,01255.tif,Mask_oil/01255.tif,train/masks/Oil/01255.tif,6500a56458e99e9c104b5611aff6ea41b897f168eed9c96ddbeae7daa51b7739,6e894975ba1a69898e8278664a101f837414b2a765b3a4ca6c7b61bb3e4492ee,2048,2048,2,float32+float32,HARD_LINK,NO,
train,Oil,00969.tif,Oil/00969.tif,train/images/Oil/00969.tif,00969.tif,Mask_oil/00969.tif,train/masks/Oil/00969.tif,d3fa64be6c0933d2f97db9259c07f816cd0fd8013f7945fa7c53c12798031458,8741c443813804cc2ea1b315e1a8fb2e076e7ef9daf54fcbdef0d7784ef0e36e,2048,2048,2,float32+float32,HARD_LINK,NO,
train,Oil,00664.tif,Oil/00664.tif,train/images/Oil/00664.tif,00664.tif,Mask_oil/00664.tif,train/masks/Oil/00664.tif,f83d7d4da9756dbe23e65d44af3e26e6e361dfcd813c8d23b915d602220fc0f3,3808b82b3a352a977d4c8a9017373fa945851686dc2f5e809323787e969d3b8e,2048,2048,2,float32+float32,HARD_LINK,NO,
train,Oil,00516.tif,Oil/00516.tif,train/images/Oil/00516.tif,00516.tif,Mask_oil/00516.tif,train/masks/Oil/00516.tif,e2d45730cef71c4a27abc3fa881d21d2ed4175394767c9039a752c8cc8d8a9ac,f0dcbf5659f8fc58c9fa8ef2b9d4e664567b8652eee1a3def37934a9c9d9fc69,2048,2048,2,float32+float32,HARD_LINK,NO,
train,Oil,00831.tif,Oil/00831.tif,train/images/Oil/00831.tif,00831.tif,Mask_oil/00831.tif,train/masks/Oil/00831.tif,92cd069fc9d414e0a5fea46d7ac1fe7a9edde5bcefd151dc13c8fcc2197af874,ce67b4f786beca966f36abc12b9a04a98220ede273e3aa4d6342054352802221,2048,2048,2,float32+float32,HARD_LINK,NO,
train,Oil,00654.tif,Oil/00654.tif,train/images/Oil/00654.tif,00654.tif,Mask_oil/00654.tif,train/masks/Oil/00654.tif,492dc2e97ab89dd83dac17e8844a52debda7af5166cd5fd74dffa3043539826d,1ea71255affd9e29be789b96309bf5297953812f975ba349b999b0e08e628cb0,2048,2048,2,float32+float32,HARD_LINK,NO,
train,Oil,00532.tif,Oil/00532.tif,train/images/Oil/00532.tif,00532.tif,Mask_oil/00532.tif,train/masks/Oil/00532.tif,15e6427df4cb1ee7164be6d5268a7530a592e82dbe97e0f9fbf19181febfc87f,107ea3beab629995e1325d8a18705e5d8b054bde83bc22d29b7cf19fe4418525,2048,2048,2,float32+float32,HARD_LINK,NO,
train,Oil,00869.tif,Oil/00869.tif,train/images/Oil/00869.tif,00869.tif,Mask_oil/00869.tif,train/masks/Oil/00869.tif,95de0df7cd858e121100a80390ba47d077e0d670abbc4462c8c5bcd110dde86f,3e8c88724043633be9e46a050213a20f2db874c7813d60957b923ca893a3b498,2048,2048,2,float32+float32,HARD_LINK,NO,
train,Oil,00206.tif,Oil/00206.tif,train/images/Oil/00206.tif,00206.tif,Mask_oil/00206.tif,train/masks/Oil/00206.tif,d94e66460bba894bc1cdfb3654e61daef1be319264b00f04844db997868a1648,eb163213b3b95f6dc2b25ba6edf659041033c22b6170238df96e09d5b1553ccd,2048,2048,2,float32+float32,HARD_LINK,NO,
train,Oil,00332.tif,Oil/00332.tif,train/images/Oil/00332.tif,00332.tif,Mask_oil/00332.tif,train/masks/Oil/00332.tif,3da071fe2fa1038dc8872f19482603c7c02e8e41d5fcbfd6aeb79d17ad0f481d,032013da1ab9eb5f5923723446b01e1eb6380d597333fe64c250d4a8b472a07d,2048,2048,2,float32+float32,HARD_LINK,NO,
train,Oil,00754.tif,Oil/00754.tif,train/images/Oil/00754.tif,00754.tif,Mask_oil/00754.tif,train/masks/Oil/00754.tif,debaa1ffdd69755638aa33e52340bc726fb5d9be6645148bb4e2fec6aa0dca0f,079e5267ce221effae148ccee31ac4be709a7948e34ee84e19e2e2640bb2ddc4,2048,2048,2,float32+float32,HARD_LINK,NO,
train,Oil,00169.tif,Oil/00169.tif,train/images/Oil/00169.tif,00169.tif,Mask_oil/00169.tif,train/masks/Oil/00169.tif,d20a0a9825fabaffcd2517e2c589833742419bcc7bf5f9e564c269ad0f277aeb,45b40270ab83cff7053d154f6ab2b07738aec2b22188ae2ad7b460521551954b,2048,2048,2,float32+float32,HARD_LINK,NO,
train,Oil,00899.tif,Oil/00899.tif,train/images/Oil/00899.tif,00899.tif,Mask_oil/00899.tif,train/masks/Oil/00899.tif,edc1ea22f05e5910287206819cbd87f55f1735674fa6bb144d6622ae191deeed,1694c1d9a87e552875bdc72eb180eba6c1ea4289c7091d5c814c6a51b8979d30,2048,2048,2,float32+float32,HARD_LINK,NO,
train,Oil,00416.tif,Oil/00416.tif,train/images/Oil/00416.tif,00416.tif,Mask_oil/00416.tif,train/masks/Oil/00416.tif,f265b89af7268b855d077044f0e1ec80883a6dc6e4b44ab4613b2e53544029df,01f15a02fc34626e9f5017f48abd9c899f273d888d99ab1d29bab8635b982c9e,2048,2048,2,float32+float32,HARD_LINK,NO,
train,Oil,00003.tif,Oil/00003.tif,train/images/Oil/00003.tif,00003.tif,Mask_oil/00003.tif,train/masks/Oil/00003.tif,47c6bbb02bd25b3e1235be9590660489c59cfcd83ec719b17dd09b5ea4f330d4,2dcffbc08546bbb4bd10f2ca657ba762aec4515e93b9c937f7e3f699793dbfd2,2048,2048,2,float32+float32,HARD_LINK,NO,
train,Oil,00051.tif,Oil/00051.tif,train/images/Oil/00051.tif,00051.tif,Mask_oil/00051.tif,train/masks/Oil/00051.tif,92e954b114d8e58db9b86a2a02f3ec9498e69db5ee543e579f5d23ade376942f,181b3613f57b48e2c5afb4ecbb43f296f0ef2f3a3733f6a3493751e1cc26c6cc,2048,2048,2,float32+float32,HARD_LINK,NO,
train,Oil,01289.tif,Oil/01289.tif,train/images/Oil/01289.tif,01289.tif,Mask_oil/01289.tif,train/masks/Oil/01289.tif,6ba080ef0972f9a9604a753c1e26282e3757a539d827708d1dce01b38a3a82dc,872dd0521557967e374cf22fb040bf348c95fdc078e1f0054e8c068351fc879d,2048,2048,2,float32+float32,HARD_LINK,NO,
train,Oil,01244.tif,Oil/01244.tif,train/images/Oil/01244.tif,01244.tif,Mask_oil/01244.tif,train/masks/Oil/01244.tif,419c6b09121d9ff74600711214d23d47a3b2df5d77391958748a10b3809f893b,2306615a1afeea4626d40f9d282df1aa202023d47d05a9033cc5923d51e8a034,2048,2048,2,float32+float32,HARD_LINK,NO,
train,Oil,00923.tif,Oil/00923.tif,train/images/Oil/00923.tif,00923.tif,Mask_oil/00923.tif,train/masks/Oil/00923.tif,08a51711c1ed6f262e0a134dc3f09498aa4829856afe6442eb888df0481fc419,8c6e56a8a76a7551f8a68082caf94a20d0c67d336d40162565f65774ce524c55,2048,2048,2,float32+float32,HARD_LINK,NO,
train,Oil,00114.tif,Oil/00114.tif,train/images/Oil/00114.tif,00114.tif,Mask_oil/00114.tif,train/masks/Oil/00114.tif,005659db5cbc0ffc3989a7877afd7dd6c534f36381c13a30418240b1c2c6e6c3,38c2a32e8f974d8ec843a81ae290130769efe9dcde8fe613724df45cd8c7399e,2048,2048,2,float32+float32,HARD_LINK,NO,
train,Oil,00058.tif,Oil/00058.tif,train/images/Oil/00058.tif,00058.tif,Mask_oil/00058.tif,train/masks/Oil/00058.tif,6c62ec7a6f9bab61981777c0993a0bfe6e8d2ae51d954bcc7ccde7b44405bb50,479451e73f25271a8386707e44b2488d1acd7f9c1f43b2d9c2f25cca91da1a8c,2048,2048,2,float32+float32,HARD_LINK,NO,
train,Oil,01176.tif,Oil/01176.tif,train/images/Oil/01176.tif,01176.tif,Mask_oil/01176.tif,train/masks/Oil/01176.tif,95c598f1bc0007bc5905a1297a51cdcfda87e6457341b6a6fd72ccbec04a5a39,faef42a50943dec29e829307439d8aff0d9fd317900be34493caf915886585d0,2048,2048,2,float32+float32,HARD_LINK,NO,
train,Oil,00584.tif,Oil/00584.tif,train/images/Oil/00584.tif,00584.tif,Mask_oil/00584.tif,train/masks/Oil/00584.tif,f8ebca968079a96d2b0c8a85eae03a3e28fe24f311583addec6ad4b774adfb56,b2af10cdaf66edae0f5a1d6a0d4f53d4cb838e10f50e8ffd366118ca1df22563,2048,2048,2,float32+float32,HARD_LINK,NO,
train,Oil,00606.tif,Oil/00606.tif,train/images/Oil/00606.tif,00606.tif,Mask_oil/00606.tif,train/masks/Oil/00606.tif,84c5d03e01070f8ac1d9369ffa7f2dd2fb5efb291b0f7b17271b038130583dcc,b73d5ec27718b9a25b248e4ecf4472029fdfebc4602ebf9ca3d8ed59777aed13,2048,2048,2,float32+float32,HARD_LINK,NO,
train,Oil,00947.tif,Oil/00947.tif,train/images/Oil/00947.tif,00947.tif,Mask_oil/00947.tif,train/masks/Oil/00947.tif,ccf483e138ccd10746511d6ef76c4b78df7e4076095693e3b0b15d5062b52038,59873d7ad5b75dc9e85a856a0845382b001f3c190dc3704e9acd4769edfde634,2048,2048,2,float32+float32,HARD_LINK,NO,
train,Oil,00751.tif,Oil/00751.tif,train/images/Oil/00751.tif,00751.tif,Mask_oil/00751.tif,train/masks/Oil/00751.tif,db3e368843f2a50423c1ea24cefca7de52281aea9b5fa6179b61d8c55db0386e,6fd81173c17eab2c89efd14fa010962712f49e4c5542209459076efcbfc62f6f,2048,2048,2,float32+float32,HARD_LINK,NO,
train,Oil,00810.tif,Oil/00810.tif,train/images/Oil/00810.tif,00810.tif,Mask_oil/00810.tif,train/masks/Oil/00810.tif,ef85084410e86f2875f010b247d72931f29c0f1d9ac909b7eda2f7375484c13a,7fbd049387519ff3831df9119a5a77f53436752564126c08977c98372a4d3aad,2048,2048,2,float32+float32,HARD_LINK,NO,
train,Oil,00259.tif,Oil/00259.tif,train/images/Oil/00259.tif,00259.tif,Mask_oil/00259.tif,train/masks/Oil/00259.tif,6e68bab26510f3438a284ee6dbd1e339ea9c9a583baec4edd719f162721b6e4f,c099fefc0ec9e647a8f8fe1ed1568cda3b9c71733da6fabf0434c8cd62124fb4,2048,2048,2,float32+float32,HARD_LINK,NO,
train,Oil,00427.tif,Oil/00427.tif,train/images/Oil/00427.tif,00427.tif,Mask_oil/00427.tif,train/masks/Oil/00427.tif,625ebc0523a89a1c3c321a8b04cb7ae8c47309e5d15320e27092cdba34932a5a,362a4dfb22b9b533016d56bd411ec83deef847e036f8165cbe85622ffc5f3b13,2048,2048,2,float32+float32,HARD_LINK,NO,
train,Oil,00843.tif,Oil/00843.tif,train/images/Oil/00843.tif,00843.tif,Mask_oil/00843.tif,train/masks/Oil/00843.tif,085ba49e2413e16c85636790e503877a53b7b1ba1945061614d502846076c22c,60a510dde2889d4982ea9265f8ae5dc8c227c78f612e4409a846370e3b1bc81a,2048,2048,2,float32+float32,HARD_LINK,NO,
train,Oil,00267.tif,Oil/00267.tif,train/images/Oil/00267.tif,00267.tif,Mask_oil/00267.tif,train/masks/Oil/00267.tif,97c354bbf5521c2cf1ddfa9ecc5f7d95d85e27f9d15b24e17c42a5030ea85947,f39f0383b84cc171fafe1781a3380d07121b7b31ca740e16c11fc1a696934537,2048,2048,2,float32+float32,HARD_LINK,NO,
train,Oil,00716.tif,Oil/00716.tif,train/images/Oil/00716.tif,00716.tif,Mask_oil/00716.tif,train/masks/Oil/00716.tif,ee446063654b6fdc01baa43f5c141e5056597ef39cf8c1251408a758075b3aca,d92b799d86c4e7f78f7bec7b3ac651f6d14794d24cf0a5cf9d97b798acb03f1a,2048,2048,2,float32+float32,HARD_LINK,NO,
train,Oil,00354.tif,Oil/00354.tif,train/images/Oil/00354.tif,00354.tif,Mask_oil/00354.tif,train/masks/Oil/00354.tif,e18d6d4aa97c5e7f1f9873fd22532df41f0fdd0bb4cc2ae130d535410f5c68a0,5661dbdc4507d1479d742f3c65a4a5bccfd98bcf428a99cb171765be2c5b6f92,2048,2048,2,float32+float32,HARD_LINK,NO,
train,Oil,00344.tif,Oil/00344.tif,train/images/Oil/00344.tif,00344.tif,Mask_oil/00344.tif,train/masks/Oil/00344.tif,dd71b37fa4b308af96db9e62da911d9d205d89edaa11f5d2c469466a2d10a8b2,980a1fcc28234410f511453d8130d3570ae3029631221815f0779c67a3137074,2048,2048,2,float32+float32,HARD_LINK,NO,
train,Oil,00199.tif,Oil/00199.tif,train/images/Oil/00199.tif,00199.tif,Mask_oil/00199.tif,train/masks/Oil/00199.tif,6f456d0cf3fae6474b812b5fbc7f8146b30ac6f409c6a31cfa2975aff7f66734,fec45522313ea3156dba169882e6c58136b52a5b6a8a01068dfa4db17a36dbd8,2048,2048,2,float32+float32,HARD_LINK,NO,
train,Oil,00656.tif,Oil/00656.tif,train/images/Oil/00656.tif,00656.tif,Mask_oil/00656.tif,train/masks/Oil/00656.tif,e29bff0766fe028bb40b3e552a14bde5391fed52f6c43e6428d89a79cca4c6b1,3f1802056bd430d4d5f084cc2bbd4e162db7da41b1e2bea33483a596e1d06034,2048,2048,2,float32+float32,HARD_LINK,NO,
train,Oil,00870.tif,Oil/00870.tif,train/images/Oil/00870.tif,00870.tif,Mask_oil/00870.tif,train/masks/Oil/00870.tif,fd3c5faf13be0b159a60272bea8cf6489981a19cf0cc4c8b80e86a5a8a1b282e,eb64d4c4fb7aec5a37a0c761f91b9d0df3c0d00c8fa4e97f7027397105725fc5,2048,2048,2,float32+float32,HARD_LINK,NO,
train,Oil,00135.tif,Oil/00135.tif,train/images/Oil/00135.tif,00135.tif,Mask_oil/00135.tif,train/masks/Oil/00135.tif,c28745f608208d6d9dd586681bf1076bfcd80c17896a23d26e98a749f3c97631,aa60de717f7d888c34fc067bd88f78e235ce059e7ea8e7e385174bd3706e7024,2048,2048,2,float32+float32,HARD_LINK,NO,
train,Oil,01182.tif,Oil/01182.tif,train/images/Oil/01182.tif,01182.tif,Mask_oil/01182.tif,train/masks/Oil/01182.tif,5f5b7b633685798055637c881430601d70f2bc85493a41d33da2bb6c362f288d,6719ce8901eb692e38d45335ecb33d8b325b356d89ce7c701c5dbdca4bb2f98f,2048,2048,2,float32+float32,HARD_LINK,NO,
train,Oil,00334.tif,Oil/00334.tif,train/images/Oil/00334.tif,00334.tif,Mask_oil/00334.tif,train/masks/Oil/00334.tif,99b53681f56fe5021399a101789015b669715820ecc33c1993a31e3691dbff71,db674e5bcd220ae2ba9a4e9fded375db7a311e1c4bcaf9fd154853e7e6899ff3,2048,2048,2,float32+float32,HARD_LINK,NO,
train,Oil,00174.tif,Oil/00174.tif,train/images/Oil/00174.tif,00174.tif,Mask_oil/00174.tif,train/masks/Oil/00174.tif,2441dc21a56cfd6a965871063bd0cea52f7db1fa349d88509ae0f3b64c0c215b,9d3c6ac4e03c20661470dca5ab581778a2f175b951dfcb3062a202c170ecf1b0,2048,2048,2,float32+float32,HARD_LINK,NO,
train,Oil,00132.tif,Oil/00132.tif,train/images/Oil/00132.tif,00132.tif,Mask_oil/00132.tif,train/masks/Oil/00132.tif,3353651fa5fd32d2e0dd3fac765037e2e169356f825b825e2ef0a4d4a7197cab,ff9f61e794051e529cad73ff310bf2c4a04177caa2756cfc01750da14f9cba14,2048,2048,2,float32+float32,HARD_LINK,NO,
train,Oil,00786.tif,Oil/00786.tif,train/images/Oil/00786.tif,00786.tif,Mask_oil/00786.tif,train/masks/Oil/00786.tif,a8e94cf46d760a8c7ce02e474e7c3162d11d644f4cebf561b137d71d3c6b2157,11d3ebf952b58a1c8ca82eba8b877b956eb9a003b28b6f4d1eb95335e29fd583,2048,2048,2,float32+float32,HARD_LINK,NO,
train,Oil,00376.tif,Oil/00376.tif,train/images/Oil/00376.tif,00376.tif,Mask_oil/00376.tif,train/masks/Oil/00376.tif,763e3f59af86507de85598081144c885f530ca711164777e713b9d08e3cfbbd3,40e2a6d66cfdc09fa4454dfceb8bef283fd61dbe9c9c6aa42c5eca251bad794d,2048,2048,2,float32+float32,HARD_LINK,NO,
train,Oil,00657.tif,Oil/00657.tif,train/images/Oil/00657.tif,00657.tif,Mask_oil/00657.tif,train/masks/Oil/00657.tif,03445de298eaaa9c1a3bd491a41d7c8c4d5dd28a4443e1d9eb2b6bf8491213c0,b0f321c3858ad30fc7d74dca44c431bd4f2a6774c4d798bfa500b579f2d9ecab,2048,2048,2,float32+float32,HARD_LINK,NO,
train,Oil,00790.tif,Oil/00790.tif,train/images/Oil/00790.tif,00790.tif,Mask_oil/00790.tif,train/masks/Oil/00790.tif,da5bc0d4084510b6aa84d7ddd71486ff3f682f20ed03ae74897e727e0d8f0ca2,0bbdc2f5855bb6afb9af2637cd59e4fedadd6860c872ebd0ca2c99c78c265fd6,2048,2048,2,float32+float32,HARD_LINK,NO,
train,Oil,00009.tif,Oil/00009.tif,train/images/Oil/00009.tif,00009.tif,Mask_oil/00009.tif,train/masks/Oil/00009.tif,a5d415e861c05c79e2bfd638eec7dbcf9dff4e1bcc217de7fc030388a61f7fbc,2ee01dcf6f9806eab7acb40c6234104ed1aae993026d92b7d9b94c08b91deeab,2048,2048,2,float32+float32,HARD_LINK,NO,
train,Oil,01296.tif,Oil/01296.tif,train/images/Oil/01296.tif,01296.tif,Mask_oil/01296.tif,train/masks/Oil/01296.tif,fce7f162d2a9e5fb3415908a1f9c61b5c4ffca153bb30f5276ba5946436cd535,3e77a8175cdf81a516a577024018a6cf70e26d3c31e229f2e865da1856c614c5,2048,2048,2,float32+float32,HARD_LINK,NO,
train,Oil,01101.tif,Oil/01101.tif,train/images/Oil/01101.tif,01101.tif,Mask_oil/01101.tif,train/masks/Oil/01101.tif,c46032758ae1d34dc747df0624b7aedc04dc2a6117096044fa7bc79c3e029da4,e845d1735da4367c97557fd17ec6c50f8c89e775ec13531c3f14736b1e6907e8,2048,2048,2,float32+float32,HARD_LINK,NO,
train,Oil,01190.tif,Oil/01190.tif,train/images/Oil/01190.tif,01190.tif,Mask_oil/01190.tif,train/masks/Oil/01190.tif,516180ac3c5aead259ac99968e24da54517d184b5aa10f6fee5412916cb14c40,d183de5a5cb3b5a057fbd55fe78c1f72b7e0294582a54b30ead13f5f9627c8b4,2048,2048,2,float32+float32,HARD_LINK,NO,
train,Oil,00724.tif,Oil/00724.tif,train/images/Oil/00724.tif,00724.tif,Mask_oil/00724.tif,train/masks/Oil/00724.tif,f35e833f01dd90f681ebad95c6c7c0bcc65751ebe85d536dc2e8bc99cddaefc1,16d9963df21f40d6e12920e4a07547dea85d98c8095359aa4a8e762567ad723d,2048,2048,2,float32+float32,HARD_LINK,NO,
train,Oil,00379.tif,Oil/00379.tif,train/images/Oil/00379.tif,00379.tif,Mask_oil/00379.tif,train/masks/Oil/00379.tif,4e7e2b3e41c0ae7f621224e125fc6c1415685e77868ddad16d4de839d32af03a,bcf5a5953cfbe9ed38a35e40d414e90631a87467943542794e1f091496ed41b2,2048,2048,2,float32+float32,HARD_LINK,NO,
train,Oil,00829.tif,Oil/00829.tif,train/images/Oil/00829.tif,00829.tif,Mask_oil/00829.tif,train/masks/Oil/00829.tif,a7aa7e414b91f7b9941c3ddeec4972a655d0687fefe1e7b5549004c1ac5da886,4ece2221d45285e5858a88c0cf3195ed1048f9ad294f26d54ba220f3b15ce99a,2048,2048,2,float32+float32,HARD_LINK,NO,
train,Oil,00646.tif,Oil/00646.tif,train/images/Oil/00646.tif,00646.tif,Mask_oil/00646.tif,train/masks/Oil/00646.tif,26df6c937fed521c64d769276cf58ccd4d0873d29ee57be1c2198f85a547edee,9dc0168e514558ec5904d9ad3d987bcd9524ee47bad44fa1942c7e3d0ed743bd,2048,2048,2,float32+float32,HARD_LINK,NO,
train,Oil,00527.tif,Oil/00527.tif,train/images/Oil/00527.tif,00527.tif,Mask_oil/00527.tif,train/masks/Oil/00527.tif,da22f7a96ae6791e6bb6e4d927eb1883ccd2d1a164efadca3d842aecd80d22d7,f28345b80873c4f4370bd3e23ba02f3474cbfe01e585a15fc23c9add1888c6ce,2048,2048,2,float32+float32,HARD_LINK,NO,
train,Oil,01013.tif,Oil/01013.tif,train/images/Oil/01013.tif,01013.tif,Mask_oil/01013.tif,train/masks/Oil/01013.tif,cb7d77eea041d993dd584f6b4966a9178a923b3b2d695d08f330abded3d6a506,91d37a73c6eacd9fabebeef591cc1a77ec36bd15031d4919985daf272878dbbe,2048,2048,2,float32+float32,HARD_LINK,NO,
train,Oil,00358.tif,Oil/00358.tif,train/images/Oil/00358.tif,00358.tif,Mask_oil/00358.tif,train/masks/Oil/00358.tif,5ddcf9e2380a95c462e2b0c00e518e5470467f3ed9ed99943fb659fe7228bf6b,91932e03099380133183fc2049e8095022afe1db12dbb7b20588ec1b51c9ccdf,2048,2048,2,float32+float32,HARD_LINK,NO,
train,Oil,00454.tif,Oil/00454.tif,train/images/Oil/00454.tif,00454.tif,Mask_oil/00454.tif,train/masks/Oil/00454.tif,92b7205ed62f6eb4b63b1d824978f271cf288a74f745a247b3465f5aa48681b7,b2abe802147362575f263655767d6b642b3b3323799ec0ca71ab14e5f5438377,2048,2048,2,float32+float32,HARD_LINK,NO,
train,Oil,00307.tif,Oil/00307.tif,train/images/Oil/00307.tif,00307.tif,Mask_oil/00307.tif,train/masks/Oil/00307.tif,92e78385128a95f86abf55ca9829fa8ae782a530a429f5eccf68f6a09d5cede9,1ed0a4c38ea7f967f413a8dca63248dc8b2d9f063b882fbc0ceb51b38e04f4ee,2048,2048,2,float32+float32,HARD_LINK,NO,
train,Oil,01077.tif,Oil/01077.tif,train/images/Oil/01077.tif,01077.tif,Mask_oil/01077.tif,train/masks/Oil/01077.tif,8ee7b46b885210b774f7b2d9a6683498d18fe5b6dcc3eb4a4bca87dbdb347ac8,8ad33ed0082816ede3812062877e1b1b6d3aef272ee79b0f3b7d9d87df129f2e,2048,2048,2,float32+float32,HARD_LINK,NO,
train,Oil,00433.tif,Oil/00433.tif,train/images/Oil/00433.tif,00433.tif,Mask_oil/00433.tif,train/masks/Oil/00433.tif,9d2b434f834ac988c68cee4442e6f23c52441d2a7000e6cd61856e9040fe9b88,ad43e4c5c267ecbdf8063639c4f335ed85572755dcaa77701848ab14b1e26786,2048,2048,2,float32+float32,HARD_LINK,NO,
train,Oil,01228.tif,Oil/01228.tif,train/images/Oil/01228.tif,01228.tif,Mask_oil/01228.tif,train/masks/Oil/01228.tif,b8d7e8fab74dc5e64627befc40cf92aa5c58875828e8cd0715344bcea29eb973,43782223b483078ad1dbae70b329f6618844274b5d1df7183430e1047940ee3d,2048,2048,2,float32+float32,HARD_LINK,NO,
train,Oil,00979.tif,Oil/00979.tif,train/images/Oil/00979.tif,00979.tif,Mask_oil/00979.tif,train/masks/Oil/00979.tif,f1920c959c309bdf48666006e60501b608ca3d8c30944da0e97195f5119de828,dff7815ec71529014c4f2a3bed5f2cf118cb65b388493ca9dc5197bec04acb8f,2048,2048,2,float32+float32,HARD_LINK,NO,
train,Oil,00607.tif,Oil/00607.tif,train/images/Oil/00607.tif,00607.tif,Mask_oil/00607.tif,train/masks/Oil/00607.tif,7e0d3e5409f5e41c76f862a7ec7de4c88f1e55449c88bae63c6e8dddfe66c23e,393624c47f232afe74dc27fbab51279e84da5ac2c31e0fb9aff14847ef2afc37,2048,2048,2,float32+float32,HARD_LINK,NO,
train,Oil,01053.tif,Oil/01053.tif,train/images/Oil/01053.tif,01053.tif,Mask_oil/01053.tif,train/masks/Oil/01053.tif,9447b5b927c12b302ad161ad2463c51f7b152f72b6502014bd9b2fb20f107ce2,49248311d50491b269b034815bef4b3bd1130d9941c0e9a9c1a0a698789ec54b,2048,2048,2,float32+float32,HARD_LINK,NO,
train,Oil,00640.tif,Oil/00640.tif,train/images/Oil/00640.tif,00640.tif,Mask_oil/00640.tif,train/masks/Oil/00640.tif,bffe06b91186ea2d57147b1c98a13c7ee7cce5b81362d047f9df7b4949de8db3,5906fed47d00babaff64b5047a793cce3fc87a7c71b25b08af9fac9a3e8bb1b2,2048,2048,2,float32+float32,HARD_LINK,NO,
train,Oil,00090.tif,Oil/00090.tif,train/images/Oil/00090.tif,00090.tif,Mask_oil/00090.tif,train/masks/Oil/00090.tif,798135bcec9bdcd7f0b8080f7465c45d88f5ca8092e3aaecc5e536725a43f9ca,b504ba23a23444b1a76dd70313259497f9aa01f53bb7f1ae16e6c48f44198108,2048,2048,2,float32+float32,HARD_LINK,NO,
train,Oil,00126.tif,Oil/00126.tif,train/images/Oil/00126.tif,00126.tif,Mask_oil/00126.tif,train/masks/Oil/00126.tif,897f1a8a7307e27b697859312241215c80c577fe01f06c3d6bb95486a3496bf6,79a77c9ae8a7b2d80647efa28052b117482cc5d214f24b9a9ddfc4214b135b26,2048,2048,2,float32+float32,HARD_LINK,NO,
train,Oil,00666.tif,Oil/00666.tif,train/images/Oil/00666.tif,00666.tif,Mask_oil/00666.tif,train/masks/Oil/00666.tif,ecc539ae8aa2065bc51d018e0a4be222b6010c4dc168b4e516621432f64f32da,38f72d8317c98ca0b3329a1a3a291aba5343705032cd5f96d44837c52d65e6bf,2048,2048,2,float32+float32,HARD_LINK,NO,
train,Oil,00735.tif,Oil/00735.tif,train/images/Oil/00735.tif,00735.tif,Mask_oil/00735.tif,train/masks/Oil/00735.tif,b6e1e536fa39f0de10c3ee418f334065fd6bc8c0fa5e43ee65a68dfcc97ba071,f1acd3379f42ff4ae457dc19717cf9ca06a606c18243ccd803c530bbe4103d55,2048,2048,2,float32+float32,HARD_LINK,NO,
train,Oil,01254.tif,Oil/01254.tif,train/images/Oil/01254.tif,01254.tif,Mask_oil/01254.tif,train/masks/Oil/01254.tif,168ba0d90b5a1c84aa26b8278448d1bb6de8cc7cea1008a5725d489ab5dc87e0,caa8f5495c1b746f07381c7183cf9be7b79b4ab8ede1838580c4659697c3b4d8,2048,2048,2,float32+float32,HARD_LINK,NO,
train,Oil,00010.tif,Oil/00010.tif,train/images/Oil/00010.tif,00010.tif,Mask_oil/00010.tif,train/masks/Oil/00010.tif,60ad878195f7f6d948c76f56cba41f9cdea3e711eb5b1648dca6b92d3a8d14ac,ab5e6f0fc5681bea8d0c7d65449690915f1edc6e74fd9a42777fbcefe1ecccaf,2048,2048,2,float32+float32,HARD_LINK,NO,
train,Oil,00089.tif,Oil/00089.tif,train/images/Oil/00089.tif,00089.tif,Mask_oil/00089.tif,train/masks/Oil/00089.tif,3465175c0f189e1bffef4fd9a10be0ea221fe60fcb1d978a117c2c71901d240f,c6400ed154975564cbec8c1e10709cfc111577c6773462ce164997ca341959d3,2048,2048,2,float32+float32,HARD_LINK,NO,
train,Oil,00879.tif,Oil/00879.tif,train/images/Oil/00879.tif,00879.tif,Mask_oil/00879.tif,train/masks/Oil/00879.tif,418a5c8178297bf2505b2986fad5ceb7b9512cfa2067a9e9fa7830da7fc74bfd,a4734be01d134f31dec07b5459ec2bd7ddce6cc4070176f675afdceae1b50feb,2048,2048,2,float32+float32,HARD_LINK,NO,
train,Oil,00986.tif,Oil/00986.tif,train/images/Oil/00986.tif,00986.tif,Mask_oil/00986.tif,train/masks/Oil/00986.tif,52d88297400193a11aef106c1f49f1b63c198d3c0d1616a40305b5d306e9977e,3648b3d7887276c22e9128b337a44b0aabb9c023cef67f0aac1ae34ef34ec6ad,2048,2048,2,float32+float32,HARD_LINK,NO,
train,Oil,01151.tif,Oil/01151.tif,train/images/Oil/01151.tif,01151.tif,Mask_oil/01151.tif,train/masks/Oil/01151.tif,e554347481e8973b201a169c40f1f17779dfe3afed7171e33ecde186ccd9f9c9,e3a39d33a75cfacfd642d2343f7d18aa598c7777e85294c745e0fac5587f4c0c,2048,2048,2,float32+float32,HARD_LINK,NO,
train,Oil,00377.tif,Oil/00377.tif,train/images/Oil/00377.tif,00377.tif,Mask_oil/00377.tif,train/masks/Oil/00377.tif,67c2c63f866567fbec66c6dfbee25d21996dbe32ff7dc1ce5cfe0c7e6afbd1bf,36423b63df9dac162859c06df1f1b28976cc35e778f05a9163bea2f2da4727be,2048,2048,2,float32+float32,HARD_LINK,NO,
train,Oil,00764.tif,Oil/00764.tif,train/images/Oil/00764.tif,00764.tif,Mask_oil/00764.tif,train/masks/Oil/00764.tif,cd0b35cde66d57e8ddd680b7dc3231155839a1e68a1f75fa37019be0ed00f9ed,e4ab0df3c684b00824edac58abe2227a7e788b68d7ff14143cb64eb2226e9fe9,2048,2048,2,float32+float32,HARD_LINK,NO,
train,Oil,00794.tif,Oil/00794.tif,train/images/Oil/00794.tif,00794.tif,Mask_oil/00794.tif,train/masks/Oil/00794.tif,57c1ba9511997ebb8ffd173810272f86e20ffdc6cc8eb56496ff881425be48e9,7ec13941976d6a7c7b0a34b7ef8a10cd0330c3e4a998a75c4dd33518d350d512,2048,2048,2,float32+float32,HARD_LINK,NO,
train,Oil,00171.tif,Oil/00171.tif,train/images/Oil/00171.tif,00171.tif,Mask_oil/00171.tif,train/masks/Oil/00171.tif,bc651a6671a1f880586d897b29550cf4cb6fd6aa538c0faecf21df824e1a8218,5629f42ede641787a6623ffe681357c7b7235fc9803781fe0cb829374aa958db,2048,2048,2,float32+float32,HARD_LINK,NO,
train,Oil,00481.tif,Oil/00481.tif,train/images/Oil/00481.tif,00481.tif,Mask_oil/00481.tif,train/masks/Oil/00481.tif,c12b05eb2c65ec294aa5726345f9fdbcf7986ba5ff2d30f7d3c4d5596d663da1,492a37366a81ff3fc86cae390c10cd948af8b15391cd050f8c26155f3d4b9359,2048,2048,2,float32+float32,HARD_LINK,NO,
train,Oil,01044.tif,Oil/01044.tif,train/images/Oil/01044.tif,01044.tif,Mask_oil/01044.tif,train/masks/Oil/01044.tif,8c13e54cca2ae4ef12a298eee8d99575a094e96dc074628b563bd289e4d00bef,9191f12fb26022a947c34d241a7ab568013742fed9e23807a05b0092e94a3b95,2048,2048,2,float32+float32,HARD_LINK,NO,
train,Oil,00300.tif,Oil/00300.tif,train/images/Oil/00300.tif,00300.tif,Mask_oil/00300.tif,train/masks/Oil/00300.tif,0ae42f74588cdd5bfe39638b1adf663e4c9a3b8f754e366329dfafc9c14cf6e8,f126c9a094c43c12d9d2c351fa02b7fcdb204c41d1746e20c39c16463687f5db,2048,2048,2,float32+float32,HARD_LINK,NO,
train,Oil,01021.tif,Oil/01021.tif,train/images/Oil/01021.tif,01021.tif,Mask_oil/01021.tif,train/masks/Oil/01021.tif,aa89fe46d727eae224f777c823ac9f2ce12e248adb0bbfe99b7433ce119f9b3c,bc275e2223eac6aa1e1b0963dd9dc69f4047aeb416e0a705d2534d534aec28f3,2048,2048,2,float32+float32,HARD_LINK,NO,
train,Oil,00842.tif,Oil/00842.tif,train/images/Oil/00842.tif,00842.tif,Mask_oil/00842.tif,train/masks/Oil/00842.tif,fe598796fec834f00fd68c67f54df5a06d6ed85358175b183db9647cfa3b96b6,704f0350bd8e1249d10b5fa3cafefe9b672fcdbc84bd0cb6caffb67040650b5a,2048,2048,2,float32+float32,HARD_LINK,NO,
train,Oil,01140.tif,Oil/01140.tif,train/images/Oil/01140.tif,01140.tif,Mask_oil/01140.tif,train/masks/Oil/01140.tif,63181647f219bea5dd1a45bdb44f0cbded66b66afebe21f068b2b4d0090edbba,f8c3e4b4a6da5411d14289a0639730a2994dc07789e185d62f1b6803c148c75d,2048,2048,2,float32+float32,HARD_LINK,NO,
train,Oil,01302.tif,Oil/01302.tif,train/images/Oil/01302.tif,01302.tif,Mask_oil/01302.tif,train/masks/Oil/01302.tif,af175aaae1b860212d481497f0f6da0be758354e0f4cdcd5d4785ed28428e03a,3a979d3ca6312c03b1969ed29f893f4cb4ba7e41ecb9dafd562d30ff4199fffd,2048,2048,2,float32+float32,HARD_LINK,NO,
train,Oil,00331.tif,Oil/00331.tif,train/images/Oil/00331.tif,00331.tif,Mask_oil/00331.tif,train/masks/Oil/00331.tif,d67426a6b6b6c8e7a46fbad82b9694c700fc635cc456e1db5ecb71f92c637d4a,090c2c866f12bd090b6b410f67fda2166cab25fff9e0b5caa2302c25c781c98c,2048,2048,2,float32+float32,HARD_LINK,NO,
train,Oil,01208.tif,Oil/01208.tif,train/images/Oil/01208.tif,01208.tif,Mask_oil/01208.tif,train/masks/Oil/01208.tif,99f08cc32ad554e8e75bd19f1496f152998fe299454ca134d3c2a17a0abb6077,848fce96160ccd24eb9b819cbb1270985c28d586a808bfc00e10bb7e61b789ff,2048,2048,2,float32+float32,HARD_LINK,NO,
train,Oil,00625.tif,Oil/00625.tif,train/images/Oil/00625.tif,00625.tif,Mask_oil/00625.tif,train/masks/Oil/00625.tif,c34f90f52e7744aa7a28e8e00071f369822cad816fb10428ae609bfbbd3094ac,32691fd425b2a47e7b4d47893ef192437573be536252173219a2610245370753,2048,2048,2,float32+float32,HARD_LINK,NO,
train,Oil,00668.tif,Oil/00668.tif,train/images/Oil/00668.tif,00668.tif,Mask_oil/00668.tif,train/masks/Oil/00668.tif,bf00c36edb5e9dfad1f90a7804cefa53617702c07c6361bb9600b0edf3c01bec,711af5c0f2be76d1ea10def44b9b115dc0a3dd9e14eaa71276d464e310c12ac1,2048,2048,2,float32+float32,HARD_LINK,NO,
train,Oil,00693.tif,Oil/00693.tif,train/images/Oil/00693.tif,00693.tif,Mask_oil/00693.tif,train/masks/Oil/00693.tif,296cbdd8c7048ae0fdba56ce486aa0c84034f6c9fb9d8de009d33cbe52890d46,15e16703a82399164a609e94fd12d26271b560f5efdeff98b887a8eb0e910c71,2048,2048,2,float32+float32,HARD_LINK,NO,
train,Oil,00780.tif,Oil/00780.tif,train/images/Oil/00780.tif,00780.tif,Mask_oil/00780.tif,train/masks/Oil/00780.tif,b156e86907cdd94772f746701af874c391e797f9f0a8689b0afead9a785a6c92,65886e10d33ab7fdb56a33a83f69088bf99002e4d73b6b906b122817266de606,2048,2048,2,float32+float32,HARD_LINK,NO,
train,Oil,01267.tif,Oil/01267.tif,train/images/Oil/01267.tif,01267.tif,Mask_oil/01267.tif,train/masks/Oil/01267.tif,419bb0372ebb3bd515fe02b12b7d4d97030cf6f698d071cb0116ec8d29f5e2b7,4e908d4ed9d1e74404cc4c54a482d7ea827d77e06623aa5cc063a8e81ceac1fc,2048,2048,2,float32+float32,HARD_LINK,NO,
train,Oil,00098.tif,Oil/00098.tif,train/images/Oil/00098.tif,00098.tif,Mask_oil/00098.tif,train/masks/Oil/00098.tif,5d5cbd9dc99895f5f8eabcf39ec970f0f2e604505a82b79fea8a5bf00756b4e2,e9d1bf836156aa3457baa99f85f137356a2afdd58fea0192a10a6dc7e091bea6,2048,2048,2,float32+float32,HARD_LINK,NO,
train,Oil,00732.tif,Oil/00732.tif,train/images/Oil/00732.tif,00732.tif,Mask_oil/00732.tif,train/masks/Oil/00732.tif,eb0669b87326255ad867119dfa7adc30327a5b2f9af36f0aedc4228d5f421791,94fd7c85a56723a6b717d1b2c885bb3b2972358012d1f4d75fd104641d0ac6b9,2048,2048,2,float32+float32,HARD_LINK,NO,
train,Oil,00045.tif,Oil/00045.tif,train/images/Oil/00045.tif,00045.tif,Mask_oil/00045.tif,train/masks/Oil/00045.tif,93eb497b04fc186a82252a0a6f2d2cd3ab5fb6f9041e4ba04684ff0181ba26e0,87a18c04c8ba9d67a67167a205962ad7d8b24d4ebebd1b748cba804ca58f101b,2048,2048,2,float32+float32,HARD_LINK,NO,
train,Oil,00705.tif,Oil/00705.tif,train/images/Oil/00705.tif,00705.tif,Mask_oil/00705.tif,train/masks/Oil/00705.tif,011cbd57eaa44514eb5d0d1d58b12a70ab1368f30c09c900250ae993b65daed0,c1b52c0f1d6fac2bcfcb2baecb099f19e616ab3876c3070fe178afa1a679c896,2048,2048,2,float32+float32,HARD_LINK,NO,
train,Oil,01278.tif,Oil/01278.tif,train/images/Oil/01278.tif,01278.tif,Mask_oil/01278.tif,train/masks/Oil/01278.tif,0044c19f755c79f065de215eb8a44d809eb7356673782b865990f13cbda418a7,0935f73191a2d5081a03554d70435295a6661e41f3835a33397a4b81ce025333,2048,2048,2,float32+float32,HARD_LINK,NO,
train,Oil,00309.tif,Oil/00309.tif,train/images/Oil/00309.tif,00309.tif,Mask_oil/00309.tif,train/masks/Oil/00309.tif,aa6b69676383da7de326c154d894f4552180428ff349d8a9ccff19a3d7828ea9,f7cb1b8fbcbe4722d8548a972bcb524fb9078a7a13a9723efcc6b81a305fe898,2048,2048,2,float32+float32,HARD_LINK,NO,
train,Oil,00677.tif,Oil/00677.tif,train/images/Oil/00677.tif,00677.tif,Mask_oil/00677.tif,train/masks/Oil/00677.tif,d918f8bad02afd8b31d4197dae5b9d7098a928477c51b8c5c63006f29415a1be,80c4fa74155815befa089e86cd38a03afffd7464c56ceb889b25bb020e7b4d00,2048,2048,2,float32+float32,HARD_LINK,NO,
train,Oil,00155.tif,Oil/00155.tif,train/images/Oil/00155.tif,00155.tif,Mask_oil/00155.tif,train/masks/Oil/00155.tif,a28e21990c4402cb12586b8523ff6d04f1cfb0e18665c8a1f61714099acc06dc,2882c19605ec1bcb09bd95c9c232addc2559461ad27753bedf93be76217302a1,2048,2048,2,float32+float32,HARD_LINK,NO,
train,Oil,00491.tif,Oil/00491.tif,train/images/Oil/00491.tif,00491.tif,Mask_oil/00491.tif,train/masks/Oil/00491.tif,4942d77d08b40fc4a3db5ec7c9eaa1e826c478aae9b12645e09015277d9bb184,42a83152796d56c1bcca43c169e685699359441d82a0bc9fbc8b0469d2a90ddb,2048,2048,2,float32+float32,HARD_LINK,NO,
train,Oil,00295.tif,Oil/00295.tif,train/images/Oil/00295.tif,00295.tif,Mask_oil/00295.tif,train/masks/Oil/00295.tif,572f69e1d3c1604c792716afa71423ac37b7e3602160f2dfcbafcc0ced94d139,3bc6d0d323612c57658b85f2c6dd7681d7f31a6aebadc108aa564d2638c0edf2,2048,2048,2,float32+float32,HARD_LINK,NO,
train,Oil,01072.tif,Oil/01072.tif,train/images/Oil/01072.tif,01072.tif,Mask_oil/01072.tif,train/masks/Oil/01072.tif,cb41abc80f0b7386c3802fef7bf13eab9670c50c82c51e8edad0e31408b55425,bc0c02dc756b3595afcce12665e5881adf16df11efc07ad14bd69d47b0fc486c,2048,2048,2,float32+float32,HARD_LINK,NO,
train,Oil,00798.tif,Oil/00798.tif,train/images/Oil/00798.tif,00798.tif,Mask_oil/00798.tif,train/masks/Oil/00798.tif,2aa6fecaad14d5c91f04d696a05eeb0fb54014dcf31110887f94dd29427e6f60,32134fa6eca8304dcd6f1a06637320aa5b85cb710de374cef79dfa4debd542ea,2048,2048,2,float32+float32,HARD_LINK,NO,
train,Oil,00084.tif,Oil/00084.tif,train/images/Oil/00084.tif,00084.tif,Mask_oil/00084.tif,train/masks/Oil/00084.tif,e5a15d6022aaa30e7e24efa57dfb3af14220b837e9d08f2a7f57b15707ac9e62,85b6ff0c12a2fb1e32c33b31bcd137193562313f21e58b40b1b6a53ef03d9556,2048,2048,2,float32+float32,HARD_LINK,NO,
train,Oil,00706.tif,Oil/00706.tif,train/images/Oil/00706.tif,00706.tif,Mask_oil/00706.tif,train/masks/Oil/00706.tif,b013f216db186cce5da684fce0b7c664d80ba73720e2cf25b46acd574caf136a,573e6e4b027947446d878ba50cb0d6f79031d50074626b87795ef0bf1c943322,2048,2048,2,float32+float32,HARD_LINK,NO,
train,Oil,00085.tif,Oil/00085.tif,train/images/Oil/00085.tif,00085.tif,Mask_oil/00085.tif,train/masks/Oil/00085.tif,9101a00a4199154fce0294a009499fc73f7c1577ec84110f044a34e0f0edb68e,56dcf894c873216ba023e5e2bf87ce7de7c63cd0814391cec1713088579fdc04,2048,2048,2,float32+float32,HARD_LINK,NO,
train,Oil,00238.tif,Oil/00238.tif,train/images/Oil/00238.tif,00238.tif,Mask_oil/00238.tif,train/masks/Oil/00238.tif,4605f33efef71de14e690d6f84136894d0c1df7c3a60820a6d1fd09227cfd0b7,e313a05fd202c747ac85b04d59bfb25bed3b1c5ccdf81561c95d70a7cb7617e7,2048,2048,2,float32+float32,HARD_LINK,NO,
train,Oil,00982.tif,Oil/00982.tif,train/images/Oil/00982.tif,00982.tif,Mask_oil/00982.tif,train/masks/Oil/00982.tif,61af269aa0bee0fa5733c88c08ac59a0ca097e4eb96974ee37d50ec607bd8650,8b0b63941f88947439c92fb967d3ca7d4ace73d6f5c503db0696197f2705fc9b,2048,2048,2,float32+float32,HARD_LINK,NO,
train,Oil,00097.tif,Oil/00097.tif,train/images/Oil/00097.tif,00097.tif,Mask_oil/00097.tif,train/masks/Oil/00097.tif,545751edc594de8c427a15f102a141b194738e7fc2e9be4bd47ca4537cb0aa9f,bedc88035f2c1a9c74042f53b063822fdc0aed6117a3750503c454067c3c5741,2048,2048,2,float32+float32,HARD_LINK,NO,
train,Oil,00609.tif,Oil/00609.tif,train/images/Oil/00609.tif,00609.tif,Mask_oil/00609.tif,train/masks/Oil/00609.tif,075c77863ed0db5df7ab15a85a2d939137f85c0697e2f2fd954e70aa2db4ecb1,edb38dbf95fdddf73cdbf6ef7378751cf038dc16786529ea04c89664281f9271,2048,2048,2,float32+float32,HARD_LINK,NO,
train,Oil,01020.tif,Oil/01020.tif,train/images/Oil/01020.tif,01020.tif,Mask_oil/01020.tif,train/masks/Oil/01020.tif,6ea57f8fc76b60e77a6b103530b909ee1f89e8866c813ab493d2c8f516e3b751,7ad29161dfd3ee06bffc3cfaac85390eb7e5ec788adde33a24d86e1f34b73db9,2048,2048,2,float32+float32,HARD_LINK,NO,
train,Oil,01180.tif,Oil/01180.tif,train/images/Oil/01180.tif,01180.tif,Mask_oil/01180.tif,train/masks/Oil/01180.tif,33860bc1b10a55226ec7f713a2dadceb3b4ce22dd0fcb198a6b3fcea48d34021,263f4c38ed8ca3d0036a1b7574c2be9f9dd61b31abf9759e0f65ca1c692c7c95,2048,2048,2,float32+float32,HARD_LINK,NO,
train,Oil,00633.tif,Oil/00633.tif,train/images/Oil/00633.tif,00633.tif,Mask_oil/00633.tif,train/masks/Oil/00633.tif,6b5e2027ac5e4603d9bbbf84e296f01737f3cafe4d7e0ecc3f4f600aee9e24d3,a00b97299c57bac9857113525116c8118745e241f8c02c31be6de6791ca57edc,2048,2048,2,float32+float32,HARD_LINK,NO,
train,Oil,00984.tif,Oil/00984.tif,train/images/Oil/00984.tif,00984.tif,Mask_oil/00984.tif,train/masks/Oil/00984.tif,7086cdd4fc67ab8e75c03fb5b28ba8ee3104c4fef5b54ba8a8af9648dadcf1e5,226838381a43546d12255e1522e260210fde711547f59075c3f54efb56ab1f78,2048,2048,2,float32+float32,HARD_LINK,NO,
train,Oil,01216.tif,Oil/01216.tif,train/images/Oil/01216.tif,01216.tif,Mask_oil/01216.tif,train/masks/Oil/01216.tif,0dc0b89ce48bb87ac5f1a825622d6fa052716e2dea0fe1fd6cb9ca94c4928af2,52608f3650d2233b376e89a6e51064c063edf38062a191d67494ca71536d8ccd,2048,2048,2,float32+float32,HARD_LINK,NO,
train,Oil,00569.tif,Oil/00569.tif,train/images/Oil/00569.tif,00569.tif,Mask_oil/00569.tif,train/masks/Oil/00569.tif,698102b27c2eff5ab99d4dd85eaf06f5cec42949abcb67436d7a414eb5a24b51,8bf64dc9b07243c5b020726f3ad5b45fa0c889d8146f1172d5b7705c60fb9383,2048,2048,2,float32+float32,HARD_LINK,NO,
train,Oil,00694.tif,Oil/00694.tif,train/images/Oil/00694.tif,00694.tif,Mask_oil/00694.tif,train/masks/Oil/00694.tif,19e5c73fd443a5122424fa99c7c221e537b55b2767ed3663f0b5b556064f9213,fa433584ccabd3d876f5d7215abee5de05c2f6b32acaf5d8978381173be21171,2048,2048,2,float32+float32,HARD_LINK,NO,
train,Oil,01068.tif,Oil/01068.tif,train/images/Oil/01068.tif,01068.tif,Mask_oil/01068.tif,train/masks/Oil/01068.tif,2fd6145dd83536ce8ba6fd6c2b5078c36a30e4eaf679e9c1e07cda6e6f194d6a,4f80dafcf45a86e358a1acc52b8c44bda97e4b63386f7e9200ec4c5ca4f890b7,2048,2048,2,float32+float32,HARD_LINK,NO,
train,Oil,00067.tif,Oil/00067.tif,train/images/Oil/00067.tif,00067.tif,Mask_oil/00067.tif,train/masks/Oil/00067.tif,4bc683411c3834fcf43eded2d8bb23ff4915309007b1daad545a55d223b95f4a,62341d10b3d5d51f2d09f2e6cfb5efc21c12c95a6cf472f3c0800d25793b3d18,2048,2048,2,float32+float32,HARD_LINK,NO,
train,Oil,00395.tif,Oil/00395.tif,train/images/Oil/00395.tif,00395.tif,Mask_oil/00395.tif,train/masks/Oil/00395.tif,8df17ec2f21e23cdf6f131f1751f46a00e59f908c18340702d2ef298cde852b4,9bcecb210d1b8c47534ebf0ed22adb6ca243e8275a7e08fad6ad67697e8a8426,2048,2048,2,float32+float32,HARD_LINK,NO,
train,Oil,01194.tif,Oil/01194.tif,train/images/Oil/01194.tif,01194.tif,Mask_oil/01194.tif,train/masks/Oil/01194.tif,35ec14a2cbc5bf49badd07e6d7e09c643e7218e0ecb247d3c2fc96748812fd08,ac4ca2e717b4b32eab9ee2714f47fdeebefc52fc7e5b070e378452e9b408c898,2048,2048,2,float32+float32,HARD_LINK,NO,
train,Oil,01098.tif,Oil/01098.tif,train/images/Oil/01098.tif,01098.tif,Mask_oil/01098.tif,train/masks/Oil/01098.tif,180a796ffb5543ada7e458b6e82f2d4aa20be7e314819b16dbaf10214a79d6c8,b3fc47062553da7b69aba02096fa2009f4e5871d51e2a2540b116fb0660f1044,2048,2048,2,float32+float32,HARD_LINK,NO,
train,Oil,00645.tif,Oil/00645.tif,train/images/Oil/00645.tif,00645.tif,Mask_oil/00645.tif,train/masks/Oil/00645.tif,26df70b09a3c2e798801f96d47d2d6e3115f54d63a91f6ca19df076c923109af,df5118138627bb77caffe51f3a233aa45b6634e96e5bcd7eeb0e4490f2926bbd,2048,2048,2,float32+float32,HARD_LINK,NO,
train,Oil,00862.tif,Oil/00862.tif,train/images/Oil/00862.tif,00862.tif,Mask_oil/00862.tif,train/masks/Oil/00862.tif,0211430bce468def58122ed0efe5b70845fcdc5cecbf7d9452345d16556fb069,e53b252bf6f63bfd70a6149f66feed94c7242fb3e5f4201b617933d8848a9353,2048,2048,2,float32+float32,HARD_LINK,NO,
train,Oil,00688.tif,Oil/00688.tif,train/images/Oil/00688.tif,00688.tif,Mask_oil/00688.tif,train/masks/Oil/00688.tif,99b343bd8ada84a7b1442a8517db41c6783e99c3f7a282625b0e8ef485f47da8,b84974b06bbb568a5902d2d9a7df2a6f06bfbb2ff551e5c2469ac726aaf0c01b,2048,2048,2,float32+float32,HARD_LINK,NO,
train,Oil,00069.tif,Oil/00069.tif,train/images/Oil/00069.tif,00069.tif,Mask_oil/00069.tif,train/masks/Oil/00069.tif,345115e5b09896c8d75d9031097b4c5081573ca71f7ee55f458ed7f23e37c57c,886b81a4184dbfe1a4cb1bff0c2b5277245d4c430be1472ab2f138e128cf6a1d,2048,2048,2,float32+float32,HARD_LINK,NO,
train,Oil,00276.tif,Oil/00276.tif,train/images/Oil/00276.tif,00276.tif,Mask_oil/00276.tif,train/masks/Oil/00276.tif,46ec9e13c31ca4cc2669dd9a847313622b61eb2f9d15de7be5ac54db12d7b5f1,c2d1f3e4b88e7da5a0f4409e771fb551dbf0fb61dec8bb6251d4f0b5f8e549d8,2048,2048,2,float32+float32,HARD_LINK,NO,
train,Oil,00373.tif,Oil/00373.tif,train/images/Oil/00373.tif,00373.tif,Mask_oil/00373.tif,train/masks/Oil/00373.tif,becfffcf7203b668b6f7dc11400ac20d0c08ef59090929478c921855a4eaa8aa,2643da5fc537f2d4d4399ea0520b03a3462c205ad5c4e4a0a198a43ded8a4fbe,2048,2048,2,float32+float32,HARD_LINK,NO,
train,Oil,01174.tif,Oil/01174.tif,train/images/Oil/01174.tif,01174.tif,Mask_oil/01174.tif,train/masks/Oil/01174.tif,bd5f46861b6f2625f89d687072c2b7eb462cbc98e01160f10bea093e61cbcca2,88f314942e8bb6f2a83f4c836d5f80fab21ce4d3e23a250e826932701a3b97dc,2048,2048,2,float32+float32,HARD_LINK,NO,
train,Oil,00198.tif,Oil/00198.tif,train/images/Oil/00198.tif,00198.tif,Mask_oil/00198.tif,train/masks/Oil/00198.tif,09f89c597257dc50a6f411893b9b04712f4e277ed66fc7068499866f5cbb3018,b687ce09034a5a99c01f228eaa94209d8b720412d62e4d6616807979c2e2c51f,2048,2048,2,float32+float32,HARD_LINK,NO,
train,Oil,00582.tif,Oil/00582.tif,train/images/Oil/00582.tif,00582.tif,Mask_oil/00582.tif,train/masks/Oil/00582.tif,ceb8e9e5170182ba0617c6b9e66eb22a5f4ad18332b31feda2c44b86efec6a9f,075610ebb4e07caefbf7f6730787d5d838865ea17e47aa38093ba30776908324,2048,2048,2,float32+float32,HARD_LINK,NO,
train,Oil,01298.tif,Oil/01298.tif,train/images/Oil/01298.tif,01298.tif,Mask_oil/01298.tif,train/masks/Oil/01298.tif,1e920b052ad0773430c97197eaa737387a466263416eb525488e6333368aec6c,8fcef913ce42f8c9a2b6b78c4c1003985a3d898f19e6098a70963bd467399fa5,2048,2048,2,float32+float32,HARD_LINK,NO,
train,Oil,00784.tif,Oil/00784.tif,train/images/Oil/00784.tif,00784.tif,Mask_oil/00784.tif,train/masks/Oil/00784.tif,9f7eabfaabecbad21d7870b16ff8b552d4d7e3b4c6e31931d02ca643bb76a268,ab95f82e390851e357c1c50411d14d08f860f794b9ca853fa02419f9c722a790,2048,2048,2,float32+float32,HARD_LINK,NO,
train,Oil,01273.tif,Oil/01273.tif,train/images/Oil/01273.tif,01273.tif,Mask_oil/01273.tif,train/masks/Oil/01273.tif,2269906a26ec4b85fb1449e7a96b34c54b9663781fc1d1dc926ec7652a3e7ea3,6e19fbd812a24b4f4b547786633bc6bbe683ef279bf67cfb3f04a11089b5b3fd,2048,2048,2,float32+float32,HARD_LINK,NO,
train,Oil,01043.tif,Oil/01043.tif,train/images/Oil/01043.tif,01043.tif,Mask_oil/01043.tif,train/masks/Oil/01043.tif,619f755086b59d95900305d73db596dd430b93c81e8ae300eff24b061403e5a8,1cc40d39a11a32653ec15290a312dc6f5c3465ed874b6b0888af7461edf2e915,2048,2048,2,float32+float32,HARD_LINK,NO,
train,Oil,00857.tif,Oil/00857.tif,train/images/Oil/00857.tif,00857.tif,Mask_oil/00857.tif,train/masks/Oil/00857.tif,c7e477dd31bf5e5695ad8bdfd5c05366fce8bc46e05c943f32d735f766ec8feb,2408410ee372b143ec05401f455c5ded2a15b7a85fa45f14c1ebfd9bd6b52a05,2048,2048,2,float32+float32,HARD_LINK,NO,
train,Oil,00822.tif,Oil/00822.tif,train/images/Oil/00822.tif,00822.tif,Mask_oil/00822.tif,train/masks/Oil/00822.tif,e6ea66aec47d935318ad8c02d6b0cf05040c0a0a04214465b4561056b4c0ad52,71bb3acb5dd23245b2c000a6df55fdd480fd649bc8ae0fe09c244f53017f35b1,2048,2048,2,float32+float32,HARD_LINK,NO,
train,Oil,01111.tif,Oil/01111.tif,train/images/Oil/01111.tif,01111.tif,Mask_oil/01111.tif,train/masks/Oil/01111.tif,7b7d75d78a0b9f9af892c3ab9bb888fd571ce71d2c7c7cb5abb61f6bfa0d1626,03bcbd18940e11b663d400d1da438184498001e7eb767390bd953b78e17ae074,2048,2048,2,float32+float32,HARD_LINK,NO,
train,Oil,01240.tif,Oil/01240.tif,train/images/Oil/01240.tif,01240.tif,Mask_oil/01240.tif,train/masks/Oil/01240.tif,327e9573c5e3feff68577b9919db29352865682dbc165c9f7b0ba4478a7472b4,9a8392b9a65dbfd8c28631602f6fd96ac7e6235dc44cccf6a0b685df3af54508,2048,2048,2,float32+float32,HARD_LINK,NO,
train,Oil,00545.tif,Oil/00545.tif,train/images/Oil/00545.tif,00545.tif,Mask_oil/00545.tif,train/masks/Oil/00545.tif,166e7866de8d1c1b216bea8ca6c6c777433c35bac992c2f1ea9d5a65a8b5a830,762656f92a5dafd2f406d611a5c520a8e2d2a177cf32df509ceb29d748ae8956,2048,2048,2,float32+float32,HARD_LINK,NO,
train,Oil,01122.tif,Oil/01122.tif,train/images/Oil/01122.tif,01122.tif,Mask_oil/01122.tif,train/masks/Oil/01122.tif,89d84f677aab1f088807cffd614a0c48ff522a4d725bc1662ca7468a7bd766a6,ecc48274d06afe9222efa99a03c10e1cf4392626c83e1bfeb83875b8589164ba,2048,2048,2,float32+float32,HARD_LINK,NO,
train,Oil,00913.tif,Oil/00913.tif,train/images/Oil/00913.tif,00913.tif,Mask_oil/00913.tif,train/masks/Oil/00913.tif,13c717aec8694a91393fcdd741dd33694fb26ac242131c04ee9c297729135966,38ab36c84a69a03d0c3a0fc6ac70e6aba0fe939b729f225d433d6a7df4f4fcf3,2048,2048,2,float32+float32,HARD_LINK,NO,
train,Oil,00335.tif,Oil/00335.tif,train/images/Oil/00335.tif,00335.tif,Mask_oil/00335.tif,train/masks/Oil/00335.tif,51e8b772c1514eab619cde5d8ad9dadbf5c46421d0b4fd3acd49fd811f214612,349490c7eedc02861d6aa5b41dd9693ddce75974a52e5c68858e8ed7f21dedaf,2048,2048,2,float32+float32,HARD_LINK,NO,
train,Oil,00475.tif,Oil/00475.tif,train/images/Oil/00475.tif,00475.tif,Mask_oil/00475.tif,train/masks/Oil/00475.tif,6f06a36f1b57067a741cea245302acc25cd007c2120d7d0e091ad08db7b1266b,a414c34d59629bcc511c64a2831d42ccf3b28379a734c29674b1fa9c48f59fac,2048,2048,2,float32+float32,HARD_LINK,NO,
train,Oil,00002.tif,Oil/00002.tif,train/images/Oil/00002.tif,00002.tif,Mask_oil/00002.tif,train/masks/Oil/00002.tif,922c86d0a765b94689577bd83e7e20b72c3d4fb5670f5b0b7e4e98fcbdf8b6bd,2033a6c0d9789614deb9f2c88188ee9ebece618a8c8d50034df867aae9570465,2048,2048,2,float32+float32,HARD_LINK,NO,
train,Oil,00464.tif,Oil/00464.tif,train/images/Oil/00464.tif,00464.tif,Mask_oil/00464.tif,train/masks/Oil/00464.tif,7ed48efb880504a53db9fb88b818020086bb0024b0c0fbd64621bbaee14aec2b,27eec7f237f4174685a3991a4ff4515014e03ed2667006e88dc74970cbc33b19,2048,2048,2,float32+float32,HARD_LINK,NO,
train,Oil,00210.tif,Oil/00210.tif,train/images/Oil/00210.tif,00210.tif,Mask_oil/00210.tif,train/masks/Oil/00210.tif,95d54f9c6d9241cfa17d692c85f76307b69ae714851fcd04b5cf5d716f9ca880,5eba9fda53db0a5092b1d3ca544f9ee500b99e94ebcb59a8576dc4017c8ddd3a,2048,2048,2,float32+float32,HARD_LINK,NO,
train,Oil,00073.tif,Oil/00073.tif,train/images/Oil/00073.tif,00073.tif,Mask_oil/00073.tif,train/masks/Oil/00073.tif,f42646882d17afda950e737fa0b101bc5b13c01976814e0c48767bde0751abc1,604b350d515b6fb0f2321d937de1c03649980c204a8a16c3733fe77a8c9a57fa,2048,2048,2,float32+float32,HARD_LINK,NO,
train,Oil,01164.tif,Oil/01164.tif,train/images/Oil/01164.tif,01164.tif,Mask_oil/01164.tif,train/masks/Oil/01164.tif,eb4791d30556020e10b0dcbe2beaeaf343723419866280804082827d4bba9584,b87732d59cdacf36d0debb84b79531a2cad901d9b695b05e1ffc1b8b59521272,2048,2048,2,float32+float32,HARD_LINK,NO,
train,Oil,00488.tif,Oil/00488.tif,train/images/Oil/00488.tif,00488.tif,Mask_oil/00488.tif,train/masks/Oil/00488.tif,df5a465a48db39fe6be3444e19a48c80c6d423ac47bbccecd468674a30ae6cf0,a4840d9e5284f3a3dd0e499b0fbc6890cbd40318303cba1c386912149e0370f7,2048,2048,2,float32+float32,HARD_LINK,NO,
train,Oil,00996.tif,Oil/00996.tif,train/images/Oil/00996.tif,00996.tif,Mask_oil/00996.tif,train/masks/Oil/00996.tif,41796a0c17c41f9cc9409343bb6a61490b07f7260355985d81b19ed14122d8b6,07a28b490a9404581d53ed30ed276e0ed8df31fc1b23d2b6d79b032c2107cfdc,2048,2048,2,float32+float32,HARD_LINK,NO,
train,Oil,00270.tif,Oil/00270.tif,train/images/Oil/00270.tif,00270.tif,Mask_oil/00270.tif,train/masks/Oil/00270.tif,a7682b74de4b39f660a53594fe2cc0ecd153e60e72a5a0afd29fca5de67d7fda,4537a6c7e8b78342c0da0d49b0c381d99bd458e85a3919867aca6bac245aaddc,2048,2048,2,float32+float32,HARD_LINK,NO,
train,Oil,00573.tif,Oil/00573.tif,train/images/Oil/00573.tif,00573.tif,Mask_oil/00573.tif,train/masks/Oil/00573.tif,90c642de4662ad5f3825f4721e55210783f3b5b1c8ce7080f81a1f020deca308,e23c88c26d00a84969f4e508e6251b4f9de4572ab5470f5a10b8484e9e3a0680,2048,2048,2,float32+float32,HARD_LINK,NO,
train,Oil,01139.tif,Oil/01139.tif,train/images/Oil/01139.tif,01139.tif,Mask_oil/01139.tif,train/masks/Oil/01139.tif,18236f108277c0cc6c2f457fc406cf23371a2d0e73656cd818946d5b6d29293b,65b606861092095b8ee3f544c2a4dc4d73ca4e6d258a69042f5a861d89fbf83a,2048,2048,2,float32+float32,HARD_LINK,NO,
train,Oil,01119.tif,Oil/01119.tif,train/images/Oil/01119.tif,01119.tif,Mask_oil/01119.tif,train/masks/Oil/01119.tif,bc2f514fa3da7799aae40cd9e5a8990316240db2e584d9ad83b1f1575a7299ad,39284d5153c2aafd64925195357b8f4045dadccbd2db3e0787bd38b597c8c7b0,2048,2048,2,float32+float32,HARD_LINK,NO,
train,Oil,00212.tif,Oil/00212.tif,train/images/Oil/00212.tif,00212.tif,Mask_oil/00212.tif,train/masks/Oil/00212.tif,66a5e23f007bcca13d9e4dd4c93ba48caeffd828af852719b1154376a31a443c,f01f1e13bbd038d98e46708131d1ab95ad0f2dbd88c8eb8ea71f419955878619,2048,2048,2,float32+float32,HARD_LINK,NO,
train,Oil,00297.tif,Oil/00297.tif,train/images/Oil/00297.tif,00297.tif,Mask_oil/00297.tif,train/masks/Oil/00297.tif,687017bdbb1f855f8c2b40084e7ca5dee517f5f0c7156bf11c9aa4d759ace76b,b4c6120dc7ccd11e77805923c3161a16f2e209d2864fd5bb61a80ba1cb802cee,2048,2048,2,float32+float32,HARD_LINK,NO,
train,Oil,00980.tif,Oil/00980.tif,train/images/Oil/00980.tif,00980.tif,Mask_oil/00980.tif,train/masks/Oil/00980.tif,8cac2efc238f8098239d2f6fd2c44977dbfa82c78c283a236bac8c25a90f9186,f730a2314897f84ebacfa3eae123e7f0cc812fd5a46f99cdfe144100bf8996c2,2048,2048,2,float32+float32,HARD_LINK,NO,
train,Oil,00881.tif,Oil/00881.tif,train/images/Oil/00881.tif,00881.tif,Mask_oil/00881.tif,train/masks/Oil/00881.tif,cb75e3619a50a154f36179b2fe219f2e49fb1ee4e7b03ed2edee4167c2706980,b461b2d586ce8dc9261fcd6df5ffa370ad2f39286e791a218481ffbdf14ef0c2,2048,2048,2,float32+float32,HARD_LINK,NO,
train,Oil,01061.tif,Oil/01061.tif,train/images/Oil/01061.tif,01061.tif,Mask_oil/01061.tif,train/masks/Oil/01061.tif,82a44ae7aa051f9ef10314a84e56e504494de68367452abcaaecde9ab5507334,97389659732028cced4feaa2e420034cccb694963d23b583dc5824af9a5e6637,2048,2048,2,float32+float32,HARD_LINK,NO,
train,Oil,00115.tif,Oil/00115.tif,train/images/Oil/00115.tif,00115.tif,Mask_oil/00115.tif,train/masks/Oil/00115.tif,e1f244af85ba592488669d4ed83c02b9f981400b5aaced0644521a038244553d,2dc713cbd1b2957ef5ac1d15497e15e3d700f119b0ac3eff3eee74077c038331,2048,2048,2,float32+float32,HARD_LINK,NO,
train,Oil,00016.tif,Oil/00016.tif,train/images/Oil/00016.tif,00016.tif,Mask_oil/00016.tif,train/masks/Oil/00016.tif,18c81f36aaec6f5eb9ffdae6cb2d59dcbc1b18a105cb01a05fcf5db8d49691b3,92d025d0ead2b61f19dd4ab19ec9371d2c0500772ef271f9c9f46d30a4b98b31,2048,2048,2,float32+float32,HARD_LINK,NO,
train,Oil,00967.tif,Oil/00967.tif,train/images/Oil/00967.tif,00967.tif,Mask_oil/00967.tif,train/masks/Oil/00967.tif,e84e7fe514452f029b30b4a2f491fd9ac297e55cd72a9c1ca762269e0de0bed2,84c81dadcc7f08b56b85b43d2d8f73af69ce766c377a97efd409726104f3f6ae,2048,2048,2,float32+float32,HARD_LINK,NO,
train,Oil,00643.tif,Oil/00643.tif,train/images/Oil/00643.tif,00643.tif,Mask_oil/00643.tif,train/masks/Oil/00643.tif,3becd8d2207927d5cb856e24b9f7f56a4e677f43f3dfd39335524b6e1c9c5064,dece4e385b33e6f04eaaf4c32702b6dc79b695bb4b308ff18af8c44deee78b7c,2048,2048,2,float32+float32,HARD_LINK,NO,
train,Oil,00771.tif,Oil/00771.tif,train/images/Oil/00771.tif,00771.tif,Mask_oil/00771.tif,train/masks/Oil/00771.tif,8759f7b508a01a32d246ed4bdccf2849507dbeb2130d7ad1fb4d117de01edbe9,82d2b645aae25537d873d20d2e4f3615f6066adbb58b39d924a90065eab261fd,2048,2048,2,float32+float32,HARD_LINK,NO,
train,Oil,01337.tif,Oil/01337.tif,train/images/Oil/01337.tif,01337.tif,Mask_oil/01337.tif,train/masks/Oil/01337.tif,b2b365064216d72205e922371bb3472b91835f7107fe920cd1b91126e5841e5d,fc1dfba6514ca2bd29fcacb038ae3eae80ea5de566283c633596deb053b2575d,2048,2048,2,float32+float32,HARD_LINK,NO,
train,Oil,01099.tif,Oil/01099.tif,train/images/Oil/01099.tif,01099.tif,Mask_oil/01099.tif,train/masks/Oil/01099.tif,1a0153cbbc04cf747889fe6dee57f1fbad4cb288a067746514354ef7edda0d89,d6ab6e965718d2ed532547316cab4bc3d5e5db965ed0ae839ad08c4cea656ee8,2048,2048,2,float32+float32,HARD_LINK,NO,
train,Oil,01336.tif,Oil/01336.tif,train/images/Oil/01336.tif,01336.tif,Mask_oil/01336.tif,train/masks/Oil/01336.tif,cddbd5655f64bd806afec9475a075da8ee70ec69b3282cb50c6f3136e3372909,fb1b4a48141549ec1a41a4860a4690c54e0bc911e8e2ab876b72ae8bf7ccdcfe,2048,2048,2,float32+float32,HARD_LINK,NO,
val,Oil,00987.tif,Oil/00987.tif,val/images/Oil/00987.tif,00987.tif,Mask_oil/00987.tif,val/masks/Oil/00987.tif,a0697aef96fc7b759ae10f165387bcca53756f1cd3261eb4024f2d6e26144724,a8d6b71631c4461618be3cd763933b8606b28b3d16a94fe5a072bd2e4a3b2422,2048,2048,2,float32+float32,HARD_LINK,NO,
val,Oil,01091.tif,Oil/01091.tif,val/images/Oil/01091.tif,01091.tif,Mask_oil/01091.tif,val/masks/Oil/01091.tif,4779a3283d5ef3e15ec81ea416a6daaa1d7ed00241f8bf744d4050a158e1543f,16953d1304694cd635fa281dc5b7e9d9f9f043b52a48c3ee37b898c3a95e853b,2048,2048,2,float32+float32,HARD_LINK,NO,
val,Oil,00938.tif,Oil/00938.tif,val/images/Oil/00938.tif,00938.tif,Mask_oil/00938.tif,val/masks/Oil/00938.tif,a91150a771c21e5a9434148d481bd75e2132310b907360b78a0208ab48d01781,02e9fcc4f209932a581668291c19d533a104fad4531f1ccb3532b3ffbcd7f059,2048,2048,2,float32+float32,HARD_LINK,NO,
val,Oil,00533.tif,Oil/00533.tif,val/images/Oil/00533.tif,00533.tif,Mask_oil/00533.tif,val/masks/Oil/00533.tif,7b2629b8cce208b11dfd019a43ffc737190c0f99ae9b61d4a0bbaa696f88806a,9d323a21bceb41ae8e1c9605438e893d33b510b35099441fbf856cfe24d7c60f,2048,2048,2,float32+float32,HARD_LINK,NO,
val,Oil,00092.tif,Oil/00092.tif,val/images/Oil/00092.tif,00092.tif,Mask_oil/00092.tif,val/masks/Oil/00092.tif,289f5af7b3e66b5eeaffc6ee02481794d84f9238053839c191f56f63556b9a7f,b3ac9dccb8f2e420cf9c740aa47a3e430cd10c63f33e0cd4b9afd8afef014cbf,2048,2048,2,float32+float32,HARD_LINK,NO,
val,Oil,01058.tif,Oil/01058.tif,val/images/Oil/01058.tif,01058.tif,Mask_oil/01058.tif,val/masks/Oil/01058.tif,15f8c37f2b13c8f9a162e77c585f169d1dac250468c170b157f1bfcf4b40e76a,a77a5a5f01acd63f7e17193044de433ac4ed59ffa11adf7288d91151c5d85f8c,2048,2048,2,float32+float32,HARD_LINK,NO,
val,Oil,01007.tif,Oil/01007.tif,val/images/Oil/01007.tif,01007.tif,Mask_oil/01007.tif,val/masks/Oil/01007.tif,a5b15cf1abfda15359e5d82e91808bd1cd016dd944e3c7116a16f74490a8800c,2447afada345745705314ee6947d2f5d056dce99a929ce81db406f2b9eb3d145,2048,2048,2,float32+float32,HARD_LINK,NO,
val,Oil,01288.tif,Oil/01288.tif,val/images/Oil/01288.tif,01288.tif,Mask_oil/01288.tif,val/masks/Oil/01288.tif,cb1350b6a1b97bdab1074cc7931ab894dc35f0194bee92cfabc92c7e35a526e3,97f12d64023b32666fbf7115d3a48d904223e15542087c5dcc3f6f192d4fe105,2048,2048,2,float32+float32,HARD_LINK,NO,
val,Oil,00554.tif,Oil/00554.tif,val/images/Oil/00554.tif,00554.tif,Mask_oil/00554.tif,val/masks/Oil/00554.tif,293413be96db18e43dc2a54b55d9be033521907069818e15d8c841c3cc667b4a,2d6c14cd9dca67be2cc3a3e59ab624c464828ef704fd84e7df7a00a8457eb1f0,2048,2048,2,float32+float32,HARD_LINK,NO,
val,Oil,01141.tif,Oil/01141.tif,val/images/Oil/01141.tif,01141.tif,Mask_oil/01141.tif,val/masks/Oil/01141.tif,7340b47033feb1196dd37a1304fa9f0c1fed43f00398039aa738d4a8c20af625,4490a98184df8e02f46f2449c885a57a2ead525f18b216ec98a655677d67bda4,2048,2048,2,float32+float32,HARD_LINK,NO,
val,Oil,00235.tif,Oil/00235.tif,val/images/Oil/00235.tif,00235.tif,Mask_oil/00235.tif,val/masks/Oil/00235.tif,0b1cd61a26bd19d41112664e03a3cd9defca0526141c9041a41e52ece18ab4df,249941f8b11cf963083c38c147f28a5c341c6de7bd7ec1fc318e59b6ae839edb,2048,2048,2,float32+float32,HARD_LINK,NO,
val,Oil,01247.tif,Oil/01247.tif,val/images/Oil/01247.tif,01247.tif,Mask_oil/01247.tif,val/masks/Oil/01247.tif,6ee2068da72d8d2604a0b854d5932eb9398c34828a07ad7a50f0d37305c67919,3a49810aa56e1eb522b615ffa6c070eb1b3a4fca74305af955e5b480bd1bb99d,2048,2048,2,float32+float32,HARD_LINK,NO,
val,Oil,00181.tif,Oil/00181.tif,val/images/Oil/00181.tif,00181.tif,Mask_oil/00181.tif,val/masks/Oil/00181.tif,781f6873748015be4bdc10d5334785aca9e552b1f1123709ad303c2b0601d8dd,f05c59392e1583b1df3e5c53dc6d7021017581c16c5526bc38ab3146edc2cdeb,2048,2048,2,float32+float32,HARD_LINK,NO,
val,Oil,00539.tif,Oil/00539.tif,val/images/Oil/00539.tif,00539.tif,Mask_oil/00539.tif,val/masks/Oil/00539.tif,da18c8fc94af850c225852a925ade7fde397ed2d87a6915a2d99a6a788096bb7,c23f78eeee178441c03ba460e4004e7386f99948e074bbf66ee8c91e9e57c028,2048,2048,2,float32+float32,HARD_LINK,NO,
val,Oil,00639.tif,Oil/00639.tif,val/images/Oil/00639.tif,00639.tif,Mask_oil/00639.tif,val/masks/Oil/00639.tif,ca4269811af3d4df13f6f422cdb7d5ff8199d4fa72f6fbcf29b14158e65f4bd4,f94bec89a8aeca795b6d6d8cb151bf807c09a2c0dbf024cb86f7dec9a86e7163,2048,2048,2,float32+float32,HARD_LINK,NO,
val,Oil,01118.tif,Oil/01118.tif,val/images/Oil/01118.tif,01118.tif,Mask_oil/01118.tif,val/masks/Oil/01118.tif,a734b944465c97eaec64344c0146b5a840ec5526852908c52bda00dbbe1d5c26,d9f08a84ce37f85fa28f3629596dde6a7c3e3455858a7e119a3521712c0cdb0b,2048,2048,2,float32+float32,HARD_LINK,NO,
val,Oil,00247.tif,Oil/00247.tif,val/images/Oil/00247.tif,00247.tif,Mask_oil/00247.tif,val/masks/Oil/00247.tif,2c4c7b42a00be86779ab98a05157560fbcff74fb3af776532db4ac12517f4931,3b7feb6ed50f3fc5754710112dd9e8dd56dd6c9eaf843b0e118585f5d4dcb4fd,2048,2048,2,float32+float32,HARD_LINK,NO,
val,Oil,00318.tif,Oil/00318.tif,val/images/Oil/00318.tif,00318.tif,Mask_oil/00318.tif,val/masks/Oil/00318.tif,641a20fadfb68bfd69a97efd630e8fdf80f4c1d3a60c357d659286fd428d84b8,de402f09e8c217f5abffee4a0c052f9e721d56c770925d9cf9f3c04f4cc9de2e,2048,2048,2,float32+float32,HARD_LINK,NO,
val,Oil,00142.tif,Oil/00142.tif,val/images/Oil/00142.tif,00142.tif,Mask_oil/00142.tif,val/masks/Oil/00142.tif,77c148ad782ee72e90779d262e31382beefe6c342dd945f9dc72b59d3cf39b31,bd453788c24aa64a86d9262f0dbf42b99fe60693dbedaf1ab0da89c0090981a1,2048,2048,2,float32+float32,HARD_LINK,NO,
val,Oil,00993.tif,Oil/00993.tif,val/images/Oil/00993.tif,00993.tif,Mask_oil/00993.tif,val/masks/Oil/00993.tif,cf1a9cc594ac531c50b040f811b70f73bd322b09edf23b4e0ef5cfb35a179b80,ad03effe0238d633995a7d53a3fc3468dd310645a66f9c9656106d74b7058cd3,2048,2048,2,float32+float32,HARD_LINK,NO,
val,Oil,00930.tif,Oil/00930.tif,val/images/Oil/00930.tif,00930.tif,Mask_oil/00930.tif,val/masks/Oil/00930.tif,c0308abed34edc85cd19cd78edd3aa6ec4d09b971287bd36c906c993246a6d75,e6cadf691388b692e1a6006e70b7d1443e8003c2fc1507742f7e7de576243a5a,2048,2048,2,float32+float32,HARD_LINK,NO,
val,Oil,00423.tif,Oil/00423.tif,val/images/Oil/00423.tif,00423.tif,Mask_oil/00423.tif,val/masks/Oil/00423.tif,41dd44a992d96c6592a5857b79bd9c84f341ed724d0a8042d55b84940df034e6,68764bf5f8161043f2670e257975603992d1a0bddaf6e84c2b661718957509b6,2048,2048,2,float32+float32,HARD_LINK,NO,
val,Oil,00854.tif,Oil/00854.tif,val/images/Oil/00854.tif,00854.tif,Mask_oil/00854.tif,val/masks/Oil/00854.tif,6cdd8599883956388c9bcd1055944fdf054aed40cb1752e97da5ab834ef69a2a,32e486affc235b813dff451154258ee579d2d16cdc26485b87d86d79d1a1626f,2048,2048,2,float32+float32,HARD_LINK,NO,
val,Oil,00490.tif,Oil/00490.tif,val/images/Oil/00490.tif,00490.tif,Mask_oil/00490.tif,val/masks/Oil/00490.tif,ad9f7ee3db183983136269877d0711edce864629a5789818032b055998855268,f8797b977ab1f5c8d18ce4d7ab7e2c6dfe9adef6d575545d0bab5b2ad04df41a,2048,2048,2,float32+float32,HARD_LINK,NO,
val,Oil,00075.tif,Oil/00075.tif,val/images/Oil/00075.tif,00075.tif,Mask_oil/00075.tif,val/masks/Oil/00075.tif,70a132a76fcb560717858f38493964ced60357a8b98df8fc391e44d3a24e7979,64067dfa7d2464aaf9a992678290b4488184069a9e3f963dc986e7fbb1097297,2048,2048,2,float32+float32,HARD_LINK,NO,
val,Oil,00121.tif,Oil/00121.tif,val/images/Oil/00121.tif,00121.tif,Mask_oil/00121.tif,val/masks/Oil/00121.tif,118c0b0873acef8767b1c9a36374a101ef822f1fd9450cd941204835ac15c749,466b67e20521ccf6975987efe64b084db31444b761ba7d086c349a2587772566,2048,2048,2,float32+float32,HARD_LINK,NO,
val,Oil,00765.tif,Oil/00765.tif,val/images/Oil/00765.tif,00765.tif,Mask_oil/00765.tif,val/masks/Oil/00765.tif,8c4e0c15547ed4ee3bd026154e706406d2e79cc5464ef7ac69256adfe60d9423,1af66fdcb771180081c3faee2aad73ea0550cf3974fddd18c6e2febb748f4d42,2048,2048,2,float32+float32,HARD_LINK,NO,
val,Oil,00776.tif,Oil/00776.tif,val/images/Oil/00776.tif,00776.tif,Mask_oil/00776.tif,val/masks/Oil/00776.tif,30573eee9b1ea0a0811a1cbbf43cb843c7728961e9c9e6b136d6ff4501ce58c7,0f05b6666e5dd1da160a96a962011a32f00fbb05f378578eb14de0bc883a3c2e,2048,2048,2,float32+float32,HARD_LINK,NO,
val,Oil,01303.tif,Oil/01303.tif,val/images/Oil/01303.tif,01303.tif,Mask_oil/01303.tif,val/masks/Oil/01303.tif,90c54c396a54eefe043dd7e9c1cf10c78897a7d4acdb022bee409ca9a601ff7f,3ebf8414c4d9fe7cbeb40fa03defb60147164074a829490b0ead3edd6216b611,2048,2048,2,float32+float32,HARD_LINK,NO,
val,Oil,00062.tif,Oil/00062.tif,val/images/Oil/00062.tif,00062.tif,Mask_oil/00062.tif,val/masks/Oil/00062.tif,9b99c7e8d5825435f34034b5559ac0a7e641eb3a22c257bbb76de7a648d0ecfb,1aaaf9138a7efb8cb7fa9bfb2d29c9b2b5ba35fa6c782979f80d669d278ca7d8,2048,2048,2,float32+float32,HARD_LINK,NO,
val,Oil,00855.tif,Oil/00855.tif,val/images/Oil/00855.tif,00855.tif,Mask_oil/00855.tif,val/masks/Oil/00855.tif,6abf5be808c74d960db21d931885ee99bc6be5bb726c3c8e9e63f75fb6605af8,b099ae0fef34b5f02a394a03fa93bffd4f67b4291033461c52945d940ec5d525,2048,2048,2,float32+float32,HARD_LINK,NO,
val,Oil,00995.tif,Oil/00995.tif,val/images/Oil/00995.tif,00995.tif,Mask_oil/00995.tif,val/masks/Oil/00995.tif,6038142eb512d2d092293fbb024bdc19d8f8ac6049bb5dd7559ce1c8d7ff43af,91651b88495ab58715bcda8c1d003e9500313ad75dd74bd89cbe82cdc8a4bf16,2048,2048,2,float32+float32,HARD_LINK,NO,
val,Oil,00559.tif,Oil/00559.tif,val/images/Oil/00559.tif,00559.tif,Mask_oil/00559.tif,val/masks/Oil/00559.tif,366edf39e2219142882fbe9816bb674fd01ac35476323378a72ac58ef5bcc6fb,4b3b1b667fcaad5c28f8eb2cd4c15553235af39b37fa0a0be5d44cc0dea35e36,2048,2048,2,float32+float32,HARD_LINK,NO,
val,Oil,00498.tif,Oil/00498.tif,val/images/Oil/00498.tif,00498.tif,Mask_oil/00498.tif,val/masks/Oil/00498.tif,1262d9a3fca8851ba6a6a447d5705a002134a8eddcfe968a70a49c43cc6200c8,5c9ebf6368f1f7dad2b07f0328ddc863125d1c80a710aa24ae028a3fe9ba9811,2048,2048,2,float32+float32,HARD_LINK,NO,
val,Oil,01170.tif,Oil/01170.tif,val/images/Oil/01170.tif,01170.tif,Mask_oil/01170.tif,val/masks/Oil/01170.tif,f76895ecd4e6bbe1dc359ec5393db7e99d1fbfbd286f24d26196c18c7d3a7a7a,e5188b54e793a5a972e69e0d80f86de1f10d70650c5cbe692425e451322a9a6f,2048,2048,2,float32+float32,HARD_LINK,NO,
val,Oil,00438.tif,Oil/00438.tif,val/images/Oil/00438.tif,00438.tif,Mask_oil/00438.tif,val/masks/Oil/00438.tif,08454282dff248a1a86cb6af5ee013e05491f37837bc47fe36216fa954314832,49f61d9f2c5a94d2549885815351ef5092b437d84fef76b7dee0ac9904af61aa,2048,2048,2,float32+float32,HARD_LINK,NO,
val,Oil,00520.tif,Oil/00520.tif,val/images/Oil/00520.tif,00520.tif,Mask_oil/00520.tif,val/masks/Oil/00520.tif,b67d01db0e20de5dee3aeef09ae9a154deaba0eb70f388eeaf0616f279fea4c8,a83fa1cdcf7d8a9bfe3caa7d74544d73c31461a632d897aad538ffa184f3ea8f,2048,2048,2,float32+float32,HARD_LINK,NO,
val,Oil,00781.tif,Oil/00781.tif,val/images/Oil/00781.tif,00781.tif,Mask_oil/00781.tif,val/masks/Oil/00781.tif,7b3492645224a72982a57c581b241bff761abbf91f693460778f7430ccd05e82,669336d4903e548a33368953126a47398aac3dab0831791f30d7d4cf67698e12,2048,2048,2,float32+float32,HARD_LINK,NO,
val,Oil,00119.tif,Oil/00119.tif,val/images/Oil/00119.tif,00119.tif,Mask_oil/00119.tif,val/masks/Oil/00119.tif,866c5daf5644e085065b1fdb4335af3da81f5fcadc300f57fd58afd2d2dbdffe,caf1ccd8022da04c32ee1cb6274c4afe1425a80a68c1773a4bd5d91375ad3c07,2048,2048,2,float32+float32,HARD_LINK,NO,
val,Oil,01226.tif,Oil/01226.tif,val/images/Oil/01226.tif,01226.tif,Mask_oil/01226.tif,val/masks/Oil/01226.tif,3de5c5b15d10c072cfb9b7aa8f39ae575524186e674796a16d12c267f57a01e0,56c5b8c8bb254204b95f92e3e0128ddf1eb846bcf072af03583f92e6de0ae78e,2048,2048,2,float32+float32,HARD_LINK,NO,
val,Oil,00245.tif,Oil/00245.tif,val/images/Oil/00245.tif,00245.tif,Mask_oil/00245.tif,val/masks/Oil/00245.tif,c3f68b9a877bc16c2a071185db8ac62a2ba9e7060bc406a5eea42e98ce9906e5,f23b850f809b2fe057f818530ce51c47ab237b6d07115da73f2f0f7b973569cb,2048,2048,2,float32+float32,HARD_LINK,NO,
val,Oil,00494.tif,Oil/00494.tif,val/images/Oil/00494.tif,00494.tif,Mask_oil/00494.tif,val/masks/Oil/00494.tif,d4a11e262c12c9dae11e34199868c20c00bf54453156e2ba0819357b6394b525,3e0a2d8f4ec68ccaef3236c8a897ee0b23504a9b987926dbdf74b7f3be16abc9,2048,2048,2,float32+float32,HARD_LINK,NO,
val,Oil,00937.tif,Oil/00937.tif,val/images/Oil/00937.tif,00937.tif,Mask_oil/00937.tif,val/masks/Oil/00937.tif,07ed40c48038ab4b309edf20a0a43e81230d5cdeb9deb91d76a212ed44eb7be8,766b6a039dcd3a3d1369bb92f1192e999a1da62c92ccb3975f3a5184425ee46a,2048,2048,2,float32+float32,HARD_LINK,NO,
val,Oil,01124.tif,Oil/01124.tif,val/images/Oil/01124.tif,01124.tif,Mask_oil/01124.tif,val/masks/Oil/01124.tif,fa83e71aeafd56b87cebafcfbc0f0301290464c734097db4cc660efa293fc282,633ac668aec6cf2b379ab814fe4bd2d3454df3ca51441d1814d05c54022ee322,2048,2048,2,float32+float32,HARD_LINK,NO,
val,Oil,00914.tif,Oil/00914.tif,val/images/Oil/00914.tif,00914.tif,Mask_oil/00914.tif,val/masks/Oil/00914.tif,2b14060fb14d8b3b41e4ad2487fd47c4d5773a2f2243941d454a1c30ff831f97,7245d9a01dcba5c51d8fb979344b04e43b6dce23d758aa43724bf2280c5b2b25,2048,2048,2,float32+float32,HARD_LINK,NO,
val,Oil,00305.tif,Oil/00305.tif,val/images/Oil/00305.tif,00305.tif,Mask_oil/00305.tif,val/masks/Oil/00305.tif,844ad86b1c47f4178d841ba03a5272c0e5d64e7702b0a2bc5d9e8548231e66a2,c9f654d4787929508f30fb84237b9b98a070aedf005feba3a69e8a8e047e251d,2048,2048,2,float32+float32,HARD_LINK,NO,
val,Oil,00565.tif,Oil/00565.tif,val/images/Oil/00565.tif,00565.tif,Mask_oil/00565.tif,val/masks/Oil/00565.tif,0b9995fd43827c92a72afec8beacf181f33fd70cd4a46f7fda867baf3ac7df1d,5916c6045405a30ea54d02f662b20236f8531e3aa4d27e9942b74d8377ec9a6c,2048,2048,2,float32+float32,HARD_LINK,NO,
val,Oil,00685.tif,Oil/00685.tif,val/images/Oil/00685.tif,00685.tif,Mask_oil/00685.tif,val/masks/Oil/00685.tif,1c21f8d6f989cd1db6e561c23458f6e20de2d0baee13bdd937dc9852891c7251,4323871de28e89db8b83399651da7f962cc06e06bf98171f4cb83254b96a09e1,2048,2048,2,float32+float32,HARD_LINK,NO,
val,Oil,00678.tif,Oil/00678.tif,val/images/Oil/00678.tif,00678.tif,Mask_oil/00678.tif,val/masks/Oil/00678.tif,4c470f48f0c417fbad7c3977c06ac458739e0d4c589215c1f1b80ab85aa85538,975da411295dcb02015adc8345d739f094c1102e7a4a5c291a5a3100f0781a03,2048,2048,2,float32+float32,HARD_LINK,NO,
val,Oil,01015.tif,Oil/01015.tif,val/images/Oil/01015.tif,01015.tif,Mask_oil/01015.tif,val/masks/Oil/01015.tif,c3963f7a09ebe930dbb07b9c732f0dfb7cf377cb9eec7159f7a0e3fa84fa8f66,ddc107806aca52204dca51df98e0653558c94b8d22b59ca15318dce2bb07b740,2048,2048,2,float32+float32,HARD_LINK,NO,
val,Oil,01070.tif,Oil/01070.tif,val/images/Oil/01070.tif,01070.tif,Mask_oil/01070.tif,val/masks/Oil/01070.tif,aae1a37a5391ea3b567c274fa9f47883c2efdba5b13ec41e6245207c44d73694,1a57ad9f209e217646768f849ec2aa4aae347f6d5c218f766922eba40a521bd0,2048,2048,2,float32+float32,HARD_LINK,NO,
val,Oil,01320.tif,Oil/01320.tif,val/images/Oil/01320.tif,01320.tif,Mask_oil/01320.tif,val/masks/Oil/01320.tif,7d0f4ac5f44f4df0b5af23a8c022d3507eb89ac2bb93a973e000c3c3231084b4,6cd89b89f57add7eeb4870c550b5c642de1262d6868e0a125a58048a3de0108b,2048,2048,2,float32+float32,HARD_LINK,NO,
val,Oil,01248.tif,Oil/01248.tif,val/images/Oil/01248.tif,01248.tif,Mask_oil/01248.tif,val/masks/Oil/01248.tif,49ad533d8ccd1af294a5e2fc97c120d1a01bbd3c456c922b294c32240d9ace92,538188e874e4f55db8a1cbc1d45d0df241a00f5aa1020b0124c358096ac553d6,2048,2048,2,float32+float32,HARD_LINK,NO,
val,Oil,01258.tif,Oil/01258.tif,val/images/Oil/01258.tif,01258.tif,Mask_oil/01258.tif,val/masks/Oil/01258.tif,11f5e30e274b5fb97a5fc22975609c5626d33d9bb2762549f0fb1175fbb3aa67,01bf4f16bd2d8b52cf5a452fd1ec8aa452d136772013f698b61069f326b4153c,2048,2048,2,float32+float32,HARD_LINK,NO,
val,Oil,00273.tif,Oil/00273.tif,val/images/Oil/00273.tif,00273.tif,Mask_oil/00273.tif,val/masks/Oil/00273.tif,a9fff0d48a6a7d11e909c0473cbd6030ac5f83e07fed4eb995f23d37c5dce78d,b56a3968e00f3e04d9edea09794357330ea64450f9a5ec95ef44191e6faa8bec,2048,2048,2,float32+float32,HARD_LINK,NO,
val,Oil,00580.tif,Oil/00580.tif,val/images/Oil/00580.tif,00580.tif,Mask_oil/00580.tif,val/masks/Oil/00580.tif,cce31f9fceae2ce24feea57ffdff227497b6a7e339df1f016d1a8bf5ca54aef5,7b8469a8eae398ba8bed95d8bed616cf39fea0714fec3d0d4bf0a0ea0df8547e,2048,2048,2,float32+float32,HARD_LINK,NO,
val,Oil,00792.tif,Oil/00792.tif,val/images/Oil/00792.tif,00792.tif,Mask_oil/00792.tif,val/masks/Oil/00792.tif,c9c2591f402c06de620581a30e81a812f60134228186ae7a847f85806f9684b0,62599458906d280d8fc07b3b3b3357f521df3b60df6d1cfb9c3d3eb1e1396797,2048,2048,2,float32+float32,HARD_LINK,NO,
val,Oil,01238.tif,Oil/01238.tif,val/images/Oil/01238.tif,01238.tif,Mask_oil/01238.tif,val/masks/Oil/01238.tif,59738acec35f8179af234f7477d589b052334060ca962eede2d5a66c04837fd9,fa25064fe774f8570cd839d773fcf0d3ebaccce23c42131a2b341913754815a0,2048,2048,2,float32+float32,HARD_LINK,NO,
val,Oil,00299.tif,Oil/00299.tif,val/images/Oil/00299.tif,00299.tif,Mask_oil/00299.tif,val/masks/Oil/00299.tif,c90e578363f005999264b78cfbe3714e0c602c4d3ff25333e2fbc6d303b8abaf,cffab97ce6a43818086faed24fc7b47db2bcd8f477d1f63b27505a6ddbf3802c,2048,2048,2,float32+float32,HARD_LINK,NO,
val,Oil,00615.tif,Oil/00615.tif,val/images/Oil/00615.tif,00615.tif,Mask_oil/00615.tif,val/masks/Oil/00615.tif,d74d8d2aed1c94bd871e9be3f4cf57157066b8036fbab88837f6a0436c7251c6,3d409a31a2887fd173f486edf87d812afd212d8f426ac12dfd5064a6de04e2d7,2048,2048,2,float32+float32,HARD_LINK,NO,
val,Oil,00087.tif,Oil/00087.tif,val/images/Oil/00087.tif,00087.tif,Mask_oil/00087.tif,val/masks/Oil/00087.tif,aae00fe64f567fe3156700da095394284eed1d36a83c3828554d2f55a7b4d1f3,8e1b02bf84b98b0e848627d339615b383f7d36b31ffceade7c1d08970e9a46ec,2048,2048,2,float32+float32,HARD_LINK,NO,
val,Oil,01173.tif,Oil/01173.tif,val/images/Oil/01173.tif,01173.tif,Mask_oil/01173.tif,val/masks/Oil/01173.tif,645bf3874d91d9cf4c28c0a12de81c56e460e9c59e0e3f398a84223a52ce21f4,4407058c0fbe4cf4df19812c3db5957cd72b8bf28cfcb3c912de34558a8bac74,2048,2048,2,float32+float32,HARD_LINK,NO,
val,Oil,00991.tif,Oil/00991.tif,val/images/Oil/00991.tif,00991.tif,Mask_oil/00991.tif,val/masks/Oil/00991.tif,8717ee760d06a2c2932a6a9d8d4c86c3b3443e809f7d8201504eaa4c3249674e,fca1a00425a0bd35f7f610fb677b9e7a6afd79e92abfc70d2f61a9c557a2267b,2048,2048,2,float32+float32,HARD_LINK,NO,
val,Oil,00036.tif,Oil/00036.tif,val/images/Oil/00036.tif,00036.tif,Mask_oil/00036.tif,val/masks/Oil/00036.tif,ddf7dd0e11154bf3d73e56e553f10dbd875cce71804d875c1dd1f00a70ed9041,5187f143294d40aea0d8f47a8d2e02a614858cb66b4e9448f0f0a976eb2ad070,2048,2048,2,float32+float32,HARD_LINK,NO,
val,Oil,01039.tif,Oil/01039.tif,val/images/Oil/01039.tif,01039.tif,Mask_oil/01039.tif,val/masks/Oil/01039.tif,5e1b82878ae90ced08437ac5b2791b719f497d81e38f0f866a9a5246b2d5dd6e,ddb7813af310548adea3ee2dde35b6e3514599b19d051f477dcf60014fca6669,2048,2048,2,float32+float32,HARD_LINK,NO,
val,Oil,00175.tif,Oil/00175.tif,val/images/Oil/00175.tif,00175.tif,Mask_oil/00175.tif,val/masks/Oil/00175.tif,87e0fc2caa0ee8aefe5128a65528e14c40b261466845ed8f0fede9d53fce2b81,97e52add35ae23de20e51cbb246006f6731578af360cd3b337c669beac57a57e,2048,2048,2,float32+float32,HARD_LINK,NO,
val,Oil,00549.tif,Oil/00549.tif,val/images/Oil/00549.tif,00549.tif,Mask_oil/00549.tif,val/masks/Oil/00549.tif,1965a17d9026bdd2c99f046501dc08e714f4148947652c255787025b752e8478,758d59d12a18d96a8fd5ce5f033577ed71db09160161d3b6aa115db90fd7e831,2048,2048,2,float32+float32,HARD_LINK,NO,
val,Oil,00153.tif,Oil/00153.tif,val/images/Oil/00153.tif,00153.tif,Mask_oil/00153.tif,val/masks/Oil/00153.tif,e9e5635e3ff4ae34c3ffc9e82c21f642d6879ab469ab5e00e20ca93c94067c8a,2c2ba8add98f7f09cfb3bd567f9c7b813c2cb1d1cb4b7529846a5c5a6bc16577,2048,2048,2,float32+float32,HARD_LINK,NO,
val,Oil,00184.tif,Oil/00184.tif,val/images/Oil/00184.tif,00184.tif,Mask_oil/00184.tif,val/masks/Oil/00184.tif,b99c8ed627c21535c5d3dab4f00cc95aa2c5af4474cff1a4ac21199472254eab,a6dbb9e58907481d27d8e17e77ca5c27e03199a85b56cb85d0f7baca473adfe9,2048,2048,2,float32+float32,HARD_LINK,NO,
val,Oil,00015.tif,Oil/00015.tif,val/images/Oil/00015.tif,00015.tif,Mask_oil/00015.tif,val/masks/Oil/00015.tif,907167deaac8f6bb6cc7e077b4ed066e46f386543c9c69f4f2033a5495754dd9,8186086db5eaf82b6594e6e51d68b6303171f865c9243cdba094da809e1be7be,2048,2048,2,float32+float32,HARD_LINK,NO,
val,Oil,01314.tif,Oil/01314.tif,val/images/Oil/01314.tif,01314.tif,Mask_oil/01314.tif,val/masks/Oil/01314.tif,5ef250d93ee04991b76cd2d67a19044854aa136ca610cd90e67a001f8c44d30e,2963532b60921f6fa13ff07e754ff12dcf0ffd4fe6312db90fdb6bf0ece4c7db,2048,2048,2,float32+float32,HARD_LINK,NO,
val,Oil,00552.tif,Oil/00552.tif,val/images/Oil/00552.tif,00552.tif,Mask_oil/00552.tif,val/masks/Oil/00552.tif,7cfb92e802be7dfee3427df732ff8daa0a6bffc3057cfe9af96bdb35a8e6f05d,fa6e93950b587d998c36e29db2a3261ed6a753990651744ad108f3c19bfb818d,2048,2048,2,float32+float32,HARD_LINK,NO,
val,Oil,00048.tif,Oil/00048.tif,val/images/Oil/00048.tif,00048.tif,Mask_oil/00048.tif,val/masks/Oil/00048.tif,ece786a76ce86fbeefa828d4750c8390cc8813b925a22556d1e08a6640d62523,f238bfd6b03650db1f9e7547e45a591f33a3a86da16235b363be0c6b2dc316f4,2048,2048,2,float32+float32,HARD_LINK,NO,
val,Oil,00799.tif,Oil/00799.tif,val/images/Oil/00799.tif,00799.tif,Mask_oil/00799.tif,val/masks/Oil/00799.tif,041183ee8193f564d69c25821ef6a834b90eeb9750a67bba517e69a86d98911c,20c8c6cc53ec46ba0d1169e407f4390fe5e33363178078797fef9748a7326697,2048,2048,2,float32+float32,HARD_LINK,NO,
val,Oil,00167.tif,Oil/00167.tif,val/images/Oil/00167.tif,00167.tif,Mask_oil/00167.tif,val/masks/Oil/00167.tif,136b2683a46cd724af4a8d3e951757c48c4479975e42b89cf65e5d76d38935e4,edb10b0325f80160f1c4aaf32b64e3be386e9d014aaebb0ac9160af410883b4e,2048,2048,2,float32+float32,HARD_LINK,NO,
val,Oil,00540.tif,Oil/00540.tif,val/images/Oil/00540.tif,00540.tif,Mask_oil/00540.tif,val/masks/Oil/00540.tif,e9f58b099574680c596590bd0b7fb22ef5fc54c041cc9def649493402d0f6640,069c440e80f90ed36a17dc2c9ce45f3acf00ee8f75576b52883b0febce9a3bb0,2048,2048,2,float32+float32,HARD_LINK,NO,
val,Oil,00595.tif,Oil/00595.tif,val/images/Oil/00595.tif,00595.tif,Mask_oil/00595.tif,val/masks/Oil/00595.tif,1c3acc03bca3eead647d069d56f23cc8e86082a1a21f30bf1f533de5e3542334,8481ff720e9690483d93e57796d0d617b2ea236ce8998ad777de5ed2c0d191d4,2048,2048,2,float32+float32,HARD_LINK,NO,
val,Oil,00304.tif,Oil/00304.tif,val/images/Oil/00304.tif,00304.tif,Mask_oil/00304.tif,val/masks/Oil/00304.tif,6afbd835b172658c1df5afd7cec0b55deb4f835619f7e68a11547f7916bbd8d1,091dd948b3fb05049a15877764e7e6e724741d5350b428946b3b7d5f0bbcbfbf,2048,2048,2,float32+float32,HARD_LINK,NO,
val,Oil,01036.tif,Oil/01036.tif,val/images/Oil/01036.tif,01036.tif,Mask_oil/01036.tif,val/masks/Oil/01036.tif,6524e62ea33432f7a2d0a4c304a22eee075eee6e39d2a79acda410c08fdffdb8,2cf281bf125561b3daa9546ae0efe013c179a8ab7eef203b5cb49491b57f3f1f,2048,2048,2,float32+float32,HARD_LINK,NO,
val,Oil,01009.tif,Oil/01009.tif,val/images/Oil/01009.tif,01009.tif,Mask_oil/01009.tif,val/masks/Oil/01009.tif,d08b54abdec5a5459bc0e1c1b99bd10ea7e3d874705c3d6406c4fc79d30b9437,2da8ac02025db710f561bbb7d948d8a6817579f3c74f78d861b31ab547384ab8,2048,2048,2,float32+float32,HARD_LINK,NO,
val,Oil,00874.tif,Oil/00874.tif,val/images/Oil/00874.tif,00874.tif,Mask_oil/00874.tif,val/masks/Oil/00874.tif,8883a3640493b03282e07e9759d4a3221407c12d44a7a0974f01ca549f9b6195,d3ef2bf2e3094229e6116c3b1e05500913cb6c4cb054a70e36a44060d928b39a,2048,2048,2,float32+float32,HARD_LINK,NO,
val,Oil,01233.tif,Oil/01233.tif,val/images/Oil/01233.tif,01233.tif,Mask_oil/01233.tif,val/masks/Oil/01233.tif,8769adaf2880aa516149174ec58a749cba2d8c96d2be5985eba2b45841980ed9,9e0398559388503880a3f174ff62ed8fefa62b7b8e45c7003a03fe24c1af1ceb,2048,2048,2,float32+float32,HARD_LINK,NO,
val,Oil,00737.tif,Oil/00737.tif,val/images/Oil/00737.tif,00737.tif,Mask_oil/00737.tif,val/masks/Oil/00737.tif,45989783cac50c857da2dc02f5705b2ae971d920294f4a3ea2055c349bf62cf2,73eeed89885be9c735e545afa4038bf9b92eec6e65653f0d49b5ae20f738a3c2,2048,2048,2,float32+float32,HARD_LINK,NO,
val,Oil,00489.tif,Oil/00489.tif,val/images/Oil/00489.tif,00489.tif,Mask_oil/00489.tif,val/masks/Oil/00489.tif,1a65350b146c53b7e720c5cb0ed168813a7c9b11fb7d337d6ad7bc155eba89de,bbd3b30f8b658c683db3c011ab5ca39504ef92b0bcd97f7b5048330ba22ef9a1,2048,2048,2,float32+float32,HARD_LINK,NO,
val,Oil,00512.tif,Oil/00512.tif,val/images/Oil/00512.tif,00512.tif,Mask_oil/00512.tif,val/masks/Oil/00512.tif,02434cb86589a9fea4491ca21f3cd75d449444f161d1342d533be5e2767b5fef,fe2c76ca34e60fe1116f2630a1017b9cde4b493d262b0537381fd8444ce1d21a,2048,2048,2,float32+float32,HARD_LINK,NO,
val,Oil,00977.tif,Oil/00977.tif,val/images/Oil/00977.tif,00977.tif,Mask_oil/00977.tif,val/masks/Oil/00977.tif,69858d93a0db331e0a96e579901b582323e4a465fcdb7474ea6d52b53d9e04d3,81cd40c062dba960fc0fe2d5c83493c1b34c57ca44c0e6e9c87990f68a67d9ad,2048,2048,2,float32+float32,HARD_LINK,NO,
val,Oil,01239.tif,Oil/01239.tif,val/images/Oil/01239.tif,01239.tif,Mask_oil/01239.tif,val/masks/Oil/01239.tif,e1f5430922ce31fe269d8a9dbdd3b60f95111f3acc950a4e10c5657c691bf115,31f9b49548c33e1ac268013ffac8a69cd5dab466dd9b2233d448ae7ab86cd6a3,2048,2048,2,float32+float32,HARD_LINK,NO,
val,Oil,00413.tif,Oil/00413.tif,val/images/Oil/00413.tif,00413.tif,Mask_oil/00413.tif,val/masks/Oil/00413.tif,eb07838b9422b58b36b04cbbcb54003ceb1b78cccfbbecec0359cc47189cd894,8a03c32d2c2c991d975bdc6157cb496f122f70bbe98077870ddd1f24ae3372b4,2048,2048,2,float32+float32,HARD_LINK,NO,
val,Oil,01086.tif,Oil/01086.tif,val/images/Oil/01086.tif,01086.tif,Mask_oil/01086.tif,val/masks/Oil/01086.tif,d8cec325e69e5dd4ccd4db824ea5f00bd491aceba5adad9b5dc7aabe25a4bcf9,a852b6b3b0dfaf1f08b5483c90a50de05906a39b4081b20e19ca53b8aa66d1a3,2048,2048,2,float32+float32,HARD_LINK,NO,
val,Oil,00326.tif,Oil/00326.tif,val/images/Oil/00326.tif,00326.tif,Mask_oil/00326.tif,val/masks/Oil/00326.tif,f6e1de056ca577d9a8d5c901d99756e4efe7d37e746282fbc6c3664cdcdcce22,7041e21ebbc892a3aa5e86d2fe38b7c2e084d87790a01d2ea7c0cf8a1013ffe6,2048,2048,2,float32+float32,HARD_LINK,NO,
val,Oil,00321.tif,Oil/00321.tif,val/images/Oil/00321.tif,00321.tif,Mask_oil/00321.tif,val/masks/Oil/00321.tif,c3ea9170d034e88a9fa5a7dbcb46ce7d0a056b75b981296733a8fec0978fdbb5,075cb4cf76e1cf7325edf8cf6eb0fafc4d47772e87be188e9652c5b935ee474c,2048,2048,2,float32+float32,HARD_LINK,NO,
val,Oil,00178.tif,Oil/00178.tif,val/images/Oil/00178.tif,00178.tif,Mask_oil/00178.tif,val/masks/Oil/00178.tif,57c8280fc709b58aeddadab7bc488125ff6c49dbb7d0a739ac95b072f16afc85,a77e880bc122f26bd23dd285402417a6eb6aec3729e735ecc0c08ef8dc968915,2048,2048,2,float32+float32,HARD_LINK,NO,
val,Oil,01115.tif,Oil/01115.tif,val/images/Oil/01115.tif,01115.tif,Mask_oil/01115.tif,val/masks/Oil/01115.tif,c37d9387239414eb7e1c0411bf2c5643037c6187fcd888c946f3e984d6a2d1f0,1108afe0c844ca3754c7094465eaa5e89cf19415e7c0359688f2863a402b5eff,2048,2048,2,float32+float32,HARD_LINK,NO,
val,Oil,00217.tif,Oil/00217.tif,val/images/Oil/00217.tif,00217.tif,Mask_oil/00217.tif,val/masks/Oil/00217.tif,542d207666de4fc6454a9b7d40879f49e8e145ff0756c196d4a541dc3585be48,9d6bbeb59627368f14061056a8a9ca089107f9a4425632484b0cfa0ed9f33a25,2048,2048,2,float32+float32,HARD_LINK,NO,
val,Oil,01286.tif,Oil/01286.tif,val/images/Oil/01286.tif,01286.tif,Mask_oil/01286.tif,val/masks/Oil/01286.tif,e24ea69a6c57ac568abb7437509395c0e08194b2e94d4a8324aac4d4f61a7cad,c108e5d15df04ec66edcbb4e1223b97caf91a41616d4c138ae3a6ed8a76f5926,2048,2048,2,float32+float32,HARD_LINK,NO,
val,Oil,00574.tif,Oil/00574.tif,val/images/Oil/00574.tif,00574.tif,Mask_oil/00574.tif,val/masks/Oil/00574.tif,b981740de9e51cacfda7560604f1502276071f29f85e379021fb08d812eb1d35,b3787395b24816c95e9f56319b79318fda36d7dffc371c7dabdb3c42ed3a2d4a,2048,2048,2,float32+float32,HARD_LINK,NO,
val,Oil,00151.tif,Oil/00151.tif,val/images/Oil/00151.tif,00151.tif,Mask_oil/00151.tif,val/masks/Oil/00151.tif,2eb61ed90e7729d0466141adfe9fd6443014f7a9a7b5012e17cb449aa5e7b530,04a7c8273fb3a15b7a43f93d032285afae298c8e141dc60bc08cde4f9dfb2d22,2048,2048,2,float32+float32,HARD_LINK,NO,
val,Oil,00571.tif,Oil/00571.tif,val/images/Oil/00571.tif,00571.tif,Mask_oil/00571.tif,val/masks/Oil/00571.tif,c53721f5ecfdb2d4ca40e038fe72132d5c2b976c6ee22df4c5ec418f5fb5464c,0e72d485a50a28f9470c93d09a67ec338f2d522d3f1b212c6e0523520accba97,2048,2048,2,float32+float32,HARD_LINK,NO,
val,Oil,00727.tif,Oil/00727.tif,val/images/Oil/00727.tif,00727.tif,Mask_oil/00727.tif,val/masks/Oil/00727.tif,c6224d45d14011c0b43023013faefdc3703b32775104542117043556d1570019,606388ee461a27473823708048691553e379c5df91c656856c40a546c1002358,2048,2048,2,float32+float32,HARD_LINK,NO,
val,Oil,00852.tif,Oil/00852.tif,val/images/Oil/00852.tif,00852.tif,Mask_oil/00852.tif,val/masks/Oil/00852.tif,a2167026402ca0b2cf47325187f5cf915d8ee7d21387071de12ca7856e6d4dc1,b130b6275b8384a1478e8700e2c1e8fb4ce0e245f0017309ff46fe425bf2713d,2048,2048,2,float32+float32,HARD_LINK,NO,
val,Oil,00283.tif,Oil/00283.tif,val/images/Oil/00283.tif,00283.tif,Mask_oil/00283.tif,val/masks/Oil/00283.tif,46b1a2068822f9ae10f567a81e8d2f939fc442500abe65b871e65f23b2c791fa,e3868dbdb022bbc3c02550fd19bc9c8a9a089f8f2a09fd6b52cdd04b7ea6beeb,2048,2048,2,float32+float32,HARD_LINK,NO,
val,Oil,00043.tif,Oil/00043.tif,val/images/Oil/00043.tif,00043.tif,Mask_oil/00043.tif,val/masks/Oil/00043.tif,d5943754b494ddf8ee219aef6820a6190be7e61532932a752b878b50ccdbe373,f5d78936a4d71f34c68d96f619917e379a1c16575fa24550635b63d9ab7db430,2048,2048,2,float32+float32,HARD_LINK,NO,
val,Oil,01120.tif,Oil/01120.tif,val/images/Oil/01120.tif,01120.tif,Mask_oil/01120.tif,val/masks/Oil/01120.tif,5f44f5e49a454fe1e6b0daae381b8c4306d6609da628fbb9b2478457886f009e,6241480e98b654ce91c962edef5d1898e35e27709a564caf29933daac4b0088a,2048,2048,2,float32+float32,HARD_LINK,NO,
val,Oil,00767.tif,Oil/00767.tif,val/images/Oil/00767.tif,00767.tif,Mask_oil/00767.tif,val/masks/Oil/00767.tif,d0cedc2a4d619bf883c7de80efd548c5f428f9d1ba627b18c5397360fa121b52,3eb41ee9d5daa6495b008f3ec84a529f027ea83188eaeba8ba2447d2ee8b9b53,2048,2048,2,float32+float32,HARD_LINK,NO,
val,Oil,00001.tif,Oil/00001.tif,val/images/Oil/00001.tif,00001.tif,Mask_oil/00001.tif,val/masks/Oil/00001.tif,9ee2043faa6851680a22841495f3520e8cb506559f1c3cb371e0ce98318c2672,51c451cf2ac984d82ea32a8f21a195655992d1f7bc9f569198dc4f8a02730dfd,2048,2048,2,float32+float32,HARD_LINK,NO,
val,Oil,00405.tif,Oil/00405.tif,val/images/Oil/00405.tif,00405.tif,Mask_oil/00405.tif,val/masks/Oil/00405.tif,38cb609ab23724b513f2f100e7062f3c49d9987bbb8d27e9c31d78675e8adb04,599f025c4166a897f3926c7abc1da25679c16f7f2717b265b4ca758032bbe83a,2048,2048,2,float32+float32,HARD_LINK,NO,
val,Oil,00875.tif,Oil/00875.tif,val/images/Oil/00875.tif,00875.tif,Mask_oil/00875.tif,val/masks/Oil/00875.tif,f8f17a2a8ea2f84513da74b7e808b9bd2e490c1c72bf2e078f3f5fd31c946be5,94f608da6c3246d2c5db8bf85fd76ed767c63f0aaf7a992919a284ccb5d1d9c7,2048,2048,2,float32+float32,HARD_LINK,NO,
val,Oil,01224.tif,Oil/01224.tif,val/images/Oil/01224.tif,01224.tif,Mask_oil/01224.tif,val/masks/Oil/01224.tif,2b621a215ea0bbf4085960b9a5db2e309e7a77d2725536ac4de9d128c40fa481,3f5c29cdd0ec7914f8e868159c41b609384ac8d3e6481ab744551d643a0af955,2048,2048,2,float32+float32,HARD_LINK,NO,
val,Oil,01319.tif,Oil/01319.tif,val/images/Oil/01319.tif,01319.tif,Mask_oil/01319.tif,val/masks/Oil/01319.tif,4aa4060c3ed8b2ea6ab3094b10ba8fccadc75bb6e05e4babf8ae2e1be205f581,eda4d0886457e0c505ebdd75f7b2cff7dc60129a2abae73fbd997f3756ca4805,2048,2048,2,float32+float32,HARD_LINK,NO,
val,Oil,01201.tif,Oil/01201.tif,val/images/Oil/01201.tif,01201.tif,Mask_oil/01201.tif,val/masks/Oil/01201.tif,1a8bbf07446c2c58a6a6f16d5dc2811109920bcd362bddfdd8b03862cb2c5f5f,70d5cbe7bf31de72155eef9fe539fb9636ee01cb7458b78c4a2b80493d4ff4e8,2048,2048,2,float32+float32,HARD_LINK,NO,
val,Oil,00708.tif,Oil/00708.tif,val/images/Oil/00708.tif,00708.tif,Mask_oil/00708.tif,val/masks/Oil/00708.tif,acae1d891720b720cd1cdb3f81d7f84ddb5f7ab1150f5e874cc012c68e535f00,2932471043419926c0af7eb62d206a88900c75da92bccab2c5a43728aad6d317,2048,2048,2,float32+float32,HARD_LINK,NO,
val,Oil,00269.tif,Oil/00269.tif,val/images/Oil/00269.tif,00269.tif,Mask_oil/00269.tif,val/masks/Oil/00269.tif,e206142ff509e317c79254547316188701c4a8f9d175d3998631584a11a82074,373653c389044a3f47ca2dde71976024bafe66df907938f0555571ab42179a88,2048,2048,2,float32+float32,HARD_LINK,NO,
val,Oil,01167.tif,Oil/01167.tif,val/images/Oil/01167.tif,01167.tif,Mask_oil/01167.tif,val/masks/Oil/01167.tif,0c867a35c0f1d0a128bb7bfe59aaef0ee21c35e62a86a4b7203b36cbb73e32fd,ea4e4817e7dc4af88ed4b2acdd189fa3d148e914e8d732edd7af6e31d82eb5d7,2048,2048,2,float32+float32,HARD_LINK,NO,
val,Oil,00441.tif,Oil/00441.tif,val/images/Oil/00441.tif,00441.tif,Mask_oil/00441.tif,val/masks/Oil/00441.tif,0b7adbac73bf084d7e5399d8d768db77df72cb519dea2eb927c1ea34021e31d4,8bc9411e757a028ded1c09df9a3c4d7e825173f51228a09088aa7559db0b2a83,2048,2048,2,float32+float32,HARD_LINK,NO,
val,Oil,01152.tif,Oil/01152.tif,val/images/Oil/01152.tif,01152.tif,Mask_oil/01152.tif,val/masks/Oil/01152.tif,9dddce294f47c8a1f6b0175ce2a300403040f9cb2e650f248151643ac18a6c6b,d0de2856d2204e2f196ef4061e781d24a9b637c7803d3eab12af66495a55d5db,2048,2048,2,float32+float32,HARD_LINK,NO,
val,Oil,00629.tif,Oil/00629.tif,val/images/Oil/00629.tif,00629.tif,Mask_oil/00629.tif,val/masks/Oil/00629.tif,a05cf410c43c09adc4485d5c5a6541e1dd1fab179b042647d3b83b81f652fdc3,145b9625a18397ad9b5af5bd5bd650cd60d63f3252ee2725f359f8a7ea973e28,2048,2048,2,float32+float32,HARD_LINK,NO,
val,Oil,00006.tif,Oil/00006.tif,val/images/Oil/00006.tif,00006.tif,Mask_oil/00006.tif,val/masks/Oil/00006.tif,c409c163f29d0b0b99333063fd94afa1b244f573bb56933c163c21633a0f7e27,8f74cf5351e66630ed5185469fce770a8810a8eb20fbe17c73b733e6a6d4568b,2048,2048,2,float32+float32,HARD_LINK,NO,
val,Oil,01041.tif,Oil/01041.tif,val/images/Oil/01041.tif,01041.tif,Mask_oil/01041.tif,val/masks/Oil/01041.tif,545ce9c59104e6a3674f1d25f6ee7a9000b7d19aa6b37cf9fa1b4a4a9ff9fb06,f274909c1431d43b01f92d32d9c4e149d87d953455b28796caace84e346d5508,2048,2048,2,float32+float32,HARD_LINK,NO,
val,Oil,00398.tif,Oil/00398.tif,val/images/Oil/00398.tif,00398.tif,Mask_oil/00398.tif,val/masks/Oil/00398.tif,feb885975453ab07cdf16730c051e10f038fa0bae9e7d3be53cc304aa49a4bf4,89a2c0f42c1d8dae527ba193fa362d9b4caabe7ba52cb33e83fdf8897e6bd724,2048,2048,2,float32+float32,HARD_LINK,NO,
val,Oil,01001.tif,Oil/01001.tif,val/images/Oil/01001.tif,01001.tif,Mask_oil/01001.tif,val/masks/Oil/01001.tif,ef0c667e4dd0dcd309a8aa58df81ef352638ba552f797ec2833e36c40a2638e7,fe654976d057ce86523e2dd03e907d59687c78a9b58981d3cb1c0fb2eba1435d,2048,2048,2,float32+float32,HARD_LINK,NO,
val,Oil,00697.tif,Oil/00697.tif,val/images/Oil/00697.tif,00697.tif,Mask_oil/00697.tif,val/masks/Oil/00697.tif,0fe171c33de8de6fcd5ce51c1b3e42650c8ada538958bf80cc0417f39b099805,2194fd42acf68eb03e12615171683e2f6c9a2456b886913f9d2810aa60601242,2048,2048,2,float32+float32,HARD_LINK,NO,
val,Oil,01338.tif,Oil/01338.tif,val/images/Oil/01338.tif,01338.tif,Mask_oil/01338.tif,val/masks/Oil/01338.tif,5a4b8fbcce286aa14b81bdfae07f8bb2d35aae964b2cfd16f86334323f177c96,f3066a52bfd4967df252e668994d58ece332166f16b1d8bb741eab4aea7cb68e,2048,2048,2,float32+float32,HARD_LINK,NO,
val,Oil,01308.tif,Oil/01308.tif,val/images/Oil/01308.tif,01308.tif,Mask_oil/01308.tif,val/masks/Oil/01308.tif,6cddf3fafe6f94d1af40540989fbfddbb30ba911db9bf6e7db12e36f480ee799,be5db26e3b1004560db258adeefcac45b465da72f8589caea259eaf677a70ff2,2048,2048,2,float32+float32,HARD_LINK,NO,
val,Oil,01266.tif,Oil/01266.tif,val/images/Oil/01266.tif,01266.tif,Mask_oil/01266.tif,val/masks/Oil/01266.tif,28911d5ae1ebedb3501ab50088743e17e2aa3d3257571b2bdfa58fb10354a54f,642a546cf5073d756b25979951a2051d30a3586a5089ea388edf32c1a86fcff4,2048,2048,2,float32+float32,HARD_LINK,NO,
val,Oil,00288.tif,Oil/00288.tif,val/images/Oil/00288.tif,00288.tif,Mask_oil/00288.tif,val/masks/Oil/00288.tif,b8df4d7e56fcb87ebefad302c2b53d2ca57faac71154756afadbf66e1911ff3d,78f9d28ccf579a8df2561ad3d9d3da1987a88389c28e616a4228bb5e20c667f5,2048,2048,2,float32+float32,HARD_LINK,NO,
val,Oil,00024.tif,Oil/00024.tif,val/images/Oil/00024.tif,00024.tif,Mask_oil/00024.tif,val/masks/Oil/00024.tif,230bca5f855a51d5afe43d1bdbd21ec9297d72634c2194b926aab53569e170a9,8cdf81b820c7185377de1e7e41d656d18738a4822bcb2ab87f5980930c08c246,2048,2048,2,float32+float32,HARD_LINK,NO,
val,Oil,00603.tif,Oil/00603.tif,val/images/Oil/00603.tif,00603.tif,Mask_oil/00603.tif,val/masks/Oil/00603.tif,cf7e94a8d30d786365d88f7319e0cea3216526e2f43b562b8d57f6997a4a0f05,ee41e7fc3354ab4a2f0d7b4cd25076120f6b243968a67075997e6dcdb85851ca,2048,2048,2,float32+float32,HARD_LINK,NO,
val,Oil,01215.tif,Oil/01215.tif,val/images/Oil/01215.tif,01215.tif,Mask_oil/01215.tif,val/masks/Oil/01215.tif,255926165e1e5c8353b564309355999a65ebdf983945a4228280ca90ffa21147,077bab51bc05ddf671b82deaa515ef4389b0fa2c3fe5ed269c4aee03fffa08a0,2048,2048,2,float32+float32,HARD_LINK,NO,
val,Oil,01071.tif,Oil/01071.tif,val/images/Oil/01071.tif,01071.tif,Mask_oil/01071.tif,val/masks/Oil/01071.tif,319324f6d705132c7b2a6058d02aa0cba76745c2bb6fd7a1ba6278f69c457cf1,3e4c0aafe1580d31d377636c56673f7e9a84dd7118d29d6fdb0652139ded9a77,2048,2048,2,float32+float32,HARD_LINK,NO,
val,Oil,00891.tif,Oil/00891.tif,val/images/Oil/00891.tif,00891.tif,Mask_oil/00891.tif,val/masks/Oil/00891.tif,84f8dd82d564c63bb4bddb241e13505ef18cb599e401eaab68cd2e469528072a,3699bba01eea81d1640001efcea2fbff8ad46e5822896177d0485c818f8a445a,2048,2048,2,float32+float32,HARD_LINK,NO,
val,Oil,00898.tif,Oil/00898.tif,val/images/Oil/00898.tif,00898.tif,Mask_oil/00898.tif,val/masks/Oil/00898.tif,e085919ea145827f2c3bfb4c69f9a7629f0b10a5f6f9b5068727dbdf993b7d85,609e2c85e053ab18425e48935177a2e6bb5d5c44058de0ad6e673287e19cd08c,2048,2048,2,float32+float32,HARD_LINK,NO,
val,Oil,00165.tif,Oil/00165.tif,val/images/Oil/00165.tif,00165.tif,Mask_oil/00165.tif,val/masks/Oil/00165.tif,7b33b1e3580dc3b8dcc904e04d00392d0904a0403736054e10d0707c03ed61bb,f27aa78604fabe569c13d52973c0428fedca9c0d1adeb97f4cd2669aaaca1717,2048,2048,2,float32+float32,HARD_LINK,NO,
val,Oil,01329.tif,Oil/01329.tif,val/images/Oil/01329.tif,01329.tif,Mask_oil/01329.tif,val/masks/Oil/01329.tif,8429ae56a15b61ae706b569ebe863e262ad777000bcbd4663eaa5290601ebf20,c84223d02b8206d13078bfe7596cc6090d15d7d144814b34f5f8a7393cd280e6,2048,2048,2,float32+float32,HARD_LINK,NO,
val,Oil,00402.tif,Oil/00402.tif,val/images/Oil/00402.tif,00402.tif,Mask_oil/00402.tif,val/masks/Oil/00402.tif,cbfdeb65a0e4c5f8333c6e93c00cba1221e1ac87a92c6c8f89c308e3bba7ef49,47565a3f99e02e0fe4a029f9b386a79410dac2252cdf5289b115bf90cd090f78,2048,2048,2,float32+float32,HARD_LINK,NO,
val,Oil,00386.tif,Oil/00386.tif,val/images/Oil/00386.tif,00386.tif,Mask_oil/00386.tif,val/masks/Oil/00386.tif,dd00b5bc86caeea782dae5224261280e84dc00871940e782de423447041b4095,1ff730f4804b9755b2b15efa11f70728c7f9c308547042cdf17a01f48f820d77,2048,2048,2,float32+float32,HARD_LINK,NO,
val,Oil,00278.tif,Oil/00278.tif,val/images/Oil/00278.tif,00278.tif,Mask_oil/00278.tif,val/masks/Oil/00278.tif,7f17e2b1f478cbd4556a29609066c8c63c8706c9396aa429f9f51a2f2a70f296,b7a653f2ab922d2197264fad141d4c6cc5597120dad69efb933bc6daf92d7f41,2048,2048,2,float32+float32,HARD_LINK,NO,
val,Oil,00116.tif,Oil/00116.tif,val/images/Oil/00116.tif,00116.tif,Mask_oil/00116.tif,val/masks/Oil/00116.tif,7f0c9ada00474581b0f86438bfaabafa8768adbdfd2435d7adb47937a952d497,24ecf54305a51d37b1a64d67ee707405bfb40b48c830127a54a714442f51bdd2,2048,2048,2,float32+float32,HARD_LINK,NO,
val,Oil,00234.tif,Oil/00234.tif,val/images/Oil/00234.tif,00234.tif,Mask_oil/00234.tif,val/masks/Oil/00234.tif,881c69aad31b4162a62b05bfcede1fdf64f632fa0308d49ab7885fb86377e92f,68636c685d4d34ac93f8b652be8d9eac1f812a2106fe2e55cfe912dd534d5cce,2048,2048,2,float32+float32,HARD_LINK,NO,
val,Oil,01135.tif,Oil/01135.tif,val/images/Oil/01135.tif,01135.tif,Mask_oil/01135.tif,val/masks/Oil/01135.tif,46d35839825b41bc3fd3d03d60780d9d28b451d4fd33f2a0504f84d7c9717f41,84d22df034894e53e11ff558b0c84509eab3d94d1e58695dfef533bd3b095486,2048,2048,2,float32+float32,HARD_LINK,NO,
val,Oil,01171.tif,Oil/01171.tif,val/images/Oil/01171.tif,01171.tif,Mask_oil/01171.tif,val/masks/Oil/01171.tif,36c1afa39739ca398fdaad7815783734749c4bf3e6f33df091dc55925f70335a,f4a979497e91ddf171d949bd661f04a21a951f21b14eb2fb64a6747831ab67c6,2048,2048,2,float32+float32,HARD_LINK,NO,
val,Oil,00349.tif,Oil/00349.tif,val/images/Oil/00349.tif,00349.tif,Mask_oil/00349.tif,val/masks/Oil/00349.tif,09512626916c2e3ce8ad206463d57bddb273e3441ce2c350f5f765da1d74fd23,380a91a7306909684cf82e90bfaed40d647db7e3a671184a008a10f6c4081c7c,2048,2048,2,float32+float32,HARD_LINK,NO,
val,Oil,01257.tif,Oil/01257.tif,val/images/Oil/01257.tif,01257.tif,Mask_oil/01257.tif,val/masks/Oil/01257.tif,47c72575613c82a2635cd224e63dfec0f1f8cdbd49f40b4d551f7560cb3a2423,85bc49dfb14093324efb6cb9084d38d085d6c30b6f57fe40d10b5d771477f96c,2048,2048,2,float32+float32,HARD_LINK,NO,
val,Oil,00850.tif,Oil/00850.tif,val/images/Oil/00850.tif,00850.tif,Mask_oil/00850.tif,val/masks/Oil/00850.tif,4a19c18c7feb4bde90380543b05b595b4e3a538a1f8a2a9bc1564cbfd20d9cd9,8915107f5d651811f69ce64ee3879f377be30a4425b5b4730a28cc4625815ec3,2048,2048,2,float32+float32,HARD_LINK,NO,
val,Oil,00928.tif,Oil/00928.tif,val/images/Oil/00928.tif,00928.tif,Mask_oil/00928.tif,val/masks/Oil/00928.tif,ad04f54167af9190b5f91d1a1daad06db93c8c53d1505eeadff4fc290754f26c,6c30a1c49e4364aa20e63cc7484ed02da572239bb30eb7842161014a3d56609d,2048,2048,2,float32+float32,HARD_LINK,NO,
val,Oil,00988.tif,Oil/00988.tif,val/images/Oil/00988.tif,00988.tif,Mask_oil/00988.tif,val/masks/Oil/00988.tif,66f5ab3ac6c67d0ebb7668997c65ddea8b88189d3cf67dca82af986eff4c042c,d5be4e2abfcdb3a6f431feea36d24ea359d5b554c64caca070556985c87e69ce,2048,2048,2,float32+float32,HARD_LINK,NO,
val,Oil,00628.tif,Oil/00628.tif,val/images/Oil/00628.tif,00628.tif,Mask_oil/00628.tif,val/masks/Oil/00628.tif,c67ee5af761509c90e65243e6842d55d74a4306758cff5a09a1ffcbab24cb48c,eb4027456777e4a260d188d6b65e96a0f806f611c84301dee0f098ad869eb857,2048,2048,2,float32+float32,HARD_LINK,NO,
val,Oil,01235.tif,Oil/01235.tif,val/images/Oil/01235.tif,01235.tif,Mask_oil/01235.tif,val/masks/Oil/01235.tif,8712de017cad760f8fcf921da823377da6a91d0d1bf33c21cb8cf390802d586b,76486641ddab11690603f91f6ea7faf26c1f930f1912c9a15ea3766d40ffcac7,2048,2048,2,float32+float32,HARD_LINK,NO,
val,Oil,00593.tif,Oil/00593.tif,val/images/Oil/00593.tif,00593.tif,Mask_oil/00593.tif,val/masks/Oil/00593.tif,5f3ed839cc0e32f1ee8ab21fc89ffa8cc12a76b1be079e624dd66cab6c3cc6f3,a1b1c4ff9cb218d810d44b021f6cecb94b2b72e2f9297253a63ce2dd1847459f,2048,2048,2,float32+float32,HARD_LINK,NO,
val,Oil,01333.tif,Oil/01333.tif,val/images/Oil/01333.tif,01333.tif,Mask_oil/01333.tif,val/masks/Oil/01333.tif,2cff4d5a7c9ca673f929fc260f0395c7bbc272697092b5383ab1b43bf565470a,0c1f5bfe83f3256d4ac9a9b0f0ea41fd17acb4a9c304687dd818e0fb3f695700,2048,2048,2,float32+float32,HARD_LINK,NO,
val,Oil,00632.tif,Oil/00632.tif,val/images/Oil/00632.tif,00632.tif,Mask_oil/00632.tif,val/masks/Oil/00632.tif,245b985e870b2b897241d0234a08b64d39e1e534e52c992235e0108fbe3ea9bb,d8aa964e8bd64700f78b5a96b600dbbba6f2f4ef6fa4fa4585810f11fd9490a8,2048,2048,2,float32+float32,HARD_LINK,NO,
val,Oil,00361.tif,Oil/00361.tif,val/images/Oil/00361.tif,00361.tif,Mask_oil/00361.tif,val/masks/Oil/00361.tif,f24935f81234a37a58c0a1d91975d83d0173f28f93f7bdd5d1b3f99355973f19,d45628c8dc45350f12278594e0abb60bd61d4eb1c3d09adca5835bbf6d9b2ca9,2048,2048,2,float32+float32,HARD_LINK,NO,
val,Oil,01051.tif,Oil/01051.tif,val/images/Oil/01051.tif,01051.tif,Mask_oil/01051.tif,val/masks/Oil/01051.tif,695ed291c6d9083a814f358f6d83e117a53cae78c61f67f033b2f47dbaf58536,f5bfd4db2816b68b00ba480b6d4bed9afc7561330245182f2e08dc6f96c3e442,2048,2048,2,float32+float32,HARD_LINK,NO,
val,Oil,00921.tif,Oil/00921.tif,val/images/Oil/00921.tif,00921.tif,Mask_oil/00921.tif,val/masks/Oil/00921.tif,9f3eb0a42b114b0c2a84e6fc012607ed283ac7fdd059f9e92f73f2d68c497802,50c502008fb94b33863dc40d73974cfac7865f19756b42aef8fab0a5a45040b7,2048,2048,2,float32+float32,HARD_LINK,NO,
val,Oil,01149.tif,Oil/01149.tif,val/images/Oil/01149.tif,01149.tif,Mask_oil/01149.tif,val/masks/Oil/01149.tif,5fdeecff058b557b9edbf959972036bf74a98a4f71f7709696e366c1d8b90186,5fcd8aa359aed44c789e6ae1bae7c36d2b4b644d6dcd09ceda42bfe501f82f9e,2048,2048,2,float32+float32,HARD_LINK,NO,
val,Oil,00514.tif,Oil/00514.tif,val/images/Oil/00514.tif,00514.tif,Mask_oil/00514.tif,val/masks/Oil/00514.tif,8d3b4c90d9aaf3d0f08c0097d5506cf8a5d2ee42e68c3d57084d1e4f8187f7d0,29fd5095d8ad647ecab34d8326f4491ad80754dcd2aa41253804af6b8aa4f1c6,2048,2048,2,float32+float32,HARD_LINK,NO,
val,Oil,00744.tif,Oil/00744.tif,val/images/Oil/00744.tif,00744.tif,Mask_oil/00744.tif,val/masks/Oil/00744.tif,3bd91985d0903bb2a852bc6fe5afb50c8d4e17be7bcb48eff994d04fb9db9e96,bdad4ceba44a1bca5fff432fb49005a973250d06eebc7bcb4f67519d278679b2,2048,2048,2,float32+float32,HARD_LINK,NO,
val,Oil,00511.tif,Oil/00511.tif,val/images/Oil/00511.tif,00511.tif,Mask_oil/00511.tif,val/masks/Oil/00511.tif,4f0fa1782559e7f4389df4bc6d35654ced52cfe6acd37eb268572bd11682c421,d4f7a9ce80116126bcdba5e9a258b5764c0cc2309f7499118dd64d762cb252eb,2048,2048,2,float32+float32,HARD_LINK,NO,
val,Oil,00172.tif,Oil/00172.tif,val/images/Oil/00172.tif,00172.tif,Mask_oil/00172.tif,val/masks/Oil/00172.tif,c26a28a24e6e7f831ab30d3cdc44feb9a60add5857c6c7caca148a68a301c323,c1895edfb828979fca950c00a01f5665cc8bc58ecb78c27963815e714ea4eea8,2048,2048,2,float32+float32,HARD_LINK,NO,
val,Oil,00638.tif,Oil/00638.tif,val/images/Oil/00638.tif,00638.tif,Mask_oil/00638.tif,val/masks/Oil/00638.tif,497ad6966b6149fa577727657e88cb69ccc00620adc51bde8fe0fa7665a5eca4,477cbef0e68d05f81d6eaed114328e2f3c36d3ae0785b8e1ac763f88b1d1128a,2048,2048,2,float32+float32,HARD_LINK,NO,
val,Oil,00932.tif,Oil/00932.tif,val/images/Oil/00932.tif,00932.tif,Mask_oil/00932.tif,val/masks/Oil/00932.tif,4173e862236dea40d8b7ef904647d415374dd83a6180bbd3fd31c88cdcc9fbe8,afc1696c10e2f4e20f8a08133e7e598381a56405914da5306e459c60f9f48013,2048,2048,2,float32+float32,HARD_LINK,NO,
val,Oil,00748.tif,Oil/00748.tif,val/images/Oil/00748.tif,00748.tif,Mask_oil/00748.tif,val/masks/Oil/00748.tif,0f1db4cbb2fe428258bb9ceecc29c4b6b1933d60bc8f28aeb296c24cec5d35ed,22d675651b14c363db7e6619811561f68be98069e5851e7e011d03c0ff980de3,2048,2048,2,float32+float32,HARD_LINK,NO,
val,Oil,01328.tif,Oil/01328.tif,val/images/Oil/01328.tif,01328.tif,Mask_oil/01328.tif,val/masks/Oil/01328.tif,4d170dd1d51c2c92f714b97f1905bac154b9096d2171957de611260c09eea6dc,e9f023b8ad57659f98e8f82692e817b52937d8e738ad20fdb2bc1e569976080b,2048,2048,2,float32+float32,HARD_LINK,NO,
val,Oil,00550.tif,Oil/00550.tif,val/images/Oil/00550.tif,00550.tif,Mask_oil/00550.tif,val/masks/Oil/00550.tif,f29c556d9db59ae790f2a08973e412c92565296c841e686c6352fbb211031587,f10313a211f555e29c66a67c149eed96a914cc45d80316816c4814b030b08742,2048,2048,2,float32+float32,HARD_LINK,NO,
val,Oil,00146.tif,Oil/00146.tif,val/images/Oil/00146.tif,00146.tif,Mask_oil/00146.tif,val/masks/Oil/00146.tif,778f8e1eb7fdb4cce39c946dbafa4bf4e3e5a8847959e796e3b542f748714d72,f221c2ca6a4e2c94dae490a142a83a69e179efc8516d37d1f0040e56007e0252,2048,2048,2,float32+float32,HARD_LINK,NO,
val,Oil,00768.tif,Oil/00768.tif,val/images/Oil/00768.tif,00768.tif,Mask_oil/00768.tif,val/masks/Oil/00768.tif,860c67db63112701d44e7ed8f52a29aa67634364fb25ecc8ece30797d6e420b2,2dfe6d15583d073932c0e9f2556e220b0f762eecfd91e0929610fbbc51d7385e,2048,2048,2,float32+float32,HARD_LINK,NO,
val,Oil,00528.tif,Oil/00528.tif,val/images/Oil/00528.tif,00528.tif,Mask_oil/00528.tif,val/masks/Oil/00528.tif,a6cbc49e068b85c6075c907ac04e84898f0605fb5f24377c9f5f39173aa448c9,e0d7ff0d4fec79cd326f9e4f9e112c1d2f8aad2dbb0495886c2cc77270b372b0,2048,2048,2,float32+float32,HARD_LINK,NO,
val,Oil,00642.tif,Oil/00642.tif,val/images/Oil/00642.tif,00642.tif,Mask_oil/00642.tif,val/masks/Oil/00642.tif,dd1a2c18e83026f72703a742943c2e8332ada9abd6acfbfe9c518e7594ce135d,3059103bbf058b231d19746f8e8fec622fdc02d22caae2ea3712442a983be739,2048,2048,2,float32+float32,HARD_LINK,NO,
val,Oil,00887.tif,Oil/00887.tif,val/images/Oil/00887.tif,00887.tif,Mask_oil/00887.tif,val/masks/Oil/00887.tif,dbd2305db9831f50aea6b8968c5f4b67441b59d52d1c5a17a1bb1ef549a640b8,f8d0ffec583c5dc2920d794f6b223c19a5a0d5ceafb97aa122f4ce22c00d1175,2048,2048,2,float32+float32,HARD_LINK,NO,
val,Oil,01059.tif,Oil/01059.tif,val/images/Oil/01059.tif,01059.tif,Mask_oil/01059.tif,val/masks/Oil/01059.tif,0a93c78d15060e68f2e162dd83f2b97b3579fc71a877f9a669de28adf5eba446,e61306b9b575c49430545380ce7fa9fd93cde53a25d27536f00e4a194ff2fee9,2048,2048,2,float32+float32,HARD_LINK,NO,
val,Oil,00409.tif,Oil/00409.tif,val/images/Oil/00409.tif,00409.tif,Mask_oil/00409.tif,val/masks/Oil/00409.tif,5ffc09a7dbfc3deb0b531a87b3af01e0823782df63e85c7418fb1ff5424c5945,8eb69e616cc891964564d0a23b261cc4697918e250767040628af7416d75251c,2048,2048,2,float32+float32,HARD_LINK,NO,
val,Oil,01335.tif,Oil/01335.tif,val/images/Oil/01335.tif,01335.tif,Mask_oil/01335.tif,val/masks/Oil/01335.tif,2cbf72793480a048a0a59430320f85b7d55c7f581b721767c7826d66b342cf54,9a08a2fbf3875c568ad0bdad87bad1f67bfaf6deb1646ddc1a4b582a5cd761aa,2048,2048,2,float32+float32,HARD_LINK,NO,
val,Oil,01225.tif,Oil/01225.tif,val/images/Oil/01225.tif,01225.tif,Mask_oil/01225.tif,val/masks/Oil/01225.tif,add76f66f96265e6af632227c3606011ed66e50dd9f775b55c8a70dd0a6befb8,9d99ff034ff28fabf7e67427da3289f8632b456ff0b798be9fed242c2606dd93,2048,2048,2,float32+float32,HARD_LINK,NO,
val,Oil,00426.tif,Oil/00426.tif,val/images/Oil/00426.tif,00426.tif,Mask_oil/00426.tif,val/masks/Oil/00426.tif,219d9f317dc924ff5460103b4e9d2ccfdd521a3cd60e814a147fedf39fad0321,2d224d419d570e93a6d5486c5c4a3a1b156573e68dd9e35f164b14c77fce09ed,2048,2048,2,float32+float32,HARD_LINK,NO,
val,Oil,00185.tif,Oil/00185.tif,val/images/Oil/00185.tif,00185.tif,Mask_oil/00185.tif,val/masks/Oil/00185.tif,0140124299a7d300f101d8379129bdda55cb6aaf29c7787bb4c621bf7f99817a,8ba4f106629feec260b7f5179083b80087b26110f2d4d12ecb308746efa050e4,2048,2048,2,float32+float32,HARD_LINK,NO,
val,Oil,00636.tif,Oil/00636.tif,val/images/Oil/00636.tif,00636.tif,Mask_oil/00636.tif,val/masks/Oil/00636.tif,99a5dbcb1509bfee2e4a30a22ee6fda8d8051765b717889acd59b8bc70231ef1,2e0769c075bfdc76a32a000141b74ef029de0423822d08756bf8333a56a357fe,2048,2048,2,float32+float32,HARD_LINK,NO,
val,Oil,00507.tif,Oil/00507.tif,val/images/Oil/00507.tif,00507.tif,Mask_oil/00507.tif,val/masks/Oil/00507.tif,f1a9a772233ad9e81ac0d0a66dc6b2ca704c2124d07d7da01a9a85e4d3016f74,e747c48cc39478c590ae7b42cf4955476df7342a124dcdd6c76c57c8481bf2a1,2048,2048,2,float32+float32,HARD_LINK,NO,
val,Oil,00836.tif,Oil/00836.tif,val/images/Oil/00836.tif,00836.tif,Mask_oil/00836.tif,val/masks/Oil/00836.tif,c0416266dcd3f34d066c1dddc8739d3cd3ed63e65fc304ab51406bfa3f4b81bc,530d4abd96d84948637757afc4c88a36bcf759ae6b58ce5d49177e083dd2a822,2048,2048,2,float32+float32,HARD_LINK,NO,
val,Oil,00867.tif,Oil/00867.tif,val/images/Oil/00867.tif,00867.tif,Mask_oil/00867.tif,val/masks/Oil/00867.tif,b326efe57e510f89ba15a15f699e007b1ca5abf7ca44ba3a268cceb660f668c6,062e65d71856bc0e991a51b6a0ffac27153ef360ce480cd2a391737f0e635b84,2048,2048,2,float32+float32,HARD_LINK,NO,
val,Oil,00408.tif,Oil/00408.tif,val/images/Oil/00408.tif,00408.tif,Mask_oil/00408.tif,val/masks/Oil/00408.tif,915c23700ed2d5cb6b610444005f09344002d5a6cb91892dc8d9013abdf90339,6de39a7e1b318ab8e8141e1f9a4e52d2bef1bdd5176ac24fc16c462b04455d95,2048,2048,2,float32+float32,HARD_LINK,NO,
val,Oil,00856.tif,Oil/00856.tif,val/images/Oil/00856.tif,00856.tif,Mask_oil/00856.tif,val/masks/Oil/00856.tif,cb481ba163969b70f910f94edbb0c5155d615c8a382439ba875213a80aaa5527,8799e29a3ca4562f5708f331ebedc448ad78248c9e2b18826a6c1c083d765579,2048,2048,2,float32+float32,HARD_LINK,NO,
val,Oil,01040.tif,Oil/01040.tif,val/images/Oil/01040.tif,01040.tif,Mask_oil/01040.tif,val/masks/Oil/01040.tif,49a09176bbd49619522baa0d4775e728a14bc6333638cd490414e9c91f56393d,b22995686fe818baeb863fd9d4d984c37dbb222ff5d5f459d2a4abc6cfc3edab,2048,2048,2,float32+float32,HARD_LINK,NO,
val,Oil,01307.tif,Oil/01307.tif,val/images/Oil/01307.tif,01307.tif,Mask_oil/01307.tif,val/masks/Oil/01307.tif,a39b7508ce2da2e4c0d5c521764d7e7adfc6494437dc1303a8e77c9148a7ef21,ab0d6b34694995c7de186d87b36cea815bd6ae6ae917484253084c357e77eb09,2048,2048,2,float32+float32,HARD_LINK,NO,
val,Oil,01300.tif,Oil/01300.tif,val/images/Oil/01300.tif,01300.tif,Mask_oil/01300.tif,val/masks/Oil/01300.tif,fc6e5ebb56ed868ef8c7ec718fab851573f4baf5f001d7dc5020e640a3ceff10,d58e009c83cf9ed364de440ded2e58ab301bd96e87638e2128f82f2e6a3dcf5c,2048,2048,2,float32+float32,HARD_LINK,NO,
val,Oil,00257.tif,Oil/00257.tif,val/images/Oil/00257.tif,00257.tif,Mask_oil/00257.tif,val/masks/Oil/00257.tif,c8ff1af730a905e57c99fdcd7750c45c1ea04a1a4de61b2ad61b3fbd7feb5ab5,b5b554f72b92586e2de7a87e2e073ccc9c8fab961aa762bf21297b05c81a7c14,2048,2048,2,float32+float32,HARD_LINK,NO,
val,Oil,01323.tif,Oil/01323.tif,val/images/Oil/01323.tif,01323.tif,Mask_oil/01323.tif,val/masks/Oil/01323.tif,282d22a34f84798236b32f5c129c24a3550864264bd60b7de3276a89175f71d2,c8dddf91738734966b899200cff36dd19cb6afeb0f14c95685edcead167aa6cc,2048,2048,2,float32+float32,HARD_LINK,NO,
val,Oil,00203.tif,Oil/00203.tif,val/images/Oil/00203.tif,00203.tif,Mask_oil/00203.tif,val/masks/Oil/00203.tif,94d409d14d11be3e54be1e74e8fba91b96504805f848b31767f8c55d331fbc7c,56d5b88cc1b769aeae0beee1603662b85f9da6949d18740ac5ebf11388e12b2b,2048,2048,2,float32+float32,HARD_LINK,NO,
val,Oil,00687.tif,Oil/00687.tif,val/images/Oil/00687.tif,00687.tif,Mask_oil/00687.tif,val/masks/Oil/00687.tif,daa4a83e550e881f6ac797c803a2d071a1b2c9ea884000c39c6a16b9baa81071,c28f1741203daddd5d9df4cda761bfc7be99ff4ede711fc67b4ec2c3e7a24ec7,2048,2048,2,float32+float32,HARD_LINK,NO,
val,Oil,00546.tif,Oil/00546.tif,val/images/Oil/00546.tif,00546.tif,Mask_oil/00546.tif,val/masks/Oil/00546.tif,3034e7761c2aad97467b61f3d6bfe954da7163bff42b2f2028d412ae00f91ee4,f1ce227cf0dcd41043b565d0fb141e427bdba90f5bacff511f3d20aada5432ad,2048,2048,2,float32+float32,HARD_LINK,NO,
val,Oil,00113.tif,Oil/00113.tif,val/images/Oil/00113.tif,00113.tif,Mask_oil/00113.tif,val/masks/Oil/00113.tif,c73abf97269d7235c68fb35566f74f2031eb4ad2dab08fbea4a0b21f740082ff,22684510fe44625e13daf9cb1791774813ecbf51caaa8a8640014d22bd6dab59,2048,2048,2,float32+float32,HARD_LINK,NO,
val,Oil,00180.tif,Oil/00180.tif,val/images/Oil/00180.tif,00180.tif,Mask_oil/00180.tif,val/masks/Oil/00180.tif,61125849a21b3154b5c911bef6ca86959020e2da4e906ef6fc71c63841a854eb,c6072e21764cc04896e36492cb44eab6c0ccaa9a939f77807035c59540d7bcb3,2048,2048,2,float32+float32,HARD_LINK,NO,
val,Oil,00469.tif,Oil/00469.tif,val/images/Oil/00469.tif,00469.tif,Mask_oil/00469.tif,val/masks/Oil/00469.tif,734847b04cacedb1e4ddab2fcab1771ea5f4fcaec1ad39d14d5d2c94c992a9fe,d320f710d0c424d8b56e453bdd962d28a030577c56725682dfb282eb847f63e1,2048,2048,2,float32+float32,HARD_LINK,NO,
val,Oil,00849.tif,Oil/00849.tif,val/images/Oil/00849.tif,00849.tif,Mask_oil/00849.tif,val/masks/Oil/00849.tif,a4d5d68421dad40196584cb59438070d931f7fbab7637c458400cc6679314100,d59e5a24e57b8854b0bb3fa6f37cf3a41c219fb970060c3a2f8e4348fdbd47ed,2048,2048,2,float32+float32,HARD_LINK,NO,
val,Oil,00696.tif,Oil/00696.tif,val/images/Oil/00696.tif,00696.tif,Mask_oil/00696.tif,val/masks/Oil/00696.tif,b8c9c59cb9e30981c829c1de6c55a15b7c76f8ce822ed5d9e33987a2d1b0568f,e68eeefeec92b2b9fb474bd0542d5862a6af9fe1f83f6029bd42bcf73e064756,2048,2048,2,float32+float32,HARD_LINK,NO,
val,Oil,01264.tif,Oil/01264.tif,val/images/Oil/01264.tif,01264.tif,Mask_oil/01264.tif,val/masks/Oil/01264.tif,bb14936bfcc77cfe122ab3d40ae9e36a5170197c1ba1c8e17aa8b04e85fe6791,1ec64fd04bffaaf9046e38c90f94d97c7cdc4d73c9a60e17ec7c89c5956cc619,2048,2048,2,float32+float32,HARD_LINK,NO,
val,Oil,00201.tif,Oil/00201.tif,val/images/Oil/00201.tif,00201.tif,Mask_oil/00201.tif,val/masks/Oil/00201.tif,6ebd38da74d2eb02606c675ccf85a482902604b46d4b501c99aae8a3c7a187a9,399f2752faaaa09b75fcd8efcc77b6496563d943edd1c3f287280bb8c035cf93,2048,2048,2,float32+float32,HARD_LINK,NO,
val,Oil,00885.tif,Oil/00885.tif,val/images/Oil/00885.tif,00885.tif,Mask_oil/00885.tif,val/masks/Oil/00885.tif,fd60f7f8753a070c11c16ca8832c165b5935935575724a57209fe26c3a81d33c,66ddf89513b11dc86c9112ae39273a76195f450685183f7960c04d7298ed6c52,2048,2048,2,float32+float32,HARD_LINK,NO,
val,Oil,00319.tif,Oil/00319.tif,val/images/Oil/00319.tif,00319.tif,Mask_oil/00319.tif,val/masks/Oil/00319.tif,9c0a4a9785bce4f12a07d6efe3c25f496f5bda3dc312b7aff5eb3c4221c5a3f5,c3c5820670bf5298d048d5a12f34f1443e678559fb8684ca23322ab4a19fb56c,2048,2048,2,float32+float32,HARD_LINK,NO,
val,Oil,01230.tif,Oil/01230.tif,val/images/Oil/01230.tif,01230.tif,Mask_oil/01230.tif,val/masks/Oil/01230.tif,9c496aa1a16c45772754b6346740f575e730322fcd7e5833759a24d7f28d372b,e802b94ea18a8164232d9ef874d01647019ec01cb75f59f2879e4bbac1a89040,2048,2048,2,float32+float32,HARD_LINK,NO,
val,Oil,01052.tif,Oil/01052.tif,val/images/Oil/01052.tif,01052.tif,Mask_oil/01052.tif,val/masks/Oil/01052.tif,c2074ea230a6fb04af64d7b9c32504a37efa0608c1f64b470b86374a7613d186,0fe60ebf3dfc752daf2c886802e85ffa5235a277e3166147461a3712845a46e2,2048,2048,2,float32+float32,HARD_LINK,NO,
val,Oil,00103.tif,Oil/00103.tif,val/images/Oil/00103.tif,00103.tif,Mask_oil/00103.tif,val/masks/Oil/00103.tif,b756571a1ca199c6bdb7e46e2ef6d565545f776b33fbfa9055d07acd8476e6e0,5602e8b2ccf6f347afe179bd9ff3c2a6202faffbfd2a8bbd9c107304b37687d9,2048,2048,2,float32+float32,HARD_LINK,NO,
val,Oil,00631.tif,Oil/00631.tif,val/images/Oil/00631.tif,00631.tif,Mask_oil/00631.tif,val/masks/Oil/00631.tif,68dea494c4333fa883292683cd1ddbaa9086f01ce03676f9042aa7a26de31e9c,9140926fa55712f54a1377e82ff4bc18474464485ff43c15103a686f809062a4,2048,2048,2,float32+float32,HARD_LINK,NO,
val,Oil,00811.tif,Oil/00811.tif,val/images/Oil/00811.tif,00811.tif,Mask_oil/00811.tif,val/masks/Oil/00811.tif,3a9043ae127cc9d41819b9d63d0cbbb884e58852f33035447b4b746e49511c85,914e00d96f73eb3e802c55772de980fd8cf1fdb008146db3592818b70490f590,2048,2048,2,float32+float32,HARD_LINK,NO,
val,Oil,00844.tif,Oil/00844.tif,val/images/Oil/00844.tif,00844.tif,Mask_oil/00844.tif,val/masks/Oil/00844.tif,a565d5ec77e3d50a5dd7b4f6efa8c713d05a13ac05d9fb3d9fa656b8097873b5,8aa442a7c013e17d250f4ac6f61590a076176010efc3bd35c9ebfbb47a8d29fe,2048,2048,2,float32+float32,HARD_LINK,NO,
val,Oil,00249.tif,Oil/00249.tif,val/images/Oil/00249.tif,00249.tif,Mask_oil/00249.tif,val/masks/Oil/00249.tif,5aebe88febd8f25536e8bc61baf83300c6e09d51194940d6fbf12d97414ca29f,a8732008d99a7e682918ce861fe6d3a531fe8b2eac1ca6dfad795c118ac7bacd,2048,2048,2,float32+float32,HARD_LINK,NO,
val,Oil,00888.tif,Oil/00888.tif,val/images/Oil/00888.tif,00888.tif,Mask_oil/00888.tif,val/masks/Oil/00888.tif,65aea4bdc38d48278d17d8bd48affca4d411cbff9d04b3065a95bf581765a309,d5734af10c7579a3fff90801f213bfb4765db60f7ef189d49d312eb49e0d80c8,2048,2048,2,float32+float32,HARD_LINK,NO,
val,Oil,00237.tif,Oil/00237.tif,val/images/Oil/00237.tif,00237.tif,Mask_oil/00237.tif,val/masks/Oil/00237.tif,0a373a8b3beb09d859e18fdfab25e47a9fa63ea0161af7deeecb7f14b2b05fbf,d7a9554f4b948d5a3e6926aab9c3e2d9d872f9b00915e26dc38d478e2173626e,2048,2048,2,float32+float32,HARD_LINK,NO,
val,Oil,01332.tif,Oil/01332.tif,val/images/Oil/01332.tif,01332.tif,Mask_oil/01332.tif,val/masks/Oil/01332.tif,61060feec5a2f6a47b9551380a48c64ce736235bf7ccbcf272682c3462c1bba2,226c1cc8b82b2d97a97215ecd209cc535c1d19f6cb63f436220068a7f766500e,2048,2048,2,float32+float32,HARD_LINK,NO,
val,Oil,00796.tif,Oil/00796.tif,val/images/Oil/00796.tif,00796.tif,Mask_oil/00796.tif,val/masks/Oil/00796.tif,ed0ad4633aab600a5c9ca7465d8d5cd8269de80bf0f167301a3b1a7409bbba83,a4004952aad2d12afe665cb6455c3e99072b22500a5accbfcdd8fb5ca2a188d2,2048,2048,2,float32+float32,HARD_LINK,NO,
val,Oil,00519.tif,Oil/00519.tif,val/images/Oil/00519.tif,00519.tif,Mask_oil/00519.tif,val/masks/Oil/00519.tif,4be42add397a5544307774676b73d7dda5ad274f087fb29bb1cd08bad62bbaeb,972417a4d070fcece3125f794c4ac35ab928b509f6dfad1098ba7913571b3681,2048,2048,2,float32+float32,HARD_LINK,NO,
val,Oil,00392.tif,Oil/00392.tif,val/images/Oil/00392.tif,00392.tif,Mask_oil/00392.tif,val/masks/Oil/00392.tif,592c7ff3bc7bf80554ddc39a5f34f98cf0ce4e944c6fd235911ce621402d217e,4be73cb4e2e06ba6995f5697ccacb54a3c7c9fcb06566500855e37287d4fbfd4,2048,2048,2,float32+float32,HARD_LINK,NO,
val,Oil,01312.tif,Oil/01312.tif,val/images/Oil/01312.tif,01312.tif,Mask_oil/01312.tif,val/masks/Oil/01312.tif,e12e8a494b6fba1942bc8a93a35a986ada53ac6497da557dca1f3352fd15eb8e,ceb6630b0064e87214e40f7966cc439f0f9e3b156a1b5b5895003bd786a0352a,2048,2048,2,float32+float32,HARD_LINK,NO,
val,Oil,00803.tif,Oil/00803.tif,val/images/Oil/00803.tif,00803.tif,Mask_oil/00803.tif,val/masks/Oil/00803.tif,5c0a05f26c075793a999d6d071f39103185fbbb49e91a8435d8cf6ad2b24db24,6e666e382b98df6bf30c65c693eb95357a3a07cfd645d4c3c0346e79f6117936,2048,2048,2,float32+float32,HARD_LINK,NO,
val,Oil,00976.tif,Oil/00976.tif,val/images/Oil/00976.tif,00976.tif,Mask_oil/00976.tif,val/masks/Oil/00976.tif,24959005d4c135305f5fc365c3b630648749f8995ce684b6a47cbacfd809bcb0,b0207c65ba602c8bcd6e9df8e83689e620265ec75003086f57ea98f5d30d7787,2048,2048,2,float32+float32,HARD_LINK,NO,
val,Oil,00401.tif,Oil/00401.tif,val/images/Oil/00401.tif,00401.tif,Mask_oil/00401.tif,val/masks/Oil/00401.tif,a683cf076d8c7bd4ac67d1b0f3413cc43159b46de183bcfd083cff89b2004fe0,46aa3a927102b1fa6388ddf19ac6d3c742a64d92486707dc42cfb9ba9e9d22a6,2048,2048,2,float32+float32,HARD_LINK,NO,
val,Oil,00014.tif,Oil/00014.tif,val/images/Oil/00014.tif,00014.tif,Mask_oil/00014.tif,val/masks/Oil/00014.tif,e639cb9b1e1c0c40473be51975f54e5bc202a07d884a80efc5ceecb66867ed1c,8dd930880c8081f59fc5eceae7e367f73a6befc89dcb399040406e022cece939,2048,2048,2,float32+float32,HARD_LINK,NO,
val,Oil,00659.tif,Oil/00659.tif,val/images/Oil/00659.tif,00659.tif,Mask_oil/00659.tif,val/masks/Oil/00659.tif,95f797b57661fb988f9fe3316a9c60f8e9dfcb18319d6d9d04adecdbfd6854af,b5c57ecf1031cce85173d559c8f3516a2162b3769acc49bc37ce935a13c7e816,2048,2048,2,float32+float32,HARD_LINK,NO,
val,Oil,01031.tif,Oil/01031.tif,val/images/Oil/01031.tif,01031.tif,Mask_oil/01031.tif,val/masks/Oil/01031.tif,9b2c9d2853c4e65551e2d3a39b3a19c606fdaac07d826aa1e98b44bdde491322,18cd64daa8cf88867da335cf524c082cc4b1c97e81f4dd0426b0ad4f57d45cdc,2048,2048,2,float32+float32,HARD_LINK,NO,
val,Oil,00531.tif,Oil/00531.tif,val/images/Oil/00531.tif,00531.tif,Mask_oil/00531.tif,val/masks/Oil/00531.tif,f1541666bf08f7a94ed3383a719beac93a4d845aca669c2f4443433eefbe5d81,d82e7cdd0c31fcc797581a63190eee94c2cb4613913f1e5d038184894c6c6409,2048,2048,2,float32+float32,HARD_LINK,NO,
val,Oil,00970.tif,Oil/00970.tif,val/images/Oil/00970.tif,00970.tif,Mask_oil/00970.tif,val/masks/Oil/00970.tif,e3d974d5909fd3dee8a19a6dd83077d6c0ff0f2003068ea1af10ec50f94be394,f1d9fd4235cd4cb2aa0c10dbd7335545aad89de1fe5b7ab5539e9663530c5456,2048,2048,2,float32+float32,HARD_LINK,NO,
val,Oil,01331.tif,Oil/01331.tif,val/images/Oil/01331.tif,01331.tif,Mask_oil/01331.tif,val/masks/Oil/01331.tif,f9a164b5c56e85eccae182ccbd5bded46bca16618dd3dcb1de0ae89f95a3daca,ca22f946b9d3b72f4643160266b5297feaf8eff47a57d8f5467ee9318e285cdd,2048,2048,2,float32+float32,HARD_LINK,NO,
val,Oil,00485.tif,Oil/00485.tif,val/images/Oil/00485.tif,00485.tif,Mask_oil/00485.tif,val/masks/Oil/00485.tif,c0a81fede22fcc452a69c45e6d5522ce77abb64c81fd6adcc0d78b470a77085a,2b013b25cfc4de9d73f1ee2383ff5a3e6a2677db0c9f81c22a69e9ea2fd10104,2048,2048,2,float32+float32,HARD_LINK,NO,
val,Oil,01283.tif,Oil/01283.tif,val/images/Oil/01283.tif,01283.tif,Mask_oil/01283.tif,val/masks/Oil/01283.tif,a315d2a4f704d56e04a00da6ac230add892e5b6e07f072691203bef6d53b216f,9705f57aa96cbf85b728a14fecb88b29438a825a82971d713bd0d6034561d132,2048,2048,2,float32+float32,HARD_LINK,NO,
val,Oil,00061.tif,Oil/00061.tif,val/images/Oil/00061.tif,00061.tif,Mask_oil/00061.tif,val/masks/Oil/00061.tif,7308f363b384c48cbda1a57bcc85f364adad69f2a0368e862edb27c9f972e471,f50f4e2a11cc27e4e10cfe4fc9d944f3ec06d57f5a2e27817fdd51b31dc1cc99,2048,2048,2,float32+float32,HARD_LINK,NO,
val,Oil,01162.tif,Oil/01162.tif,val/images/Oil/01162.tif,01162.tif,Mask_oil/01162.tif,val/masks/Oil/01162.tif,3e6c2acfb52fc0ee9af1af3821fbea44bd608d26e6635ad0856e93bd4845ad09,eaa1e407c2d1dbb11e3ab05263ae58579da02050eb37619be46115eaab35b92b,2048,2048,2,float32+float32,HARD_LINK,NO,
val,Oil,00557.tif,Oil/00557.tif,val/images/Oil/00557.tif,00557.tif,Mask_oil/00557.tif,val/masks/Oil/00557.tif,1246e4ef8c3b65ffbc9f56ffc62ffcbe5fcb84693d29b96367b4582ed7011136,96770a591d42f35e10a5b61eb36aaa50e7589ca0d36022d6a90febe0417e5433,2048,2048,2,float32+float32,HARD_LINK,NO,
val,Oil,00526.tif,Oil/00526.tif,val/images/Oil/00526.tif,00526.tif,Mask_oil/00526.tif,val/masks/Oil/00526.tif,b1f12ae27710ac06729cf06840196a851f4814ca0969d526fe70b8610b4cd5d0,221c2fa230e0f77fba4e7f23ca15598004993c5b97cc7bf9ea9352275b55e757,2048,2048,2,float32+float32,HARD_LINK,NO,
val,Oil,00240.tif,Oil/00240.tif,val/images/Oil/00240.tif,00240.tif,Mask_oil/00240.tif,val/masks/Oil/00240.tif,e82f2dd35e3b15da1d5fe23625528c00d7256780b5e94e29cf32140d9e7c1947,ff28270593c0e79b975a478e00770a2e01d4f27e0df1ed79321d8210f6bafb14,2048,2048,2,float32+float32,HARD_LINK,NO,
val,Oil,00074.tif,Oil/00074.tif,val/images/Oil/00074.tif,00074.tif,Mask_oil/00074.tif,val/masks/Oil/00074.tif,94d6c3a2798d1e4cbf00132483038c135acae03705d412e29a6b0cf307736ce6,bfdb7ab8c1027288e1481b6d2238192ecd000c8210a7697367d5794c0f477993,2048,2048,2,float32+float32,HARD_LINK,NO,
val,Oil,00078.tif,Oil/00078.tif,val/images/Oil/00078.tif,00078.tif,Mask_oil/00078.tif,val/masks/Oil/00078.tif,91d21395a15a57d3557a1993d5b207899c0cca9a335c089e319e067548519e8a,9d7b2ccc89ccac7d57501f1f2cf2e39b52ca68ef4a5537fa29c988436ba13c5a,2048,2048,2,float32+float32,HARD_LINK,NO,
val,Oil,00975.tif,Oil/00975.tif,val/images/Oil/00975.tif,00975.tif,Mask_oil/00975.tif,val/masks/Oil/00975.tif,2256e0c93f6b3c2919dcf4412970ca822a92933e832c194d07e607c7fc33cac6,99d17edfc345bc2cdde228be301463e2dc3f770c9787ad822b311c4e974cdaf0,2048,2048,2,float32+float32,HARD_LINK,NO,
val,Oil,00220.tif,Oil/00220.tif,val/images/Oil/00220.tif,00220.tif,Mask_oil/00220.tif,val/masks/Oil/00220.tif,3bf5231ad658ce57c64a2215e10ee22704b777c4896116d23fc78d6320fa1bd6,4dc03567cef0b33a0e4b33f574a81e743591c25277e3667e489417d56721201d,2048,2048,2,float32+float32,HARD_LINK,NO,
val,Oil,01249.tif,Oil/01249.tif,val/images/Oil/01249.tif,01249.tif,Mask_oil/01249.tif,val/masks/Oil/01249.tif,e02d25961bc9f3e859b79528171ddfe0ddfd0af8cd2da64e06f885a11a7bf3ae,5398e1b488416b098b20cffe7080e67f3e86af4794d73350a1826e300900f302,2048,2048,2,float32+float32,HARD_LINK,NO,
val,Oil,00260.tif,Oil/00260.tif,val/images/Oil/00260.tif,00260.tif,Mask_oil/00260.tif,val/masks/Oil/00260.tif,e82cac41e22237c85eb64870c4e32f3f08b9932b52252eb4852eb5dd59880434,6b029666d8a0904c5978aaf568806693f19707de9aa3f04ecf50cf8ebc1bb759,2048,2048,2,float32+float32,HARD_LINK,NO,
val,Oil,00351.tif,Oil/00351.tif,val/images/Oil/00351.tif,00351.tif,Mask_oil/00351.tif,val/masks/Oil/00351.tif,bb0692fb41fe2d16929f17bf53074bbac4abeb5fe72d2a756edf4c55ad0a0b19,66c20adfb6005142b8f2955252717749746c1c2a856ce2349de0226b95805667,2048,2048,2,float32+float32,HARD_LINK,NO,
val,Oil,00537.tif,Oil/00537.tif,val/images/Oil/00537.tif,00537.tif,Mask_oil/00537.tif,val/masks/Oil/00537.tif,93b721c75cd5d8c32d19f2ae3b1f6a8a72155f66e75b884950043b893d7ae03a,1039d839d39272d9c43a6b9fa99533de58574b286bf3bf1afdc1cfcf2b70757b,2048,2048,2,float32+float32,HARD_LINK,NO,
val,Oil,00585.tif,Oil/00585.tif,val/images/Oil/00585.tif,00585.tif,Mask_oil/00585.tif,val/masks/Oil/00585.tif,c8b0bc5ac5bc7f2fc7b585bdd8ec04c3242a0b0c8e5beb5abfdfa2bd67489bbd,423a5e35038516dd797f47fc7966fceffd7f871cf2eac146e914436d06c5bd3a,2048,2048,2,float32+float32,HARD_LINK,NO,
val,Oil,00653.tif,Oil/00653.tif,val/images/Oil/00653.tif,00653.tif,Mask_oil/00653.tif,val/masks/Oil/00653.tif,08c617ffd95b59ede83c94eae49efb4f7c4ac90df19460d5819caa7091e3012b,ffa0c3a1f9ceef2dc9a705a93c406e1e53a78cc0f7b664c45a5bddf1434a742b,2048,2048,2,float32+float32,HARD_LINK,NO,
val,Oil,00057.tif,Oil/00057.tif,val/images/Oil/00057.tif,00057.tif,Mask_oil/00057.tif,val/masks/Oil/00057.tif,74cbbdd168da02533c4939a80373089e4990ad9c54550d7a05c5f59657f38347,18bd6b47d77b67806bdddfdafcca04ad4b5f45eeb4e349232f27f514ba3ce78b,2048,2048,2,float32+float32,HARD_LINK,NO,
val,Oil,00282.tif,Oil/00282.tif,val/images/Oil/00282.tif,00282.tif,Mask_oil/00282.tif,val/masks/Oil/00282.tif,6522e2342a03165ef5b9efc688b396d50f429cd93d363e97300eb5f8db20548c,5881c2d1df3218dcd8de339567889bf8b613abdbf527e1b0cecbba38601d18da,2048,2048,2,float32+float32,HARD_LINK,NO,
train,No_oil,00387.tif,No_oil/00387.tif,train/images/No_oil/00387.tif,00387.tif,Mask_no_oil/00387.tif,train/masks/No_oil/00387.tif,85ad42fb261da556ac048a04e6393c93027e33a773f4cec43e7e9a8e6bdf0376,f1aa0ad4cbbd93669d577a8d940448dcd5d4aacec3aa613c78b891af8752da34,2048,2048,2,float32+float32,HARD_LINK,NO,
train,No_oil,00590.tif,No_oil/00590.tif,train/images/No_oil/00590.tif,00590.tif,Mask_no_oil/00590.tif,train/masks/No_oil/00590.tif,d90d1451ce5c03bce4222fdb1fb13aea09c95535204c4e8b259bd016b6678bae,f1aa0ad4cbbd93669d577a8d940448dcd5d4aacec3aa613c78b891af8752da34,2048,2048,2,float32+float32,HARD_LINK,NO,
train,No_oil,00100.tif,No_oil/00100.tif,train/images/No_oil/00100.tif,00100.tif,Mask_no_oil/00100.tif,train/masks/No_oil/00100.tif,e638b27ea3ce9b656bff42798e2cf3a6d436bcf4c663fcdf08336b2e3186a7ad,f1aa0ad4cbbd93669d577a8d940448dcd5d4aacec3aa613c78b891af8752da34,2048,2048,2,float32+float32,HARD_LINK,NO,
train,No_oil,00068.tif,No_oil/00068.tif,train/images/No_oil/00068.tif,00068.tif,Mask_no_oil/00068.tif,train/masks/No_oil/00068.tif,c51adb4c82005d3c4399431f80901953688491f9e6d2b0d3f714afcb356ee314,f1aa0ad4cbbd93669d577a8d940448dcd5d4aacec3aa613c78b891af8752da34,2048,2048,2,float32+float32,HARD_LINK,NO,
train,No_oil,00059.tif,No_oil/00059.tif,train/images/No_oil/00059.tif,00059.tif,Mask_no_oil/00059.tif,train/masks/No_oil/00059.tif,cb47e5b1006747a699cf4c3b3dcffeba167e0ae10c243f73eca63b5f6da9310c,f1aa0ad4cbbd93669d577a8d940448dcd5d4aacec3aa613c78b891af8752da34,2048,2048,2,float32+float32,HARD_LINK,NO,
train,No_oil,00641.tif,No_oil/00641.tif,train/images/No_oil/00641.tif,00641.tif,Mask_no_oil/00641.tif,train/masks/No_oil/00641.tif,c00a8c664e22b23c9ff07ea97ddfd0cd26b5acf875ce69cf355c4d5d8be7a9d1,f1aa0ad4cbbd93669d577a8d940448dcd5d4aacec3aa613c78b891af8752da34,2048,2048,2,float32+float32,HARD_LINK,NO,
train,No_oil,00491.tif,No_oil/00491.tif,train/images/No_oil/00491.tif,00491.tif,Mask_no_oil/00491.tif,train/masks/No_oil/00491.tif,b7b3e41828e51938da81b80b59ee6007df74b08b9a2f99d6c17f4df25b037372,f1aa0ad4cbbd93669d577a8d940448dcd5d4aacec3aa613c78b891af8752da34,2048,2048,2,float32+float32,HARD_LINK,NO,
train,No_oil,00480.tif,No_oil/00480.tif,train/images/No_oil/00480.tif,00480.tif,Mask_no_oil/00480.tif,train/masks/No_oil/00480.tif,6a7208349fca2e866872606e2848064d8151aefd3c2db7a32710e0d9669527be,f1aa0ad4cbbd93669d577a8d940448dcd5d4aacec3aa613c78b891af8752da34,2048,2048,2,float32+float32,HARD_LINK,NO,
train,No_oil,00502.tif,No_oil/00502.tif,train/images/No_oil/00502.tif,00502.tif,Mask_no_oil/00502.tif,train/masks/No_oil/00502.tif,cddbcd621ede8ea6d41fca1d0a15bd0b94dad4e8b064473bb72d46e5b8c96c67,f1aa0ad4cbbd93669d577a8d940448dcd5d4aacec3aa613c78b891af8752da34,2048,2048,2,float32+float32,HARD_LINK,NO,
train,No_oil,00549.tif,No_oil/00549.tif,train/images/No_oil/00549.tif,00549.tif,Mask_no_oil/00549.tif,train/masks/No_oil/00549.tif,5848389c97dce2cd6acaf8e393d5629e98afbd33900d01f158ec82e6de4227a3,f1aa0ad4cbbd93669d577a8d940448dcd5d4aacec3aa613c78b891af8752da34,2048,2048,2,float32+float32,HARD_LINK,NO,
train,No_oil,00344.tif,No_oil/00344.tif,train/images/No_oil/00344.tif,00344.tif,Mask_no_oil/00344.tif,train/masks/No_oil/00344.tif,7522e663ffeeb1b2e3dba36b51b6e0044add65415bf4b17016cc15af98344266,f1aa0ad4cbbd93669d577a8d940448dcd5d4aacec3aa613c78b891af8752da34,2048,2048,2,float32+float32,HARD_LINK,NO,
train,No_oil,00291.tif,No_oil/00291.tif,train/images/No_oil/00291.tif,00291.tif,Mask_no_oil/00291.tif,train/masks/No_oil/00291.tif,c8de5869fb586bf7dce5fa796bcef5efd6070597eefd313a2647c2ac297906a3,f1aa0ad4cbbd93669d577a8d940448dcd5d4aacec3aa613c78b891af8752da34,2048,2048,2,float32+float32,HARD_LINK,NO,
train,No_oil,00323.tif,No_oil/00323.tif,train/images/No_oil/00323.tif,00323.tif,Mask_no_oil/00323.tif,train/masks/No_oil/00323.tif,fb558fe6fd27aebc202b08e17bff1a427b7cb0d585ffc74a569cbd35055dd3a1,f1aa0ad4cbbd93669d577a8d940448dcd5d4aacec3aa613c78b891af8752da34,2048,2048,2,float32+float32,HARD_LINK,NO,
train,No_oil,00419.tif,No_oil/00419.tif,train/images/No_oil/00419.tif,00419.tif,Mask_no_oil/00419.tif,train/masks/No_oil/00419.tif,8b2ce82886045406ae283020a0444ba867a671cf32c53bdae7a9dfe6ec56e41c,f1aa0ad4cbbd93669d577a8d940448dcd5d4aacec3aa613c78b891af8752da34,2048,2048,2,float32+float32,HARD_LINK,NO,
train,No_oil,00675.tif,No_oil/00675.tif,train/images/No_oil/00675.tif,00675.tif,Mask_no_oil/00675.tif,train/masks/No_oil/00675.tif,7f25ed1d010584dd5695512fc4a2f8aace69210779f64a529a48dfae6cc86141,f1aa0ad4cbbd93669d577a8d940448dcd5d4aacec3aa613c78b891af8752da34,2048,2048,2,float32+float32,HARD_LINK,NO,
train,No_oil,00111.tif,No_oil/00111.tif,train/images/No_oil/00111.tif,00111.tif,Mask_no_oil/00111.tif,train/masks/No_oil/00111.tif,03c950f3ed92858b74557a8ee5af2a96e54482bc1b17a38a1d5187361414db24,f1aa0ad4cbbd93669d577a8d940448dcd5d4aacec3aa613c78b891af8752da34,2048,2048,2,float32+float32,HARD_LINK,NO,
train,No_oil,00001.tif,No_oil/00001.tif,train/images/No_oil/00001.tif,00001.tif,Mask_no_oil/00001.tif,train/masks/No_oil/00001.tif,d4ae1ee4f882ae6ca9bc471129e3983f1b89a9a422d1df61ca7ecb19cbb74ff1,f1aa0ad4cbbd93669d577a8d940448dcd5d4aacec3aa613c78b891af8752da34,2048,2048,2,float32+float32,HARD_LINK,NO,
train,No_oil,00630.tif,No_oil/00630.tif,train/images/No_oil/00630.tif,00630.tif,Mask_no_oil/00630.tif,train/masks/No_oil/00630.tif,b191a5cad4097842243e44ddec202562226db7cce7db7cb36e4a5a0247b4eed7,f1aa0ad4cbbd93669d577a8d940448dcd5d4aacec3aa613c78b891af8752da34,2048,2048,2,float32+float32,HARD_LINK,NO,
train,No_oil,00000.tif,No_oil/00000.tif,train/images/No_oil/00000.tif,00000.tif,Mask_no_oil/00000.tif,train/masks/No_oil/00000.tif,226485f662b4aaa98f931c464f00db73e2a863dd611fadcc381edc915567dafa,f1aa0ad4cbbd93669d577a8d940448dcd5d4aacec3aa613c78b891af8752da34,2048,2048,2,float32+float32,HARD_LINK,NO,
train,No_oil,00102.tif,No_oil/00102.tif,train/images/No_oil/00102.tif,00102.tif,Mask_no_oil/00102.tif,train/masks/No_oil/00102.tif,7105352dd02595812775231ca3a7ea6ac62ffb25f442d4a200056f4cf834a8fc,f1aa0ad4cbbd93669d577a8d940448dcd5d4aacec3aa613c78b891af8752da34,2048,2048,2,float32+float32,HARD_LINK,NO,
train,No_oil,00153.tif,No_oil/00153.tif,train/images/No_oil/00153.tif,00153.tif,Mask_no_oil/00153.tif,train/masks/No_oil/00153.tif,946b3848369fc2703d7ee653aa07cb4f61f22ede0017785dab9c207eb4556836,f1aa0ad4cbbd93669d577a8d940448dcd5d4aacec3aa613c78b891af8752da34,2048,2048,2,float32+float32,HARD_LINK,NO,
train,No_oil,00200.tif,No_oil/00200.tif,train/images/No_oil/00200.tif,00200.tif,Mask_no_oil/00200.tif,train/masks/No_oil/00200.tif,fa6981dd006c46e8e41008df3965909cf459993c3d88c8da8a0a8be3f98a51dd,f1aa0ad4cbbd93669d577a8d940448dcd5d4aacec3aa613c78b891af8752da34,2048,2048,2,float32+float32,HARD_LINK,NO,
train,No_oil,00122.tif,No_oil/00122.tif,train/images/No_oil/00122.tif,00122.tif,Mask_no_oil/00122.tif,train/masks/No_oil/00122.tif,d61d833801a04f261ba3e60e2675cd8440fe8bebc1c87390a7ec323f5d5d2e45,f1aa0ad4cbbd93669d577a8d940448dcd5d4aacec3aa613c78b891af8752da34,2048,2048,2,float32+float32,HARD_LINK,NO,
train,No_oil,00315.tif,No_oil/00315.tif,train/images/No_oil/00315.tif,00315.tif,Mask_no_oil/00315.tif,train/masks/No_oil/00315.tif,47401a570cd43edc24b0ec29356299364d7648e9b7e57e7ae204b2060c2f029d,f1aa0ad4cbbd93669d577a8d940448dcd5d4aacec3aa613c78b891af8752da34,2048,2048,2,float32+float32,HARD_LINK,NO,
train,No_oil,00483.tif,No_oil/00483.tif,train/images/No_oil/00483.tif,00483.tif,Mask_no_oil/00483.tif,train/masks/No_oil/00483.tif,8858ce64e821dafc8a6f3e11eb9bdaa5ed89eaf09439b468f40d04c970cef157,f1aa0ad4cbbd93669d577a8d940448dcd5d4aacec3aa613c78b891af8752da34,2048,2048,2,float32+float32,HARD_LINK,NO,
train,No_oil,00105.tif,No_oil/00105.tif,train/images/No_oil/00105.tif,00105.tif,Mask_no_oil/00105.tif,train/masks/No_oil/00105.tif,6edfd4108aebf5015e5d8e714c208ed0de76b777e16ff016fd071af6204ffb38,f1aa0ad4cbbd93669d577a8d940448dcd5d4aacec3aa613c78b891af8752da34,2048,2048,2,float32+float32,HARD_LINK,NO,
train,No_oil,00172.tif,No_oil/00172.tif,train/images/No_oil/00172.tif,00172.tif,Mask_no_oil/00172.tif,train/masks/No_oil/00172.tif,3e4341cd9bdadf08d0639a0df22edc107b40f91fb89ee77a4f72951f77924d86,f1aa0ad4cbbd93669d577a8d940448dcd5d4aacec3aa613c78b891af8752da34,2048,2048,2,float32+float32,HARD_LINK,NO,
train,No_oil,00598.tif,No_oil/00598.tif,train/images/No_oil/00598.tif,00598.tif,Mask_no_oil/00598.tif,train/masks/No_oil/00598.tif,45f620df25ac85aafef7196a5822acec02333c54498bce0647c92e4a4416f6ce,f1aa0ad4cbbd93669d577a8d940448dcd5d4aacec3aa613c78b891af8752da34,2048,2048,2,float32+float32,HARD_LINK,NO,
train,No_oil,00081.tif,No_oil/00081.tif,train/images/No_oil/00081.tif,00081.tif,Mask_no_oil/00081.tif,train/masks/No_oil/00081.tif,209b7e6a1f6dd9cbff3a8c3370e841c13d56d4c7fb02d2e29186f6f8fd348f53,f1aa0ad4cbbd93669d577a8d940448dcd5d4aacec3aa613c78b891af8752da34,2048,2048,2,float32+float32,HARD_LINK,NO,
train,No_oil,00412.tif,No_oil/00412.tif,train/images/No_oil/00412.tif,00412.tif,Mask_no_oil/00412.tif,train/masks/No_oil/00412.tif,bb3eca2f120298f92cfcc3277f9138752c2a7025999d3c4f4f8d5b4237c585e8,f1aa0ad4cbbd93669d577a8d940448dcd5d4aacec3aa613c78b891af8752da34,2048,2048,2,float32+float32,HARD_LINK,NO,
train,No_oil,00096.tif,No_oil/00096.tif,train/images/No_oil/00096.tif,00096.tif,Mask_no_oil/00096.tif,train/masks/No_oil/00096.tif,0909fa4f8dcf1a6a2c9e956697f01ce6013f25386bdcba1a3fe4162435088cc2,f1aa0ad4cbbd93669d577a8d940448dcd5d4aacec3aa613c78b891af8752da34,2048,2048,2,float32+float32,HARD_LINK,NO,
train,No_oil,00568.tif,No_oil/00568.tif,train/images/No_oil/00568.tif,00568.tif,Mask_no_oil/00568.tif,train/masks/No_oil/00568.tif,fd6c3a348c869462defea47ad1efcebc680a59e374741b115493c0c993f476e4,f1aa0ad4cbbd93669d577a8d940448dcd5d4aacec3aa613c78b891af8752da34,2048,2048,2,float32+float32,HARD_LINK,NO,
train,No_oil,00007.tif,No_oil/00007.tif,train/images/No_oil/00007.tif,00007.tif,Mask_no_oil/00007.tif,train/masks/No_oil/00007.tif,820193412d0f7188cc64434b51641c79af85269d8633da4be8b080f85168f612,f1aa0ad4cbbd93669d577a8d940448dcd5d4aacec3aa613c78b891af8752da34,2048,2048,2,float32+float32,HARD_LINK,NO,
train,No_oil,00320.tif,No_oil/00320.tif,train/images/No_oil/00320.tif,00320.tif,Mask_no_oil/00320.tif,train/masks/No_oil/00320.tif,51717288c877357e695e323091f3073e85db0449c1795d1ff8fbfb835974628e,f1aa0ad4cbbd93669d577a8d940448dcd5d4aacec3aa613c78b891af8752da34,2048,2048,2,float32+float32,HARD_LINK,NO,
train,No_oil,00006.tif,No_oil/00006.tif,train/images/No_oil/00006.tif,00006.tif,Mask_no_oil/00006.tif,train/masks/No_oil/00006.tif,141f112a884806ccd8e07a8299cb1bb31be7ccb8a678b29d9d94561a69c1b6f4,f1aa0ad4cbbd93669d577a8d940448dcd5d4aacec3aa613c78b891af8752da34,2048,2048,2,float32+float32,HARD_LINK,NO,
train,No_oil,00611.tif,No_oil/00611.tif,train/images/No_oil/00611.tif,00611.tif,Mask_no_oil/00611.tif,train/masks/No_oil/00611.tif,9c4f65d591c2ee6c705ca5edbb3b86dbe9f8162af21254678d1f9a928d2d8faf,f1aa0ad4cbbd93669d577a8d940448dcd5d4aacec3aa613c78b891af8752da34,2048,2048,2,float32+float32,HARD_LINK,NO,
train,No_oil,00408.tif,No_oil/00408.tif,train/images/No_oil/00408.tif,00408.tif,Mask_no_oil/00408.tif,train/masks/No_oil/00408.tif,e67afcd20cf4d13eee924a3e08422e13fba11555f556b9e925e4af954f6f0166,f1aa0ad4cbbd93669d577a8d940448dcd5d4aacec3aa613c78b891af8752da34,2048,2048,2,float32+float32,HARD_LINK,NO,
train,No_oil,00171.tif,No_oil/00171.tif,train/images/No_oil/00171.tif,00171.tif,Mask_no_oil/00171.tif,train/masks/No_oil/00171.tif,aa71a9bf8398af2ae2596739de2e20fbce15c72b8d0fb815684b813e4d739718,f1aa0ad4cbbd93669d577a8d940448dcd5d4aacec3aa613c78b891af8752da34,2048,2048,2,float32+float32,HARD_LINK,NO,
train,No_oil,00515.tif,No_oil/00515.tif,train/images/No_oil/00515.tif,00515.tif,Mask_no_oil/00515.tif,train/masks/No_oil/00515.tif,8155281850f9a767df90264f350001c1ff9634443fb9de2d463f759ce3da9850,f1aa0ad4cbbd93669d577a8d940448dcd5d4aacec3aa613c78b891af8752da34,2048,2048,2,float32+float32,HARD_LINK,NO,
train,No_oil,00325.tif,No_oil/00325.tif,train/images/No_oil/00325.tif,00325.tif,Mask_no_oil/00325.tif,train/masks/No_oil/00325.tif,7fa29cc27de025fec23cccaea3cb2d36ffd1c493758af7709a1c0ccf879b4e07,f1aa0ad4cbbd93669d577a8d940448dcd5d4aacec3aa613c78b891af8752da34,2048,2048,2,float32+float32,HARD_LINK,NO,
train,No_oil,00649.tif,No_oil/00649.tif,train/images/No_oil/00649.tif,00649.tif,Mask_no_oil/00649.tif,train/masks/No_oil/00649.tif,33441667cf6d54a87930fb87c8df19f88b368eb527d3e5331a8f08647e50cad6,f1aa0ad4cbbd93669d577a8d940448dcd5d4aacec3aa613c78b891af8752da34,2048,2048,2,float32+float32,HARD_LINK,NO,
train,No_oil,00131.tif,No_oil/00131.tif,train/images/No_oil/00131.tif,00131.tif,Mask_no_oil/00131.tif,train/masks/No_oil/00131.tif,1890c13ae61e1a83af68b5e01fbcce8cef982474a39aa50fb755453c204c2112,f1aa0ad4cbbd93669d577a8d940448dcd5d4aacec3aa613c78b891af8752da34,2048,2048,2,float32+float32,HARD_LINK,NO,
train,No_oil,00426.tif,No_oil/00426.tif,train/images/No_oil/00426.tif,00426.tif,Mask_no_oil/00426.tif,train/masks/No_oil/00426.tif,3f81f7f535efa6cab860e5e07260395205d24b452ed7ee9acf5873fcbf4fbabd,f1aa0ad4cbbd93669d577a8d940448dcd5d4aacec3aa613c78b891af8752da34,2048,2048,2,float32+float32,HARD_LINK,NO,
train,No_oil,00526.tif,No_oil/00526.tif,train/images/No_oil/00526.tif,00526.tif,Mask_no_oil/00526.tif,train/masks/No_oil/00526.tif,32dd169d50d428f44d6b856567381b9845503a30d9d948e58fd5bb6fdae1765d,f1aa0ad4cbbd93669d577a8d940448dcd5d4aacec3aa613c78b891af8752da34,2048,2048,2,float32+float32,HARD_LINK,NO,
train,No_oil,00362.tif,No_oil/00362.tif,train/images/No_oil/00362.tif,00362.tif,Mask_no_oil/00362.tif,train/masks/No_oil/00362.tif,f8e9ac3856620b311ffd07e814709edb18a5d55cfeab02e4b244ef86bcc58e9e,f1aa0ad4cbbd93669d577a8d940448dcd5d4aacec3aa613c78b891af8752da34,2048,2048,2,float32+float32,HARD_LINK,NO,
train,No_oil,00463.tif,No_oil/00463.tif,train/images/No_oil/00463.tif,00463.tif,Mask_no_oil/00463.tif,train/masks/No_oil/00463.tif,b73d1ffa4b5d6513c3150dbccd40300a53af8de10a8bbe785c9146bdc78caade,f1aa0ad4cbbd93669d577a8d940448dcd5d4aacec3aa613c78b891af8752da34,2048,2048,2,float32+float32,HARD_LINK,NO,
train,No_oil,00587.tif,No_oil/00587.tif,train/images/No_oil/00587.tif,00587.tif,Mask_no_oil/00587.tif,train/masks/No_oil/00587.tif,515c79e7db0e7b602162fc39eefe80fa358611d89a0f26e4f17eaef890688b67,f1aa0ad4cbbd93669d577a8d940448dcd5d4aacec3aa613c78b891af8752da34,2048,2048,2,float32+float32,HARD_LINK,NO,
train,No_oil,00107.tif,No_oil/00107.tif,train/images/No_oil/00107.tif,00107.tif,Mask_no_oil/00107.tif,train/masks/No_oil/00107.tif,c27c1ce9aa7017310d39bb47c5b216dd215c303eeb8d0a8dc80b108d07b484ab,f1aa0ad4cbbd93669d577a8d940448dcd5d4aacec3aa613c78b891af8752da34,2048,2048,2,float32+float32,HARD_LINK,NO,
train,No_oil,00187.tif,No_oil/00187.tif,train/images/No_oil/00187.tif,00187.tif,Mask_no_oil/00187.tif,train/masks/No_oil/00187.tif,8fba04118e47545291bb23b4ce0f01d9282933d6fd790814991e0cea67942586,f1aa0ad4cbbd93669d577a8d940448dcd5d4aacec3aa613c78b891af8752da34,2048,2048,2,float32+float32,HARD_LINK,NO,
train,No_oil,00416.tif,No_oil/00416.tif,train/images/No_oil/00416.tif,00416.tif,Mask_no_oil/00416.tif,train/masks/No_oil/00416.tif,d8fba0528e38c1d45908b4af35fb4583ce0901382e66870d3e64a62ba3c4315e,f1aa0ad4cbbd93669d577a8d940448dcd5d4aacec3aa613c78b891af8752da34,2048,2048,2,float32+float32,HARD_LINK,NO,
train,No_oil,00088.tif,No_oil/00088.tif,train/images/No_oil/00088.tif,00088.tif,Mask_no_oil/00088.tif,train/masks/No_oil/00088.tif,69699024d7c20d8a77eb9785639b97251be27182471a2917fb685d67bb3dc34c,f1aa0ad4cbbd93669d577a8d940448dcd5d4aacec3aa613c78b891af8752da34,2048,2048,2,float32+float32,HARD_LINK,NO,
train,No_oil,00149.tif,No_oil/00149.tif,train/images/No_oil/00149.tif,00149.tif,Mask_no_oil/00149.tif,train/masks/No_oil/00149.tif,d798b7d3e8e90dea9862e94b201859b5489ca8c49bada48b8906140cec11e967,f1aa0ad4cbbd93669d577a8d940448dcd5d4aacec3aa613c78b891af8752da34,2048,2048,2,float32+float32,HARD_LINK,NO,
train,No_oil,00581.tif,No_oil/00581.tif,train/images/No_oil/00581.tif,00581.tif,Mask_no_oil/00581.tif,train/masks/No_oil/00581.tif,a5cfd2e0a773d800a6f6ae2f3fc6fe1d52e5c7a9f0c2c7cd511e1dca1a1bb952,f1aa0ad4cbbd93669d577a8d940448dcd5d4aacec3aa613c78b891af8752da34,2048,2048,2,float32+float32,HARD_LINK,NO,
train,No_oil,00593.tif,No_oil/00593.tif,train/images/No_oil/00593.tif,00593.tif,Mask_no_oil/00593.tif,train/masks/No_oil/00593.tif,2b557d86a936df18c5f81fa30733e8e2ebf29dbd054e92970a1a25cd51959109,f1aa0ad4cbbd93669d577a8d940448dcd5d4aacec3aa613c78b891af8752da34,2048,2048,2,float32+float32,HARD_LINK,NO,
train,No_oil,00449.tif,No_oil/00449.tif,train/images/No_oil/00449.tif,00449.tif,Mask_no_oil/00449.tif,train/masks/No_oil/00449.tif,84cf3e83a2bd49b85edbfdb83c47988b31088834e4ccdb2d7463bca1f21a35ad,f1aa0ad4cbbd93669d577a8d940448dcd5d4aacec3aa613c78b891af8752da34,2048,2048,2,float32+float32,HARD_LINK,NO,
train,No_oil,00386.tif,No_oil/00386.tif,train/images/No_oil/00386.tif,00386.tif,Mask_no_oil/00386.tif,train/masks/No_oil/00386.tif,11689e2bcc2db2a0530772f309e19d808f59f01d8ad63452cf8d7f2a55945673,f1aa0ad4cbbd93669d577a8d940448dcd5d4aacec3aa613c78b891af8752da34,2048,2048,2,float32+float32,HARD_LINK,NO,
train,No_oil,00559.tif,No_oil/00559.tif,train/images/No_oil/00559.tif,00559.tif,Mask_no_oil/00559.tif,train/masks/No_oil/00559.tif,a919e06f82474d719759225219c51a4cf474ae9e0f88ae3567fa98ca68d4c2da,f1aa0ad4cbbd93669d577a8d940448dcd5d4aacec3aa613c78b891af8752da34,2048,2048,2,float32+float32,HARD_LINK,NO,
train,No_oil,00428.tif,No_oil/00428.tif,train/images/No_oil/00428.tif,00428.tif,Mask_no_oil/00428.tif,train/masks/No_oil/00428.tif,eb23552a796681e65de6bd5c34493cff5ff1e777d923c02d4ece83bc52619dfd,f1aa0ad4cbbd93669d577a8d940448dcd5d4aacec3aa613c78b891af8752da34,2048,2048,2,float32+float32,HARD_LINK,NO,
train,No_oil,00538.tif,No_oil/00538.tif,train/images/No_oil/00538.tif,00538.tif,Mask_no_oil/00538.tif,train/masks/No_oil/00538.tif,3750bff41147ac357172820ae173b3a975101c24ad25e2293947bb9d86a37f54,f1aa0ad4cbbd93669d577a8d940448dcd5d4aacec3aa613c78b891af8752da34,2048,2048,2,float32+float32,HARD_LINK,NO,
train,No_oil,00074.tif,No_oil/00074.tif,train/images/No_oil/00074.tif,00074.tif,Mask_no_oil/00074.tif,train/masks/No_oil/00074.tif,bf421debf797fed32c5118dfceef20fe1b860e77c7963341a6081402df352e45,f1aa0ad4cbbd93669d577a8d940448dcd5d4aacec3aa613c78b891af8752da34,2048,2048,2,float32+float32,HARD_LINK,NO,
train,No_oil,00616.tif,No_oil/00616.tif,train/images/No_oil/00616.tif,00616.tif,Mask_no_oil/00616.tif,train/masks/No_oil/00616.tif,8e5b9e8529a845a0e6b51c3d771576c0d0a6743399054605797e3f9800bad30e,f1aa0ad4cbbd93669d577a8d940448dcd5d4aacec3aa613c78b891af8752da34,2048,2048,2,float32+float32,HARD_LINK,NO,
train,No_oil,00415.tif,No_oil/00415.tif,train/images/No_oil/00415.tif,00415.tif,Mask_no_oil/00415.tif,train/masks/No_oil/00415.tif,a61cd351f05511adfd09d80e4aefba711d58c585236f1e37dc6e3cbe3ba210a0,f1aa0ad4cbbd93669d577a8d940448dcd5d4aacec3aa613c78b891af8752da34,2048,2048,2,float32+float32,HARD_LINK,NO,
train,No_oil,00182.tif,No_oil/00182.tif,train/images/No_oil/00182.tif,00182.tif,Mask_no_oil/00182.tif,train/masks/No_oil/00182.tif,3c99ef72e7f3d5856613754906ec44881974d2d8fa01c5bf0ea8140519598773,f1aa0ad4cbbd93669d577a8d940448dcd5d4aacec3aa613c78b891af8752da34,2048,2048,2,float32+float32,HARD_LINK,NO,
train,No_oil,00057.tif,No_oil/00057.tif,train/images/No_oil/00057.tif,00057.tif,Mask_no_oil/00057.tif,train/masks/No_oil/00057.tif,e21882054bdcc19796f38256751410c2d74437f4ecedeb92f87c09595c2834a1,f1aa0ad4cbbd93669d577a8d940448dcd5d4aacec3aa613c78b891af8752da34,2048,2048,2,float32+float32,HARD_LINK,NO,
train,No_oil,00569.tif,No_oil/00569.tif,train/images/No_oil/00569.tif,00569.tif,Mask_no_oil/00569.tif,train/masks/No_oil/00569.tif,821720b3aa6d35932a0d597a0e26f461b7fbf170dd65b89246dc57034b6b5a81,f1aa0ad4cbbd93669d577a8d940448dcd5d4aacec3aa613c78b891af8752da34,2048,2048,2,float32+float32,HARD_LINK,NO,
train,No_oil,00339.tif,No_oil/00339.tif,train/images/No_oil/00339.tif,00339.tif,Mask_no_oil/00339.tif,train/masks/No_oil/00339.tif,92dd5000351a68526567ae59ecd78af97f2b7a8156321486206486d040aec538,f1aa0ad4cbbd93669d577a8d940448dcd5d4aacec3aa613c78b891af8752da34,2048,2048,2,float32+float32,HARD_LINK,NO,
train,No_oil,00601.tif,No_oil/00601.tif,train/images/No_oil/00601.tif,00601.tif,Mask_no_oil/00601.tif,train/masks/No_oil/00601.tif,d6bfb6915911bb6910d99a973b7440367f5e476e79814ecce868c7b4c0eb02ef,f1aa0ad4cbbd93669d577a8d940448dcd5d4aacec3aa613c78b891af8752da34,2048,2048,2,float32+float32,HARD_LINK,NO,
train,No_oil,00206.tif,No_oil/00206.tif,train/images/No_oil/00206.tif,00206.tif,Mask_no_oil/00206.tif,train/masks/No_oil/00206.tif,e1a522921ae8c9acbf7bc7e28d76fe0923952e3b631b554d5849990d7ac6a26f,f1aa0ad4cbbd93669d577a8d940448dcd5d4aacec3aa613c78b891af8752da34,2048,2048,2,float32+float32,HARD_LINK,NO,
train,No_oil,00052.tif,No_oil/00052.tif,train/images/No_oil/00052.tif,00052.tif,Mask_no_oil/00052.tif,train/masks/No_oil/00052.tif,ba55375c7dbcf897dfd6d0d51f3e39b60c997bf47166a8c8f4b786681250a7d5,f1aa0ad4cbbd93669d577a8d940448dcd5d4aacec3aa613c78b891af8752da34,2048,2048,2,float32+float32,HARD_LINK,NO,
train,No_oil,00005.tif,No_oil/00005.tif,train/images/No_oil/00005.tif,00005.tif,Mask_no_oil/00005.tif,train/masks/No_oil/00005.tif,ee33a27c287d3e2211929210cb0ff390c5d7d07df79475aefc89cc3adc05e1aa,f1aa0ad4cbbd93669d577a8d940448dcd5d4aacec3aa613c78b891af8752da34,2048,2048,2,float32+float32,HARD_LINK,NO,
train,No_oil,00669.tif,No_oil/00669.tif,train/images/No_oil/00669.tif,00669.tif,Mask_no_oil/00669.tif,train/masks/No_oil/00669.tif,a2fa28c1851d8eee6e970825b220cfe1d5bc99b3da01f05206e3936c3f5e302f,f1aa0ad4cbbd93669d577a8d940448dcd5d4aacec3aa613c78b891af8752da34,2048,2048,2,float32+float32,HARD_LINK,NO,
train,No_oil,00155.tif,No_oil/00155.tif,train/images/No_oil/00155.tif,00155.tif,Mask_no_oil/00155.tif,train/masks/No_oil/00155.tif,da536cebf249302237755441094489cbea583af000f0a433a7c9e7d5253cc0dc,f1aa0ad4cbbd93669d577a8d940448dcd5d4aacec3aa613c78b891af8752da34,2048,2048,2,float32+float32,HARD_LINK,NO,
train,No_oil,00308.tif,No_oil/00308.tif,train/images/No_oil/00308.tif,00308.tif,Mask_no_oil/00308.tif,train/masks/No_oil/00308.tif,506a389f9e99ffd5c4124ebe67bb8f0213a31278cc7d937f82088bed50de9e56,f1aa0ad4cbbd93669d577a8d940448dcd5d4aacec3aa613c78b891af8752da34,2048,2048,2,float32+float32,HARD_LINK,NO,
train,No_oil,00163.tif,No_oil/00163.tif,train/images/No_oil/00163.tif,00163.tif,Mask_no_oil/00163.tif,train/masks/No_oil/00163.tif,ce9866a421088060160ad3b8427e27ef0bd023cdca6fb2b56c11c50a3507cdff,f1aa0ad4cbbd93669d577a8d940448dcd5d4aacec3aa613c78b891af8752da34,2048,2048,2,float32+float32,HARD_LINK,NO,
train,No_oil,00461.tif,No_oil/00461.tif,train/images/No_oil/00461.tif,00461.tif,Mask_no_oil/00461.tif,train/masks/No_oil/00461.tif,71c3994ef4a554ae699a25f1dcb16723e403ae3af2a2dd02609ad6a195ffd9dc,f1aa0ad4cbbd93669d577a8d940448dcd5d4aacec3aa613c78b891af8752da34,2048,2048,2,float32+float32,HARD_LINK,NO,
train,No_oil,00530.tif,No_oil/00530.tif,train/images/No_oil/00530.tif,00530.tif,Mask_no_oil/00530.tif,train/masks/No_oil/00530.tif,427961c20b1a0ca4b5639a05d821abf98d4189acf6e3eaad87fc6adcaf45de8b,f1aa0ad4cbbd93669d577a8d940448dcd5d4aacec3aa613c78b891af8752da34,2048,2048,2,float32+float32,HARD_LINK,NO,
train,No_oil,00648.tif,No_oil/00648.tif,train/images/No_oil/00648.tif,00648.tif,Mask_no_oil/00648.tif,train/masks/No_oil/00648.tif,8a8e629dde926ed71f29b074bbc9373ea7ade504cfcdf8bffbb63e1ac921f9d1,f1aa0ad4cbbd93669d577a8d940448dcd5d4aacec3aa613c78b891af8752da34,2048,2048,2,float32+float32,HARD_LINK,NO,
train,No_oil,00660.tif,No_oil/00660.tif,train/images/No_oil/00660.tif,00660.tif,Mask_no_oil/00660.tif,train/masks/No_oil/00660.tif,cf2671fe9dedbce9b2ff3d76da1f4113be040cd112407773071c8d56bd1c033f,f1aa0ad4cbbd93669d577a8d940448dcd5d4aacec3aa613c78b891af8752da34,2048,2048,2,float32+float32,HARD_LINK,NO,
train,No_oil,00091.tif,No_oil/00091.tif,train/images/No_oil/00091.tif,00091.tif,Mask_no_oil/00091.tif,train/masks/No_oil/00091.tif,a3aca885e8dd898e5ea318e314ce7af72d0e22a4a8aea9fb7e343dacfb4f90f6,f1aa0ad4cbbd93669d577a8d940448dcd5d4aacec3aa613c78b891af8752da34,2048,2048,2,float32+float32,HARD_LINK,NO,
train,No_oil,00004.tif,No_oil/00004.tif,train/images/No_oil/00004.tif,00004.tif,Mask_no_oil/00004.tif,train/masks/No_oil/00004.tif,40c4a5f75022e3520bc2aa7781ed0cb50b4311014ca1a6c85ec309578beb6857,f1aa0ad4cbbd93669d577a8d940448dcd5d4aacec3aa613c78b891af8752da34,2048,2048,2,float32+float32,HARD_LINK,NO,
train,No_oil,00103.tif,No_oil/00103.tif,train/images/No_oil/00103.tif,00103.tif,Mask_no_oil/00103.tif,train/masks/No_oil/00103.tif,c86ad8b9ef690ccbb21618372cb1eb502ec68f6d11bbff729c56645a9cbf22f3,f1aa0ad4cbbd93669d577a8d940448dcd5d4aacec3aa613c78b891af8752da34,2048,2048,2,float32+float32,HARD_LINK,NO,
train,No_oil,00069.tif,No_oil/00069.tif,train/images/No_oil/00069.tif,00069.tif,Mask_no_oil/00069.tif,train/masks/No_oil/00069.tif,e710aca5d5adf0a5eb76bcbebd843f99211ae82f567a3b98d272e06006d705fe,f1aa0ad4cbbd93669d577a8d940448dcd5d4aacec3aa613c78b891af8752da34,2048,2048,2,float32+float32,HARD_LINK,NO,
train,No_oil,00132.tif,No_oil/00132.tif,train/images/No_oil/00132.tif,00132.tif,Mask_no_oil/00132.tif,train/masks/No_oil/00132.tif,81cc228de95d88e18b19392674dde1883f806d28a6bdeeb3c56e4900cd9c4d46,f1aa0ad4cbbd93669d577a8d940448dcd5d4aacec3aa613c78b891af8752da34,2048,2048,2,float32+float32,HARD_LINK,NO,
train,No_oil,00012.tif,No_oil/00012.tif,train/images/No_oil/00012.tif,00012.tif,Mask_no_oil/00012.tif,train/masks/No_oil/00012.tif,7eb76bde395ee0dc1fab113268aa076a19f6dc7e8a590394830888d63a752498,f1aa0ad4cbbd93669d577a8d940448dcd5d4aacec3aa613c78b891af8752da34,2048,2048,2,float32+float32,HARD_LINK,NO,
train,No_oil,00680.tif,No_oil/00680.tif,train/images/No_oil/00680.tif,00680.tif,Mask_no_oil/00680.tif,train/masks/No_oil/00680.tif,0b73b245d9cdf0147dc074bc4c13d6622ec35422af687e7e9b1eea430a2bd5d6,f1aa0ad4cbbd93669d577a8d940448dcd5d4aacec3aa613c78b891af8752da34,2048,2048,2,float32+float32,HARD_LINK,NO,
train,No_oil,00183.tif,No_oil/00183.tif,train/images/No_oil/00183.tif,00183.tif,Mask_no_oil/00183.tif,train/masks/No_oil/00183.tif,76bd714eb4dd6b3fe06bc85755e46f859d70d12c83d36a4bdf654493444bee30,f1aa0ad4cbbd93669d577a8d940448dcd5d4aacec3aa613c78b891af8752da34,2048,2048,2,float32+float32,HARD_LINK,NO,
train,No_oil,00671.tif,No_oil/00671.tif,train/images/No_oil/00671.tif,00671.tif,Mask_no_oil/00671.tif,train/masks/No_oil/00671.tif,4849f95cbf1365fb4f7abacef6f349e032becbe518aa019c611106fa1eadc39d,f1aa0ad4cbbd93669d577a8d940448dcd5d4aacec3aa613c78b891af8752da34,2048,2048,2,float32+float32,HARD_LINK,NO,
train,No_oil,00439.tif,No_oil/00439.tif,train/images/No_oil/00439.tif,00439.tif,Mask_no_oil/00439.tif,train/masks/No_oil/00439.tif,baa58bec2a670c333da07a8e641acbee022c99139b6f5f200cdc642793b2a4e4,f1aa0ad4cbbd93669d577a8d940448dcd5d4aacec3aa613c78b891af8752da34,2048,2048,2,float32+float32,HARD_LINK,NO,
train,No_oil,00403.tif,No_oil/00403.tif,train/images/No_oil/00403.tif,00403.tif,Mask_no_oil/00403.tif,train/masks/No_oil/00403.tif,3b48ea96d27a4f7bfef98b6b4cd491a9259fcb1af1cffa2276072eb198d9aaaf,f1aa0ad4cbbd93669d577a8d940448dcd5d4aacec3aa613c78b891af8752da34,2048,2048,2,float32+float32,HARD_LINK,NO,
train,No_oil,00620.tif,No_oil/00620.tif,train/images/No_oil/00620.tif,00620.tif,Mask_no_oil/00620.tif,train/masks/No_oil/00620.tif,84beb8ef121d07e5a328015c3fa6c29321fd3516fefa9858f9e71223249ae83c,f1aa0ad4cbbd93669d577a8d940448dcd5d4aacec3aa613c78b891af8752da34,2048,2048,2,float32+float32,HARD_LINK,NO,
train,No_oil,00561.tif,No_oil/00561.tif,train/images/No_oil/00561.tif,00561.tif,Mask_no_oil/00561.tif,train/masks/No_oil/00561.tif,dc34da6e12a79da2eed15374a4e452ad2c2450e420cb9a52f8dbeabd9c17367c,f1aa0ad4cbbd93669d577a8d940448dcd5d4aacec3aa613c78b891af8752da34,2048,2048,2,float32+float32,HARD_LINK,NO,
train,No_oil,00592.tif,No_oil/00592.tif,train/images/No_oil/00592.tif,00592.tif,Mask_no_oil/00592.tif,train/masks/No_oil/00592.tif,ff7ccba607d5274586134cc6af2df42a6929ef681205e8c702bbb6bd70963bb1,f1aa0ad4cbbd93669d577a8d940448dcd5d4aacec3aa613c78b891af8752da34,2048,2048,2,float32+float32,HARD_LINK,NO,
train,No_oil,00027.tif,No_oil/00027.tif,train/images/No_oil/00027.tif,00027.tif,Mask_no_oil/00027.tif,train/masks/No_oil/00027.tif,ce94f82760abcfdba31f58060c041505e4a282760ad15a9786fa15eb62ae5c9c,f1aa0ad4cbbd93669d577a8d940448dcd5d4aacec3aa613c78b891af8752da34,2048,2048,2,float32+float32,HARD_LINK,NO,
train,No_oil,00177.tif,No_oil/00177.tif,train/images/No_oil/00177.tif,00177.tif,Mask_no_oil/00177.tif,train/masks/No_oil/00177.tif,72e1b54e43f77eba852c942b7b716eb85444b42aae7b151de1b76cfb89e349c8,f1aa0ad4cbbd93669d577a8d940448dcd5d4aacec3aa613c78b891af8752da34,2048,2048,2,float32+float32,HARD_LINK,NO,
train,No_oil,00478.tif,No_oil/00478.tif,train/images/No_oil/00478.tif,00478.tif,Mask_no_oil/00478.tif,train/masks/No_oil/00478.tif,f6722527ea9a925a51d9abeae8518fa05b37de965eabefd04fda691e7e359b37,f1aa0ad4cbbd93669d577a8d940448dcd5d4aacec3aa613c78b891af8752da34,2048,2048,2,float32+float32,HARD_LINK,NO,
train,No_oil,00097.tif,No_oil/00097.tif,train/images/No_oil/00097.tif,00097.tif,Mask_no_oil/00097.tif,train/masks/No_oil/00097.tif,bae80128e0c497f4fe09da44a3ad6895d4749076c095b58ce62b99051b3dec19,f1aa0ad4cbbd93669d577a8d940448dcd5d4aacec3aa613c78b891af8752da34,2048,2048,2,float32+float32,HARD_LINK,NO,
train,No_oil,00527.tif,No_oil/00527.tif,train/images/No_oil/00527.tif,00527.tif,Mask_no_oil/00527.tif,train/masks/No_oil/00527.tif,99ae0e082d542893f716123caaf27381fcd316d0b434e8ad8243fefda6b51db1,f1aa0ad4cbbd93669d577a8d940448dcd5d4aacec3aa613c78b891af8752da34,2048,2048,2,float32+float32,HARD_LINK,NO,
train,No_oil,00342.tif,No_oil/00342.tif,train/images/No_oil/00342.tif,00342.tif,Mask_no_oil/00342.tif,train/masks/No_oil/00342.tif,2b1903e8ac79110531a302e2f083dabafe5e520244dac8e94793484f45985c01,f1aa0ad4cbbd93669d577a8d940448dcd5d4aacec3aa613c78b891af8752da34,2048,2048,2,float32+float32,HARD_LINK,NO,
train,No_oil,00317.tif,No_oil/00317.tif,train/images/No_oil/00317.tif,00317.tif,Mask_no_oil/00317.tif,train/masks/No_oil/00317.tif,4bbdc52cf8fb732938c01806219f2ea304380a44c098caaf8d4337b2e2617c5b,f1aa0ad4cbbd93669d577a8d940448dcd5d4aacec3aa613c78b891af8752da34,2048,2048,2,float32+float32,HARD_LINK,NO,
train,No_oil,00394.tif,No_oil/00394.tif,train/images/No_oil/00394.tif,00394.tif,Mask_no_oil/00394.tif,train/masks/No_oil/00394.tif,bf92a095fba003944518ba51781f3af7ab3c7e86e3d681ce8f7ad3323cd4ff9f,f1aa0ad4cbbd93669d577a8d940448dcd5d4aacec3aa613c78b891af8752da34,2048,2048,2,float32+float32,HARD_LINK,NO,
train,No_oil,00296.tif,No_oil/00296.tif,train/images/No_oil/00296.tif,00296.tif,Mask_no_oil/00296.tif,train/masks/No_oil/00296.tif,20f3e201347879aeecbd8501ac2421ae15a22a26d9ecb8d75b98c6df115c6693,f1aa0ad4cbbd93669d577a8d940448dcd5d4aacec3aa613c78b891af8752da34,2048,2048,2,float32+float32,HARD_LINK,NO,
train,No_oil,00555.tif,No_oil/00555.tif,train/images/No_oil/00555.tif,00555.tif,Mask_no_oil/00555.tif,train/masks/No_oil/00555.tif,7659e6d34432facf6503ada68269ce9764cf1df294bb72af532408142aef206b,f1aa0ad4cbbd93669d577a8d940448dcd5d4aacec3aa613c78b891af8752da34,2048,2048,2,float32+float32,HARD_LINK,NO,
train,No_oil,00011.tif,No_oil/00011.tif,train/images/No_oil/00011.tif,00011.tif,Mask_no_oil/00011.tif,train/masks/No_oil/00011.tif,16ec2e00bd35ecd37ae1e3edb0a14c7036389fc018c5361563841524efc0577b,f1aa0ad4cbbd93669d577a8d940448dcd5d4aacec3aa613c78b891af8752da34,2048,2048,2,float32+float32,HARD_LINK,NO,
train,No_oil,00067.tif,No_oil/00067.tif,train/images/No_oil/00067.tif,00067.tif,Mask_no_oil/00067.tif,train/masks/No_oil/00067.tif,85238a6abcd90b11e0715c7ea206b36413beca749503453851fb9fdffb51201f,f1aa0ad4cbbd93669d577a8d940448dcd5d4aacec3aa613c78b891af8752da34,2048,2048,2,float32+float32,HARD_LINK,NO,
train,No_oil,00156.tif,No_oil/00156.tif,train/images/No_oil/00156.tif,00156.tif,Mask_no_oil/00156.tif,train/masks/No_oil/00156.tif,be1b8d14981b767701099b3a715746381de99c8c4180ef6a1c8fed9c4bb87f11,f1aa0ad4cbbd93669d577a8d940448dcd5d4aacec3aa613c78b891af8752da34,2048,2048,2,float32+float32,HARD_LINK,NO,
train,No_oil,00650.tif,No_oil/00650.tif,train/images/No_oil/00650.tif,00650.tif,Mask_no_oil/00650.tif,train/masks/No_oil/00650.tif,791060fb132e7e09f1fb1c189911cb7f7aae391717c2a6d0ba35784ab4ba53fa,f1aa0ad4cbbd93669d577a8d940448dcd5d4aacec3aa613c78b891af8752da34,2048,2048,2,float32+float32,HARD_LINK,NO,
train,No_oil,00106.tif,No_oil/00106.tif,train/images/No_oil/00106.tif,00106.tif,Mask_no_oil/00106.tif,train/masks/No_oil/00106.tif,c9b6ab75c9a1f164b5246b7f5a9cdde789f8923ccdd6d9c5ccda82a3352d17ca,f1aa0ad4cbbd93669d577a8d940448dcd5d4aacec3aa613c78b891af8752da34,2048,2048,2,float32+float32,HARD_LINK,NO,
train,No_oil,00618.tif,No_oil/00618.tif,train/images/No_oil/00618.tif,00618.tif,Mask_no_oil/00618.tif,train/masks/No_oil/00618.tif,a7f1fad09020b8f6558dd1018c3ceedc0dc50e4674eeaaf5038f97b58d5927b9,f1aa0ad4cbbd93669d577a8d940448dcd5d4aacec3aa613c78b891af8752da34,2048,2048,2,float32+float32,HARD_LINK,NO,
train,No_oil,00572.tif,No_oil/00572.tif,train/images/No_oil/00572.tif,00572.tif,Mask_no_oil/00572.tif,train/masks/No_oil/00572.tif,ffdc534c5b381b36d9bd54193025e5bc15d80bd31731906142e6a874aef4948a,f1aa0ad4cbbd93669d577a8d940448dcd5d4aacec3aa613c78b891af8752da34,2048,2048,2,float32+float32,HARD_LINK,NO,
train,No_oil,00196.tif,No_oil/00196.tif,train/images/No_oil/00196.tif,00196.tif,Mask_no_oil/00196.tif,train/masks/No_oil/00196.tif,fd29f80cecac8c9d1886118cdb3a9d007f64bbe2cf95b4650e99d3b69861ea1f,f1aa0ad4cbbd93669d577a8d940448dcd5d4aacec3aa613c78b891af8752da34,2048,2048,2,float32+float32,HARD_LINK,NO,
train,No_oil,00170.tif,No_oil/00170.tif,train/images/No_oil/00170.tif,00170.tif,Mask_no_oil/00170.tif,train/masks/No_oil/00170.tif,73ecc7c56c7793bd1c80ea7ef7082cdf443ec5b0702fdf8ee942da79f6f8e1fd,f1aa0ad4cbbd93669d577a8d940448dcd5d4aacec3aa613c78b891af8752da34,2048,2048,2,float32+float32,HARD_LINK,NO,
train,No_oil,00042.tif,No_oil/00042.tif,train/images/No_oil/00042.tif,00042.tif,Mask_no_oil/00042.tif,train/masks/No_oil/00042.tif,dc10f68863c6ec44eafe15349cd1783deddb6bf3f62a508d7d3d6ce678c0a742,f1aa0ad4cbbd93669d577a8d940448dcd5d4aacec3aa613c78b891af8752da34,2048,2048,2,float32+float32,HARD_LINK,NO,
train,No_oil,00349.tif,No_oil/00349.tif,train/images/No_oil/00349.tif,00349.tif,Mask_no_oil/00349.tif,train/masks/No_oil/00349.tif,6466d393d62ef240fc10bd8c0c3e59197e5bcf5b73a4ce02231c2ee3e9de4617,f1aa0ad4cbbd93669d577a8d940448dcd5d4aacec3aa613c78b891af8752da34,2048,2048,2,float32+float32,HARD_LINK,NO,
train,No_oil,00438.tif,No_oil/00438.tif,train/images/No_oil/00438.tif,00438.tif,Mask_no_oil/00438.tif,train/masks/No_oil/00438.tif,eee5ae76a3e6feb68eaa0e630ca391a324a26ddc24c1bdccbc34d244f1401bdc,f1aa0ad4cbbd93669d577a8d940448dcd5d4aacec3aa613c78b891af8752da34,2048,2048,2,float32+float32,HARD_LINK,NO,
train,No_oil,00617.tif,No_oil/00617.tif,train/images/No_oil/00617.tif,00617.tif,Mask_no_oil/00617.tif,train/masks/No_oil/00617.tif,b3e7b5b1471730197255351861d9da71b358af72a83153759058b6c74e1d52de,f1aa0ad4cbbd93669d577a8d940448dcd5d4aacec3aa613c78b891af8752da34,2048,2048,2,float32+float32,HARD_LINK,NO,
train,No_oil,00071.tif,No_oil/00071.tif,train/images/No_oil/00071.tif,00071.tif,Mask_no_oil/00071.tif,train/masks/No_oil/00071.tif,967dff704de4fa3bf28ce9875fac2960db3b1eee5bc55125c9ebcee7380c0037,f1aa0ad4cbbd93669d577a8d940448dcd5d4aacec3aa613c78b891af8752da34,2048,2048,2,float32+float32,HARD_LINK,NO,
train,No_oil,00338.tif,No_oil/00338.tif,train/images/No_oil/00338.tif,00338.tif,Mask_no_oil/00338.tif,train/masks/No_oil/00338.tif,cb7305cf5a51dcb8059b10038ac50fce399461be20998492fb3e2de67885e2a3,f1aa0ad4cbbd93669d577a8d940448dcd5d4aacec3aa613c78b891af8752da34,2048,2048,2,float32+float32,HARD_LINK,NO,
train,No_oil,00175.tif,No_oil/00175.tif,train/images/No_oil/00175.tif,00175.tif,Mask_no_oil/00175.tif,train/masks/No_oil/00175.tif,617b0046e51071f04b179f80b523b8cbda9e2d5740196d671937f8729cb70732,f1aa0ad4cbbd93669d577a8d940448dcd5d4aacec3aa613c78b891af8752da34,2048,2048,2,float32+float32,HARD_LINK,NO,
train,No_oil,00625.tif,No_oil/00625.tif,train/images/No_oil/00625.tif,00625.tif,Mask_no_oil/00625.tif,train/masks/No_oil/00625.tif,0984be7b86494c0476a5bc5169c7752eb5742181e26240a6edba5939eebeaeec,f1aa0ad4cbbd93669d577a8d940448dcd5d4aacec3aa613c78b891af8752da34,2048,2048,2,float32+float32,HARD_LINK,NO,
train,No_oil,00076.tif,No_oil/00076.tif,train/images/No_oil/00076.tif,00076.tif,Mask_no_oil/00076.tif,train/masks/No_oil/00076.tif,3d1054bdc565239c2cb1762b6a56b085a4e2d4c4e1be2bcc4c40eec27761a696,f1aa0ad4cbbd93669d577a8d940448dcd5d4aacec3aa613c78b891af8752da34,2048,2048,2,float32+float32,HARD_LINK,NO,
train,No_oil,00137.tif,No_oil/00137.tif,train/images/No_oil/00137.tif,00137.tif,Mask_no_oil/00137.tif,train/masks/No_oil/00137.tif,97cd8583afb8635daffd47975d55714520ced0e0ea3004fc3209f4f49556f906,f1aa0ad4cbbd93669d577a8d940448dcd5d4aacec3aa613c78b891af8752da34,2048,2048,2,float32+float32,HARD_LINK,NO,
train,No_oil,00225.tif,No_oil/00225.tif,train/images/No_oil/00225.tif,00225.tif,Mask_no_oil/00225.tif,train/masks/No_oil/00225.tif,2f054e215584dd6730c8f183414558b568c78d577dff8554e1ec919b6f984deb,f1aa0ad4cbbd93669d577a8d940448dcd5d4aacec3aa613c78b891af8752da34,2048,2048,2,float32+float32,HARD_LINK,NO,
train,No_oil,00444.tif,No_oil/00444.tif,train/images/No_oil/00444.tif,00444.tif,Mask_no_oil/00444.tif,train/masks/No_oil/00444.tif,d2adbef75c85b34df66589599075b5bc15133ac5c5d2c691e725b65a45363ab3,f1aa0ad4cbbd93669d577a8d940448dcd5d4aacec3aa613c78b891af8752da34,2048,2048,2,float32+float32,HARD_LINK,NO,
train,No_oil,00127.tif,No_oil/00127.tif,train/images/No_oil/00127.tif,00127.tif,Mask_no_oil/00127.tif,train/masks/No_oil/00127.tif,f21976ed9bc37dc6ba0d6d6079541cc818f1f0266e395435fafcf0bb3344e095,f1aa0ad4cbbd93669d577a8d940448dcd5d4aacec3aa613c78b891af8752da34,2048,2048,2,float32+float32,HARD_LINK,NO,
train,No_oil,00083.tif,No_oil/00083.tif,train/images/No_oil/00083.tif,00083.tif,Mask_no_oil/00083.tif,train/masks/No_oil/00083.tif,cedf4927844083da657273a816a9600df6c20b96fb32de691bec886ba3aa43e9,f1aa0ad4cbbd93669d577a8d940448dcd5d4aacec3aa613c78b891af8752da34,2048,2048,2,float32+float32,HARD_LINK,NO,
train,No_oil,00123.tif,No_oil/00123.tif,train/images/No_oil/00123.tif,00123.tif,Mask_no_oil/00123.tif,train/masks/No_oil/00123.tif,3e37402a01e679ee0661ff593f47aeb7a186ca7b78c360fd3a335fefb7dbade6,f1aa0ad4cbbd93669d577a8d940448dcd5d4aacec3aa613c78b891af8752da34,2048,2048,2,float32+float32,HARD_LINK,NO,
train,No_oil,00253.tif,No_oil/00253.tif,train/images/No_oil/00253.tif,00253.tif,Mask_no_oil/00253.tif,train/masks/No_oil/00253.tif,4fa5acd0eaacc82e9367e113d154101b976ee0025496dda3c0e2a26c3a676a55,f1aa0ad4cbbd93669d577a8d940448dcd5d4aacec3aa613c78b891af8752da34,2048,2048,2,float32+float32,HARD_LINK,NO,
train,No_oil,00614.tif,No_oil/00614.tif,train/images/No_oil/00614.tif,00614.tif,Mask_no_oil/00614.tif,train/masks/No_oil/00614.tif,b1e626c6c3fa581e91b62f09a318849fa61ff961ff70eae6e01e2a6ce7fcb432,f1aa0ad4cbbd93669d577a8d940448dcd5d4aacec3aa613c78b891af8752da34,2048,2048,2,float32+float32,HARD_LINK,NO,
train,No_oil,00457.tif,No_oil/00457.tif,train/images/No_oil/00457.tif,00457.tif,Mask_no_oil/00457.tif,train/masks/No_oil/00457.tif,eb36797e5dab864338766a701be9be30a0e8d4cf81b991b73c002e2aa3eed5bb,f1aa0ad4cbbd93669d577a8d940448dcd5d4aacec3aa613c78b891af8752da34,2048,2048,2,float32+float32,HARD_LINK,NO,
train,No_oil,00020.tif,No_oil/00020.tif,train/images/No_oil/00020.tif,00020.tif,Mask_no_oil/00020.tif,train/masks/No_oil/00020.tif,57f7a8d3b33061d3baf7290bccb7dffbbe58e67a7da14a27cc3b4099c24f7123,f1aa0ad4cbbd93669d577a8d940448dcd5d4aacec3aa613c78b891af8752da34,2048,2048,2,float32+float32,HARD_LINK,NO,
train,No_oil,00570.tif,No_oil/00570.tif,train/images/No_oil/00570.tif,00570.tif,Mask_no_oil/00570.tif,train/masks/No_oil/00570.tif,2c5e7320bfd61a218904726b0919be2470e41c54858f1583e561e942a243e8d6,f1aa0ad4cbbd93669d577a8d940448dcd5d4aacec3aa613c78b891af8752da34,2048,2048,2,float32+float32,HARD_LINK,NO,
train,No_oil,00201.tif,No_oil/00201.tif,train/images/No_oil/00201.tif,00201.tif,Mask_no_oil/00201.tif,train/masks/No_oil/00201.tif,471ba71b51238e4a7c678332445d601f36fe9de4f631a0670e370607c6cac045,f1aa0ad4cbbd93669d577a8d940448dcd5d4aacec3aa613c78b891af8752da34,2048,2048,2,float32+float32,HARD_LINK,NO,
train,No_oil,00462.tif,No_oil/00462.tif,train/images/No_oil/00462.tif,00462.tif,Mask_no_oil/00462.tif,train/masks/No_oil/00462.tif,d064193e5d731ac4adf47c14ffa07a85a1eb2ab77b31d85c6e416fd650aa3525,f1aa0ad4cbbd93669d577a8d940448dcd5d4aacec3aa613c78b891af8752da34,2048,2048,2,float32+float32,HARD_LINK,NO,
train,No_oil,00579.tif,No_oil/00579.tif,train/images/No_oil/00579.tif,00579.tif,Mask_no_oil/00579.tif,train/masks/No_oil/00579.tif,296f04837d4597e5938d501917ac02588874b3ce575982c14786903ffa1d12dc,f1aa0ad4cbbd93669d577a8d940448dcd5d4aacec3aa613c78b891af8752da34,2048,2048,2,float32+float32,HARD_LINK,NO,
train,No_oil,00354.tif,No_oil/00354.tif,train/images/No_oil/00354.tif,00354.tif,Mask_no_oil/00354.tif,train/masks/No_oil/00354.tif,dc6df200c71ed4d46d64f93c93d1bab9a913f83356f34e5b19dd5eb4512bcdea,f1aa0ad4cbbd93669d577a8d940448dcd5d4aacec3aa613c78b891af8752da34,2048,2048,2,float32+float32,HARD_LINK,NO,
train,No_oil,00024.tif,No_oil/00024.tif,train/images/No_oil/00024.tif,00024.tif,Mask_no_oil/00024.tif,train/masks/No_oil/00024.tif,ab4387fa4917915714299ca178a506544e0f0b5f026043239b304acf6aad876e,f1aa0ad4cbbd93669d577a8d940448dcd5d4aacec3aa613c78b891af8752da34,2048,2048,2,float32+float32,HARD_LINK,NO,
train,No_oil,00084.tif,No_oil/00084.tif,train/images/No_oil/00084.tif,00084.tif,Mask_no_oil/00084.tif,train/masks/No_oil/00084.tif,6af75f03c24b130bf49699da8cb52b34ca8f65d07ad192ecab5c26ebceaa8fd3,f1aa0ad4cbbd93669d577a8d940448dcd5d4aacec3aa613c78b891af8752da34,2048,2048,2,float32+float32,HARD_LINK,NO,
train,No_oil,00514.tif,No_oil/00514.tif,train/images/No_oil/00514.tif,00514.tif,Mask_no_oil/00514.tif,train/masks/No_oil/00514.tif,54b1c65200b8345743ff2e4091ccd45f89ca2e923a1a678d81c7b69d60abbd02,f1aa0ad4cbbd93669d577a8d940448dcd5d4aacec3aa613c78b891af8752da34,2048,2048,2,float32+float32,HARD_LINK,NO,
train,No_oil,00468.tif,No_oil/00468.tif,train/images/No_oil/00468.tif,00468.tif,Mask_no_oil/00468.tif,train/masks/No_oil/00468.tif,3a95cd23941db5ff46d9ffabd0114aec57ecdbd7bdc20c79f3b1f4e824f31f65,f1aa0ad4cbbd93669d577a8d940448dcd5d4aacec3aa613c78b891af8752da34,2048,2048,2,float32+float32,HARD_LINK,NO,
train,No_oil,00363.tif,No_oil/00363.tif,train/images/No_oil/00363.tif,00363.tif,Mask_no_oil/00363.tif,train/masks/No_oil/00363.tif,ad27a7a7426087f0749a15b4f82cc9f7330c40473583fd1e843a6cf5c951682e,f1aa0ad4cbbd93669d577a8d940448dcd5d4aacec3aa613c78b891af8752da34,2048,2048,2,float32+float32,HARD_LINK,NO,
train,No_oil,00250.tif,No_oil/00250.tif,train/images/No_oil/00250.tif,00250.tif,Mask_no_oil/00250.tif,train/masks/No_oil/00250.tif,d85d95ac9b6fa11f71ad94111cda158a0fccf64666aa4f10377362779476ec3a,f1aa0ad4cbbd93669d577a8d940448dcd5d4aacec3aa613c78b891af8752da34,2048,2048,2,float32+float32,HARD_LINK,NO,
train,No_oil,00298.tif,No_oil/00298.tif,train/images/No_oil/00298.tif,00298.tif,Mask_no_oil/00298.tif,train/masks/No_oil/00298.tif,56bc6ef7985b8ab7d83f63378c74f4a604cc43eab2b98fd33c90ab06230ce32c,f1aa0ad4cbbd93669d577a8d940448dcd5d4aacec3aa613c78b891af8752da34,2048,2048,2,float32+float32,HARD_LINK,NO,
train,No_oil,00573.tif,No_oil/00573.tif,train/images/No_oil/00573.tif,00573.tif,Mask_no_oil/00573.tif,train/masks/No_oil/00573.tif,014bd54415998a3d558325f674aa09e6650b62426be0203fe65370715e3dc3e6,f1aa0ad4cbbd93669d577a8d940448dcd5d4aacec3aa613c78b891af8752da34,2048,2048,2,float32+float32,HARD_LINK,NO,
train,No_oil,00517.tif,No_oil/00517.tif,train/images/No_oil/00517.tif,00517.tif,Mask_no_oil/00517.tif,train/masks/No_oil/00517.tif,085cabb26991ed01e088b55194648194ff628c1ca109f9fa1b45445f66bde66c,f1aa0ad4cbbd93669d577a8d940448dcd5d4aacec3aa613c78b891af8752da34,2048,2048,2,float32+float32,HARD_LINK,NO,
train,No_oil,00095.tif,No_oil/00095.tif,train/images/No_oil/00095.tif,00095.tif,Mask_no_oil/00095.tif,train/masks/No_oil/00095.tif,9eabf46065b8c84178a64e14df857739c72984cf2dc59471ea7ebd4e04586616,f1aa0ad4cbbd93669d577a8d940448dcd5d4aacec3aa613c78b891af8752da34,2048,2048,2,float32+float32,HARD_LINK,NO,
train,No_oil,00541.tif,No_oil/00541.tif,train/images/No_oil/00541.tif,00541.tif,Mask_no_oil/00541.tif,train/masks/No_oil/00541.tif,8ed5671ac620136f16b6e112d7c49e050595852ac9e88219f79392300b7cc6d2,f1aa0ad4cbbd93669d577a8d940448dcd5d4aacec3aa613c78b891af8752da34,2048,2048,2,float32+float32,HARD_LINK,NO,
train,No_oil,00255.tif,No_oil/00255.tif,train/images/No_oil/00255.tif,00255.tif,Mask_no_oil/00255.tif,train/masks/No_oil/00255.tif,0b9d6a3aba11e7dc8ad3e41e4a34d5dfd6b8050a42d58eddc827f5833ddb4d76,f1aa0ad4cbbd93669d577a8d940448dcd5d4aacec3aa613c78b891af8752da34,2048,2048,2,float32+float32,HARD_LINK,NO,
train,No_oil,00524.tif,No_oil/00524.tif,train/images/No_oil/00524.tif,00524.tif,Mask_no_oil/00524.tif,train/masks/No_oil/00524.tif,0405449c9aa719807ad8112e37067a8472c154e7f0930109553722659dd93e15,f1aa0ad4cbbd93669d577a8d940448dcd5d4aacec3aa613c78b891af8752da34,2048,2048,2,float32+float32,HARD_LINK,NO,
train,No_oil,00519.tif,No_oil/00519.tif,train/images/No_oil/00519.tif,00519.tif,Mask_no_oil/00519.tif,train/masks/No_oil/00519.tif,38736a878e6b6c01f744c8e76ad40a34531c1abe633214f639139771f2b46be2,f1aa0ad4cbbd93669d577a8d940448dcd5d4aacec3aa613c78b891af8752da34,2048,2048,2,float32+float32,HARD_LINK,NO,
train,No_oil,00632.tif,No_oil/00632.tif,train/images/No_oil/00632.tif,00632.tif,Mask_no_oil/00632.tif,train/masks/No_oil/00632.tif,90948ea7e94b7a2fe6370e76918c6b090651e3cb8dc546bbbd9b287c0546d03b,f1aa0ad4cbbd93669d577a8d940448dcd5d4aacec3aa613c78b891af8752da34,2048,2048,2,float32+float32,HARD_LINK,NO,
train,No_oil,00684.tif,No_oil/00684.tif,train/images/No_oil/00684.tif,00684.tif,Mask_no_oil/00684.tif,train/masks/No_oil/00684.tif,1682566870334b323bfcd0fbb8f10571ff4ea0de9c97e35a702b91d215baa58d,f1aa0ad4cbbd93669d577a8d940448dcd5d4aacec3aa613c78b891af8752da34,2048,2048,2,float32+float32,HARD_LINK,NO,
train,No_oil,00063.tif,No_oil/00063.tif,train/images/No_oil/00063.tif,00063.tif,Mask_no_oil/00063.tif,train/masks/No_oil/00063.tif,a4ac8bcd80a1ed35f1ee59c188999bd464912d38a2f2b418d0238e78545d1de1,f1aa0ad4cbbd93669d577a8d940448dcd5d4aacec3aa613c78b891af8752da34,2048,2048,2,float32+float32,HARD_LINK,NO,
train,No_oil,00169.tif,No_oil/00169.tif,train/images/No_oil/00169.tif,00169.tif,Mask_no_oil/00169.tif,train/masks/No_oil/00169.tif,6dc3d2dcaa6ee9af87549f7a73abcafc00d779bc448b770c849a2423d6b801b0,f1aa0ad4cbbd93669d577a8d940448dcd5d4aacec3aa613c78b891af8752da34,2048,2048,2,float32+float32,HARD_LINK,NO,
train,No_oil,00640.tif,No_oil/00640.tif,train/images/No_oil/00640.tif,00640.tif,Mask_no_oil/00640.tif,train/masks/No_oil/00640.tif,e90829c25846c218ce66e9a312f5e8745084fca9428dc62ffed74b2ddc575144,f1aa0ad4cbbd93669d577a8d940448dcd5d4aacec3aa613c78b891af8752da34,2048,2048,2,float32+float32,HARD_LINK,NO,
train,No_oil,00267.tif,No_oil/00267.tif,train/images/No_oil/00267.tif,00267.tif,Mask_no_oil/00267.tif,train/masks/No_oil/00267.tif,7dcb3e6b3b75f48dafaa3ddf953b94e98149a0760a623430e1d9a50ee7ce6fcb,f1aa0ad4cbbd93669d577a8d940448dcd5d4aacec3aa613c78b891af8752da34,2048,2048,2,float32+float32,HARD_LINK,NO,
train,No_oil,00278.tif,No_oil/00278.tif,train/images/No_oil/00278.tif,00278.tif,Mask_no_oil/00278.tif,train/masks/No_oil/00278.tif,fa84ceeebc273e635b577f102e4b12561e723eb5c59e0d21a7c5e985d066cdcd,f1aa0ad4cbbd93669d577a8d940448dcd5d4aacec3aa613c78b891af8752da34,2048,2048,2,float32+float32,HARD_LINK,NO,
train,No_oil,00264.tif,No_oil/00264.tif,train/images/No_oil/00264.tif,00264.tif,Mask_no_oil/00264.tif,train/masks/No_oil/00264.tif,e84bfe3dc383d36c6876963887523ec143ccee9209cf2a55fec8fd2eb23921d1,f1aa0ad4cbbd93669d577a8d940448dcd5d4aacec3aa613c78b891af8752da34,2048,2048,2,float32+float32,HARD_LINK,NO,
train,No_oil,00228.tif,No_oil/00228.tif,train/images/No_oil/00228.tif,00228.tif,Mask_no_oil/00228.tif,train/masks/No_oil/00228.tif,a109a71e6f9e949ddf6046ea72d1b4bbde5ddc6da9dc733f0a7251cd565e92dd,f1aa0ad4cbbd93669d577a8d940448dcd5d4aacec3aa613c78b891af8752da34,2048,2048,2,float32+float32,HARD_LINK,NO,
train,No_oil,00400.tif,No_oil/00400.tif,train/images/No_oil/00400.tif,00400.tif,Mask_no_oil/00400.tif,train/masks/No_oil/00400.tif,1630841f525d6242fdd1b8945f7d8843394eca404472f68a3084c89b80503d16,f1aa0ad4cbbd93669d577a8d940448dcd5d4aacec3aa613c78b891af8752da34,2048,2048,2,float32+float32,HARD_LINK,NO,
train,No_oil,00399.tif,No_oil/00399.tif,train/images/No_oil/00399.tif,00399.tif,Mask_no_oil/00399.tif,train/masks/No_oil/00399.tif,9f491e48b73901d1482716cac76f111b35e48a7a6eb941fcb57cb5c32b6c8364,f1aa0ad4cbbd93669d577a8d940448dcd5d4aacec3aa613c78b891af8752da34,2048,2048,2,float32+float32,HARD_LINK,NO,
train,No_oil,00247.tif,No_oil/00247.tif,train/images/No_oil/00247.tif,00247.tif,Mask_no_oil/00247.tif,train/masks/No_oil/00247.tif,3432fa63b48121428df43ebdbb7c9b1d0c4d04f5b19e6e182cca76fda682e282,f1aa0ad4cbbd93669d577a8d940448dcd5d4aacec3aa613c78b891af8752da34,2048,2048,2,float32+float32,HARD_LINK,NO,
train,No_oil,00535.tif,No_oil/00535.tif,train/images/No_oil/00535.tif,00535.tif,Mask_no_oil/00535.tif,train/masks/No_oil/00535.tif,004eba2e733e9be5281f0f7186db8110d444df4f34e4f1690d031ac901beb2d4,f1aa0ad4cbbd93669d577a8d940448dcd5d4aacec3aa613c78b891af8752da34,2048,2048,2,float32+float32,HARD_LINK,NO,
train,No_oil,00121.tif,No_oil/00121.tif,train/images/No_oil/00121.tif,00121.tif,Mask_no_oil/00121.tif,train/masks/No_oil/00121.tif,6e8327f64a3519cf5f41dc680a345eda75b1d38f854eecf0fa0f013f219318e0,f1aa0ad4cbbd93669d577a8d940448dcd5d4aacec3aa613c78b891af8752da34,2048,2048,2,float32+float32,HARD_LINK,NO,
train,No_oil,00495.tif,No_oil/00495.tif,train/images/No_oil/00495.tif,00495.tif,Mask_no_oil/00495.tif,train/masks/No_oil/00495.tif,3ff81643b739241303bc617cb4f6b6e688e9d4bf880c605108b07e5f6e79e49e,f1aa0ad4cbbd93669d577a8d940448dcd5d4aacec3aa613c78b891af8752da34,2048,2048,2,float32+float32,HARD_LINK,NO,
train,No_oil,00301.tif,No_oil/00301.tif,train/images/No_oil/00301.tif,00301.tif,Mask_no_oil/00301.tif,train/masks/No_oil/00301.tif,ad4e0727bd9d3f131cc865645265113a64dcb0b655b39da9ccb6a3d59dd9a2b5,f1aa0ad4cbbd93669d577a8d940448dcd5d4aacec3aa613c78b891af8752da34,2048,2048,2,float32+float32,HARD_LINK,NO,
train,No_oil,00624.tif,No_oil/00624.tif,train/images/No_oil/00624.tif,00624.tif,Mask_no_oil/00624.tif,train/masks/No_oil/00624.tif,98f21717558d8df535dd4239ee053f8c5acffd008310ff324591e8b2118560b6,f1aa0ad4cbbd93669d577a8d940448dcd5d4aacec3aa613c78b891af8752da34,2048,2048,2,float32+float32,HARD_LINK,NO,
train,No_oil,00265.tif,No_oil/00265.tif,train/images/No_oil/00265.tif,00265.tif,Mask_no_oil/00265.tif,train/masks/No_oil/00265.tif,1e69321dcfde285d0476c070e6dcc229d78e57088e328a310ef6a68f522af2a1,f1aa0ad4cbbd93669d577a8d940448dcd5d4aacec3aa613c78b891af8752da34,2048,2048,2,float32+float32,HARD_LINK,NO,
train,No_oil,00146.tif,No_oil/00146.tif,train/images/No_oil/00146.tif,00146.tif,Mask_no_oil/00146.tif,train/masks/No_oil/00146.tif,201e59ab2dae6ddf978f0f56052ae3edc219ea0ffe0b88be96c9531cae7e48ab,f1aa0ad4cbbd93669d577a8d940448dcd5d4aacec3aa613c78b891af8752da34,2048,2048,2,float32+float32,HARD_LINK,NO,
train,No_oil,00184.tif,No_oil/00184.tif,train/images/No_oil/00184.tif,00184.tif,Mask_no_oil/00184.tif,train/masks/No_oil/00184.tif,0a17b111714699b163d8409ef3c2b77e71ef97336db1275be606118a35699f3b,f1aa0ad4cbbd93669d577a8d940448dcd5d4aacec3aa613c78b891af8752da34,2048,2048,2,float32+float32,HARD_LINK,NO,
train,No_oil,00485.tif,No_oil/00485.tif,train/images/No_oil/00485.tif,00485.tif,Mask_no_oil/00485.tif,train/masks/No_oil/00485.tif,756f09ed5b2ee9d6167c021149e75ace676762e9ef74dc3fcf055e2294551074,f1aa0ad4cbbd93669d577a8d940448dcd5d4aacec3aa613c78b891af8752da34,2048,2048,2,float32+float32,HARD_LINK,NO,
train,No_oil,00141.tif,No_oil/00141.tif,train/images/No_oil/00141.tif,00141.tif,Mask_no_oil/00141.tif,train/masks/No_oil/00141.tif,c41d79f48562df4951aa79ee5d0a030f46ca31a753210fb32352a90835aee806,f1aa0ad4cbbd93669d577a8d940448dcd5d4aacec3aa613c78b891af8752da34,2048,2048,2,float32+float32,HARD_LINK,NO,
train,No_oil,00233.tif,No_oil/00233.tif,train/images/No_oil/00233.tif,00233.tif,Mask_no_oil/00233.tif,train/masks/No_oil/00233.tif,3d79b77feba7bb8df57b066a631bf5494e2d4820a3babd38da6bec641b2cbe65,f1aa0ad4cbbd93669d577a8d940448dcd5d4aacec3aa613c78b891af8752da34,2048,2048,2,float32+float32,HARD_LINK,NO,
train,No_oil,00313.tif,No_oil/00313.tif,train/images/No_oil/00313.tif,00313.tif,Mask_no_oil/00313.tif,train/masks/No_oil/00313.tif,998e5b4e6969894852ad23e523c52d7706b355d3a744700e0f08e6688aa5e529,f1aa0ad4cbbd93669d577a8d940448dcd5d4aacec3aa613c78b891af8752da34,2048,2048,2,float32+float32,HARD_LINK,NO,
train,No_oil,00098.tif,No_oil/00098.tif,train/images/No_oil/00098.tif,00098.tif,Mask_no_oil/00098.tif,train/masks/No_oil/00098.tif,dd12ca5e1ddb9eecffd642eabb5ec53c48d80f50f5aaa0aaf788ccea7ce0e454,f1aa0ad4cbbd93669d577a8d940448dcd5d4aacec3aa613c78b891af8752da34,2048,2048,2,float32+float32,HARD_LINK,NO,
train,No_oil,00375.tif,No_oil/00375.tif,train/images/No_oil/00375.tif,00375.tif,Mask_no_oil/00375.tif,train/masks/No_oil/00375.tif,7abcf628e0750a21477c537b559488b270f6f9eb5a757ea27c8e7566b77576eb,f1aa0ad4cbbd93669d577a8d940448dcd5d4aacec3aa613c78b891af8752da34,2048,2048,2,float32+float32,HARD_LINK,NO,
train,No_oil,00152.tif,No_oil/00152.tif,train/images/No_oil/00152.tif,00152.tif,Mask_no_oil/00152.tif,train/masks/No_oil/00152.tif,2198847b264a1be7857d1d0f6fd47c5be25f6a2a8aedf9db42ecf3de46187869,f1aa0ad4cbbd93669d577a8d940448dcd5d4aacec3aa613c78b891af8752da34,2048,2048,2,float32+float32,HARD_LINK,NO,
train,No_oil,00304.tif,No_oil/00304.tif,train/images/No_oil/00304.tif,00304.tif,Mask_no_oil/00304.tif,train/masks/No_oil/00304.tif,1848435399581306207611c042f0a5de4cdf26f891364e92cff8e458629de7c5,f1aa0ad4cbbd93669d577a8d940448dcd5d4aacec3aa613c78b891af8752da34,2048,2048,2,float32+float32,HARD_LINK,NO,
train,No_oil,00389.tif,No_oil/00389.tif,train/images/No_oil/00389.tif,00389.tif,Mask_no_oil/00389.tif,train/masks/No_oil/00389.tif,47cebe1f480d23b6b1ec8ca87378f682f29a18c9e9fcef209d31422a5c91dca4,f1aa0ad4cbbd93669d577a8d940448dcd5d4aacec3aa613c78b891af8752da34,2048,2048,2,float32+float32,HARD_LINK,NO,
train,No_oil,00486.tif,No_oil/00486.tif,train/images/No_oil/00486.tif,00486.tif,Mask_no_oil/00486.tif,train/masks/No_oil/00486.tif,bda292292b138a3e769f6c66928aab7321125b2dd6447dfacb51e0823cde2cde,f1aa0ad4cbbd93669d577a8d940448dcd5d4aacec3aa613c78b891af8752da34,2048,2048,2,float32+float32,HARD_LINK,NO,
train,No_oil,00430.tif,No_oil/00430.tif,train/images/No_oil/00430.tif,00430.tif,Mask_no_oil/00430.tif,train/masks/No_oil/00430.tif,c9f1b0fadb1b746cfacba157a8ad0d6246f8aec04c665edef3e1e618fda236a2,f1aa0ad4cbbd93669d577a8d940448dcd5d4aacec3aa613c78b891af8752da34,2048,2048,2,float32+float32,HARD_LINK,NO,
train,No_oil,00350.tif,No_oil/00350.tif,train/images/No_oil/00350.tif,00350.tif,Mask_no_oil/00350.tif,train/masks/No_oil/00350.tif,ae3ce5a6b9eb874d3cb6146122b408b7c9413ca273f86683b24729ca468137b9,f1aa0ad4cbbd93669d577a8d940448dcd5d4aacec3aa613c78b891af8752da34,2048,2048,2,float32+float32,HARD_LINK,NO,
train,No_oil,00094.tif,No_oil/00094.tif,train/images/No_oil/00094.tif,00094.tif,Mask_no_oil/00094.tif,train/masks/No_oil/00094.tif,9c5ade02b2ff248444a823ec964b73cb9384b3ac17f0bb2b004ce5b3d0969c74,f1aa0ad4cbbd93669d577a8d940448dcd5d4aacec3aa613c78b891af8752da34,2048,2048,2,float32+float32,HARD_LINK,NO,
train,No_oil,00473.tif,No_oil/00473.tif,train/images/No_oil/00473.tif,00473.tif,Mask_no_oil/00473.tif,train/masks/No_oil/00473.tif,b7ee89fb777758f463271e22381fd6d6c9e2ffcbc99d83015483fff080fe2201,f1aa0ad4cbbd93669d577a8d940448dcd5d4aacec3aa613c78b891af8752da34,2048,2048,2,float32+float32,HARD_LINK,NO,
train,No_oil,00276.tif,No_oil/00276.tif,train/images/No_oil/00276.tif,00276.tif,Mask_no_oil/00276.tif,train/masks/No_oil/00276.tif,9f6b8b893b75205ec9a5d4ed4a130995253186486948087122112bffa540d22e,f1aa0ad4cbbd93669d577a8d940448dcd5d4aacec3aa613c78b891af8752da34,2048,2048,2,float32+float32,HARD_LINK,NO,
train,No_oil,00552.tif,No_oil/00552.tif,train/images/No_oil/00552.tif,00552.tif,Mask_no_oil/00552.tif,train/masks/No_oil/00552.tif,a45e4247a1d956c9157d17dda57bf385c7dd55717dba0bcdd92c1acf453c3371,f1aa0ad4cbbd93669d577a8d940448dcd5d4aacec3aa613c78b891af8752da34,2048,2048,2,float32+float32,HARD_LINK,NO,
train,No_oil,00599.tif,No_oil/00599.tif,train/images/No_oil/00599.tif,00599.tif,Mask_no_oil/00599.tif,train/masks/No_oil/00599.tif,4903cf2d523ddc68e473a59e7938e3bd80984780c6c28d85d7857a3e81114e4c,f1aa0ad4cbbd93669d577a8d940448dcd5d4aacec3aa613c78b891af8752da34,2048,2048,2,float32+float32,HARD_LINK,NO,
train,No_oil,00252.tif,No_oil/00252.tif,train/images/No_oil/00252.tif,00252.tif,Mask_no_oil/00252.tif,train/masks/No_oil/00252.tif,099ee3f9abfd942c624367b108c3efea81505f02be7631514a5578cadb019f08,f1aa0ad4cbbd93669d577a8d940448dcd5d4aacec3aa613c78b891af8752da34,2048,2048,2,float32+float32,HARD_LINK,NO,
train,No_oil,00018.tif,No_oil/00018.tif,train/images/No_oil/00018.tif,00018.tif,Mask_no_oil/00018.tif,train/masks/No_oil/00018.tif,b763b1c194c7268598d82c0d78785ce20ad4225490352142a206761bd55f1c55,f1aa0ad4cbbd93669d577a8d940448dcd5d4aacec3aa613c78b891af8752da34,2048,2048,2,float32+float32,HARD_LINK,NO,
train,No_oil,00129.tif,No_oil/00129.tif,train/images/No_oil/00129.tif,00129.tif,Mask_no_oil/00129.tif,train/masks/No_oil/00129.tif,ab78896e373cae980b1bd1b7dcd9273c7297b6b1140c42fe914ebe6b9295bb1d,f1aa0ad4cbbd93669d577a8d940448dcd5d4aacec3aa613c78b891af8752da34,2048,2048,2,float32+float32,HARD_LINK,NO,
train,No_oil,00090.tif,No_oil/00090.tif,train/images/No_oil/00090.tif,00090.tif,Mask_no_oil/00090.tif,train/masks/No_oil/00090.tif,db18503cb4bfac7d9b6b3405e63b3231f5afc6aa154b77b7db636a9a3a75f58d,f1aa0ad4cbbd93669d577a8d940448dcd5d4aacec3aa613c78b891af8752da34,2048,2048,2,float32+float32,HARD_LINK,NO,
train,No_oil,00358.tif,No_oil/00358.tif,train/images/No_oil/00358.tif,00358.tif,Mask_no_oil/00358.tif,train/masks/No_oil/00358.tif,d369cd07428f7c74b1af7032c1df6acad29c147a7c31cfba3e35f24c7577d668,f1aa0ad4cbbd93669d577a8d940448dcd5d4aacec3aa613c78b891af8752da34,2048,2048,2,float32+float32,HARD_LINK,NO,
train,No_oil,00528.tif,No_oil/00528.tif,train/images/No_oil/00528.tif,00528.tif,Mask_no_oil/00528.tif,train/masks/No_oil/00528.tif,fe5c70fddcaa23762ed8cee1c849cbedd23894451da90170d7ea83687c5026ce,f1aa0ad4cbbd93669d577a8d940448dcd5d4aacec3aa613c78b891af8752da34,2048,2048,2,float32+float32,HARD_LINK,NO,
train,No_oil,00385.tif,No_oil/00385.tif,train/images/No_oil/00385.tif,00385.tif,Mask_no_oil/00385.tif,train/masks/No_oil/00385.tif,c2f5cfc58256a822b60d0deed9c9c07c9d11f63dd056daea76a830f20cdbc59e,f1aa0ad4cbbd93669d577a8d940448dcd5d4aacec3aa613c78b891af8752da34,2048,2048,2,float32+float32,HARD_LINK,NO,
train,No_oil,00608.tif,No_oil/00608.tif,train/images/No_oil/00608.tif,00608.tif,Mask_no_oil/00608.tif,train/masks/No_oil/00608.tif,9cc63287376d3cade10cff7d89307fa400a48e77005dea8856b402e2ab70870c,f1aa0ad4cbbd93669d577a8d940448dcd5d4aacec3aa613c78b891af8752da34,2048,2048,2,float32+float32,HARD_LINK,NO,
train,No_oil,00674.tif,No_oil/00674.tif,train/images/No_oil/00674.tif,00674.tif,Mask_no_oil/00674.tif,train/masks/No_oil/00674.tif,121243aec3a81d24b07231dc1020f2e329d668dd96e76ee33ee6f0ab88ed2bb8,f1aa0ad4cbbd93669d577a8d940448dcd5d4aacec3aa613c78b891af8752da34,2048,2048,2,float32+float32,HARD_LINK,NO,
train,No_oil,00661.tif,No_oil/00661.tif,train/images/No_oil/00661.tif,00661.tif,Mask_no_oil/00661.tif,train/masks/No_oil/00661.tif,3134de123628a78e930a36a0dca07b316f264b4dcf9b377da9fc5277d3f1c5bd,f1aa0ad4cbbd93669d577a8d940448dcd5d4aacec3aa613c78b891af8752da34,2048,2048,2,float32+float32,HARD_LINK,NO,
train,No_oil,00120.tif,No_oil/00120.tif,train/images/No_oil/00120.tif,00120.tif,Mask_no_oil/00120.tif,train/masks/No_oil/00120.tif,4afb9e1e01540dc8ed7f51072e983a80aa85ab7e8b90cc8380a3b72532199b0b,f1aa0ad4cbbd93669d577a8d940448dcd5d4aacec3aa613c78b891af8752da34,2048,2048,2,float32+float32,HARD_LINK,NO,
train,No_oil,00017.tif,No_oil/00017.tif,train/images/No_oil/00017.tif,00017.tif,Mask_no_oil/00017.tif,train/masks/No_oil/00017.tif,1e1f39731635e3f938e2248825b9fc64780888045b77e1e4b5c3206b0979c959,f1aa0ad4cbbd93669d577a8d940448dcd5d4aacec3aa613c78b891af8752da34,2048,2048,2,float32+float32,HARD_LINK,NO,
train,No_oil,00612.tif,No_oil/00612.tif,train/images/No_oil/00612.tif,00612.tif,Mask_no_oil/00612.tif,train/masks/No_oil/00612.tif,6b350ac8d5fce4818fc3fd41de74f4652ad05c5ea15443297f7d5ed481acb732,f1aa0ad4cbbd93669d577a8d940448dcd5d4aacec3aa613c78b891af8752da34,2048,2048,2,float32+float32,HARD_LINK,NO,
train,No_oil,00577.tif,No_oil/00577.tif,train/images/No_oil/00577.tif,00577.tif,Mask_no_oil/00577.tif,train/masks/No_oil/00577.tif,6ebfd970ff6d74769c0d542c3260fc5e0ba17c966ed1d1991bb6e4f6848c72ec,f1aa0ad4cbbd93669d577a8d940448dcd5d4aacec3aa613c78b891af8752da34,2048,2048,2,float32+float32,HARD_LINK,NO,
train,No_oil,00326.tif,No_oil/00326.tif,train/images/No_oil/00326.tif,00326.tif,Mask_no_oil/00326.tif,train/masks/No_oil/00326.tif,8ad268b7c077c21a0d0ab833c3768e7e600e7c95099def8b520cf23f85a17302,f1aa0ad4cbbd93669d577a8d940448dcd5d4aacec3aa613c78b891af8752da34,2048,2048,2,float32+float32,HARD_LINK,NO,
train,No_oil,00645.tif,No_oil/00645.tif,train/images/No_oil/00645.tif,00645.tif,Mask_no_oil/00645.tif,train/masks/No_oil/00645.tif,737aea947e9f494cbfa226d71d41426a748bf20903d29eb321ccbbacd6d6b5a2,f1aa0ad4cbbd93669d577a8d940448dcd5d4aacec3aa613c78b891af8752da34,2048,2048,2,float32+float32,HARD_LINK,NO,
train,No_oil,00082.tif,No_oil/00082.tif,train/images/No_oil/00082.tif,00082.tif,Mask_no_oil/00082.tif,train/masks/No_oil/00082.tif,c95b4bc6c47f2cb6bbeea6f792227bfe9084478885cf2aace2b62999b614286a,f1aa0ad4cbbd93669d577a8d940448dcd5d4aacec3aa613c78b891af8752da34,2048,2048,2,float32+float32,HARD_LINK,NO,
train,No_oil,00440.tif,No_oil/00440.tif,train/images/No_oil/00440.tif,00440.tif,Mask_no_oil/00440.tif,train/masks/No_oil/00440.tif,68629417f230da7f4ca89897af6a99393d05e472ed35523fb0eb0736d92973da,f1aa0ad4cbbd93669d577a8d940448dcd5d4aacec3aa613c78b891af8752da34,2048,2048,2,float32+float32,HARD_LINK,NO,
train,No_oil,00503.tif,No_oil/00503.tif,train/images/No_oil/00503.tif,00503.tif,Mask_no_oil/00503.tif,train/masks/No_oil/00503.tif,fa80b82bc6e3a23325a515704dc8f8f0f226acfd9e2a6a68c784165ccf5bf276,f1aa0ad4cbbd93669d577a8d940448dcd5d4aacec3aa613c78b891af8752da34,2048,2048,2,float32+float32,HARD_LINK,NO,
train,No_oil,00466.tif,No_oil/00466.tif,train/images/No_oil/00466.tif,00466.tif,Mask_no_oil/00466.tif,train/masks/No_oil/00466.tif,05e2d24389f84737664f73ba7313c16411c48a4a0dbb3ee26d2d03bc6ffcb39f,f1aa0ad4cbbd93669d577a8d940448dcd5d4aacec3aa613c78b891af8752da34,2048,2048,2,float32+float32,HARD_LINK,NO,
train,No_oil,00432.tif,No_oil/00432.tif,train/images/No_oil/00432.tif,00432.tif,Mask_no_oil/00432.tif,train/masks/No_oil/00432.tif,3eb66ef15487200204b87a16270617d7fd57e85a8b783643b623643fb78c1246,f1aa0ad4cbbd93669d577a8d940448dcd5d4aacec3aa613c78b891af8752da34,2048,2048,2,float32+float32,HARD_LINK,NO,
train,No_oil,00348.tif,No_oil/00348.tif,train/images/No_oil/00348.tif,00348.tif,Mask_no_oil/00348.tif,train/masks/No_oil/00348.tif,4590d847dc27e2661743cdfa96fbf27469d9f60c5bf0611e4fc7784126b053af,f1aa0ad4cbbd93669d577a8d940448dcd5d4aacec3aa613c78b891af8752da34,2048,2048,2,float32+float32,HARD_LINK,NO,
train,No_oil,00509.tif,No_oil/00509.tif,train/images/No_oil/00509.tif,00509.tif,Mask_no_oil/00509.tif,train/masks/No_oil/00509.tif,eb010d8545245410b7f7c6cd9e7c661e8303fb1b593c1671fb3eb08b21ec3c84,f1aa0ad4cbbd93669d577a8d940448dcd5d4aacec3aa613c78b891af8752da34,2048,2048,2,float32+float32,HARD_LINK,NO,
train,No_oil,00330.tif,No_oil/00330.tif,train/images/No_oil/00330.tif,00330.tif,Mask_no_oil/00330.tif,train/masks/No_oil/00330.tif,51d55f79d6c7d6f8b0a0408abd9bd197846ca86ddf52d08d4d4d390d8571d3fc,f1aa0ad4cbbd93669d577a8d940448dcd5d4aacec3aa613c78b891af8752da34,2048,2048,2,float32+float32,HARD_LINK,NO,
train,No_oil,00288.tif,No_oil/00288.tif,train/images/No_oil/00288.tif,00288.tif,Mask_no_oil/00288.tif,train/masks/No_oil/00288.tif,3cfc227f30af7bff69ffd291eb92d9c3fba91d65f7c35fb6cd26db5f407932b3,f1aa0ad4cbbd93669d577a8d940448dcd5d4aacec3aa613c78b891af8752da34,2048,2048,2,float32+float32,HARD_LINK,NO,
train,No_oil,00607.tif,No_oil/00607.tif,train/images/No_oil/00607.tif,00607.tif,Mask_no_oil/00607.tif,train/masks/No_oil/00607.tif,a3f02bfbdbe7362a84b19afb8107bc47f85212a97cf26a8f02fc9900c51172ae,f1aa0ad4cbbd93669d577a8d940448dcd5d4aacec3aa613c78b891af8752da34,2048,2048,2,float32+float32,HARD_LINK,NO,
train,No_oil,00193.tif,No_oil/00193.tif,train/images/No_oil/00193.tif,00193.tif,Mask_no_oil/00193.tif,train/masks/No_oil/00193.tif,982480765f0ce294b271647cf7e6922eee990998a1f32530394962938ad19e78,f1aa0ad4cbbd93669d577a8d940448dcd5d4aacec3aa613c78b891af8752da34,2048,2048,2,float32+float32,HARD_LINK,NO,
train,No_oil,00574.tif,No_oil/00574.tif,train/images/No_oil/00574.tif,00574.tif,Mask_no_oil/00574.tif,train/masks/No_oil/00574.tif,7eb8d9a3f2211fa0cf569704f2d24f479e7d216b564255ebb369fde24aae947f,f1aa0ad4cbbd93669d577a8d940448dcd5d4aacec3aa613c78b891af8752da34,2048,2048,2,float32+float32,HARD_LINK,NO,
train,No_oil,00597.tif,No_oil/00597.tif,train/images/No_oil/00597.tif,00597.tif,Mask_no_oil/00597.tif,train/masks/No_oil/00597.tif,7c72f96df2cd8b05a2815eb0c0ac2d0f88ca66629b46addd8b0bfbe32db95437,f1aa0ad4cbbd93669d577a8d940448dcd5d4aacec3aa613c78b891af8752da34,2048,2048,2,float32+float32,HARD_LINK,NO,
train,No_oil,00273.tif,No_oil/00273.tif,train/images/No_oil/00273.tif,00273.tif,Mask_no_oil/00273.tif,train/masks/No_oil/00273.tif,3a4ee4fccae7312649c93fa96b433afe993b398af14e5ae6d844f565a450fced,f1aa0ad4cbbd93669d577a8d940448dcd5d4aacec3aa613c78b891af8752da34,2048,2048,2,float32+float32,HARD_LINK,NO,
train,No_oil,00197.tif,No_oil/00197.tif,train/images/No_oil/00197.tif,00197.tif,Mask_no_oil/00197.tif,train/masks/No_oil/00197.tif,ce91ff4cb1825a8313aa02295e400e60766aa93d58f09ccdc21f0d7985cec76c,f1aa0ad4cbbd93669d577a8d940448dcd5d4aacec3aa613c78b891af8752da34,2048,2048,2,float32+float32,HARD_LINK,NO,
train,No_oil,00679.tif,No_oil/00679.tif,train/images/No_oil/00679.tif,00679.tif,Mask_no_oil/00679.tif,train/masks/No_oil/00679.tif,5c210e5ed9ea13df47449de7387c9d70518395f2d90a1bff134bc52266afe185,f1aa0ad4cbbd93669d577a8d940448dcd5d4aacec3aa613c78b891af8752da34,2048,2048,2,float32+float32,HARD_LINK,NO,
train,No_oil,00609.tif,No_oil/00609.tif,train/images/No_oil/00609.tif,00609.tif,Mask_no_oil/00609.tif,train/masks/No_oil/00609.tif,f5d4cf303617b244e363bde81ca2bc91f271579d7a086bfce9e9859a083435f5,f1aa0ad4cbbd93669d577a8d940448dcd5d4aacec3aa613c78b891af8752da34,2048,2048,2,float32+float32,HARD_LINK,NO,
train,No_oil,00292.tif,No_oil/00292.tif,train/images/No_oil/00292.tif,00292.tif,Mask_no_oil/00292.tif,train/masks/No_oil/00292.tif,9fd6e548ae6200a58881304a62deff16ae866bb88e0a82f6e80731f6a5e4a137,f1aa0ad4cbbd93669d577a8d940448dcd5d4aacec3aa613c78b891af8752da34,2048,2048,2,float32+float32,HARD_LINK,NO,
train,No_oil,00411.tif,No_oil/00411.tif,train/images/No_oil/00411.tif,00411.tif,Mask_no_oil/00411.tif,train/masks/No_oil/00411.tif,394bf6f2a2f0f9a393ff7da1c486a69ae9ee00d5bbc4f84575237ed27af6625f,f1aa0ad4cbbd93669d577a8d940448dcd5d4aacec3aa613c78b891af8752da34,2048,2048,2,float32+float32,HARD_LINK,NO,
train,No_oil,00456.tif,No_oil/00456.tif,train/images/No_oil/00456.tif,00456.tif,Mask_no_oil/00456.tif,train/masks/No_oil/00456.tif,a1ce39c398fad63d8c1e3b9447299c3e45e68b59454200933d35682e9a444c01,f1aa0ad4cbbd93669d577a8d940448dcd5d4aacec3aa613c78b891af8752da34,2048,2048,2,float32+float32,HARD_LINK,NO,
train,No_oil,00274.tif,No_oil/00274.tif,train/images/No_oil/00274.tif,00274.tif,Mask_no_oil/00274.tif,train/masks/No_oil/00274.tif,b9507b10eca6b4df35db64e5712b3955fe14499e43adaa0b2447285a78cb0e64,f1aa0ad4cbbd93669d577a8d940448dcd5d4aacec3aa613c78b891af8752da34,2048,2048,2,float32+float32,HARD_LINK,NO,
train,No_oil,00297.tif,No_oil/00297.tif,train/images/No_oil/00297.tif,00297.tif,Mask_no_oil/00297.tif,train/masks/No_oil/00297.tif,b306282beb557072488c8423f47b91696770e31acaf908e339b2341742150eb1,f1aa0ad4cbbd93669d577a8d940448dcd5d4aacec3aa613c78b891af8752da34,2048,2048,2,float32+float32,HARD_LINK,NO,
train,No_oil,00044.tif,No_oil/00044.tif,train/images/No_oil/00044.tif,00044.tif,Mask_no_oil/00044.tif,train/masks/No_oil/00044.tif,0d993e7ee3c74eca0910a54407fb06300daf6332272d456eccda67509bcf8170,f1aa0ad4cbbd93669d577a8d940448dcd5d4aacec3aa613c78b891af8752da34,2048,2048,2,float32+float32,HARD_LINK,NO,
train,No_oil,00446.tif,No_oil/00446.tif,train/images/No_oil/00446.tif,00446.tif,Mask_no_oil/00446.tif,train/masks/No_oil/00446.tif,4ca834f5fa959ece796873913e5898e770ca168c54f5c09e8e042662bc1f2d9a,f1aa0ad4cbbd93669d577a8d940448dcd5d4aacec3aa613c78b891af8752da34,2048,2048,2,float32+float32,HARD_LINK,NO,
train,No_oil,00065.tif,No_oil/00065.tif,train/images/No_oil/00065.tif,00065.tif,Mask_no_oil/00065.tif,train/masks/No_oil/00065.tif,a613afce5237b7824aeabe2b69bc6d703e68ce97af916e23c8ce3102f410c5c1,f1aa0ad4cbbd93669d577a8d940448dcd5d4aacec3aa613c78b891af8752da34,2048,2048,2,float32+float32,HARD_LINK,NO,
train,No_oil,00230.tif,No_oil/00230.tif,train/images/No_oil/00230.tif,00230.tif,Mask_no_oil/00230.tif,train/masks/No_oil/00230.tif,889cf1c98d821bb46dff5b91640c58180b203f99db8584cbfcd01984115ce823,f1aa0ad4cbbd93669d577a8d940448dcd5d4aacec3aa613c78b891af8752da34,2048,2048,2,float32+float32,HARD_LINK,NO,
train,No_oil,00328.tif,No_oil/00328.tif,train/images/No_oil/00328.tif,00328.tif,Mask_no_oil/00328.tif,train/masks/No_oil/00328.tif,c0792ec007ac85d3166143c4ddf989481e12b371bad2e9b9dc4f50211d4679b6,f1aa0ad4cbbd93669d577a8d940448dcd5d4aacec3aa613c78b891af8752da34,2048,2048,2,float32+float32,HARD_LINK,NO,
train,No_oil,00060.tif,No_oil/00060.tif,train/images/No_oil/00060.tif,00060.tif,Mask_no_oil/00060.tif,train/masks/No_oil/00060.tif,f5f047c4b37a67435f3459f947b58125816a3f334ea292ffaf078b636833bfdc,f1aa0ad4cbbd93669d577a8d940448dcd5d4aacec3aa613c78b891af8752da34,2048,2048,2,float32+float32,HARD_LINK,NO,
train,No_oil,00469.tif,No_oil/00469.tif,train/images/No_oil/00469.tif,00469.tif,Mask_no_oil/00469.tif,train/masks/No_oil/00469.tif,399590df5be2925c34addb8f0bcd1f7b29aa2ae3a96f07aa16c49e18204c8bd0,f1aa0ad4cbbd93669d577a8d940448dcd5d4aacec3aa613c78b891af8752da34,2048,2048,2,float32+float32,HARD_LINK,NO,
train,No_oil,00208.tif,No_oil/00208.tif,train/images/No_oil/00208.tif,00208.tif,Mask_no_oil/00208.tif,train/masks/No_oil/00208.tif,257e8bb83e549b3e1f78cb6cb2d183c0b07079596834e3e448f8ce36ac9fbcac,f1aa0ad4cbbd93669d577a8d940448dcd5d4aacec3aa613c78b891af8752da34,2048,2048,2,float32+float32,HARD_LINK,NO,
train,No_oil,00165.tif,No_oil/00165.tif,train/images/No_oil/00165.tif,00165.tif,Mask_no_oil/00165.tif,train/masks/No_oil/00165.tif,cbabb32eab380280de1d1b03e430c3c832d066c78037b20f6265992806ed27f8,f1aa0ad4cbbd93669d577a8d940448dcd5d4aacec3aa613c78b891af8752da34,2048,2048,2,float32+float32,HARD_LINK,NO,
train,No_oil,00209.tif,No_oil/00209.tif,train/images/No_oil/00209.tif,00209.tif,Mask_no_oil/00209.tif,train/masks/No_oil/00209.tif,ced91bace19b0d1251208d83b6075ca833ada665c4ac6e108f56ab7982c6ab62,f1aa0ad4cbbd93669d577a8d940448dcd5d4aacec3aa613c78b891af8752da34,2048,2048,2,float32+float32,HARD_LINK,NO,
train,No_oil,00186.tif,No_oil/00186.tif,train/images/No_oil/00186.tif,00186.tif,Mask_no_oil/00186.tif,train/masks/No_oil/00186.tif,48e8a3e4ae8d11119a11f70f5a77cbd97bc44d8de5fb23b3c0a4948d133e1eb9,f1aa0ad4cbbd93669d577a8d940448dcd5d4aacec3aa613c78b891af8752da34,2048,2048,2,float32+float32,HARD_LINK,NO,
train,No_oil,00236.tif,No_oil/00236.tif,train/images/No_oil/00236.tif,00236.tif,Mask_no_oil/00236.tif,train/masks/No_oil/00236.tif,df040c2f07e78e6149a85747f63a57264e92d5c67d59b44e73eb52c943ed10f6,f1aa0ad4cbbd93669d577a8d940448dcd5d4aacec3aa613c78b891af8752da34,2048,2048,2,float32+float32,HARD_LINK,NO,
train,No_oil,00392.tif,No_oil/00392.tif,train/images/No_oil/00392.tif,00392.tif,Mask_no_oil/00392.tif,train/masks/No_oil/00392.tif,b880b626c12c2458fd8394a6e0d5fe65aaec745b29d03ab692aeb91f5142414a,f1aa0ad4cbbd93669d577a8d940448dcd5d4aacec3aa613c78b891af8752da34,2048,2048,2,float32+float32,HARD_LINK,NO,
train,No_oil,00198.tif,No_oil/00198.tif,train/images/No_oil/00198.tif,00198.tif,Mask_no_oil/00198.tif,train/masks/No_oil/00198.tif,d1734b23e20ccbf2b6b668823ef45c2cdf675f7ef94aa31acde11531b989430e,f1aa0ad4cbbd93669d577a8d940448dcd5d4aacec3aa613c78b891af8752da34,2048,2048,2,float32+float32,HARD_LINK,NO,
train,No_oil,00667.tif,No_oil/00667.tif,train/images/No_oil/00667.tif,00667.tif,Mask_no_oil/00667.tif,train/masks/No_oil/00667.tif,418acfb2a8ef0cd04faf7f855f2ba600ce284d612068819cb4b653b3deda9c7b,f1aa0ad4cbbd93669d577a8d940448dcd5d4aacec3aa613c78b891af8752da34,2048,2048,2,float32+float32,HARD_LINK,NO,
train,No_oil,00410.tif,No_oil/00410.tif,train/images/No_oil/00410.tif,00410.tif,Mask_no_oil/00410.tif,train/masks/No_oil/00410.tif,6aae81c0bdc8d7eb7d7696cea190182efd4647257fecc9ca52111290cfd76ab0,f1aa0ad4cbbd93669d577a8d940448dcd5d4aacec3aa613c78b891af8752da34,2048,2048,2,float32+float32,HARD_LINK,NO,
train,No_oil,00244.tif,No_oil/00244.tif,train/images/No_oil/00244.tif,00244.tif,Mask_no_oil/00244.tif,train/masks/No_oil/00244.tif,d12a344db84e87308ffa53aaa88d396c1469d2d68b448b62d87af26d7bc4c5ad,f1aa0ad4cbbd93669d577a8d940448dcd5d4aacec3aa613c78b891af8752da34,2048,2048,2,float32+float32,HARD_LINK,NO,
train,No_oil,00646.tif,No_oil/00646.tif,train/images/No_oil/00646.tif,00646.tif,Mask_no_oil/00646.tif,train/masks/No_oil/00646.tif,6e09b110769a3ea72d49fca99397c3addbc1c3b8c80c5413fec0e840e81fe7e3,f1aa0ad4cbbd93669d577a8d940448dcd5d4aacec3aa613c78b891af8752da34,2048,2048,2,float32+float32,HARD_LINK,NO,
train,No_oil,00029.tif,No_oil/00029.tif,train/images/No_oil/00029.tif,00029.tif,Mask_no_oil/00029.tif,train/masks/No_oil/00029.tif,9282bc452c227f0135743faff2411b1b2a4f7b461208488eb9baf06e717daba8,f1aa0ad4cbbd93669d577a8d940448dcd5d4aacec3aa613c78b891af8752da34,2048,2048,2,float32+float32,HARD_LINK,NO,
train,No_oil,00162.tif,No_oil/00162.tif,train/images/No_oil/00162.tif,00162.tif,Mask_no_oil/00162.tif,train/masks/No_oil/00162.tif,7dd3067c5163c025893d81a33f648c2ad538672def66f5985a9a2f7637f74512,f1aa0ad4cbbd93669d577a8d940448dcd5d4aacec3aa613c78b891af8752da34,2048,2048,2,float32+float32,HARD_LINK,NO,
train,No_oil,00676.tif,No_oil/00676.tif,train/images/No_oil/00676.tif,00676.tif,Mask_no_oil/00676.tif,train/masks/No_oil/00676.tif,30aa535f453c580df476ecb37fdc73325633e286f4f065c2bb072d16a0c5dbb6,f1aa0ad4cbbd93669d577a8d940448dcd5d4aacec3aa613c78b891af8752da34,2048,2048,2,float32+float32,HARD_LINK,NO,
train,No_oil,00019.tif,No_oil/00019.tif,train/images/No_oil/00019.tif,00019.tif,Mask_no_oil/00019.tif,train/masks/No_oil/00019.tif,04409e3a17f3e031c9081184a91240311dfad4353220993dccfd14aea6c9d437,f1aa0ad4cbbd93669d577a8d940448dcd5d4aacec3aa613c78b891af8752da34,2048,2048,2,float32+float32,HARD_LINK,NO,
train,No_oil,00365.tif,No_oil/00365.tif,train/images/No_oil/00365.tif,00365.tif,Mask_no_oil/00365.tif,train/masks/No_oil/00365.tif,6512c33070bfeb314351fb8ebbc22939cf2858a4e49bf19e154f52f81b4268fc,f1aa0ad4cbbd93669d577a8d940448dcd5d4aacec3aa613c78b891af8752da34,2048,2048,2,float32+float32,HARD_LINK,NO,
train,No_oil,00199.tif,No_oil/00199.tif,train/images/No_oil/00199.tif,00199.tif,Mask_no_oil/00199.tif,train/masks/No_oil/00199.tif,5483fdf6f44d6d4d751df10e317e3b30f4a816ad28d0225ffe5110856689d214,f1aa0ad4cbbd93669d577a8d940448dcd5d4aacec3aa613c78b891af8752da34,2048,2048,2,float32+float32,HARD_LINK,NO,
train,No_oil,00085.tif,No_oil/00085.tif,train/images/No_oil/00085.tif,00085.tif,Mask_no_oil/00085.tif,train/masks/No_oil/00085.tif,b4b43fc68d2e4d80e9a04b15a1a8cdafa240316e9f27400a6d8b32b77f8e4ef9,f1aa0ad4cbbd93669d577a8d940448dcd5d4aacec3aa613c78b891af8752da34,2048,2048,2,float32+float32,HARD_LINK,NO,
train,No_oil,00448.tif,No_oil/00448.tif,train/images/No_oil/00448.tif,00448.tif,Mask_no_oil/00448.tif,train/masks/No_oil/00448.tif,c6d36cc85fd21e40ee28b24f7a66eb1fe8af4d1e2069f321a46714eef6c58f38,f1aa0ad4cbbd93669d577a8d940448dcd5d4aacec3aa613c78b891af8752da34,2048,2048,2,float32+float32,HARD_LINK,NO,
train,No_oil,00086.tif,No_oil/00086.tif,train/images/No_oil/00086.tif,00086.tif,Mask_no_oil/00086.tif,train/masks/No_oil/00086.tif,d89d45b3de2825ab982eb86cc710944be616216b7a8c7418aa3521b44ae46e13,f1aa0ad4cbbd93669d577a8d940448dcd5d4aacec3aa613c78b891af8752da34,2048,2048,2,float32+float32,HARD_LINK,NO,
train,No_oil,00547.tif,No_oil/00547.tif,train/images/No_oil/00547.tif,00547.tif,Mask_no_oil/00547.tif,train/masks/No_oil/00547.tif,48bb26fc23cef5cd87f4c93013ed2f2cf285df152f6d17529c0ff0f79ba52e5e,f1aa0ad4cbbd93669d577a8d940448dcd5d4aacec3aa613c78b891af8752da34,2048,2048,2,float32+float32,HARD_LINK,NO,
train,No_oil,00327.tif,No_oil/00327.tif,train/images/No_oil/00327.tif,00327.tif,Mask_no_oil/00327.tif,train/masks/No_oil/00327.tif,1d93e44631592587f084db451c5837a8d9dbe8d6e5204c97367b5d8de36e26b6,f1aa0ad4cbbd93669d577a8d940448dcd5d4aacec3aa613c78b891af8752da34,2048,2048,2,float32+float32,HARD_LINK,NO,
train,No_oil,00556.tif,No_oil/00556.tif,train/images/No_oil/00556.tif,00556.tif,Mask_no_oil/00556.tif,train/masks/No_oil/00556.tif,493b4625d015978a56853badb5aeb2471250e1cb3d378a93c3247c36af8e3fa0,f1aa0ad4cbbd93669d577a8d940448dcd5d4aacec3aa613c78b891af8752da34,2048,2048,2,float32+float32,HARD_LINK,NO,
train,No_oil,00604.tif,No_oil/00604.tif,train/images/No_oil/00604.tif,00604.tif,Mask_no_oil/00604.tif,train/masks/No_oil/00604.tif,f714e5ade5b6814aed183c5f225942e86ccd326a1340f2039c44a0f8c1071c03,f1aa0ad4cbbd93669d577a8d940448dcd5d4aacec3aa613c78b891af8752da34,2048,2048,2,float32+float32,HARD_LINK,NO,
train,No_oil,00634.tif,No_oil/00634.tif,train/images/No_oil/00634.tif,00634.tif,Mask_no_oil/00634.tif,train/masks/No_oil/00634.tif,e83a94a8779cbc9c9c6f712e812438f5660ca841b1b531ef547deff784d1108e,f1aa0ad4cbbd93669d577a8d940448dcd5d4aacec3aa613c78b891af8752da34,2048,2048,2,float32+float32,HARD_LINK,NO,
train,No_oil,00347.tif,No_oil/00347.tif,train/images/No_oil/00347.tif,00347.tif,Mask_no_oil/00347.tif,train/masks/No_oil/00347.tif,8895ff968e09789d8f53561b4f3e49d36fadcbd030597533f1ea353e3256008f,f1aa0ad4cbbd93669d577a8d940448dcd5d4aacec3aa613c78b891af8752da34,2048,2048,2,float32+float32,HARD_LINK,NO,
train,No_oil,00681.tif,No_oil/00681.tif,train/images/No_oil/00681.tif,00681.tif,Mask_no_oil/00681.tif,train/masks/No_oil/00681.tif,69207eb2a4822327a7e816e37a4928c07968ba01d58477c45e926263ba186fdf,f1aa0ad4cbbd93669d577a8d940448dcd5d4aacec3aa613c78b891af8752da34,2048,2048,2,float32+float32,HARD_LINK,NO,
train,No_oil,00124.tif,No_oil/00124.tif,train/images/No_oil/00124.tif,00124.tif,Mask_no_oil/00124.tif,train/masks/No_oil/00124.tif,7bbdbfa9013c5eba4b50dfc3bc0045af41debf37b1ce9ab177528735c3ea6c9a,f1aa0ad4cbbd93669d577a8d940448dcd5d4aacec3aa613c78b891af8752da34,2048,2048,2,float32+float32,HARD_LINK,NO,
train,No_oil,00054.tif,No_oil/00054.tif,train/images/No_oil/00054.tif,00054.tif,Mask_no_oil/00054.tif,train/masks/No_oil/00054.tif,31f4ef7c18ac03331ddf9e37b60fdc053d616b55a15f3117fcfe0487d86c1471,f1aa0ad4cbbd93669d577a8d940448dcd5d4aacec3aa613c78b891af8752da34,2048,2048,2,float32+float32,HARD_LINK,NO,
train,No_oil,00277.tif,No_oil/00277.tif,train/images/No_oil/00277.tif,00277.tif,Mask_no_oil/00277.tif,train/masks/No_oil/00277.tif,0ab64d558b43ce9214bac98eb7b01ba978e0f4d7be3565e0b448434e9dc938e5,f1aa0ad4cbbd93669d577a8d940448dcd5d4aacec3aa613c78b891af8752da34,2048,2048,2,float32+float32,HARD_LINK,NO,
train,No_oil,00045.tif,No_oil/00045.tif,train/images/No_oil/00045.tif,00045.tif,Mask_no_oil/00045.tif,train/masks/No_oil/00045.tif,103d0cf21d3154689d1c4b57e70556ec6b2a5f6df6cc1e2d7d3593601c1ebf15,f1aa0ad4cbbd93669d577a8d940448dcd5d4aacec3aa613c78b891af8752da34,2048,2048,2,float32+float32,HARD_LINK,NO,
train,No_oil,00500.tif,No_oil/00500.tif,train/images/No_oil/00500.tif,00500.tif,Mask_no_oil/00500.tif,train/masks/No_oil/00500.tif,835119b8f646b8bb05d9d9e9cdf1708e8b0c0285ad91d456ab4c55f357ab31df,f1aa0ad4cbbd93669d577a8d940448dcd5d4aacec3aa613c78b891af8752da34,2048,2048,2,float32+float32,HARD_LINK,NO,
train,No_oil,00275.tif,No_oil/00275.tif,train/images/No_oil/00275.tif,00275.tif,Mask_no_oil/00275.tif,train/masks/No_oil/00275.tif,7e682efd7c2d80c4e82fd5ac9d7e488195dcde76956fcb55ab0ba1ca12f9591f,f1aa0ad4cbbd93669d577a8d940448dcd5d4aacec3aa613c78b891af8752da34,2048,2048,2,float32+float32,HARD_LINK,NO,
train,No_oil,00087.tif,No_oil/00087.tif,train/images/No_oil/00087.tif,00087.tif,Mask_no_oil/00087.tif,train/masks/No_oil/00087.tif,e9bd7a8ad041d79c4f1f842c75011e0e8603cb95c7ff961aa5c94e6738d9cc60,f1aa0ad4cbbd93669d577a8d940448dcd5d4aacec3aa613c78b891af8752da34,2048,2048,2,float32+float32,HARD_LINK,NO,
train,No_oil,00332.tif,No_oil/00332.tif,train/images/No_oil/00332.tif,00332.tif,Mask_no_oil/00332.tif,train/masks/No_oil/00332.tif,a367573f8e1d08ca9c32ca7e679470be0a24328ec737c184ede7163ee4a829fc,f1aa0ad4cbbd93669d577a8d940448dcd5d4aacec3aa613c78b891af8752da34,2048,2048,2,float32+float32,HARD_LINK,NO,
train,No_oil,00010.tif,No_oil/00010.tif,train/images/No_oil/00010.tif,00010.tif,Mask_no_oil/00010.tif,train/masks/No_oil/00010.tif,9d910e65c931213f9ce6d6fe169cdd780ef68ddc80ce31ee8f2c414b088f15de,f1aa0ad4cbbd93669d577a8d940448dcd5d4aacec3aa613c78b891af8752da34,2048,2048,2,float32+float32,HARD_LINK,NO,
train,No_oil,00537.tif,No_oil/00537.tif,train/images/No_oil/00537.tif,00537.tif,Mask_no_oil/00537.tif,train/masks/No_oil/00537.tif,2a95057ec34c3863f45d2cec6e75e8f49aa4d46d1a1bac19d0897df978f55b01,f1aa0ad4cbbd93669d577a8d940448dcd5d4aacec3aa613c78b891af8752da34,2048,2048,2,float32+float32,HARD_LINK,NO,
train,No_oil,00312.tif,No_oil/00312.tif,train/images/No_oil/00312.tif,00312.tif,Mask_no_oil/00312.tif,train/masks/No_oil/00312.tif,770fc56619291e740f7d58992fb2fe86db508c46796505ac2fd85cb000c81c1a,f1aa0ad4cbbd93669d577a8d940448dcd5d4aacec3aa613c78b891af8752da34,2048,2048,2,float32+float32,HARD_LINK,NO,
train,No_oil,00490.tif,No_oil/00490.tif,train/images/No_oil/00490.tif,00490.tif,Mask_no_oil/00490.tif,train/masks/No_oil/00490.tif,1f6d98241e2629b41eb5c9ef898e36a379366355847ac0fe45090e0404846667,f1aa0ad4cbbd93669d577a8d940448dcd5d4aacec3aa613c78b891af8752da34,2048,2048,2,float32+float32,HARD_LINK,NO,
train,No_oil,00213.tif,No_oil/00213.tif,train/images/No_oil/00213.tif,00213.tif,Mask_no_oil/00213.tif,train/masks/No_oil/00213.tif,f34290d32687ff07bcfa26e05a9618226137738c8e355f568ffa8200d6d5cf86,f1aa0ad4cbbd93669d577a8d940448dcd5d4aacec3aa613c78b891af8752da34,2048,2048,2,float32+float32,HARD_LINK,NO,
train,No_oil,00207.tif,No_oil/00207.tif,train/images/No_oil/00207.tif,00207.tif,Mask_no_oil/00207.tif,train/masks/No_oil/00207.tif,c6e12e9f224032388de5d81b6be3526b66e5daa834ce0d09cb4b822e21ac72dd,f1aa0ad4cbbd93669d577a8d940448dcd5d4aacec3aa613c78b891af8752da34,2048,2048,2,float32+float32,HARD_LINK,NO,
train,No_oil,00370.tif,No_oil/00370.tif,train/images/No_oil/00370.tif,00370.tif,Mask_no_oil/00370.tif,train/masks/No_oil/00370.tif,9e401995b110d8de1f098ed7a3830deb82df1520da39e9b66fe03db9652611e7,f1aa0ad4cbbd93669d577a8d940448dcd5d4aacec3aa613c78b891af8752da34,2048,2048,2,float32+float32,HARD_LINK,NO,
train,No_oil,00422.tif,No_oil/00422.tif,train/images/No_oil/00422.tif,00422.tif,Mask_no_oil/00422.tif,train/masks/No_oil/00422.tif,bd57b8666cacaf17d29b96feb4ca28c56195d381a016e2e17658fc8636ef807f,f1aa0ad4cbbd93669d577a8d940448dcd5d4aacec3aa613c78b891af8752da34,2048,2048,2,float32+float32,HARD_LINK,NO,
train,No_oil,00039.tif,No_oil/00039.tif,train/images/No_oil/00039.tif,00039.tif,Mask_no_oil/00039.tif,train/masks/No_oil/00039.tif,1a3441fd099f744485aa8c65bb24f348c5c2ca772f8fcb5344a4a178737d5d9a,f1aa0ad4cbbd93669d577a8d940448dcd5d4aacec3aa613c78b891af8752da34,2048,2048,2,float32+float32,HARD_LINK,NO,
train,No_oil,00643.tif,No_oil/00643.tif,train/images/No_oil/00643.tif,00643.tif,Mask_no_oil/00643.tif,train/masks/No_oil/00643.tif,43fbdb9f2fd1ae1203834ca7a96ca7fb49ef4515faa89440d9aeac23dbb85a63,f1aa0ad4cbbd93669d577a8d940448dcd5d4aacec3aa613c78b891af8752da34,2048,2048,2,float32+float32,HARD_LINK,NO,
train,No_oil,00678.tif,No_oil/00678.tif,train/images/No_oil/00678.tif,00678.tif,Mask_no_oil/00678.tif,train/masks/No_oil/00678.tif,083dc4843da4f9b69477fed20d9af538f77878e2caf9d798a8e8306c10db73e9,f1aa0ad4cbbd93669d577a8d940448dcd5d4aacec3aa613c78b891af8752da34,2048,2048,2,float32+float32,HARD_LINK,NO,
train,No_oil,00223.tif,No_oil/00223.tif,train/images/No_oil/00223.tif,00223.tif,Mask_no_oil/00223.tif,train/masks/No_oil/00223.tif,79b387bd84b46893fde73f8ca643a6de364cbe3231045c79a5b0fba756c75814,f1aa0ad4cbbd93669d577a8d940448dcd5d4aacec3aa613c78b891af8752da34,2048,2048,2,float32+float32,HARD_LINK,NO,
train,No_oil,00539.tif,No_oil/00539.tif,train/images/No_oil/00539.tif,00539.tif,Mask_no_oil/00539.tif,train/masks/No_oil/00539.tif,b3e1ad153bf36d961db3cc5dad947c84acb59e86e44d6e73edea932c7f8a2f98,f1aa0ad4cbbd93669d577a8d940448dcd5d4aacec3aa613c78b891af8752da34,2048,2048,2,float32+float32,HARD_LINK,NO,
train,No_oil,00663.tif,No_oil/00663.tif,train/images/No_oil/00663.tif,00663.tif,Mask_no_oil/00663.tif,train/masks/No_oil/00663.tif,09455880b131900c23d166bf4beda7b9d2aaf1b8ef719df2498f368f94460cfc,f1aa0ad4cbbd93669d577a8d940448dcd5d4aacec3aa613c78b891af8752da34,2048,2048,2,float32+float32,HARD_LINK,NO,
train,No_oil,00036.tif,No_oil/00036.tif,train/images/No_oil/00036.tif,00036.tif,Mask_no_oil/00036.tif,train/masks/No_oil/00036.tif,3334d71f47b03b83e4b79c04d329fd6d9382d276c7d1904ae72fb03045c788f0,f1aa0ad4cbbd93669d577a8d940448dcd5d4aacec3aa613c78b891af8752da34,2048,2048,2,float32+float32,HARD_LINK,NO,
train,No_oil,00396.tif,No_oil/00396.tif,train/images/No_oil/00396.tif,00396.tif,Mask_no_oil/00396.tif,train/masks/No_oil/00396.tif,bb3be67282007c096ed6fd737627ac0694ae6e5f37f8d3ef9f7231ea487f6814,f1aa0ad4cbbd93669d577a8d940448dcd5d4aacec3aa613c78b891af8752da34,2048,2048,2,float32+float32,HARD_LINK,NO,
train,No_oil,00523.tif,No_oil/00523.tif,train/images/No_oil/00523.tif,00523.tif,Mask_no_oil/00523.tif,train/masks/No_oil/00523.tif,35d0cb506e92dd5410f7c4155bf41a0929af98c0c517c563a0c9689a6428cf78,f1aa0ad4cbbd93669d577a8d940448dcd5d4aacec3aa613c78b891af8752da34,2048,2048,2,float32+float32,HARD_LINK,NO,
train,No_oil,00610.tif,No_oil/00610.tif,train/images/No_oil/00610.tif,00610.tif,Mask_no_oil/00610.tif,train/masks/No_oil/00610.tif,fafb7a2d8c567a866414e402f149723e4d4266d69b0368bdcbba5fc2b134cd29,f1aa0ad4cbbd93669d577a8d940448dcd5d4aacec3aa613c78b891af8752da34,2048,2048,2,float32+float32,HARD_LINK,NO,
train,No_oil,00272.tif,No_oil/00272.tif,train/images/No_oil/00272.tif,00272.tif,Mask_no_oil/00272.tif,train/masks/No_oil/00272.tif,afaec93334d6e0b30952e43b421e134be1b1dfcd3060ed3f7d3a75ea6329dec2,f1aa0ad4cbbd93669d577a8d940448dcd5d4aacec3aa613c78b891af8752da34,2048,2048,2,float32+float32,HARD_LINK,NO,
train,No_oil,00545.tif,No_oil/00545.tif,train/images/No_oil/00545.tif,00545.tif,Mask_no_oil/00545.tif,train/masks/No_oil/00545.tif,a4b260b9dd8740d7537dfe8982ccb24339506e6b889c58c232a8d50981b20194,f1aa0ad4cbbd93669d577a8d940448dcd5d4aacec3aa613c78b891af8752da34,2048,2048,2,float32+float32,HARD_LINK,NO,
train,No_oil,00445.tif,No_oil/00445.tif,train/images/No_oil/00445.tif,00445.tif,Mask_no_oil/00445.tif,train/masks/No_oil/00445.tif,a43d11e988a55b5bde0443781332cf4af837657d7f886c56c027b5a69846f867,f1aa0ad4cbbd93669d577a8d940448dcd5d4aacec3aa613c78b891af8752da34,2048,2048,2,float32+float32,HARD_LINK,NO,
train,No_oil,00089.tif,No_oil/00089.tif,train/images/No_oil/00089.tif,00089.tif,Mask_no_oil/00089.tif,train/masks/No_oil/00089.tif,863fe14734c1be904936fd37da51bade5ce6b9b9bd89f5a8fbfda2507ff4484d,f1aa0ad4cbbd93669d577a8d940448dcd5d4aacec3aa613c78b891af8752da34,2048,2048,2,float32+float32,HARD_LINK,NO,
train,No_oil,00368.tif,No_oil/00368.tif,train/images/No_oil/00368.tif,00368.tif,Mask_no_oil/00368.tif,train/masks/No_oil/00368.tif,85077b8b5266f1d89c4a101d2abc452141c70e57f337bed530b27bda945d6119,f1aa0ad4cbbd93669d577a8d940448dcd5d4aacec3aa613c78b891af8752da34,2048,2048,2,float32+float32,HARD_LINK,NO,
train,No_oil,00254.tif,No_oil/00254.tif,train/images/No_oil/00254.tif,00254.tif,Mask_no_oil/00254.tif,train/masks/No_oil/00254.tif,0d13713dab8ce11257e030c9de321a51627f03076cb9990a267964169fa9ab36,f1aa0ad4cbbd93669d577a8d940448dcd5d4aacec3aa613c78b891af8752da34,2048,2048,2,float32+float32,HARD_LINK,NO,
train,No_oil,00458.tif,No_oil/00458.tif,train/images/No_oil/00458.tif,00458.tif,Mask_no_oil/00458.tif,train/masks/No_oil/00458.tif,9fffeed5aeecbf411b4721955e76cecfe64626e537580c3653b6e7b55729230c,f1aa0ad4cbbd93669d577a8d940448dcd5d4aacec3aa613c78b891af8752da34,2048,2048,2,float32+float32,HARD_LINK,NO,
train,No_oil,00061.tif,No_oil/00061.tif,train/images/No_oil/00061.tif,00061.tif,Mask_no_oil/00061.tif,train/masks/No_oil/00061.tif,bb9209051064fee66f5846726372260c12a8e570e85bf58c41a30d8a86fa6009,f1aa0ad4cbbd93669d577a8d940448dcd5d4aacec3aa613c78b891af8752da34,2048,2048,2,float32+float32,HARD_LINK,NO,
train,No_oil,00167.tif,No_oil/00167.tif,train/images/No_oil/00167.tif,00167.tif,Mask_no_oil/00167.tif,train/masks/No_oil/00167.tif,91b3a2b83950cab46bd9f2888db19ba098a346d9edf3c5031b816b5e247351ed,f1aa0ad4cbbd93669d577a8d940448dcd5d4aacec3aa613c78b891af8752da34,2048,2048,2,float32+float32,HARD_LINK,NO,
train,No_oil,00525.tif,No_oil/00525.tif,train/images/No_oil/00525.tif,00525.tif,Mask_no_oil/00525.tif,train/masks/No_oil/00525.tif,2ea374ef524ed955fbd39a4c6e6876f88c664423ec9c45a557932f10efbe9e3c,f1aa0ad4cbbd93669d577a8d940448dcd5d4aacec3aa613c78b891af8752da34,2048,2048,2,float32+float32,HARD_LINK,NO,
train,No_oil,00420.tif,No_oil/00420.tif,train/images/No_oil/00420.tif,00420.tif,Mask_no_oil/00420.tif,train/masks/No_oil/00420.tif,475dcbfe9e639c461439f0fb7b8740218e553c8d532140c7a569be0d72281a2b,f1aa0ad4cbbd93669d577a8d940448dcd5d4aacec3aa613c78b891af8752da34,2048,2048,2,float32+float32,HARD_LINK,NO,
train,No_oil,00533.tif,No_oil/00533.tif,train/images/No_oil/00533.tif,00533.tif,Mask_no_oil/00533.tif,train/masks/No_oil/00533.tif,c6a636b2526e62f4e0ff2c3814d4b59e5c95fdb1d94c95f76239a76eb52da9aa,f1aa0ad4cbbd93669d577a8d940448dcd5d4aacec3aa613c78b891af8752da34,2048,2048,2,float32+float32,HARD_LINK,NO,
train,No_oil,00383.tif,No_oil/00383.tif,train/images/No_oil/00383.tif,00383.tif,Mask_no_oil/00383.tif,train/masks/No_oil/00383.tif,3f21aa9d4131d03668e8c0d1a867a6730df072aa28efe49d0cbdbb8e1d54cdeb,f1aa0ad4cbbd93669d577a8d940448dcd5d4aacec3aa613c78b891af8752da34,2048,2048,2,float32+float32,HARD_LINK,NO,
train,No_oil,00613.tif,No_oil/00613.tif,train/images/No_oil/00613.tif,00613.tif,Mask_no_oil/00613.tif,train/masks/No_oil/00613.tif,480c73a110150ad935afb8cd1cae200d5f8b6f33363d01666eb6662699150499,f1aa0ad4cbbd93669d577a8d940448dcd5d4aacec3aa613c78b891af8752da34,2048,2048,2,float32+float32,HARD_LINK,NO,
train,No_oil,00104.tif,No_oil/00104.tif,train/images/No_oil/00104.tif,00104.tif,Mask_no_oil/00104.tif,train/masks/No_oil/00104.tif,8abc47fae3bc87e6e8113e0cbc2b7ce884cb3d75b6269d382da8db6bcc78b8e8,f1aa0ad4cbbd93669d577a8d940448dcd5d4aacec3aa613c78b891af8752da34,2048,2048,2,float32+float32,HARD_LINK,NO,
train,No_oil,00352.tif,No_oil/00352.tif,train/images/No_oil/00352.tif,00352.tif,Mask_no_oil/00352.tif,train/masks/No_oil/00352.tif,6c3d11ada026b9c778aa5007949c841729d96970da0e0380127c608a2d8857e2,f1aa0ad4cbbd93669d577a8d940448dcd5d4aacec3aa613c78b891af8752da34,2048,2048,2,float32+float32,HARD_LINK,NO,
train,No_oil,00028.tif,No_oil/00028.tif,train/images/No_oil/00028.tif,00028.tif,Mask_no_oil/00028.tif,train/masks/No_oil/00028.tif,e936f5c93f3d9eb920e51a8b102cafb8df2939b280b4f8d4ec8d27b948553fc5,f1aa0ad4cbbd93669d577a8d940448dcd5d4aacec3aa613c78b891af8752da34,2048,2048,2,float32+float32,HARD_LINK,NO,
train,No_oil,00202.tif,No_oil/00202.tif,train/images/No_oil/00202.tif,00202.tif,Mask_no_oil/00202.tif,train/masks/No_oil/00202.tif,812ed96db121b248ab67401496203616ef5e4d5b34f24587ea06976e2449f525,f1aa0ad4cbbd93669d577a8d940448dcd5d4aacec3aa613c78b891af8752da34,2048,2048,2,float32+float32,HARD_LINK,NO,
train,No_oil,00521.tif,No_oil/00521.tif,train/images/No_oil/00521.tif,00521.tif,Mask_no_oil/00521.tif,train/masks/No_oil/00521.tif,fc31823aae45456bbb434dd7722b702e853a79f7096415933968a9a707b307cb,f1aa0ad4cbbd93669d577a8d940448dcd5d4aacec3aa613c78b891af8752da34,2048,2048,2,float32+float32,HARD_LINK,NO,
train,No_oil,00023.tif,No_oil/00023.tif,train/images/No_oil/00023.tif,00023.tif,Mask_no_oil/00023.tif,train/masks/No_oil/00023.tif,68cef66ca5192b54f2adc3f43e5763bab054792d6fcddc7a88fab7ad47d0f5a3,f1aa0ad4cbbd93669d577a8d940448dcd5d4aacec3aa613c78b891af8752da34,2048,2048,2,float32+float32,HARD_LINK,NO,
train,No_oil,00157.tif,No_oil/00157.tif,train/images/No_oil/00157.tif,00157.tif,Mask_no_oil/00157.tif,train/masks/No_oil/00157.tif,ba01743e74370860be1e78007c8b37745b858185608b6e827a1bb8407065e891,f1aa0ad4cbbd93669d577a8d940448dcd5d4aacec3aa613c78b891af8752da34,2048,2048,2,float32+float32,HARD_LINK,NO,
train,No_oil,00507.tif,No_oil/00507.tif,train/images/No_oil/00507.tif,00507.tif,Mask_no_oil/00507.tif,train/masks/No_oil/00507.tif,fd0ae8e747e7dbe58b8caa12779bf6003f3da2a3b05cabe9111d53bc24a8ee91,f1aa0ad4cbbd93669d577a8d940448dcd5d4aacec3aa613c78b891af8752da34,2048,2048,2,float32+float32,HARD_LINK,NO,
train,No_oil,00536.tif,No_oil/00536.tif,train/images/No_oil/00536.tif,00536.tif,Mask_no_oil/00536.tif,train/masks/No_oil/00536.tif,840a6ad0c125d02887246b1a06623f3025b9e8cdd5da112574e4878127bcb30a,f1aa0ad4cbbd93669d577a8d940448dcd5d4aacec3aa613c78b891af8752da34,2048,2048,2,float32+float32,HARD_LINK,NO,
train,No_oil,00498.tif,No_oil/00498.tif,train/images/No_oil/00498.tif,00498.tif,Mask_no_oil/00498.tif,train/masks/No_oil/00498.tif,967165497a98cc1f75355e7a7f1fc2802c3fb856e0c1bd2b85b92b165c191847,f1aa0ad4cbbd93669d577a8d940448dcd5d4aacec3aa613c78b891af8752da34,2048,2048,2,float32+float32,HARD_LINK,NO,
train,No_oil,00145.tif,No_oil/00145.tif,train/images/No_oil/00145.tif,00145.tif,Mask_no_oil/00145.tif,train/masks/No_oil/00145.tif,e3493e3102c5056514b081703cb3d111f7ef28d9adb1ac6b046e0528ea595b12,f1aa0ad4cbbd93669d577a8d940448dcd5d4aacec3aa613c78b891af8752da34,2048,2048,2,float32+float32,HARD_LINK,NO,
train,No_oil,00056.tif,No_oil/00056.tif,train/images/No_oil/00056.tif,00056.tif,Mask_no_oil/00056.tif,train/masks/No_oil/00056.tif,94ad59fdb091231c12046b9abc25e0527368c2a494ecce07b45444c1b9648e92,f1aa0ad4cbbd93669d577a8d940448dcd5d4aacec3aa613c78b891af8752da34,2048,2048,2,float32+float32,HARD_LINK,NO,
train,No_oil,00435.tif,No_oil/00435.tif,train/images/No_oil/00435.tif,00435.tif,Mask_no_oil/00435.tif,train/masks/No_oil/00435.tif,3de0a58abd3f4790a89730c3c308bac16736df1e9f1d405e9ce7e06889300d5b,f1aa0ad4cbbd93669d577a8d940448dcd5d4aacec3aa613c78b891af8752da34,2048,2048,2,float32+float32,HARD_LINK,NO,
train,No_oil,00176.tif,No_oil/00176.tif,train/images/No_oil/00176.tif,00176.tif,Mask_no_oil/00176.tif,train/masks/No_oil/00176.tif,9c01fb77d436fa61055b1b9382efef4ce7947f83138e01db47108d8c2478449f,f1aa0ad4cbbd93669d577a8d940448dcd5d4aacec3aa613c78b891af8752da34,2048,2048,2,float32+float32,HARD_LINK,NO,
train,No_oil,00603.tif,No_oil/00603.tif,train/images/No_oil/00603.tif,00603.tif,Mask_no_oil/00603.tif,train/masks/No_oil/00603.tif,7878ac891c1223b5c52bda9b3224318d1c46c3fb84e9b518f75218ae4ae54a66,f1aa0ad4cbbd93669d577a8d940448dcd5d4aacec3aa613c78b891af8752da34,2048,2048,2,float32+float32,HARD_LINK,NO,
train,No_oil,00499.tif,No_oil/00499.tif,train/images/No_oil/00499.tif,00499.tif,Mask_no_oil/00499.tif,train/masks/No_oil/00499.tif,febfd740401bac62864054152747a8b724ac69cc26abd82e7de63f42dae41d89,f1aa0ad4cbbd93669d577a8d940448dcd5d4aacec3aa613c78b891af8752da34,2048,2048,2,float32+float32,HARD_LINK,NO,
train,No_oil,00395.tif,No_oil/00395.tif,train/images/No_oil/00395.tif,00395.tif,Mask_no_oil/00395.tif,train/masks/No_oil/00395.tif,81fe2650f3a133e08a97dbf64b58fd7a41b019ba8e18f1b3c889f9ad73a330e7,f1aa0ad4cbbd93669d577a8d940448dcd5d4aacec3aa613c78b891af8752da34,2048,2048,2,float32+float32,HARD_LINK,NO,
train,No_oil,00322.tif,No_oil/00322.tif,train/images/No_oil/00322.tif,00322.tif,Mask_no_oil/00322.tif,train/masks/No_oil/00322.tif,34f0c25b328b4880ca2d968f7977022c5eecc11c618e6edbdafe28d0275178a8,f1aa0ad4cbbd93669d577a8d940448dcd5d4aacec3aa613c78b891af8752da34,2048,2048,2,float32+float32,HARD_LINK,NO,
train,No_oil,00427.tif,No_oil/00427.tif,train/images/No_oil/00427.tif,00427.tif,Mask_no_oil/00427.tif,train/masks/No_oil/00427.tif,6cf921bbad51e0c74508615b7c34f15a8b0adfadf2713dfb609e42685d2621f6,f1aa0ad4cbbd93669d577a8d940448dcd5d4aacec3aa613c78b891af8752da34,2048,2048,2,float32+float32,HARD_LINK,NO,
train,No_oil,00321.tif,No_oil/00321.tif,train/images/No_oil/00321.tif,00321.tif,Mask_no_oil/00321.tif,train/masks/No_oil/00321.tif,3fe702a4f89f53c25d20f9f8617ef259ef5514a7883d223d83bdc854d2a5162d,f1aa0ad4cbbd93669d577a8d940448dcd5d4aacec3aa613c78b891af8752da34,2048,2048,2,float32+float32,HARD_LINK,NO,
train,No_oil,00310.tif,No_oil/00310.tif,train/images/No_oil/00310.tif,00310.tif,Mask_no_oil/00310.tif,train/masks/No_oil/00310.tif,d1cc4c586e4cdd0435b81eded56c69c2bf268fe8e27648c548c7b5e58977bd47,f1aa0ad4cbbd93669d577a8d940448dcd5d4aacec3aa613c78b891af8752da34,2048,2048,2,float32+float32,HARD_LINK,NO,
train,No_oil,00248.tif,No_oil/00248.tif,train/images/No_oil/00248.tif,00248.tif,Mask_no_oil/00248.tif,train/masks/No_oil/00248.tif,fa9b091548a5debc9c4fbc6fb1d26e3536eb124147ea04fa27d9be2a333f0529,f1aa0ad4cbbd93669d577a8d940448dcd5d4aacec3aa613c78b891af8752da34,2048,2048,2,float32+float32,HARD_LINK,NO,
train,No_oil,00540.tif,No_oil/00540.tif,train/images/No_oil/00540.tif,00540.tif,Mask_no_oil/00540.tif,train/masks/No_oil/00540.tif,1372258db4b57fdf6d10e48439841d11f414940378f34396d3a74426c6a3e3ab,f1aa0ad4cbbd93669d577a8d940448dcd5d4aacec3aa613c78b891af8752da34,2048,2048,2,float32+float32,HARD_LINK,NO,
train,No_oil,00585.tif,No_oil/00585.tif,train/images/No_oil/00585.tif,00585.tif,Mask_no_oil/00585.tif,train/masks/No_oil/00585.tif,8be0587229cc0102027823499142cce00a2eeb5183de729cda5d80efe265c969,f1aa0ad4cbbd93669d577a8d940448dcd5d4aacec3aa613c78b891af8752da34,2048,2048,2,float32+float32,HARD_LINK,NO,
train,No_oil,00356.tif,No_oil/00356.tif,train/images/No_oil/00356.tif,00356.tif,Mask_no_oil/00356.tif,train/masks/No_oil/00356.tif,d283b250a0924f71645469d161fda88e00a2787a8a53969a046324ebfa34c5fe,f1aa0ad4cbbd93669d577a8d940448dcd5d4aacec3aa613c78b891af8752da34,2048,2048,2,float32+float32,HARD_LINK,NO,
train,No_oil,00665.tif,No_oil/00665.tif,train/images/No_oil/00665.tif,00665.tif,Mask_no_oil/00665.tif,train/masks/No_oil/00665.tif,ec2f61fc631940bafb5d369dd669e0cb382df7234ac9236ddbde5725d1915393,f1aa0ad4cbbd93669d577a8d940448dcd5d4aacec3aa613c78b891af8752da34,2048,2048,2,float32+float32,HARD_LINK,NO,
train,No_oil,00588.tif,No_oil/00588.tif,train/images/No_oil/00588.tif,00588.tif,Mask_no_oil/00588.tif,train/masks/No_oil/00588.tif,6e04e9484c3afbeb39228e86abe6230de78163f16a917d076a2f080840662cfa,f1aa0ad4cbbd93669d577a8d940448dcd5d4aacec3aa613c78b891af8752da34,2048,2048,2,float32+float32,HARD_LINK,NO,
train,No_oil,00633.tif,No_oil/00633.tif,train/images/No_oil/00633.tif,00633.tif,Mask_no_oil/00633.tif,train/masks/No_oil/00633.tif,ac358754d05b742ce2d3bc67f267a9f82ae150cffeb87fa15f7f4bc995738e3d,f1aa0ad4cbbd93669d577a8d940448dcd5d4aacec3aa613c78b891af8752da34,2048,2048,2,float32+float32,HARD_LINK,NO,
train,No_oil,00441.tif,No_oil/00441.tif,train/images/No_oil/00441.tif,00441.tif,Mask_no_oil/00441.tif,train/masks/No_oil/00441.tif,6f564de263803c4f6bc648aabe13cb0d6a5465f3bf60d1638082577c54d61009,f1aa0ad4cbbd93669d577a8d940448dcd5d4aacec3aa613c78b891af8752da34,2048,2048,2,float32+float32,HARD_LINK,NO,
train,No_oil,00382.tif,No_oil/00382.tif,train/images/No_oil/00382.tif,00382.tif,Mask_no_oil/00382.tif,train/masks/No_oil/00382.tif,7c3d84978dbb881a855407f9fce510478f19c4e129e8a2f96dcef35054b1f5eb,f1aa0ad4cbbd93669d577a8d940448dcd5d4aacec3aa613c78b891af8752da34,2048,2048,2,float32+float32,HARD_LINK,NO,
train,No_oil,00391.tif,No_oil/00391.tif,train/images/No_oil/00391.tif,00391.tif,Mask_no_oil/00391.tif,train/masks/No_oil/00391.tif,5efe072f54d21d92b830e8b566170b4b700c1a5ace690241ea6ae13b999f97b9,f1aa0ad4cbbd93669d577a8d940448dcd5d4aacec3aa613c78b891af8752da34,2048,2048,2,float32+float32,HARD_LINK,NO,
train,No_oil,00413.tif,No_oil/00413.tif,train/images/No_oil/00413.tif,00413.tif,Mask_no_oil/00413.tif,train/masks/No_oil/00413.tif,7c5b30a73628e8526a91307f81d653387bb4ba9dd578c5c47ba0339a3b350488,f1aa0ad4cbbd93669d577a8d940448dcd5d4aacec3aa613c78b891af8752da34,2048,2048,2,float32+float32,HARD_LINK,NO,
train,No_oil,00453.tif,No_oil/00453.tif,train/images/No_oil/00453.tif,00453.tif,Mask_no_oil/00453.tif,train/masks/No_oil/00453.tif,ed53b9b72cb252a47014596706d98c0a94046decb39501fa2b8a88a69e2fed53,f1aa0ad4cbbd93669d577a8d940448dcd5d4aacec3aa613c78b891af8752da34,2048,2048,2,float32+float32,HARD_LINK,NO,
train,No_oil,00290.tif,No_oil/00290.tif,train/images/No_oil/00290.tif,00290.tif,Mask_no_oil/00290.tif,train/masks/No_oil/00290.tif,4a02ad12b55de3e6d990036999ada26bb59f8a750e9c4d5829313370f1077c2f,f1aa0ad4cbbd93669d577a8d940448dcd5d4aacec3aa613c78b891af8752da34,2048,2048,2,float32+float32,HARD_LINK,NO,
train,No_oil,00566.tif,No_oil/00566.tif,train/images/No_oil/00566.tif,00566.tif,Mask_no_oil/00566.tif,train/masks/No_oil/00566.tif,b2da48d55552961c6a39f1eeb1e4c649df0dfeb650488deeae6494d2db0467e9,f1aa0ad4cbbd93669d577a8d940448dcd5d4aacec3aa613c78b891af8752da34,2048,2048,2,float32+float32,HARD_LINK,NO,
train,No_oil,00388.tif,No_oil/00388.tif,train/images/No_oil/00388.tif,00388.tif,Mask_no_oil/00388.tif,train/masks/No_oil/00388.tif,cdd13cd07fbe848c5aa41b6560d6259c759a7244bd00a1c4bf836e06e3ae213a,f1aa0ad4cbbd93669d577a8d940448dcd5d4aacec3aa613c78b891af8752da34,2048,2048,2,float32+float32,HARD_LINK,NO,
train,No_oil,00189.tif,No_oil/00189.tif,train/images/No_oil/00189.tif,00189.tif,Mask_no_oil/00189.tif,train/masks/No_oil/00189.tif,011d2edfd9fe18100e0ac9885b1efbdb2c6c15fd9b159d7fb413439259c90623,f1aa0ad4cbbd93669d577a8d940448dcd5d4aacec3aa613c78b891af8752da34,2048,2048,2,float32+float32,HARD_LINK,NO,
train,No_oil,00080.tif,No_oil/00080.tif,train/images/No_oil/00080.tif,00080.tif,Mask_no_oil/00080.tif,train/masks/No_oil/00080.tif,7577f5b14ad081d4761079d07097cee27f8e3ea1081a2ef74b93fdfbce755e26,f1aa0ad4cbbd93669d577a8d940448dcd5d4aacec3aa613c78b891af8752da34,2048,2048,2,float32+float32,HARD_LINK,NO,
train,No_oil,00174.tif,No_oil/00174.tif,train/images/No_oil/00174.tif,00174.tif,Mask_no_oil/00174.tif,train/masks/No_oil/00174.tif,0eab06fa3efaa7e66d6fac7043e6608eeae739b264524b645f44deab735137e4,f1aa0ad4cbbd93669d577a8d940448dcd5d4aacec3aa613c78b891af8752da34,2048,2048,2,float32+float32,HARD_LINK,NO,
train,No_oil,00565.tif,No_oil/00565.tif,train/images/No_oil/00565.tif,00565.tif,Mask_no_oil/00565.tif,train/masks/No_oil/00565.tif,04a97d789b4253a2dcd111b4f6875f25c613f746caadc05ec1d8e9a4d3ef0477,f1aa0ad4cbbd93669d577a8d940448dcd5d4aacec3aa613c78b891af8752da34,2048,2048,2,float32+float32,HARD_LINK,NO,
train,No_oil,00214.tif,No_oil/00214.tif,train/images/No_oil/00214.tif,00214.tif,Mask_no_oil/00214.tif,train/masks/No_oil/00214.tif,e5df728ed4a9ab8e98fe90a24302788093b1fc102d69204fc3a8d48594af4876,f1aa0ad4cbbd93669d577a8d940448dcd5d4aacec3aa613c78b891af8752da34,2048,2048,2,float32+float32,HARD_LINK,NO,
train,No_oil,00192.tif,No_oil/00192.tif,train/images/No_oil/00192.tif,00192.tif,Mask_no_oil/00192.tif,train/masks/No_oil/00192.tif,d0954ce2544e5590d058c61413a2eacf65935a3a37100b739750c94d62da8b01,f1aa0ad4cbbd93669d577a8d940448dcd5d4aacec3aa613c78b891af8752da34,2048,2048,2,float32+float32,HARD_LINK,NO,
train,No_oil,00442.tif,No_oil/00442.tif,train/images/No_oil/00442.tif,00442.tif,Mask_no_oil/00442.tif,train/masks/No_oil/00442.tif,b9aa5350aed45bf2f2b254a30ad4453546234cbf87feba7d38783102629c1fbf,f1aa0ad4cbbd93669d577a8d940448dcd5d4aacec3aa613c78b891af8752da34,2048,2048,2,float32+float32,HARD_LINK,NO,
train,No_oil,00672.tif,No_oil/00672.tif,train/images/No_oil/00672.tif,00672.tif,Mask_no_oil/00672.tif,train/masks/No_oil/00672.tif,5b3b8655d39d64cae9ff32297c39c70313e1ca1da674f154ac754df62d5a892a,f1aa0ad4cbbd93669d577a8d940448dcd5d4aacec3aa613c78b891af8752da34,2048,2048,2,float32+float32,HARD_LINK,NO,
train,No_oil,00414.tif,No_oil/00414.tif,train/images/No_oil/00414.tif,00414.tif,Mask_no_oil/00414.tif,train/masks/No_oil/00414.tif,05c1af5e9e8d3cdbfec0a6c7855ccbdd0b347b9186c00f7306adf8762c5cb06e,f1aa0ad4cbbd93669d577a8d940448dcd5d4aacec3aa613c78b891af8752da34,2048,2048,2,float32+float32,HARD_LINK,NO,
train,No_oil,00481.tif,No_oil/00481.tif,train/images/No_oil/00481.tif,00481.tif,Mask_no_oil/00481.tif,train/masks/No_oil/00481.tif,507cf074104e6d32e783e00862ab8954d0973e1a7c4b138ae244f68866e3dd07,f1aa0ad4cbbd93669d577a8d940448dcd5d4aacec3aa613c78b891af8752da34,2048,2048,2,float32+float32,HARD_LINK,NO,
train,No_oil,00459.tif,No_oil/00459.tif,train/images/No_oil/00459.tif,00459.tif,Mask_no_oil/00459.tif,train/masks/No_oil/00459.tif,1a91496bb58b524d4f0593bf41ccaef0446f12282e7eb27c36c2332d52dd35ae,f1aa0ad4cbbd93669d577a8d940448dcd5d4aacec3aa613c78b891af8752da34,2048,2048,2,float32+float32,HARD_LINK,NO,
train,No_oil,00072.tif,No_oil/00072.tif,train/images/No_oil/00072.tif,00072.tif,Mask_no_oil/00072.tif,train/masks/No_oil/00072.tif,5f2f220b08fbd425e5a518220735b0faba1a76b5d64f2481254957e5ab9b4b9a,f1aa0ad4cbbd93669d577a8d940448dcd5d4aacec3aa613c78b891af8752da34,2048,2048,2,float32+float32,HARD_LINK,NO,
train,No_oil,00035.tif,No_oil/00035.tif,train/images/No_oil/00035.tif,00035.tif,Mask_no_oil/00035.tif,train/masks/No_oil/00035.tif,32d7befafdfa06ec3f6f072db03346fb141e3aa70f67434718a0e383dd2d75ab,f1aa0ad4cbbd93669d577a8d940448dcd5d4aacec3aa613c78b891af8752da34,2048,2048,2,float32+float32,HARD_LINK,NO,
train,No_oil,00477.tif,No_oil/00477.tif,train/images/No_oil/00477.tif,00477.tif,Mask_no_oil/00477.tif,train/masks/No_oil/00477.tif,c9c8929f864c7c746351f21e9c1447d48a023bf16267a699ab3c2f12b64d18ab,f1aa0ad4cbbd93669d577a8d940448dcd5d4aacec3aa613c78b891af8752da34,2048,2048,2,float32+float32,HARD_LINK,NO,
train,No_oil,00361.tif,No_oil/00361.tif,train/images/No_oil/00361.tif,00361.tif,Mask_no_oil/00361.tif,train/masks/No_oil/00361.tif,1b02e2b7d72e7de11091161420dc9a1d7ed27589bacce736a8a31581d71235ce,f1aa0ad4cbbd93669d577a8d940448dcd5d4aacec3aa613c78b891af8752da34,2048,2048,2,float32+float32,HARD_LINK,NO,
train,No_oil,00289.tif,No_oil/00289.tif,train/images/No_oil/00289.tif,00289.tif,Mask_no_oil/00289.tif,train/masks/No_oil/00289.tif,4f64b0422ff75c6d375932f376b8fc94930c6da80872b0611b3f853da74cf204,f1aa0ad4cbbd93669d577a8d940448dcd5d4aacec3aa613c78b891af8752da34,2048,2048,2,float32+float32,HARD_LINK,NO,
train,No_oil,00073.tif,No_oil/00073.tif,train/images/No_oil/00073.tif,00073.tif,Mask_no_oil/00073.tif,train/masks/No_oil/00073.tif,ab133cd635d6d23a5db3d86623c3023d0657868112c4533813b6b5813f707725,f1aa0ad4cbbd93669d577a8d940448dcd5d4aacec3aa613c78b891af8752da34,2048,2048,2,float32+float32,HARD_LINK,NO,
train,No_oil,00357.tif,No_oil/00357.tif,train/images/No_oil/00357.tif,00357.tif,Mask_no_oil/00357.tif,train/masks/No_oil/00357.tif,93f89d9ec19d71243fec3753d0084210b1cc382d1f7897472f312ef851e7def2,f1aa0ad4cbbd93669d577a8d940448dcd5d4aacec3aa613c78b891af8752da34,2048,2048,2,float32+float32,HARD_LINK,NO,
train,No_oil,00003.tif,No_oil/00003.tif,train/images/No_oil/00003.tif,00003.tif,Mask_no_oil/00003.tif,train/masks/No_oil/00003.tif,c4155587e9d245d149a1b2ec35dbcd44bf773f24de457a4b7f34f5298c42ea6b,f1aa0ad4cbbd93669d577a8d940448dcd5d4aacec3aa613c78b891af8752da34,2048,2048,2,float32+float32,HARD_LINK,NO,
train,No_oil,00595.tif,No_oil/00595.tif,train/images/No_oil/00595.tif,00595.tif,Mask_no_oil/00595.tif,train/masks/No_oil/00595.tif,30014ea22a3ac721f8a285b6f864f8025349b6ea6422202219e638af9365f7a4,f1aa0ad4cbbd93669d577a8d940448dcd5d4aacec3aa613c78b891af8752da34,2048,2048,2,float32+float32,HARD_LINK,NO,
train,No_oil,00431.tif,No_oil/00431.tif,train/images/No_oil/00431.tif,00431.tif,Mask_no_oil/00431.tif,train/masks/No_oil/00431.tif,fc3328e088d8da55b946a4066295676f4d583d14e9e53ef3433b2512c7bba46a,f1aa0ad4cbbd93669d577a8d940448dcd5d4aacec3aa613c78b891af8752da34,2048,2048,2,float32+float32,HARD_LINK,NO,
train,No_oil,00564.tif,No_oil/00564.tif,train/images/No_oil/00564.tif,00564.tif,Mask_no_oil/00564.tif,train/masks/No_oil/00564.tif,117435f20d566533a8406100ac3403b1249c789713734f53b7c94c72cda81afb,f1aa0ad4cbbd93669d577a8d940448dcd5d4aacec3aa613c78b891af8752da34,2048,2048,2,float32+float32,HARD_LINK,NO,
train,No_oil,00139.tif,No_oil/00139.tif,train/images/No_oil/00139.tif,00139.tif,Mask_no_oil/00139.tif,train/masks/No_oil/00139.tif,f6fb65ffb6c72db7bb2daaee0f228f4cd789b81679e5188dc87bb8550f4a56bc,f1aa0ad4cbbd93669d577a8d940448dcd5d4aacec3aa613c78b891af8752da34,2048,2048,2,float32+float32,HARD_LINK,NO,
train,No_oil,00670.tif,No_oil/00670.tif,train/images/No_oil/00670.tif,00670.tif,Mask_no_oil/00670.tif,train/masks/No_oil/00670.tif,05fb613797fdcfc48703dca239d51d23d0718784179d9076b2160c0e10f89863,f1aa0ad4cbbd93669d577a8d940448dcd5d4aacec3aa613c78b891af8752da34,2048,2048,2,float32+float32,HARD_LINK,NO,
train,No_oil,00600.tif,No_oil/00600.tif,train/images/No_oil/00600.tif,00600.tif,Mask_no_oil/00600.tif,train/masks/No_oil/00600.tif,520c639849f9fb2f5ef5f7e799a76644e14467429ae478b0dd0e026b6a4a3527,f1aa0ad4cbbd93669d577a8d940448dcd5d4aacec3aa613c78b891af8752da34,2048,2048,2,float32+float32,HARD_LINK,NO,
train,No_oil,00136.tif,No_oil/00136.tif,train/images/No_oil/00136.tif,00136.tif,Mask_no_oil/00136.tif,train/masks/No_oil/00136.tif,2f13e114a01882e811dbb65e5a620e37058c4d1e98fc51add2749e0c4bdaae8b,f1aa0ad4cbbd93669d577a8d940448dcd5d4aacec3aa613c78b891af8752da34,2048,2048,2,float32+float32,HARD_LINK,NO,
train,No_oil,00355.tif,No_oil/00355.tif,train/images/No_oil/00355.tif,00355.tif,Mask_no_oil/00355.tif,train/masks/No_oil/00355.tif,b2d90ef5f3cd5057a99000b13fd0b3603649f25e6576ba18e9738306bcb9aa64,f1aa0ad4cbbd93669d577a8d940448dcd5d4aacec3aa613c78b891af8752da34,2048,2048,2,float32+float32,HARD_LINK,NO,
train,No_oil,00409.tif,No_oil/00409.tif,train/images/No_oil/00409.tif,00409.tif,Mask_no_oil/00409.tif,train/masks/No_oil/00409.tif,1425f7669f7c2d390a92b1d774a729ec207d5c91149c85fb7c28f8cea7a09a15,f1aa0ad4cbbd93669d577a8d940448dcd5d4aacec3aa613c78b891af8752da34,2048,2048,2,float32+float32,HARD_LINK,NO,
train,No_oil,00471.tif,No_oil/00471.tif,train/images/No_oil/00471.tif,00471.tif,Mask_no_oil/00471.tif,train/masks/No_oil/00471.tif,69ef9c434fd94ff6c0bc5cf994d122f5d018836453502e27241bfe342dce5104,f1aa0ad4cbbd93669d577a8d940448dcd5d4aacec3aa613c78b891af8752da34,2048,2048,2,float32+float32,HARD_LINK,NO,
train,No_oil,00013.tif,No_oil/00013.tif,train/images/No_oil/00013.tif,00013.tif,Mask_no_oil/00013.tif,train/masks/No_oil/00013.tif,18470693f06e5a7df3188b00bcdac27dcc39e758c2c08db01aff1f66e9a1531d,f1aa0ad4cbbd93669d577a8d940448dcd5d4aacec3aa613c78b891af8752da34,2048,2048,2,float32+float32,HARD_LINK,NO,
train,No_oil,00285.tif,No_oil/00285.tif,train/images/No_oil/00285.tif,00285.tif,Mask_no_oil/00285.tif,train/masks/No_oil/00285.tif,4fded4b46269143dc5bf957a2111fb10dea59136416073de50bd8c8369660432,f1aa0ad4cbbd93669d577a8d940448dcd5d4aacec3aa613c78b891af8752da34,2048,2048,2,float32+float32,HARD_LINK,NO,
train,No_oil,00668.tif,No_oil/00668.tif,train/images/No_oil/00668.tif,00668.tif,Mask_no_oil/00668.tif,train/masks/No_oil/00668.tif,dafc2f823ff51afe749426090601e9e04527a80b16804a15cb06a41724eef2c5,f1aa0ad4cbbd93669d577a8d940448dcd5d4aacec3aa613c78b891af8752da34,2048,2048,2,float32+float32,HARD_LINK,NO,
train,No_oil,00345.tif,No_oil/00345.tif,train/images/No_oil/00345.tif,00345.tif,Mask_no_oil/00345.tif,train/masks/No_oil/00345.tif,f5aa53e8f5df13f31b3a90b367283d65ec2453e0950ed272fe2de33e9e462d3c,f1aa0ad4cbbd93669d577a8d940448dcd5d4aacec3aa613c78b891af8752da34,2048,2048,2,float32+float32,HARD_LINK,NO,
train,No_oil,00492.tif,No_oil/00492.tif,train/images/No_oil/00492.tif,00492.tif,Mask_no_oil/00492.tif,train/masks/No_oil/00492.tif,4ace1202a506691bab97237d0d5e170b80dfc08f4a7c66f5d511ba18efa014f2,f1aa0ad4cbbd93669d577a8d940448dcd5d4aacec3aa613c78b891af8752da34,2048,2048,2,float32+float32,HARD_LINK,NO,
train,No_oil,00318.tif,No_oil/00318.tif,train/images/No_oil/00318.tif,00318.tif,Mask_no_oil/00318.tif,train/masks/No_oil/00318.tif,21506bd0721605c7e163ff205e037b94bb11942a13433c27c2a311cf2e63ca70,f1aa0ad4cbbd93669d577a8d940448dcd5d4aacec3aa613c78b891af8752da34,2048,2048,2,float32+float32,HARD_LINK,NO,
train,No_oil,00489.tif,No_oil/00489.tif,train/images/No_oil/00489.tif,00489.tif,Mask_no_oil/00489.tif,train/masks/No_oil/00489.tif,d650d0985ab76129d7a3c6a902fe905ffbbf1c37dd021d1ba60673033d3bc359,f1aa0ad4cbbd93669d577a8d940448dcd5d4aacec3aa613c78b891af8752da34,2048,2048,2,float32+float32,HARD_LINK,NO,
train,No_oil,00219.tif,No_oil/00219.tif,train/images/No_oil/00219.tif,00219.tif,Mask_no_oil/00219.tif,train/masks/No_oil/00219.tif,7f71e3649eb172022054020184849ecdd7408dcaaad43687d41ba55bcbf126c5,f1aa0ad4cbbd93669d577a8d940448dcd5d4aacec3aa613c78b891af8752da34,2048,2048,2,float32+float32,HARD_LINK,NO,
train,No_oil,00115.tif,No_oil/00115.tif,train/images/No_oil/00115.tif,00115.tif,Mask_no_oil/00115.tif,train/masks/No_oil/00115.tif,10bbc04de1046797056828b71101d6c9ff5b58d76eb0c30a54143878cd23f1d2,f1aa0ad4cbbd93669d577a8d940448dcd5d4aacec3aa613c78b891af8752da34,2048,2048,2,float32+float32,HARD_LINK,NO,
train,No_oil,00644.tif,No_oil/00644.tif,train/images/No_oil/00644.tif,00644.tif,Mask_no_oil/00644.tif,train/masks/No_oil/00644.tif,ca81edcfc62cf3e2fe7983c496e666126494de66288e693e7f80a2c6d2b499c1,f1aa0ad4cbbd93669d577a8d940448dcd5d4aacec3aa613c78b891af8752da34,2048,2048,2,float32+float32,HARD_LINK,NO,
train,No_oil,00142.tif,No_oil/00142.tif,train/images/No_oil/00142.tif,00142.tif,Mask_no_oil/00142.tif,train/masks/No_oil/00142.tif,4569f60d0c53524a6fc7b0c4063ea61deaf20079d04cc34878360ef2c57a9575,f1aa0ad4cbbd93669d577a8d940448dcd5d4aacec3aa613c78b891af8752da34,2048,2048,2,float32+float32,HARD_LINK,NO,
train,No_oil,00487.tif,No_oil/00487.tif,train/images/No_oil/00487.tif,00487.tif,Mask_no_oil/00487.tif,train/masks/No_oil/00487.tif,40026f4c5fa48b686391390fed0877cf74f221e60e6db8face9d6287685392f5,f1aa0ad4cbbd93669d577a8d940448dcd5d4aacec3aa613c78b891af8752da34,2048,2048,2,float32+float32,HARD_LINK,NO,
train,No_oil,00188.tif,No_oil/00188.tif,train/images/No_oil/00188.tif,00188.tif,Mask_no_oil/00188.tif,train/masks/No_oil/00188.tif,2ad761615ac7ada30e1b0774f3c60167ddc7c17710aa44872fe1b80a900f5bca,f1aa0ad4cbbd93669d577a8d940448dcd5d4aacec3aa613c78b891af8752da34,2048,2048,2,float32+float32,HARD_LINK,NO,
train,No_oil,00651.tif,No_oil/00651.tif,train/images/No_oil/00651.tif,00651.tif,Mask_no_oil/00651.tif,train/masks/No_oil/00651.tif,996558aaba7921a302842b77b805d0d61cebeaff686ddb7ac03f6f0630e63261,f1aa0ad4cbbd93669d577a8d940448dcd5d4aacec3aa613c78b891af8752da34,2048,2048,2,float32+float32,HARD_LINK,NO,
train,No_oil,00623.tif,No_oil/00623.tif,train/images/No_oil/00623.tif,00623.tif,Mask_no_oil/00623.tif,train/masks/No_oil/00623.tif,d1d1a25295dabc40d6efec05a984dc5c617de62fc5e5934e93e2ea122b45326f,f1aa0ad4cbbd93669d577a8d940448dcd5d4aacec3aa613c78b891af8752da34,2048,2048,2,float32+float32,HARD_LINK,NO,
train,No_oil,00474.tif,No_oil/00474.tif,train/images/No_oil/00474.tif,00474.tif,Mask_no_oil/00474.tif,train/masks/No_oil/00474.tif,0778f536606d1b05ec1e9c49710ccfafe6af7b30d0d29a44c9ccaa6090e3b512,f1aa0ad4cbbd93669d577a8d940448dcd5d4aacec3aa613c78b891af8752da34,2048,2048,2,float32+float32,HARD_LINK,NO,
train,No_oil,00114.tif,No_oil/00114.tif,train/images/No_oil/00114.tif,00114.tif,Mask_no_oil/00114.tif,train/masks/No_oil/00114.tif,b7f873403ce82b1ba5151563668ba2ecf971f7f487c0301522847cd6eb8445f0,f1aa0ad4cbbd93669d577a8d940448dcd5d4aacec3aa613c78b891af8752da34,2048,2048,2,float32+float32,HARD_LINK,NO,
train,No_oil,00246.tif,No_oil/00246.tif,train/images/No_oil/00246.tif,00246.tif,Mask_no_oil/00246.tif,train/masks/No_oil/00246.tif,7837cd2c00ac8302c29509c532797e7b5ec600659a68ddb9ef13f0196eb361a3,f1aa0ad4cbbd93669d577a8d940448dcd5d4aacec3aa613c78b891af8752da34,2048,2048,2,float32+float32,HARD_LINK,NO,
train,No_oil,00529.tif,No_oil/00529.tif,train/images/No_oil/00529.tif,00529.tif,Mask_no_oil/00529.tif,train/masks/No_oil/00529.tif,e7d29d7031c53d4fbfaf8c9c758d94a6f93bc756e5cbacba838c88ed54190e35,f1aa0ad4cbbd93669d577a8d940448dcd5d4aacec3aa613c78b891af8752da34,2048,2048,2,float32+float32,HARD_LINK,NO,
train,No_oil,00079.tif,No_oil/00079.tif,train/images/No_oil/00079.tif,00079.tif,Mask_no_oil/00079.tif,train/masks/No_oil/00079.tif,d30e4d416da12381b217509921413e14be45e665e7d9423137f8c38ac00602d2,f1aa0ad4cbbd93669d577a8d940448dcd5d4aacec3aa613c78b891af8752da34,2048,2048,2,float32+float32,HARD_LINK,NO,
train,No_oil,00108.tif,No_oil/00108.tif,train/images/No_oil/00108.tif,00108.tif,Mask_no_oil/00108.tif,train/masks/No_oil/00108.tif,5247e18c773a469ee5b4eb814bd0d1e5d76aa1f889c1e886f451dae3dafa4052,f1aa0ad4cbbd93669d577a8d940448dcd5d4aacec3aa613c78b891af8752da34,2048,2048,2,float32+float32,HARD_LINK,NO,
train,No_oil,00259.tif,No_oil/00259.tif,train/images/No_oil/00259.tif,00259.tif,Mask_no_oil/00259.tif,train/masks/No_oil/00259.tif,6f303dc3506bdb819b6ca14ed6b4523a2e8b12f120daf631061ce54f73e732a9,f1aa0ad4cbbd93669d577a8d940448dcd5d4aacec3aa613c78b891af8752da34,2048,2048,2,float32+float32,HARD_LINK,NO,
train,No_oil,00295.tif,No_oil/00295.tif,train/images/No_oil/00295.tif,00295.tif,Mask_no_oil/00295.tif,train/masks/No_oil/00295.tif,c8c10f3759bdff6a2c92065038a055742c9b815210321d877f860e3eb94f6d56,f1aa0ad4cbbd93669d577a8d940448dcd5d4aacec3aa613c78b891af8752da34,2048,2048,2,float32+float32,HARD_LINK,NO,
train,No_oil,00511.tif,No_oil/00511.tif,train/images/No_oil/00511.tif,00511.tif,Mask_no_oil/00511.tif,train/masks/No_oil/00511.tif,799037cb6ab925978bb1db708d2a55895d0be665860ad16e5a09fd0b1eeedfca,f1aa0ad4cbbd93669d577a8d940448dcd5d4aacec3aa613c78b891af8752da34,2048,2048,2,float32+float32,HARD_LINK,NO,
train,No_oil,00180.tif,No_oil/00180.tif,train/images/No_oil/00180.tif,00180.tif,Mask_no_oil/00180.tif,train/masks/No_oil/00180.tif,e5d84373903510743cbb39a8b525e8d926afb23d2efcb8e2cbf7f76ab562b132,f1aa0ad4cbbd93669d577a8d940448dcd5d4aacec3aa613c78b891af8752da34,2048,2048,2,float32+float32,HARD_LINK,NO,
train,No_oil,00159.tif,No_oil/00159.tif,train/images/No_oil/00159.tif,00159.tif,Mask_no_oil/00159.tif,train/masks/No_oil/00159.tif,7c03864a2e0ac77bedea589a1dea1cb556a3fbed8eea68b00a1f9a0159e7d2c8,f1aa0ad4cbbd93669d577a8d940448dcd5d4aacec3aa613c78b891af8752da34,2048,2048,2,float32+float32,HARD_LINK,NO,
train,No_oil,00307.tif,No_oil/00307.tif,train/images/No_oil/00307.tif,00307.tif,Mask_no_oil/00307.tif,train/masks/No_oil/00307.tif,88d23b04a331643aa983d633ec6261f0aa2de7e147647a2d24887ab14a455579,f1aa0ad4cbbd93669d577a8d940448dcd5d4aacec3aa613c78b891af8752da34,2048,2048,2,float32+float32,HARD_LINK,NO,
train,No_oil,00147.tif,No_oil/00147.tif,train/images/No_oil/00147.tif,00147.tif,Mask_no_oil/00147.tif,train/masks/No_oil/00147.tif,3b782336905ead429e607c20153e6809f5190b7f7c274f32d5abc41b12180760,f1aa0ad4cbbd93669d577a8d940448dcd5d4aacec3aa613c78b891af8752da34,2048,2048,2,float32+float32,HARD_LINK,NO,
train,No_oil,00520.tif,No_oil/00520.tif,train/images/No_oil/00520.tif,00520.tif,Mask_no_oil/00520.tif,train/masks/No_oil/00520.tif,83eae8f496cfe18108c550f079db2f4ece8a6db07d5b49408a6b13bf97a8f5e3,f1aa0ad4cbbd93669d577a8d940448dcd5d4aacec3aa613c78b891af8752da34,2048,2048,2,float32+float32,HARD_LINK,NO,
train,No_oil,00437.tif,No_oil/00437.tif,train/images/No_oil/00437.tif,00437.tif,Mask_no_oil/00437.tif,train/masks/No_oil/00437.tif,bcccc18f9373bbc0f2cd4ca743d2d34f3cdb1da09f9e13e7c235d9a78461fc41,f1aa0ad4cbbd93669d577a8d940448dcd5d4aacec3aa613c78b891af8752da34,2048,2048,2,float32+float32,HARD_LINK,NO,
train,No_oil,00216.tif,No_oil/00216.tif,train/images/No_oil/00216.tif,00216.tif,Mask_no_oil/00216.tif,train/masks/No_oil/00216.tif,61194d4a20fc8ffaea0fc482b47b536244406ffb180a4c2c017d500ef253b8c9,f1aa0ad4cbbd93669d577a8d940448dcd5d4aacec3aa613c78b891af8752da34,2048,2048,2,float32+float32,HARD_LINK,NO,
train,No_oil,00384.tif,No_oil/00384.tif,train/images/No_oil/00384.tif,00384.tif,Mask_no_oil/00384.tif,train/masks/No_oil/00384.tif,f3ec55614f7777f33b7c27fb96f2e4f8f93ea6fdede6145db5aefddddb92055c,f1aa0ad4cbbd93669d577a8d940448dcd5d4aacec3aa613c78b891af8752da34,2048,2048,2,float32+float32,HARD_LINK,NO,
train,No_oil,00421.tif,No_oil/00421.tif,train/images/No_oil/00421.tif,00421.tif,Mask_no_oil/00421.tif,train/masks/No_oil/00421.tif,8df5c4d57a6030f70ff89a223c8e276f5ffb3660197ebc58ec022f19a947bdb0,f1aa0ad4cbbd93669d577a8d940448dcd5d4aacec3aa613c78b891af8752da34,2048,2048,2,float32+float32,HARD_LINK,NO,
train,No_oil,00181.tif,No_oil/00181.tif,train/images/No_oil/00181.tif,00181.tif,Mask_no_oil/00181.tif,train/masks/No_oil/00181.tif,db01fdccdd03d91a7fd980ef3e1c6811ad75e1f735b552499f2f150ab58f296e,f1aa0ad4cbbd93669d577a8d940448dcd5d4aacec3aa613c78b891af8752da34,2048,2048,2,float32+float32,HARD_LINK,NO,
train,No_oil,00534.tif,No_oil/00534.tif,train/images/No_oil/00534.tif,00534.tif,Mask_no_oil/00534.tif,train/masks/No_oil/00534.tif,17e4c981f246a01f762d613eeca5538557f1d03689a6204dcc3c202c04a94967,f1aa0ad4cbbd93669d577a8d940448dcd5d4aacec3aa613c78b891af8752da34,2048,2048,2,float32+float32,HARD_LINK,NO,
train,No_oil,00548.tif,No_oil/00548.tif,train/images/No_oil/00548.tif,00548.tif,Mask_no_oil/00548.tif,train/masks/No_oil/00548.tif,10ff1dd50fbf4ac344f9aeece2411f6ae6aed872e567987caaa300e0d1179c79,f1aa0ad4cbbd93669d577a8d940448dcd5d4aacec3aa613c78b891af8752da34,2048,2048,2,float32+float32,HARD_LINK,NO,
train,No_oil,00343.tif,No_oil/00343.tif,train/images/No_oil/00343.tif,00343.tif,Mask_no_oil/00343.tif,train/masks/No_oil/00343.tif,3b4d7317bbc3f6d44fbccd3345111abcdda12675fbd9d89b0a61e68ee9966ee8,f1aa0ad4cbbd93669d577a8d940448dcd5d4aacec3aa613c78b891af8752da34,2048,2048,2,float32+float32,HARD_LINK,NO,
train,No_oil,00615.tif,No_oil/00615.tif,train/images/No_oil/00615.tif,00615.tif,Mask_no_oil/00615.tif,train/masks/No_oil/00615.tif,31f22bd016a233180085e9c10491d0b9c3e97b3ac73daa60ca7f4b87698c08c4,f1aa0ad4cbbd93669d577a8d940448dcd5d4aacec3aa613c78b891af8752da34,2048,2048,2,float32+float32,HARD_LINK,NO,
train,No_oil,00402.tif,No_oil/00402.tif,train/images/No_oil/00402.tif,00402.tif,Mask_no_oil/00402.tif,train/masks/No_oil/00402.tif,429a455ff848517d57872aa19dc1b5e05765914a799f7eb81e6eeeee2ba5f0a0,f1aa0ad4cbbd93669d577a8d940448dcd5d4aacec3aa613c78b891af8752da34,2048,2048,2,float32+float32,HARD_LINK,NO,
train,No_oil,00287.tif,No_oil/00287.tif,train/images/No_oil/00287.tif,00287.tif,Mask_no_oil/00287.tif,train/masks/No_oil/00287.tif,6dffe6aaab4267e759645bc7b3da959c8c034851b4a76b92f501039274db593f,f1aa0ad4cbbd93669d577a8d940448dcd5d4aacec3aa613c78b891af8752da34,2048,2048,2,float32+float32,HARD_LINK,NO,
train,No_oil,00300.tif,No_oil/00300.tif,train/images/No_oil/00300.tif,00300.tif,Mask_no_oil/00300.tif,train/masks/No_oil/00300.tif,383c5da4d1a99a18e5de0b818e602ec7f415d1c5520fc8d2c5efb19fc73819ad,f1aa0ad4cbbd93669d577a8d940448dcd5d4aacec3aa613c78b891af8752da34,2048,2048,2,float32+float32,HARD_LINK,NO,
train,No_oil,00030.tif,No_oil/00030.tif,train/images/No_oil/00030.tif,00030.tif,Mask_no_oil/00030.tif,train/masks/No_oil/00030.tif,b45a09dc2401cafad22c906863bcbe64b1cc77e0f0891bd5531752f9b3c9deb0,f1aa0ad4cbbd93669d577a8d940448dcd5d4aacec3aa613c78b891af8752da34,2048,2048,2,float32+float32,HARD_LINK,NO,
train,No_oil,00284.tif,No_oil/00284.tif,train/images/No_oil/00284.tif,00284.tif,Mask_no_oil/00284.tif,train/masks/No_oil/00284.tif,7761ce95911817bc58d62841ac06e6e5f39ea77307c7e093e685ddb79a88f58c,f1aa0ad4cbbd93669d577a8d940448dcd5d4aacec3aa613c78b891af8752da34,2048,2048,2,float32+float32,HARD_LINK,NO,
train,No_oil,00066.tif,No_oil/00066.tif,train/images/No_oil/00066.tif,00066.tif,Mask_no_oil/00066.tif,train/masks/No_oil/00066.tif,bf18cf6c8f8f6a29b39b814b32e12b7a7c747d8f9221784b93cdc511bc1994f0,f1aa0ad4cbbd93669d577a8d940448dcd5d4aacec3aa613c78b891af8752da34,2048,2048,2,float32+float32,HARD_LINK,NO,
train,No_oil,00190.tif,No_oil/00190.tif,train/images/No_oil/00190.tif,00190.tif,Mask_no_oil/00190.tif,train/masks/No_oil/00190.tif,3ae239b3877d213ab62596d3762970f1bf11bab64666804e764cedca6da9e996,f1aa0ad4cbbd93669d577a8d940448dcd5d4aacec3aa613c78b891af8752da34,2048,2048,2,float32+float32,HARD_LINK,NO,
train,No_oil,00378.tif,No_oil/00378.tif,train/images/No_oil/00378.tif,00378.tif,Mask_no_oil/00378.tif,train/masks/No_oil/00378.tif,d836c8c4cf099e3a6aecb1f22adfa4365e6fd8e613853f423b652842c29dc84d,f1aa0ad4cbbd93669d577a8d940448dcd5d4aacec3aa613c78b891af8752da34,2048,2048,2,float32+float32,HARD_LINK,NO,
train,No_oil,00505.tif,No_oil/00505.tif,train/images/No_oil/00505.tif,00505.tif,Mask_no_oil/00505.tif,train/masks/No_oil/00505.tif,16ece8d8dbb81897cfbc280ad72d79f34b78758bd5901943c742e1c43d37350f,f1aa0ad4cbbd93669d577a8d940448dcd5d4aacec3aa613c78b891af8752da34,2048,2048,2,float32+float32,HARD_LINK,NO,
train,No_oil,00049.tif,No_oil/00049.tif,train/images/No_oil/00049.tif,00049.tif,Mask_no_oil/00049.tif,train/masks/No_oil/00049.tif,f6827bc4fa5361659dc0e70f138652dae472aa5a7dfca619143fc80ae66a6742,f1aa0ad4cbbd93669d577a8d940448dcd5d4aacec3aa613c78b891af8752da34,2048,2048,2,float32+float32,HARD_LINK,NO,
train,No_oil,00531.tif,No_oil/00531.tif,train/images/No_oil/00531.tif,00531.tif,Mask_no_oil/00531.tif,train/masks/No_oil/00531.tif,50972300725204c265f47ef2095c82d123cd174cd0be7cda27373df1ffa3a2f8,f1aa0ad4cbbd93669d577a8d940448dcd5d4aacec3aa613c78b891af8752da34,2048,2048,2,float32+float32,HARD_LINK,NO,
train,No_oil,00047.tif,No_oil/00047.tif,train/images/No_oil/00047.tif,00047.tif,Mask_no_oil/00047.tif,train/masks/No_oil/00047.tif,02b98c909c3dfb7419fdbc97909a1d5640aa3bdbf4c0347ac2efc0bdcffdf0cd,f1aa0ad4cbbd93669d577a8d940448dcd5d4aacec3aa613c78b891af8752da34,2048,2048,2,float32+float32,HARD_LINK,NO,
train,No_oil,00043.tif,No_oil/00043.tif,train/images/No_oil/00043.tif,00043.tif,Mask_no_oil/00043.tif,train/masks/No_oil/00043.tif,7a950b0d9c07f7dc8939bb6f9d3a333fcecf0b7e4a4777a171fb29fb350bceec,f1aa0ad4cbbd93669d577a8d940448dcd5d4aacec3aa613c78b891af8752da34,2048,2048,2,float32+float32,HARD_LINK,NO,
train,No_oil,00578.tif,No_oil/00578.tif,train/images/No_oil/00578.tif,00578.tif,Mask_no_oil/00578.tif,train/masks/No_oil/00578.tif,45b1601c5c60f2bd4bc1c6498aa35cfea07a8a7a42df3d34338d6e450ad20d9c,f1aa0ad4cbbd93669d577a8d940448dcd5d4aacec3aa613c78b891af8752da34,2048,2048,2,float32+float32,HARD_LINK,NO,
train,No_oil,00631.tif,No_oil/00631.tif,train/images/No_oil/00631.tif,00631.tif,Mask_no_oil/00631.tif,train/masks/No_oil/00631.tif,8bc97539e3c9b051f2f8df376c552f30258294ad2e9a4b04feac3da18fba0a8d,f1aa0ad4cbbd93669d577a8d940448dcd5d4aacec3aa613c78b891af8752da34,2048,2048,2,float32+float32,HARD_LINK,NO,
train,No_oil,00659.tif,No_oil/00659.tif,train/images/No_oil/00659.tif,00659.tif,Mask_no_oil/00659.tif,train/masks/No_oil/00659.tif,0b54f29f3d2ac17b1d3bbd8ea8a66c744d62a0617845651948cd112d0a51489e,f1aa0ad4cbbd93669d577a8d940448dcd5d4aacec3aa613c78b891af8752da34,2048,2048,2,float32+float32,HARD_LINK,NO,
train,No_oil,00583.tif,No_oil/00583.tif,train/images/No_oil/00583.tif,00583.tif,Mask_no_oil/00583.tif,train/masks/No_oil/00583.tif,677c235cd947dd804f3d70bbb7745693d5bfe0dbc74b67be2109cb980f09f285,f1aa0ad4cbbd93669d577a8d940448dcd5d4aacec3aa613c78b891af8752da34,2048,2048,2,float32+float32,HARD_LINK,NO,
train,No_oil,00078.tif,No_oil/00078.tif,train/images/No_oil/00078.tif,00078.tif,Mask_no_oil/00078.tif,train/masks/No_oil/00078.tif,a1a4f9771fd751b5c5073bd09e40952decc3e9992ecb67636ebdb6f03e93c92c,f1aa0ad4cbbd93669d577a8d940448dcd5d4aacec3aa613c78b891af8752da34,2048,2048,2,float32+float32,HARD_LINK,NO,
train,No_oil,00191.tif,No_oil/00191.tif,train/images/No_oil/00191.tif,00191.tif,Mask_no_oil/00191.tif,train/masks/No_oil/00191.tif,3bf457cae602b6adf9c0960b0ba4a2673f49e04b9b79ba4a4503617ce4e908cb,f1aa0ad4cbbd93669d577a8d940448dcd5d4aacec3aa613c78b891af8752da34,2048,2048,2,float32+float32,HARD_LINK,NO,
train,No_oil,00130.tif,No_oil/00130.tif,train/images/No_oil/00130.tif,00130.tif,Mask_no_oil/00130.tif,train/masks/No_oil/00130.tif,27619d1e83483e89f32e02c6d407c099495639aa70d3a89a7e5acff30304da98,f1aa0ad4cbbd93669d577a8d940448dcd5d4aacec3aa613c78b891af8752da34,2048,2048,2,float32+float32,HARD_LINK,NO,
train,No_oil,00340.tif,No_oil/00340.tif,train/images/No_oil/00340.tif,00340.tif,Mask_no_oil/00340.tif,train/masks/No_oil/00340.tif,8754337c58202863e0cf3cd65b6e99bc6a025c82df9f365253d8fbc8a6dbc1f6,f1aa0ad4cbbd93669d577a8d940448dcd5d4aacec3aa613c78b891af8752da34,2048,2048,2,float32+float32,HARD_LINK,NO,
train,No_oil,00563.tif,No_oil/00563.tif,train/images/No_oil/00563.tif,00563.tif,Mask_no_oil/00563.tif,train/masks/No_oil/00563.tif,4ffa9eddf14578928fbfd87b704badaa564df6a8fdd53fe32cd71abca70526e4,f1aa0ad4cbbd93669d577a8d940448dcd5d4aacec3aa613c78b891af8752da34,2048,2048,2,float32+float32,HARD_LINK,NO,
train,No_oil,00677.tif,No_oil/00677.tif,train/images/No_oil/00677.tif,00677.tif,Mask_no_oil/00677.tif,train/masks/No_oil/00677.tif,1e8045c2e0b391a3f2f643d350e52d3ec21a74e68408ecce3ff951119036e967,f1aa0ad4cbbd93669d577a8d940448dcd5d4aacec3aa613c78b891af8752da34,2048,2048,2,float32+float32,HARD_LINK,NO,
train,No_oil,00160.tif,No_oil/00160.tif,train/images/No_oil/00160.tif,00160.tif,Mask_no_oil/00160.tif,train/masks/No_oil/00160.tif,d30e54fadc2dd51b95db47c6ae89fec4afac9f0a1a6398536dd8a5b3394d1443,f1aa0ad4cbbd93669d577a8d940448dcd5d4aacec3aa613c78b891af8752da34,2048,2048,2,float32+float32,HARD_LINK,NO,
train,No_oil,00048.tif,No_oil/00048.tif,train/images/No_oil/00048.tif,00048.tif,Mask_no_oil/00048.tif,train/masks/No_oil/00048.tif,7d7cd14c7c334518bbc6bf64561047c3a2b8aa2caede03e92cf60b1f32284a2a,f1aa0ad4cbbd93669d577a8d940448dcd5d4aacec3aa613c78b891af8752da34,2048,2048,2,float32+float32,HARD_LINK,NO,
train,No_oil,00629.tif,No_oil/00629.tif,train/images/No_oil/00629.tif,00629.tif,Mask_no_oil/00629.tif,train/masks/No_oil/00629.tif,dbed6ee2e4bbdca9fb4d5083de84b369d8a9a2a82599c75388e6a81412e7161e,f1aa0ad4cbbd93669d577a8d940448dcd5d4aacec3aa613c78b891af8752da34,2048,2048,2,float32+float32,HARD_LINK,NO,
train,No_oil,00532.tif,No_oil/00532.tif,train/images/No_oil/00532.tif,00532.tif,Mask_no_oil/00532.tif,train/masks/No_oil/00532.tif,146bc64cbfa0fd19130e713d5e39664ae94806820b032bff5684940582866888,f1aa0ad4cbbd93669d577a8d940448dcd5d4aacec3aa613c78b891af8752da34,2048,2048,2,float32+float32,HARD_LINK,NO,
train,No_oil,00204.tif,No_oil/00204.tif,train/images/No_oil/00204.tif,00204.tif,Mask_no_oil/00204.tif,train/masks/No_oil/00204.tif,d6b4777cefbbcf0b123c57c9c020e4d3a40511b4be96b7f116120c2f360bffc2,f1aa0ad4cbbd93669d577a8d940448dcd5d4aacec3aa613c78b891af8752da34,2048,2048,2,float32+float32,HARD_LINK,NO,
train,No_oil,00450.tif,No_oil/00450.tif,train/images/No_oil/00450.tif,00450.tif,Mask_no_oil/00450.tif,train/masks/No_oil/00450.tif,444672e9972749542271baa59c1779e12a6fec67f4e2e092c9ee4399867e629f,f1aa0ad4cbbd93669d577a8d940448dcd5d4aacec3aa613c78b891af8752da34,2048,2048,2,float32+float32,HARD_LINK,NO,
train,No_oil,00423.tif,No_oil/00423.tif,train/images/No_oil/00423.tif,00423.tif,Mask_no_oil/00423.tif,train/masks/No_oil/00423.tif,04e7a2dcf2917003b95ab25c8029a88a7786b70adc7213cf191bf399906e306a,f1aa0ad4cbbd93669d577a8d940448dcd5d4aacec3aa613c78b891af8752da34,2048,2048,2,float32+float32,HARD_LINK,NO,
train,No_oil,00173.tif,No_oil/00173.tif,train/images/No_oil/00173.tif,00173.tif,Mask_no_oil/00173.tif,train/masks/No_oil/00173.tif,6dbbef29bd65531fe2339edbe64cff5fd32d18d12984abe495d13cf55a69f736,f1aa0ad4cbbd93669d577a8d940448dcd5d4aacec3aa613c78b891af8752da34,2048,2048,2,float32+float32,HARD_LINK,NO,
train,No_oil,00211.tif,No_oil/00211.tif,train/images/No_oil/00211.tif,00211.tif,Mask_no_oil/00211.tif,train/masks/No_oil/00211.tif,6e037d816d2f11803ae294e9387da1139a5d3063e33a38235460a16610a06cde,f1aa0ad4cbbd93669d577a8d940448dcd5d4aacec3aa613c78b891af8752da34,2048,2048,2,float32+float32,HARD_LINK,NO,
train,No_oil,00116.tif,No_oil/00116.tif,train/images/No_oil/00116.tif,00116.tif,Mask_no_oil/00116.tif,train/masks/No_oil/00116.tif,7921a80c232f3c301dc94b9a78b3337eaea5081c23557f9954c3034dd4c41f05,f1aa0ad4cbbd93669d577a8d940448dcd5d4aacec3aa613c78b891af8752da34,2048,2048,2,float32+float32,HARD_LINK,NO,
train,No_oil,00496.tif,No_oil/00496.tif,train/images/No_oil/00496.tif,00496.tif,Mask_no_oil/00496.tif,train/masks/No_oil/00496.tif,6da31da83d6bb7891689341e29359b4eda2f3ad127098c852faf404077e91dd4,f1aa0ad4cbbd93669d577a8d940448dcd5d4aacec3aa613c78b891af8752da34,2048,2048,2,float32+float32,HARD_LINK,NO,
train,No_oil,00447.tif,No_oil/00447.tif,train/images/No_oil/00447.tif,00447.tif,Mask_no_oil/00447.tif,train/masks/No_oil/00447.tif,fefc6911492382020557d02c21f5d5c4f319f67f806562544ebc81f5c70cb76e,f1aa0ad4cbbd93669d577a8d940448dcd5d4aacec3aa613c78b891af8752da34,2048,2048,2,float32+float32,HARD_LINK,NO,
train,No_oil,00591.tif,No_oil/00591.tif,train/images/No_oil/00591.tif,00591.tif,Mask_no_oil/00591.tif,train/masks/No_oil/00591.tif,df6e7b2d2567fe231c57c877f41037bc72ada8636367bbca735385598f7c7ddb,f1aa0ad4cbbd93669d577a8d940448dcd5d4aacec3aa613c78b891af8752da34,2048,2048,2,float32+float32,HARD_LINK,NO,
train,No_oil,00369.tif,No_oil/00369.tif,train/images/No_oil/00369.tif,00369.tif,Mask_no_oil/00369.tif,train/masks/No_oil/00369.tif,c451dc85b82da4febc49eb85303f060c6154509f387f38b8d340e7d15868ee60,f1aa0ad4cbbd93669d577a8d940448dcd5d4aacec3aa613c78b891af8752da34,2048,2048,2,float32+float32,HARD_LINK,NO,
train,No_oil,00546.tif,No_oil/00546.tif,train/images/No_oil/00546.tif,00546.tif,Mask_no_oil/00546.tif,train/masks/No_oil/00546.tif,09806b05c3b8186bd1294779faf17dab429460e1061ecf7654f06e05931c469b,f1aa0ad4cbbd93669d577a8d940448dcd5d4aacec3aa613c78b891af8752da34,2048,2048,2,float32+float32,HARD_LINK,NO,
train,No_oil,00662.tif,No_oil/00662.tif,train/images/No_oil/00662.tif,00662.tif,Mask_no_oil/00662.tif,train/masks/No_oil/00662.tif,3160d2ea51335aac07fe69165e8070f61dddf0513988fc229eab5b3817216c66,f1aa0ad4cbbd93669d577a8d940448dcd5d4aacec3aa613c78b891af8752da34,2048,2048,2,float32+float32,HARD_LINK,NO,
train,No_oil,00333.tif,No_oil/00333.tif,train/images/No_oil/00333.tif,00333.tif,Mask_no_oil/00333.tif,train/masks/No_oil/00333.tif,baf8d005cbe5373bd6d229c4cc90f443187deeb4eb583c28b438f7606fd5c5bc,f1aa0ad4cbbd93669d577a8d940448dcd5d4aacec3aa613c78b891af8752da34,2048,2048,2,float32+float32,HARD_LINK,NO,
train,No_oil,00657.tif,No_oil/00657.tif,train/images/No_oil/00657.tif,00657.tif,Mask_no_oil/00657.tif,train/masks/No_oil/00657.tif,f872ce010b23cd6fd6020e6b295848774d5dbadcefe5fb9ec644a65a828d00fa,f1aa0ad4cbbd93669d577a8d940448dcd5d4aacec3aa613c78b891af8752da34,2048,2048,2,float32+float32,HARD_LINK,NO,
train,No_oil,00436.tif,No_oil/00436.tif,train/images/No_oil/00436.tif,00436.tif,Mask_no_oil/00436.tif,train/masks/No_oil/00436.tif,1146dc0883340608082647fc8e052c6d97ee067c88d917dc27ef848119e03732,f1aa0ad4cbbd93669d577a8d940448dcd5d4aacec3aa613c78b891af8752da34,2048,2048,2,float32+float32,HARD_LINK,NO,
train,No_oil,00506.tif,No_oil/00506.tif,train/images/No_oil/00506.tif,00506.tif,Mask_no_oil/00506.tif,train/masks/No_oil/00506.tif,e0a29ff978b345a9bb17226dcb4af25d80f9696e195750e6ed9bffc7d815319a,f1aa0ad4cbbd93669d577a8d940448dcd5d4aacec3aa613c78b891af8752da34,2048,2048,2,float32+float32,HARD_LINK,NO,
train,No_oil,00359.tif,No_oil/00359.tif,train/images/No_oil/00359.tif,00359.tif,Mask_no_oil/00359.tif,train/masks/No_oil/00359.tif,bc90e1c1a0ce944ee2b3401c9229d6a4888911c16d779823d1140b4602b40394,f1aa0ad4cbbd93669d577a8d940448dcd5d4aacec3aa613c78b891af8752da34,2048,2048,2,float32+float32,HARD_LINK,NO,
train,No_oil,00605.tif,No_oil/00605.tif,train/images/No_oil/00605.tif,00605.tif,Mask_no_oil/00605.tif,train/masks/No_oil/00605.tif,a667b09b2b345f5b17e5dd00dd3393e9b17fbd395a65ffb605fcb4671daf2e24,f1aa0ad4cbbd93669d577a8d940448dcd5d4aacec3aa613c78b891af8752da34,2048,2048,2,float32+float32,HARD_LINK,NO,
train,No_oil,00647.tif,No_oil/00647.tif,train/images/No_oil/00647.tif,00647.tif,Mask_no_oil/00647.tif,train/masks/No_oil/00647.tif,efd7b656853552278b7f04c5771680960b2740bfa0d4470b0ddcfebd0799e0ea,f1aa0ad4cbbd93669d577a8d940448dcd5d4aacec3aa613c78b891af8752da34,2048,2048,2,float32+float32,HARD_LINK,NO,
train,No_oil,00220.tif,No_oil/00220.tif,train/images/No_oil/00220.tif,00220.tif,Mask_no_oil/00220.tif,train/masks/No_oil/00220.tif,e75be9707dbb5e491fcacb4210effb45c205206a01c771822cff088aa31d3014,f1aa0ad4cbbd93669d577a8d940448dcd5d4aacec3aa613c78b891af8752da34,2048,2048,2,float32+float32,HARD_LINK,NO,
train,No_oil,00582.tif,No_oil/00582.tif,train/images/No_oil/00582.tif,00582.tif,Mask_no_oil/00582.tif,train/masks/No_oil/00582.tif,257aa567151bb5a30df90e4dc3a88afc0c4fb235d822bb55485087f782560018,f1aa0ad4cbbd93669d577a8d940448dcd5d4aacec3aa613c78b891af8752da34,2048,2048,2,float32+float32,HARD_LINK,NO,
train,No_oil,00258.tif,No_oil/00258.tif,train/images/No_oil/00258.tif,00258.tif,Mask_no_oil/00258.tif,train/masks/No_oil/00258.tif,7239c413002508c5a9a80aab30c45d7cd1264726195759a756a7cca2f04bc565,f1aa0ad4cbbd93669d577a8d940448dcd5d4aacec3aa613c78b891af8752da34,2048,2048,2,float32+float32,HARD_LINK,NO,
train,No_oil,00232.tif,No_oil/00232.tif,train/images/No_oil/00232.tif,00232.tif,Mask_no_oil/00232.tif,train/masks/No_oil/00232.tif,c1205aba23b989a4d693afb5a0326b7e70c1a85f4d7d0ff9dddc2aa957f04d80,f1aa0ad4cbbd93669d577a8d940448dcd5d4aacec3aa613c78b891af8752da34,2048,2048,2,float32+float32,HARD_LINK,NO,
train,No_oil,00150.tif,No_oil/00150.tif,train/images/No_oil/00150.tif,00150.tif,Mask_no_oil/00150.tif,train/masks/No_oil/00150.tif,89401d6d76f8deab4ea2d750c91dbcd2bf223545de26456d373b2d19511eed35,f1aa0ad4cbbd93669d577a8d940448dcd5d4aacec3aa613c78b891af8752da34,2048,2048,2,float32+float32,HARD_LINK,NO,
train,No_oil,00512.tif,No_oil/00512.tif,train/images/No_oil/00512.tif,00512.tif,Mask_no_oil/00512.tif,train/masks/No_oil/00512.tif,fb50c52e5e551193b6d962686a1a2c33dc297c384c7460ba6166f6e0fbe93987,f1aa0ad4cbbd93669d577a8d940448dcd5d4aacec3aa613c78b891af8752da34,2048,2048,2,float32+float32,HARD_LINK,NO,
train,No_oil,00305.tif,No_oil/00305.tif,train/images/No_oil/00305.tif,00305.tif,Mask_no_oil/00305.tif,train/masks/No_oil/00305.tif,09ca7cfd5c494febceeec15b1a3f19fb6f110e6d98d37ced6d3d8aa8401ed6e1,f1aa0ad4cbbd93669d577a8d940448dcd5d4aacec3aa613c78b891af8752da34,2048,2048,2,float32+float32,HARD_LINK,NO,
train,No_oil,00195.tif,No_oil/00195.tif,train/images/No_oil/00195.tif,00195.tif,Mask_no_oil/00195.tif,train/masks/No_oil/00195.tif,0d9feaae4602fa53b117e56783fd281c41a2953835d1fee5dcc149aa11819ad3,f1aa0ad4cbbd93669d577a8d940448dcd5d4aacec3aa613c78b891af8752da34,2048,2048,2,float32+float32,HARD_LINK,NO,
train,No_oil,00166.tif,No_oil/00166.tif,train/images/No_oil/00166.tif,00166.tif,Mask_no_oil/00166.tif,train/masks/No_oil/00166.tif,6cdaff4ca5cc6b49c9efac0cdc02acd9bc3111598f6a49ccf16c393d076b3161,f1aa0ad4cbbd93669d577a8d940448dcd5d4aacec3aa613c78b891af8752da34,2048,2048,2,float32+float32,HARD_LINK,NO,
train,No_oil,00683.tif,No_oil/00683.tif,train/images/No_oil/00683.tif,00683.tif,Mask_no_oil/00683.tif,train/masks/No_oil/00683.tif,1b3d4599c0f54afdd1724dbdc5f8896754fb38261d4df3bc32d8acd652977431,f1aa0ad4cbbd93669d577a8d940448dcd5d4aacec3aa613c78b891af8752da34,2048,2048,2,float32+float32,HARD_LINK,NO,
train,No_oil,00280.tif,No_oil/00280.tif,train/images/No_oil/00280.tif,00280.tif,Mask_no_oil/00280.tif,train/masks/No_oil/00280.tif,294a57716646b535f8558f236aa314a06183d2f6e1fe1bbe232caf676b933b0a,f1aa0ad4cbbd93669d577a8d940448dcd5d4aacec3aa613c78b891af8752da34,2048,2048,2,float32+float32,HARD_LINK,NO,
train,No_oil,00299.tif,No_oil/00299.tif,train/images/No_oil/00299.tif,00299.tif,Mask_no_oil/00299.tif,train/masks/No_oil/00299.tif,127a93855096d0185d781919df8ab7b3e3b966219d2b3f6322e1c932c745e02c,f1aa0ad4cbbd93669d577a8d940448dcd5d4aacec3aa613c78b891af8752da34,2048,2048,2,float32+float32,HARD_LINK,NO,
train,No_oil,00324.tif,No_oil/00324.tif,train/images/No_oil/00324.tif,00324.tif,Mask_no_oil/00324.tif,train/masks/No_oil/00324.tif,99a247a353237b4cdceb5f0a402b2acd682a5a816fbcf59c7edd3aa2ad4cd71a,f1aa0ad4cbbd93669d577a8d940448dcd5d4aacec3aa613c78b891af8752da34,2048,2048,2,float32+float32,HARD_LINK,NO,
train,No_oil,00319.tif,No_oil/00319.tif,train/images/No_oil/00319.tif,00319.tif,Mask_no_oil/00319.tif,train/masks/No_oil/00319.tif,d3d9517a06eb12bce487b7fb15a39096bce330ead112ba882e822ac87828d9d6,f1aa0ad4cbbd93669d577a8d940448dcd5d4aacec3aa613c78b891af8752da34,2048,2048,2,float32+float32,HARD_LINK,NO,
train,No_oil,00638.tif,No_oil/00638.tif,train/images/No_oil/00638.tif,00638.tif,Mask_no_oil/00638.tif,train/masks/No_oil/00638.tif,73c23d05a4ba901d0af6e6ee0fd2c49295617b56f03b4998a2d99465cd069967,f1aa0ad4cbbd93669d577a8d940448dcd5d4aacec3aa613c78b891af8752da34,2048,2048,2,float32+float32,HARD_LINK,NO,
train,No_oil,00510.tif,No_oil/00510.tif,train/images/No_oil/00510.tif,00510.tif,Mask_no_oil/00510.tif,train/masks/No_oil/00510.tif,7214b968869e9431d3bb023a4f173ea15e9bedd3af2254549e11f7a04a296f85,f1aa0ad4cbbd93669d577a8d940448dcd5d4aacec3aa613c78b891af8752da34,2048,2048,2,float32+float32,HARD_LINK,NO,
train,No_oil,00558.tif,No_oil/00558.tif,train/images/No_oil/00558.tif,00558.tif,Mask_no_oil/00558.tif,train/masks/No_oil/00558.tif,81c417f1d6499a7eae84a59d2ffec3c4971f118c18cc9cc2dbfd02f2b5b162ca,f1aa0ad4cbbd93669d577a8d940448dcd5d4aacec3aa613c78b891af8752da34,2048,2048,2,float32+float32,HARD_LINK,NO,
train,No_oil,00673.tif,No_oil/00673.tif,train/images/No_oil/00673.tif,00673.tif,Mask_no_oil/00673.tif,train/masks/No_oil/00673.tif,aa0154b40e25bdf4548c6b3423911592908c1a58f0a2eaae27347313a67e61c2,f1aa0ad4cbbd93669d577a8d940448dcd5d4aacec3aa613c78b891af8752da34,2048,2048,2,float32+float32,HARD_LINK,NO,
train,No_oil,00576.tif,No_oil/00576.tif,train/images/No_oil/00576.tif,00576.tif,Mask_no_oil/00576.tif,train/masks/No_oil/00576.tif,b53c7b3c5eab949f6c266483adb3573d9b85edc12f43b4bf5ed0de5182c314f2,f1aa0ad4cbbd93669d577a8d940448dcd5d4aacec3aa613c78b891af8752da34,2048,2048,2,float32+float32,HARD_LINK,NO,
train,No_oil,00164.tif,No_oil/00164.tif,train/images/No_oil/00164.tif,00164.tif,Mask_no_oil/00164.tif,train/masks/No_oil/00164.tif,8951bc7942d211b9e4c98298c8e2c8469979a9c736a2436b69c2cea5d45aec94,f1aa0ad4cbbd93669d577a8d940448dcd5d4aacec3aa613c78b891af8752da34,2048,2048,2,float32+float32,HARD_LINK,NO,
train,No_oil,00041.tif,No_oil/00041.tif,train/images/No_oil/00041.tif,00041.tif,Mask_no_oil/00041.tif,train/masks/No_oil/00041.tif,37c0892cf4b0ced82092d5c27938c523f8f09ff180eed0fe227d0f724779e983,f1aa0ad4cbbd93669d577a8d940448dcd5d4aacec3aa613c78b891af8752da34,2048,2048,2,float32+float32,HARD_LINK,NO,
train,No_oil,00460.tif,No_oil/00460.tif,train/images/No_oil/00460.tif,00460.tif,Mask_no_oil/00460.tif,train/masks/No_oil/00460.tif,e0578435589719fc7b22c452b69429ecb1c3d03fbc7395fedb462d0266c8556a,f1aa0ad4cbbd93669d577a8d940448dcd5d4aacec3aa613c78b891af8752da34,2048,2048,2,float32+float32,HARD_LINK,NO,
train,No_oil,00037.tif,No_oil/00037.tif,train/images/No_oil/00037.tif,00037.tif,Mask_no_oil/00037.tif,train/masks/No_oil/00037.tif,84c6654e0c0aeb28ca20f265fe7796c37dbc42c3761f7267e5e63c7ca9c7f385,f1aa0ad4cbbd93669d577a8d940448dcd5d4aacec3aa613c78b891af8752da34,2048,2048,2,float32+float32,HARD_LINK,NO,
train,No_oil,00227.tif,No_oil/00227.tif,train/images/No_oil/00227.tif,00227.tif,Mask_no_oil/00227.tif,train/masks/No_oil/00227.tif,6c72e8628c63f9b91d8ec361a15b9f242a372b7d5ba78a32b989022d659facaf,f1aa0ad4cbbd93669d577a8d940448dcd5d4aacec3aa613c78b891af8752da34,2048,2048,2,float32+float32,HARD_LINK,NO,
train,No_oil,00488.tif,No_oil/00488.tif,train/images/No_oil/00488.tif,00488.tif,Mask_no_oil/00488.tif,train/masks/No_oil/00488.tif,f8551b960febe07e2f3ac4fe119da9ef4cf5310f22e87a02b8430296a8b5297f,f1aa0ad4cbbd93669d577a8d940448dcd5d4aacec3aa613c78b891af8752da34,2048,2048,2,float32+float32,HARD_LINK,NO,
train,No_oil,00364.tif,No_oil/00364.tif,train/images/No_oil/00364.tif,00364.tif,Mask_no_oil/00364.tif,train/masks/No_oil/00364.tif,a193e9fd2016aba087a85484c0f74733fc4d52e3973c843e73a78ea94e275175,f1aa0ad4cbbd93669d577a8d940448dcd5d4aacec3aa613c78b891af8752da34,2048,2048,2,float32+float32,HARD_LINK,NO,
train,No_oil,00251.tif,No_oil/00251.tif,train/images/No_oil/00251.tif,00251.tif,Mask_no_oil/00251.tif,train/masks/No_oil/00251.tif,f5b6b69382e0e42c81312e2163c128bf224f3166e7335e5ccc93df0ab6524426,f1aa0ad4cbbd93669d577a8d940448dcd5d4aacec3aa613c78b891af8752da34,2048,2048,2,float32+float32,HARD_LINK,NO,
train,No_oil,00497.tif,No_oil/00497.tif,train/images/No_oil/00497.tif,00497.tif,Mask_no_oil/00497.tif,train/masks/No_oil/00497.tif,8825fc066ae7a6e33647ab9f8f521d3f311c34578ba4527fa9ad327a142fe1f1,f1aa0ad4cbbd93669d577a8d940448dcd5d4aacec3aa613c78b891af8752da34,2048,2048,2,float32+float32,HARD_LINK,NO,
train,No_oil,00351.tif,No_oil/00351.tif,train/images/No_oil/00351.tif,00351.tif,Mask_no_oil/00351.tif,train/masks/No_oil/00351.tif,161798769d5591cb8b1e91744c3589dab73713a314856941458285fb72a81844,f1aa0ad4cbbd93669d577a8d940448dcd5d4aacec3aa613c78b891af8752da34,2048,2048,2,float32+float32,HARD_LINK,NO,
train,No_oil,00218.tif,No_oil/00218.tif,train/images/No_oil/00218.tif,00218.tif,Mask_no_oil/00218.tif,train/masks/No_oil/00218.tif,1d37745be435ec6d741b34c44db60106c6846e05cb46ce6a26c41dd7e508432a,f1aa0ad4cbbd93669d577a8d940448dcd5d4aacec3aa613c78b891af8752da34,2048,2048,2,float32+float32,HARD_LINK,NO,
train,No_oil,00642.tif,No_oil/00642.tif,train/images/No_oil/00642.tif,00642.tif,Mask_no_oil/00642.tif,train/masks/No_oil/00642.tif,d9b6e98e8cc615f66cde6982400ab2baae4c54d90563588fea9fccc2a94dcf2d,f1aa0ad4cbbd93669d577a8d940448dcd5d4aacec3aa613c78b891af8752da34,2048,2048,2,float32+float32,HARD_LINK,NO,
train,No_oil,00433.tif,No_oil/00433.tif,train/images/No_oil/00433.tif,00433.tif,Mask_no_oil/00433.tif,train/masks/No_oil/00433.tif,43df3d56a1362849ba1b2073aeec0d2436dabb5137b1913e02fe40e535dd5c56,f1aa0ad4cbbd93669d577a8d940448dcd5d4aacec3aa613c78b891af8752da34,2048,2048,2,float32+float32,HARD_LINK,NO,
train,No_oil,00245.tif,No_oil/00245.tif,train/images/No_oil/00245.tif,00245.tif,Mask_no_oil/00245.tif,train/masks/No_oil/00245.tif,da1a07900159c57d2216307ada6b03fd5c78ecb9ee282410e5009d884cf1fda3,f1aa0ad4cbbd93669d577a8d940448dcd5d4aacec3aa613c78b891af8752da34,2048,2048,2,float32+float32,HARD_LINK,NO,
train,No_oil,00031.tif,No_oil/00031.tif,train/images/No_oil/00031.tif,00031.tif,Mask_no_oil/00031.tif,train/masks/No_oil/00031.tif,c0f7361905899f6ef383be7bec7bad54df6d9df66c5ab2b4e7561510716201ce,f1aa0ad4cbbd93669d577a8d940448dcd5d4aacec3aa613c78b891af8752da34,2048,2048,2,float32+float32,HARD_LINK,NO,
train,No_oil,00518.tif,No_oil/00518.tif,train/images/No_oil/00518.tif,00518.tif,Mask_no_oil/00518.tif,train/masks/No_oil/00518.tif,a1a13e8d3a0f2f8dc1be0b454e29c89f7db577afbbe53d287355d26ad0aabbe7,f1aa0ad4cbbd93669d577a8d940448dcd5d4aacec3aa613c78b891af8752da34,2048,2048,2,float32+float32,HARD_LINK,NO,
train,No_oil,00329.tif,No_oil/00329.tif,train/images/No_oil/00329.tif,00329.tif,Mask_no_oil/00329.tif,train/masks/No_oil/00329.tif,3c3178d763755f04e6c9b35ee1c7b30ebed0549b6888cb7beb65bcfd7f0c4499,f1aa0ad4cbbd93669d577a8d940448dcd5d4aacec3aa613c78b891af8752da34,2048,2048,2,float32+float32,HARD_LINK,NO,
train,No_oil,00234.tif,No_oil/00234.tif,train/images/No_oil/00234.tif,00234.tif,Mask_no_oil/00234.tif,train/masks/No_oil/00234.tif,dac5cb5c57fe98743599e2f2544bc6d6ecd0f3203a130c3a28a521143ad72f43,f1aa0ad4cbbd93669d577a8d940448dcd5d4aacec3aa613c78b891af8752da34,2048,2048,2,float32+float32,HARD_LINK,NO,
train,No_oil,00154.tif,No_oil/00154.tif,train/images/No_oil/00154.tif,00154.tif,Mask_no_oil/00154.tif,train/masks/No_oil/00154.tif,decd8ba234ba0235cb02b82a972e6a24c3ebeab556e7488fbf726108391a7b9d,f1aa0ad4cbbd93669d577a8d940448dcd5d4aacec3aa613c78b891af8752da34,2048,2048,2,float32+float32,HARD_LINK,NO,
train,No_oil,00266.tif,No_oil/00266.tif,train/images/No_oil/00266.tif,00266.tif,Mask_no_oil/00266.tif,train/masks/No_oil/00266.tif,bc845efd19bb7cf40478cc21c19db6bda408f8db346b39f7428e13e5843fdaa3,f1aa0ad4cbbd93669d577a8d940448dcd5d4aacec3aa613c78b891af8752da34,2048,2048,2,float32+float32,HARD_LINK,NO,
train,No_oil,00337.tif,No_oil/00337.tif,train/images/No_oil/00337.tif,00337.tif,Mask_no_oil/00337.tif,train/masks/No_oil/00337.tif,df7b275682bfc78ea42eaf0c65c596e78785663115706ca9130f7e200a2c8ef9,f1aa0ad4cbbd93669d577a8d940448dcd5d4aacec3aa613c78b891af8752da34,2048,2048,2,float32+float32,HARD_LINK,NO,
train,No_oil,00443.tif,No_oil/00443.tif,train/images/No_oil/00443.tif,00443.tif,Mask_no_oil/00443.tif,train/masks/No_oil/00443.tif,7e03c8ef91dfb150ef24378d7d1e77dc445261f83a52d55f8f1c1e302a8ada5c,f1aa0ad4cbbd93669d577a8d940448dcd5d4aacec3aa613c78b891af8752da34,2048,2048,2,float32+float32,HARD_LINK,NO,
train,No_oil,00542.tif,No_oil/00542.tif,train/images/No_oil/00542.tif,00542.tif,Mask_no_oil/00542.tif,train/masks/No_oil/00542.tif,84938dd4ac8b5cb6893bb493d197ff055c53d39c743c4229177115aa9d89dbcb,f1aa0ad4cbbd93669d577a8d940448dcd5d4aacec3aa613c78b891af8752da34,2048,2048,2,float32+float32,HARD_LINK,NO,
train,No_oil,00401.tif,No_oil/00401.tif,train/images/No_oil/00401.tif,00401.tif,Mask_no_oil/00401.tif,train/masks/No_oil/00401.tif,3a189d9bfbae27e638f93290c2837cedd4594ed3eb40a93f7291b88618b4ee68,f1aa0ad4cbbd93669d577a8d940448dcd5d4aacec3aa613c78b891af8752da34,2048,2048,2,float32+float32,HARD_LINK,NO,
train,No_oil,00372.tif,No_oil/00372.tif,train/images/No_oil/00372.tif,00372.tif,Mask_no_oil/00372.tif,train/masks/No_oil/00372.tif,53895687a7882a0a8fbe00ed249f177ca04c6bc5c16b67129a8df58ebd5ed254,f1aa0ad4cbbd93669d577a8d940448dcd5d4aacec3aa613c78b891af8752da34,2048,2048,2,float32+float32,HARD_LINK,NO,
train,No_oil,00652.tif,No_oil/00652.tif,train/images/No_oil/00652.tif,00652.tif,Mask_no_oil/00652.tif,train/masks/No_oil/00652.tif,a3dcefb2ed020bf4ab716eb8cb1ad222359932c8a44046a7dd2e115f05fb9879,f1aa0ad4cbbd93669d577a8d940448dcd5d4aacec3aa613c78b891af8752da34,2048,2048,2,float32+float32,HARD_LINK,NO,
train,No_oil,00314.tif,No_oil/00314.tif,train/images/No_oil/00314.tif,00314.tif,Mask_no_oil/00314.tif,train/masks/No_oil/00314.tif,60f91c3b8235ca02610ea917893dd5c141e4621197e6d6dd185c613015eabe34,f1aa0ad4cbbd93669d577a8d940448dcd5d4aacec3aa613c78b891af8752da34,2048,2048,2,float32+float32,HARD_LINK,NO,
train,No_oil,00484.tif,No_oil/00484.tif,train/images/No_oil/00484.tif,00484.tif,Mask_no_oil/00484.tif,train/masks/No_oil/00484.tif,2f56dd654c18d8375d0d967620c73a1f7f7766c8b5d0e61df4f70dbb6d0a5b21,f1aa0ad4cbbd93669d577a8d940448dcd5d4aacec3aa613c78b891af8752da34,2048,2048,2,float32+float32,HARD_LINK,NO,
train,No_oil,00113.tif,No_oil/00113.tif,train/images/No_oil/00113.tif,00113.tif,Mask_no_oil/00113.tif,train/masks/No_oil/00113.tif,1037c6c90c28b0dd20d14bce82eeb8e2d87bc8b8692c3c356c725587d19847dd,f1aa0ad4cbbd93669d577a8d940448dcd5d4aacec3aa613c78b891af8752da34,2048,2048,2,float32+float32,HARD_LINK,NO,
train,No_oil,00257.tif,No_oil/00257.tif,train/images/No_oil/00257.tif,00257.tif,Mask_no_oil/00257.tif,train/masks/No_oil/00257.tif,d67aef1cecb9b7edb2785ef76b34da7a58e19a6eaa0be267681f200dee52243a,f1aa0ad4cbbd93669d577a8d940448dcd5d4aacec3aa613c78b891af8752da34,2048,2048,2,float32+float32,HARD_LINK,NO,
train,No_oil,00606.tif,No_oil/00606.tif,train/images/No_oil/00606.tif,00606.tif,Mask_no_oil/00606.tif,train/masks/No_oil/00606.tif,84eaa9359f2f6d1eb741fa1ef5b5d33254d75b9011d596779549de6d00d1d527,f1aa0ad4cbbd93669d577a8d940448dcd5d4aacec3aa613c78b891af8752da34,2048,2048,2,float32+float32,HARD_LINK,NO,
train,No_oil,00055.tif,No_oil/00055.tif,train/images/No_oil/00055.tif,00055.tif,Mask_no_oil/00055.tif,train/masks/No_oil/00055.tif,e13bfd0af0153d49afa2452b302836dfc596b5f9cb6f73f1fb57f593bc55f5b4,f1aa0ad4cbbd93669d577a8d940448dcd5d4aacec3aa613c78b891af8752da34,2048,2048,2,float32+float32,HARD_LINK,NO,
train,No_oil,00303.tif,No_oil/00303.tif,train/images/No_oil/00303.tif,00303.tif,Mask_no_oil/00303.tif,train/masks/No_oil/00303.tif,d75ca4784445951d33df803631193e39bf0023d995083ad550d6288c6a24dca2,f1aa0ad4cbbd93669d577a8d940448dcd5d4aacec3aa613c78b891af8752da34,2048,2048,2,float32+float32,HARD_LINK,NO,
train,No_oil,00262.tif,No_oil/00262.tif,train/images/No_oil/00262.tif,00262.tif,Mask_no_oil/00262.tif,train/masks/No_oil/00262.tif,c7c475bb081900ba82fefdb30c3bd8ba52e226c1d728b6197edb15450c1a96fb,f1aa0ad4cbbd93669d577a8d940448dcd5d4aacec3aa613c78b891af8752da34,2048,2048,2,float32+float32,HARD_LINK,NO,
train,No_oil,00185.tif,No_oil/00185.tif,train/images/No_oil/00185.tif,00185.tif,Mask_no_oil/00185.tif,train/masks/No_oil/00185.tif,331ae4fb80175380e17d024590c893b171d04c159fc428347602be31fffe2d2d,f1aa0ad4cbbd93669d577a8d940448dcd5d4aacec3aa613c78b891af8752da34,2048,2048,2,float32+float32,HARD_LINK,NO,
train,No_oil,00398.tif,No_oil/00398.tif,train/images/No_oil/00398.tif,00398.tif,Mask_no_oil/00398.tif,train/masks/No_oil/00398.tif,5b387d53927e2353931d9999110aa914638e208196e7e262f92b3c18f9321980,f1aa0ad4cbbd93669d577a8d940448dcd5d4aacec3aa613c78b891af8752da34,2048,2048,2,float32+float32,HARD_LINK,NO,
train,No_oil,00229.tif,No_oil/00229.tif,train/images/No_oil/00229.tif,00229.tif,Mask_no_oil/00229.tif,train/masks/No_oil/00229.tif,e3dfd817efb3b396d081f6b0d2d40f6e96a519a162a696e62d0b4c0fd40abca8,f1aa0ad4cbbd93669d577a8d940448dcd5d4aacec3aa613c78b891af8752da34,2048,2048,2,float32+float32,HARD_LINK,NO,
train,No_oil,00516.tif,No_oil/00516.tif,train/images/No_oil/00516.tif,00516.tif,Mask_no_oil/00516.tif,train/masks/No_oil/00516.tif,e2ecbfd57ca4951a57a756137ab94a41593a4c51b4cc0dda8042ce459486414b,f1aa0ad4cbbd93669d577a8d940448dcd5d4aacec3aa613c78b891af8752da34,2048,2048,2,float32+float32,HARD_LINK,NO,
train,No_oil,00032.tif,No_oil/00032.tif,train/images/No_oil/00032.tif,00032.tif,Mask_no_oil/00032.tif,train/masks/No_oil/00032.tif,6371f6c333ce270e322b00ce1c8256edff41e4e1491beb956ef3e4c39b08931a,f1aa0ad4cbbd93669d577a8d940448dcd5d4aacec3aa613c78b891af8752da34,2048,2048,2,float32+float32,HARD_LINK,NO,
train,No_oil,00381.tif,No_oil/00381.tif,train/images/No_oil/00381.tif,00381.tif,Mask_no_oil/00381.tif,train/masks/No_oil/00381.tif,b18ded35d4de027bc31596a665b3f968a3992f3c577409a914b0e44adb48bdf2,f1aa0ad4cbbd93669d577a8d940448dcd5d4aacec3aa613c78b891af8752da34,2048,2048,2,float32+float32,HARD_LINK,NO,
train,No_oil,00058.tif,No_oil/00058.tif,train/images/No_oil/00058.tif,00058.tif,Mask_no_oil/00058.tif,train/masks/No_oil/00058.tif,475cc7f20919c6f2849ca73dc5d9730bb3ec7f7a695f5eec7d02792c89b1476e,f1aa0ad4cbbd93669d577a8d940448dcd5d4aacec3aa613c78b891af8752da34,2048,2048,2,float32+float32,HARD_LINK,NO,
train,No_oil,00269.tif,No_oil/00269.tif,train/images/No_oil/00269.tif,00269.tif,Mask_no_oil/00269.tif,train/masks/No_oil/00269.tif,8fefa03843d27638bf9d9e9942fb01879d9503c21f80dd61e87843559e2bc020,f1aa0ad4cbbd93669d577a8d940448dcd5d4aacec3aa613c78b891af8752da34,2048,2048,2,float32+float32,HARD_LINK,NO,
train,No_oil,00215.tif,No_oil/00215.tif,train/images/No_oil/00215.tif,00215.tif,Mask_no_oil/00215.tif,train/masks/No_oil/00215.tif,57fc71bee3addc1897616e2da6253595856b9006fdf8e2bf5ca76ef87c83d843,f1aa0ad4cbbd93669d577a8d940448dcd5d4aacec3aa613c78b891af8752da34,2048,2048,2,float32+float32,HARD_LINK,NO,
train,No_oil,00557.tif,No_oil/00557.tif,train/images/No_oil/00557.tif,00557.tif,Mask_no_oil/00557.tif,train/masks/No_oil/00557.tif,0a3be81edb2f7f566fade3c459cf742a097129d03b4d7bd30fa3b5a803c3b7dc,f1aa0ad4cbbd93669d577a8d940448dcd5d4aacec3aa613c78b891af8752da34,2048,2048,2,float32+float32,HARD_LINK,NO,
train,No_oil,00584.tif,No_oil/00584.tif,train/images/No_oil/00584.tif,00584.tif,Mask_no_oil/00584.tif,train/masks/No_oil/00584.tif,0163435ed46afe03f99afde6ccaacd7924583615070222915a22643e151e9be4,f1aa0ad4cbbd93669d577a8d940448dcd5d4aacec3aa613c78b891af8752da34,2048,2048,2,float32+float32,HARD_LINK,NO,
train,No_oil,00053.tif,No_oil/00053.tif,train/images/No_oil/00053.tif,00053.tif,Mask_no_oil/00053.tif,train/masks/No_oil/00053.tif,d39a84cff93c6061e9f2d4a85feac236195e369322e9d04ea4da6d5359010fd8,f1aa0ad4cbbd93669d577a8d940448dcd5d4aacec3aa613c78b891af8752da34,2048,2048,2,float32+float32,HARD_LINK,NO,
train,No_oil,00271.tif,No_oil/00271.tif,train/images/No_oil/00271.tif,00271.tif,Mask_no_oil/00271.tif,train/masks/No_oil/00271.tif,6ba23f94a5577ee834508b4883a20f2c506830a499449b925d23cf3a18b3bb6d,f1aa0ad4cbbd93669d577a8d940448dcd5d4aacec3aa613c78b891af8752da34,2048,2048,2,float32+float32,HARD_LINK,NO,
train,No_oil,00522.tif,No_oil/00522.tif,train/images/No_oil/00522.tif,00522.tif,Mask_no_oil/00522.tif,train/masks/No_oil/00522.tif,958914d8915ec1ba0f32be26508b73ddb70d41441ed9db03ba5f52d0e62a53c4,f1aa0ad4cbbd93669d577a8d940448dcd5d4aacec3aa613c78b891af8752da34,2048,2048,2,float32+float32,HARD_LINK,NO,
train,No_oil,00016.tif,No_oil/00016.tif,train/images/No_oil/00016.tif,00016.tif,Mask_no_oil/00016.tif,train/masks/No_oil/00016.tif,53513659855efd5d3c726eb61d94a28e4df408a90f6d902646f21575328bc75d,f1aa0ad4cbbd93669d577a8d940448dcd5d4aacec3aa613c78b891af8752da34,2048,2048,2,float32+float32,HARD_LINK,NO,
train,No_oil,00331.tif,No_oil/00331.tif,train/images/No_oil/00331.tif,00331.tif,Mask_no_oil/00331.tif,train/masks/No_oil/00331.tif,7ce8fbc0d2e0bdf79b61fa4bee0206b68f6b8737ff9963ef36d1e10bac32d38e,f1aa0ad4cbbd93669d577a8d940448dcd5d4aacec3aa613c78b891af8752da34,2048,2048,2,float32+float32,HARD_LINK,NO,
train,No_oil,00243.tif,No_oil/00243.tif,train/images/No_oil/00243.tif,00243.tif,Mask_no_oil/00243.tif,train/masks/No_oil/00243.tif,d446b5064f574a7d703d425215cd64ebf942405cd586dc0034beec94c266508a,f1aa0ad4cbbd93669d577a8d940448dcd5d4aacec3aa613c78b891af8752da34,2048,2048,2,float32+float32,HARD_LINK,NO,
train,No_oil,00366.tif,No_oil/00366.tif,train/images/No_oil/00366.tif,00366.tif,Mask_no_oil/00366.tif,train/masks/No_oil/00366.tif,af5a708a8b4b441fc1e7a8184009c8d4c88d25c2a3b73a3b7c9c741b9d375f22,f1aa0ad4cbbd93669d577a8d940448dcd5d4aacec3aa613c78b891af8752da34,2048,2048,2,float32+float32,HARD_LINK,NO,
train,No_oil,00015.tif,No_oil/00015.tif,train/images/No_oil/00015.tif,00015.tif,Mask_no_oil/00015.tif,train/masks/No_oil/00015.tif,cc169536d1c742b23c9ed557e4d65400a1f36dec9b98865a9e30046653840713,f1aa0ad4cbbd93669d577a8d940448dcd5d4aacec3aa613c78b891af8752da34,2048,2048,2,float32+float32,HARD_LINK,NO,
train,No_oil,00628.tif,No_oil/00628.tif,train/images/No_oil/00628.tif,00628.tif,Mask_no_oil/00628.tif,train/masks/No_oil/00628.tif,52ec72d24611f79e39faa6473ce6cb25045e19477129224b8c56d0cdd84afe57,f1aa0ad4cbbd93669d577a8d940448dcd5d4aacec3aa613c78b891af8752da34,2048,2048,2,float32+float32,HARD_LINK,NO,
train,No_oil,00026.tif,No_oil/00026.tif,train/images/No_oil/00026.tif,00026.tif,Mask_no_oil/00026.tif,train/masks/No_oil/00026.tif,9b84428946842e7e98d5931650718b359ae381d1ad043a72d6c610917937cae4,f1aa0ad4cbbd93669d577a8d940448dcd5d4aacec3aa613c78b891af8752da34,2048,2048,2,float32+float32,HARD_LINK,NO,
train,No_oil,00112.tif,No_oil/00112.tif,train/images/No_oil/00112.tif,00112.tif,Mask_no_oil/00112.tif,train/masks/No_oil/00112.tif,4ee8ecd5aebbf43838ccc9c0524e567fde38c8b6fd33aaa9c32207d0c1be92c5,f1aa0ad4cbbd93669d577a8d940448dcd5d4aacec3aa613c78b891af8752da34,2048,2048,2,float32+float32,HARD_LINK,NO,
train,No_oil,00178.tif,No_oil/00178.tif,train/images/No_oil/00178.tif,00178.tif,Mask_no_oil/00178.tif,train/masks/No_oil/00178.tif,85105cade8414ee7b0f2eb2ec41f1ee69d2e9af02c9f42772cd2ad29ec28d90e,f1aa0ad4cbbd93669d577a8d940448dcd5d4aacec3aa613c78b891af8752da34,2048,2048,2,float32+float32,HARD_LINK,NO,
train,No_oil,00637.tif,No_oil/00637.tif,train/images/No_oil/00637.tif,00637.tif,Mask_no_oil/00637.tif,train/masks/No_oil/00637.tif,a7d1472807bb633259352807bc057f345e233b8354cb0fa6601b8772740ba15d,f1aa0ad4cbbd93669d577a8d940448dcd5d4aacec3aa613c78b891af8752da34,2048,2048,2,float32+float32,HARD_LINK,NO,
train,No_oil,00133.tif,No_oil/00133.tif,train/images/No_oil/00133.tif,00133.tif,Mask_no_oil/00133.tif,train/masks/No_oil/00133.tif,04b3eb64153a38ae4a6a079046395d1572e8edd639b4ba55ec2afe8cca129e7f,f1aa0ad4cbbd93669d577a8d940448dcd5d4aacec3aa613c78b891af8752da34,2048,2048,2,float32+float32,HARD_LINK,NO,
train,No_oil,00148.tif,No_oil/00148.tif,train/images/No_oil/00148.tif,00148.tif,Mask_no_oil/00148.tif,train/masks/No_oil/00148.tif,0f5a735154299d3327bcd92cd03db4a38aa987feba37df00da80fccfa5edc59c,f1aa0ad4cbbd93669d577a8d940448dcd5d4aacec3aa613c78b891af8752da34,2048,2048,2,float32+float32,HARD_LINK,NO,
train,No_oil,00283.tif,No_oil/00283.tif,train/images/No_oil/00283.tif,00283.tif,Mask_no_oil/00283.tif,train/masks/No_oil/00283.tif,a561a7d2e637bd3fea0151090de47016452ef113e12854ae57ae5be7b5a025a1,f1aa0ad4cbbd93669d577a8d940448dcd5d4aacec3aa613c78b891af8752da34,2048,2048,2,float32+float32,HARD_LINK,NO,
train,No_oil,00002.tif,No_oil/00002.tif,train/images/No_oil/00002.tif,00002.tif,Mask_no_oil/00002.tif,train/masks/No_oil/00002.tif,d687f41419b843da9bc71c68163c46a97e3a6be7922e3a4858c167bc6cc2b252,f1aa0ad4cbbd93669d577a8d940448dcd5d4aacec3aa613c78b891af8752da34,2048,2048,2,float32+float32,HARD_LINK,NO,
train,No_oil,00151.tif,No_oil/00151.tif,train/images/No_oil/00151.tif,00151.tif,Mask_no_oil/00151.tif,train/masks/No_oil/00151.tif,3ee476793f67cf872e0a34c1fb53d58e41a0d0b3d1e63681bc8372de40fbafec,f1aa0ad4cbbd93669d577a8d940448dcd5d4aacec3aa613c78b891af8752da34,2048,2048,2,float32+float32,HARD_LINK,NO,
train,No_oil,00336.tif,No_oil/00336.tif,train/images/No_oil/00336.tif,00336.tif,Mask_no_oil/00336.tif,train/masks/No_oil/00336.tif,9a99187f9acbd08be45a1cb9dc6955ca02d46d0cabab5abc3d7b00afd6bfb94e,f1aa0ad4cbbd93669d577a8d940448dcd5d4aacec3aa613c78b891af8752da34,2048,2048,2,float32+float32,HARD_LINK,NO,
train,No_oil,00238.tif,No_oil/00238.tif,train/images/No_oil/00238.tif,00238.tif,Mask_no_oil/00238.tif,train/masks/No_oil/00238.tif,ebf04f37ee0460e3cc22f78a92581ce5fe3ae6064b0ebbc214d2a4ffdebd8d13,f1aa0ad4cbbd93669d577a8d940448dcd5d4aacec3aa613c78b891af8752da34,2048,2048,2,float32+float32,HARD_LINK,NO,
train,No_oil,00221.tif,No_oil/00221.tif,train/images/No_oil/00221.tif,00221.tif,Mask_no_oil/00221.tif,train/masks/No_oil/00221.tif,52f93127968797ae531b2ba715efce95c8630738772ae9a8bb832d5f433e47bd,f1aa0ad4cbbd93669d577a8d940448dcd5d4aacec3aa613c78b891af8752da34,2048,2048,2,float32+float32,HARD_LINK,NO,
train,No_oil,00212.tif,No_oil/00212.tif,train/images/No_oil/00212.tif,00212.tif,Mask_no_oil/00212.tif,train/masks/No_oil/00212.tif,c6571be985f3266c3ce781803efdea230d38194816665853aabc92308e2588d1,f1aa0ad4cbbd93669d577a8d940448dcd5d4aacec3aa613c78b891af8752da34,2048,2048,2,float32+float32,HARD_LINK,NO,
train,No_oil,00070.tif,No_oil/00070.tif,train/images/No_oil/00070.tif,00070.tif,Mask_no_oil/00070.tif,train/masks/No_oil/00070.tif,d0f3bf76970d07d2a3dbebb0385ad3c816303f09aae31e4499eda1b60bd1b6b5,f1aa0ad4cbbd93669d577a8d940448dcd5d4aacec3aa613c78b891af8752da34,2048,2048,2,float32+float32,HARD_LINK,NO,
train,No_oil,00210.tif,No_oil/00210.tif,train/images/No_oil/00210.tif,00210.tif,Mask_no_oil/00210.tif,train/masks/No_oil/00210.tif,01b8df25c64bde151c8c228385fa381fe613370009b8eb64b0e17a4223b420c0,f1aa0ad4cbbd93669d577a8d940448dcd5d4aacec3aa613c78b891af8752da34,2048,2048,2,float32+float32,HARD_LINK,NO,
train,No_oil,00128.tif,No_oil/00128.tif,train/images/No_oil/00128.tif,00128.tif,Mask_no_oil/00128.tif,train/masks/No_oil/00128.tif,68298c520eb920ae455246dcdf354746d2e790e9fa59fb11e4885c389b0e9c40,f1aa0ad4cbbd93669d577a8d940448dcd5d4aacec3aa613c78b891af8752da34,2048,2048,2,float32+float32,HARD_LINK,NO,
train,No_oil,00249.tif,No_oil/00249.tif,train/images/No_oil/00249.tif,00249.tif,Mask_no_oil/00249.tif,train/masks/No_oil/00249.tif,ef595e2726c2186695c735ec68a87af3b258892a10699650cca6a518e066c56d,f1aa0ad4cbbd93669d577a8d940448dcd5d4aacec3aa613c78b891af8752da34,2048,2048,2,float32+float32,HARD_LINK,NO,
train,No_oil,00341.tif,No_oil/00341.tif,train/images/No_oil/00341.tif,00341.tif,Mask_no_oil/00341.tif,train/masks/No_oil/00341.tif,1601d8ac87c5fa324377fe3b8d95c2157bd5fcada3173012328d69727e0079ea,f1aa0ad4cbbd93669d577a8d940448dcd5d4aacec3aa613c78b891af8752da34,2048,2048,2,float32+float32,HARD_LINK,NO,
train,No_oil,00051.tif,No_oil/00051.tif,train/images/No_oil/00051.tif,00051.tif,Mask_no_oil/00051.tif,train/masks/No_oil/00051.tif,7426fcfb4efa6c455c846660069d593dcb132cc204941fdbe4c0f8313031e3c6,f1aa0ad4cbbd93669d577a8d940448dcd5d4aacec3aa613c78b891af8752da34,2048,2048,2,float32+float32,HARD_LINK,NO,
train,No_oil,00021.tif,No_oil/00021.tif,train/images/No_oil/00021.tif,00021.tif,Mask_no_oil/00021.tif,train/masks/No_oil/00021.tif,bdb57c1044c8f163cb27aa0bd7c0a66de93f82ab3bdbf38ad31f2c9556bbd782,f1aa0ad4cbbd93669d577a8d940448dcd5d4aacec3aa613c78b891af8752da34,2048,2048,2,float32+float32,HARD_LINK,NO,
train,No_oil,00217.tif,No_oil/00217.tif,train/images/No_oil/00217.tif,00217.tif,Mask_no_oil/00217.tif,train/masks/No_oil/00217.tif,3ad1767487f91387678dcce0a940792cee2703dd364dc8833f67c4f69b2d70f8,f1aa0ad4cbbd93669d577a8d940448dcd5d4aacec3aa613c78b891af8752da34,2048,2048,2,float32+float32,HARD_LINK,NO,
train,No_oil,00093.tif,No_oil/00093.tif,train/images/No_oil/00093.tif,00093.tif,Mask_no_oil/00093.tif,train/masks/No_oil/00093.tif,d3335530266ec287ccf6491ca099d06081a6158f80e383511e631d81e13dffed,f1aa0ad4cbbd93669d577a8d940448dcd5d4aacec3aa613c78b891af8752da34,2048,2048,2,float32+float32,HARD_LINK,NO,
train,No_oil,00596.tif,No_oil/00596.tif,train/images/No_oil/00596.tif,00596.tif,Mask_no_oil/00596.tif,train/masks/No_oil/00596.tif,0fc988b5e3d5a1d34efe4c994e726bc226313cdf0b815d197d1d73389556fa49,f1aa0ad4cbbd93669d577a8d940448dcd5d4aacec3aa613c78b891af8752da34,2048,2048,2,float32+float32,HARD_LINK,NO,
train,No_oil,00125.tif,No_oil/00125.tif,train/images/No_oil/00125.tif,00125.tif,Mask_no_oil/00125.tif,train/masks/No_oil/00125.tif,249ca6a58613d36dc11a56dbdf26dbe1c9d28082f4b104ef3a9c96ffd2d50b28,f1aa0ad4cbbd93669d577a8d940448dcd5d4aacec3aa613c78b891af8752da34,2048,2048,2,float32+float32,HARD_LINK,NO,
train,No_oil,00639.tif,No_oil/00639.tif,train/images/No_oil/00639.tif,00639.tif,Mask_no_oil/00639.tif,train/masks/No_oil/00639.tif,a5d2d79d02fa09ecd89a0c963e7ca0bb9fa0f480186a7308668afbe9a1fefb7c,f1aa0ad4cbbd93669d577a8d940448dcd5d4aacec3aa613c78b891af8752da34,2048,2048,2,float32+float32,HARD_LINK,NO,
train,No_oil,00282.tif,No_oil/00282.tif,train/images/No_oil/00282.tif,00282.tif,Mask_no_oil/00282.tif,train/masks/No_oil/00282.tif,ba598675e4a018e49396c908227a3756f3c31b48c16e74e829b1b27e1724fec5,f1aa0ad4cbbd93669d577a8d940448dcd5d4aacec3aa613c78b891af8752da34,2048,2048,2,float32+float32,HARD_LINK,NO,
train,No_oil,00407.tif,No_oil/00407.tif,train/images/No_oil/00407.tif,00407.tif,Mask_no_oil/00407.tif,train/masks/No_oil/00407.tif,7892d76d9e1b22647d0104b71b0263c03f1874bdafbed877a6081115d6eab3cb,f1aa0ad4cbbd93669d577a8d940448dcd5d4aacec3aa613c78b891af8752da34,2048,2048,2,float32+float32,HARD_LINK,NO,
val,No_oil,00062.tif,No_oil/00062.tif,val/images/No_oil/00062.tif,00062.tif,Mask_no_oil/00062.tif,val/masks/No_oil/00062.tif,367efbbc9d82aa3d1e80fd7821c13ea4c12fadc3481f36e4e46c0ed0e1b33040,f1aa0ad4cbbd93669d577a8d940448dcd5d4aacec3aa613c78b891af8752da34,2048,2048,2,float32+float32,HARD_LINK,NO,
val,No_oil,00656.tif,No_oil/00656.tif,val/images/No_oil/00656.tif,00656.tif,Mask_no_oil/00656.tif,val/masks/No_oil/00656.tif,581c4f1051d0c0187dec5e86cc3952ed722f79095ad386fd48f4e8fbc965cdd2,f1aa0ad4cbbd93669d577a8d940448dcd5d4aacec3aa613c78b891af8752da34,2048,2048,2,float32+float32,HARD_LINK,NO,
val,No_oil,00376.tif,No_oil/00376.tif,val/images/No_oil/00376.tif,00376.tif,Mask_no_oil/00376.tif,val/masks/No_oil/00376.tif,a7e0183990ac1e94213658cdf2df3807ecd3f6de21eac8bb1c91fd7f0c65bca4,f1aa0ad4cbbd93669d577a8d940448dcd5d4aacec3aa613c78b891af8752da34,2048,2048,2,float32+float32,HARD_LINK,NO,
val,No_oil,00562.tif,No_oil/00562.tif,val/images/No_oil/00562.tif,00562.tif,Mask_no_oil/00562.tif,val/masks/No_oil/00562.tif,0ffa32c86fb3fc4bfd8205d7d734b37f0715eb8c290048e3ebf9700fdbd9d383,f1aa0ad4cbbd93669d577a8d940448dcd5d4aacec3aa613c78b891af8752da34,2048,2048,2,float32+float32,HARD_LINK,NO,
val,No_oil,00371.tif,No_oil/00371.tif,val/images/No_oil/00371.tif,00371.tif,Mask_no_oil/00371.tif,val/masks/No_oil/00371.tif,ebc44be2b6b0a9852a5dc6bb1f51da57bdad8012ff3d7357f78b79c5a82eaa05,f1aa0ad4cbbd93669d577a8d940448dcd5d4aacec3aa613c78b891af8752da34,2048,2048,2,float32+float32,HARD_LINK,NO,
val,No_oil,00241.tif,No_oil/00241.tif,val/images/No_oil/00241.tif,00241.tif,Mask_no_oil/00241.tif,val/masks/No_oil/00241.tif,7e8dd045f328d7bec6edde5c7f015f49470330547f14e6b96f1ad134207822ac,f1aa0ad4cbbd93669d577a8d940448dcd5d4aacec3aa613c78b891af8752da34,2048,2048,2,float32+float32,HARD_LINK,NO,
val,No_oil,00455.tif,No_oil/00455.tif,val/images/No_oil/00455.tif,00455.tif,Mask_no_oil/00455.tif,val/masks/No_oil/00455.tif,15c0c53d95eace7d5b954ad5fb0d2ccb3cf64da1b6574cbcc80217601e37930b,f1aa0ad4cbbd93669d577a8d940448dcd5d4aacec3aa613c78b891af8752da34,2048,2048,2,float32+float32,HARD_LINK,NO,
val,No_oil,00454.tif,No_oil/00454.tif,val/images/No_oil/00454.tif,00454.tif,Mask_no_oil/00454.tif,val/masks/No_oil/00454.tif,bb137c4fa7a79b4ad1752e1d99f7595bc1f4072a9b96d1ed88b72551098dece2,f1aa0ad4cbbd93669d577a8d940448dcd5d4aacec3aa613c78b891af8752da34,2048,2048,2,float32+float32,HARD_LINK,NO,
val,No_oil,00222.tif,No_oil/00222.tif,val/images/No_oil/00222.tif,00222.tif,Mask_no_oil/00222.tif,val/masks/No_oil/00222.tif,6495131a36190c4972836aecfb2b6b8809dec31244d8a77715ecdf4d1b20ab2e,f1aa0ad4cbbd93669d577a8d940448dcd5d4aacec3aa613c78b891af8752da34,2048,2048,2,float32+float32,HARD_LINK,NO,
val,No_oil,00567.tif,No_oil/00567.tif,val/images/No_oil/00567.tif,00567.tif,Mask_no_oil/00567.tif,val/masks/No_oil/00567.tif,08c6595b703767168984f4abef0f52aa623ff526b6cdc9e3408b96b7ef8e69dd,f1aa0ad4cbbd93669d577a8d940448dcd5d4aacec3aa613c78b891af8752da34,2048,2048,2,float32+float32,HARD_LINK,NO,
val,No_oil,00033.tif,No_oil/00033.tif,val/images/No_oil/00033.tif,00033.tif,Mask_no_oil/00033.tif,val/masks/No_oil/00033.tif,962d42aa32d6adc7b54cb516e6974fc1976c36f23e882dc9181ee20f8688116f,f1aa0ad4cbbd93669d577a8d940448dcd5d4aacec3aa613c78b891af8752da34,2048,2048,2,float32+float32,HARD_LINK,NO,
val,No_oil,00286.tif,No_oil/00286.tif,val/images/No_oil/00286.tif,00286.tif,Mask_no_oil/00286.tif,val/masks/No_oil/00286.tif,95502ce2f6b8eeb8e9f5c4fa068e24abedda1f2b597a04b4ab674d58e597fd4d,f1aa0ad4cbbd93669d577a8d940448dcd5d4aacec3aa613c78b891af8752da34,2048,2048,2,float32+float32,HARD_LINK,NO,
val,No_oil,00417.tif,No_oil/00417.tif,val/images/No_oil/00417.tif,00417.tif,Mask_no_oil/00417.tif,val/masks/No_oil/00417.tif,603da4e3328eeb144463a90b3c43260f0c4e26d0ce77bfc89e8f50d967ea6e6b,f1aa0ad4cbbd93669d577a8d940448dcd5d4aacec3aa613c78b891af8752da34,2048,2048,2,float32+float32,HARD_LINK,NO,
val,No_oil,00501.tif,No_oil/00501.tif,val/images/No_oil/00501.tif,00501.tif,Mask_no_oil/00501.tif,val/masks/No_oil/00501.tif,cb8c9d02e1bc3782cccae88e078fbf17745461f33e73ccf7af1db327c5e48972,f1aa0ad4cbbd93669d577a8d940448dcd5d4aacec3aa613c78b891af8752da34,2048,2048,2,float32+float32,HARD_LINK,NO,
val,No_oil,00101.tif,No_oil/00101.tif,val/images/No_oil/00101.tif,00101.tif,Mask_no_oil/00101.tif,val/masks/No_oil/00101.tif,e23daae7cc7513cab41050f9476d947408b58ecaf238746fcf8f347a8f2f00ad,f1aa0ad4cbbd93669d577a8d940448dcd5d4aacec3aa613c78b891af8752da34,2048,2048,2,float32+float32,HARD_LINK,NO,
val,No_oil,00424.tif,No_oil/00424.tif,val/images/No_oil/00424.tif,00424.tif,Mask_no_oil/00424.tif,val/masks/No_oil/00424.tif,e1b1808116f14d6dde54e71ec02517adc1c2f159100542e2a203e7977652e170,f1aa0ad4cbbd93669d577a8d940448dcd5d4aacec3aa613c78b891af8752da34,2048,2048,2,float32+float32,HARD_LINK,NO,
val,No_oil,00158.tif,No_oil/00158.tif,val/images/No_oil/00158.tif,00158.tif,Mask_no_oil/00158.tif,val/masks/No_oil/00158.tif,3c5fe2fad4d97f3fb36d7720f69256e3edb1a88ecb44b2012ddf940c89ad07db,f1aa0ad4cbbd93669d577a8d940448dcd5d4aacec3aa613c78b891af8752da34,2048,2048,2,float32+float32,HARD_LINK,NO,
val,No_oil,00429.tif,No_oil/00429.tif,val/images/No_oil/00429.tif,00429.tif,Mask_no_oil/00429.tif,val/masks/No_oil/00429.tif,22bd211a9f253e2e50ada64577c65f04dfa5595d5280f315f7b27c3be4f4fac8,f1aa0ad4cbbd93669d577a8d940448dcd5d4aacec3aa613c78b891af8752da34,2048,2048,2,float32+float32,HARD_LINK,NO,
val,No_oil,00554.tif,No_oil/00554.tif,val/images/No_oil/00554.tif,00554.tif,Mask_no_oil/00554.tif,val/masks/No_oil/00554.tif,271f72667f0b92d3e694e465bfb7ed91baf8d3b6fdd6128143d953d139f52570,f1aa0ad4cbbd93669d577a8d940448dcd5d4aacec3aa613c78b891af8752da34,2048,2048,2,float32+float32,HARD_LINK,NO,
val,No_oil,00379.tif,No_oil/00379.tif,val/images/No_oil/00379.tif,00379.tif,Mask_no_oil/00379.tif,val/masks/No_oil/00379.tif,cf5e635008c49007529a413f3073ae0b8693ae2b82635fe7de401598ba8fc4ab,f1aa0ad4cbbd93669d577a8d940448dcd5d4aacec3aa613c78b891af8752da34,2048,2048,2,float32+float32,HARD_LINK,NO,
val,No_oil,00464.tif,No_oil/00464.tif,val/images/No_oil/00464.tif,00464.tif,Mask_no_oil/00464.tif,val/masks/No_oil/00464.tif,3e86cad29916d30fcd474d1ecf8b05554f446c5728cc908681e8b1a1688d02a3,f1aa0ad4cbbd93669d577a8d940448dcd5d4aacec3aa613c78b891af8752da34,2048,2048,2,float32+float32,HARD_LINK,NO,
val,No_oil,00397.tif,No_oil/00397.tif,val/images/No_oil/00397.tif,00397.tif,Mask_no_oil/00397.tif,val/masks/No_oil/00397.tif,05b95cb9951467414f759bbaea31ca65851146bd1fc8ba1d044b201df8eae65c,f1aa0ad4cbbd93669d577a8d940448dcd5d4aacec3aa613c78b891af8752da34,2048,2048,2,float32+float32,HARD_LINK,NO,
val,No_oil,00138.tif,No_oil/00138.tif,val/images/No_oil/00138.tif,00138.tif,Mask_no_oil/00138.tif,val/masks/No_oil/00138.tif,72b7746094e291ace8ac025d27318951ed010039dc5dda53fd216b047d636fb4,f1aa0ad4cbbd93669d577a8d940448dcd5d4aacec3aa613c78b891af8752da34,2048,2048,2,float32+float32,HARD_LINK,NO,
val,No_oil,00551.tif,No_oil/00551.tif,val/images/No_oil/00551.tif,00551.tif,Mask_no_oil/00551.tif,val/masks/No_oil/00551.tif,586b933c64aaecaa6228964449f89c6e867fbcb7b00c87460a33c4ca79e9f36c,f1aa0ad4cbbd93669d577a8d940448dcd5d4aacec3aa613c78b891af8752da34,2048,2048,2,float32+float32,HARD_LINK,NO,
val,No_oil,00240.tif,No_oil/00240.tif,val/images/No_oil/00240.tif,00240.tif,Mask_no_oil/00240.tif,val/masks/No_oil/00240.tif,0f0bf42cd1c6dc4389089e9f22c03a63cc13e641827f507ef7ca8f66a7ccd293,f1aa0ad4cbbd93669d577a8d940448dcd5d4aacec3aa613c78b891af8752da34,2048,2048,2,float32+float32,HARD_LINK,NO,
val,No_oil,00635.tif,No_oil/00635.tif,val/images/No_oil/00635.tif,00635.tif,Mask_no_oil/00635.tif,val/masks/No_oil/00635.tif,f03801a01319a7b10afbbc1cda06cea6c66c43843dc9a6a5c85ef945ec6867ed,f1aa0ad4cbbd93669d577a8d940448dcd5d4aacec3aa613c78b891af8752da34,2048,2048,2,float32+float32,HARD_LINK,NO,
val,No_oil,00118.tif,No_oil/00118.tif,val/images/No_oil/00118.tif,00118.tif,Mask_no_oil/00118.tif,val/masks/No_oil/00118.tif,40d7ce9409ad957cd2b56e6ca9189f524586b595de1cccae95637f569f3c5c5a,f1aa0ad4cbbd93669d577a8d940448dcd5d4aacec3aa613c78b891af8752da34,2048,2048,2,float32+float32,HARD_LINK,NO,
val,No_oil,00504.tif,No_oil/00504.tif,val/images/No_oil/00504.tif,00504.tif,Mask_no_oil/00504.tif,val/masks/No_oil/00504.tif,a9d8255fb1620a412a5bdcb3a8b07f34fdc684fa40a922fb53ab6827c96a5cd1,f1aa0ad4cbbd93669d577a8d940448dcd5d4aacec3aa613c78b891af8752da34,2048,2048,2,float32+float32,HARD_LINK,NO,
val,No_oil,00311.tif,No_oil/00311.tif,val/images/No_oil/00311.tif,00311.tif,Mask_no_oil/00311.tif,val/masks/No_oil/00311.tif,dbeb7d0ceb6c77c535119a324423d57ad51d2ad334a390a99e67a31d7b45a907,f1aa0ad4cbbd93669d577a8d940448dcd5d4aacec3aa613c78b891af8752da34,2048,2048,2,float32+float32,HARD_LINK,NO,
val,No_oil,00038.tif,No_oil/00038.tif,val/images/No_oil/00038.tif,00038.tif,Mask_no_oil/00038.tif,val/masks/No_oil/00038.tif,ef286826e3837c7aaa195821e05b44a07eb7da2a1766fe0750dfd6283b38daa1,f1aa0ad4cbbd93669d577a8d940448dcd5d4aacec3aa613c78b891af8752da34,2048,2048,2,float32+float32,HARD_LINK,NO,
val,No_oil,00046.tif,No_oil/00046.tif,val/images/No_oil/00046.tif,00046.tif,Mask_no_oil/00046.tif,val/masks/No_oil/00046.tif,f57330370b4b544b9ab6a32274285698e9f65822a9b681f3f5ea2ff5888cbfab,f1aa0ad4cbbd93669d577a8d940448dcd5d4aacec3aa613c78b891af8752da34,2048,2048,2,float32+float32,HARD_LINK,NO,
val,No_oil,00143.tif,No_oil/00143.tif,val/images/No_oil/00143.tif,00143.tif,Mask_no_oil/00143.tif,val/masks/No_oil/00143.tif,13ed4b9b101ef50238cc088ad3afc962c7990e998a5e20e01e8e70f086c805ee,f1aa0ad4cbbd93669d577a8d940448dcd5d4aacec3aa613c78b891af8752da34,2048,2048,2,float32+float32,HARD_LINK,NO,
val,No_oil,00119.tif,No_oil/00119.tif,val/images/No_oil/00119.tif,00119.tif,Mask_no_oil/00119.tif,val/masks/No_oil/00119.tif,011d71899a610b62295f6b74075924bf709637b93b664c64a83348009e1cda04,f1aa0ad4cbbd93669d577a8d940448dcd5d4aacec3aa613c78b891af8752da34,2048,2048,2,float32+float32,HARD_LINK,NO,
val,No_oil,00418.tif,No_oil/00418.tif,val/images/No_oil/00418.tif,00418.tif,Mask_no_oil/00418.tif,val/masks/No_oil/00418.tif,14f4c270cd450b013a84cf8f0ca36607671b894ee4032b064075287f26fe7c35,f1aa0ad4cbbd93669d577a8d940448dcd5d4aacec3aa613c78b891af8752da34,2048,2048,2,float32+float32,HARD_LINK,NO,
val,No_oil,00664.tif,No_oil/00664.tif,val/images/No_oil/00664.tif,00664.tif,Mask_no_oil/00664.tif,val/masks/No_oil/00664.tif,15ab14ca3ff80171f04a01c612ca821b6b4ca7ad4f9ffdd3ebc825924e7f7cdb,f1aa0ad4cbbd93669d577a8d940448dcd5d4aacec3aa613c78b891af8752da34,2048,2048,2,float32+float32,HARD_LINK,NO,
val,No_oil,00475.tif,No_oil/00475.tif,val/images/No_oil/00475.tif,00475.tif,Mask_no_oil/00475.tif,val/masks/No_oil/00475.tif,2826cded5e3056954b57e472614be34da2310fba7ce4b652a7c868f4c8e89fc5,f1aa0ad4cbbd93669d577a8d940448dcd5d4aacec3aa613c78b891af8752da34,2048,2048,2,float32+float32,HARD_LINK,NO,
val,No_oil,00064.tif,No_oil/00064.tif,val/images/No_oil/00064.tif,00064.tif,Mask_no_oil/00064.tif,val/masks/No_oil/00064.tif,2b3e36ece1838dd802ea69a7b4b2d255354989d01dc8a65b5a2e9d1138ae5fa1,f1aa0ad4cbbd93669d577a8d940448dcd5d4aacec3aa613c78b891af8752da34,2048,2048,2,float32+float32,HARD_LINK,NO,
val,No_oil,00226.tif,No_oil/00226.tif,val/images/No_oil/00226.tif,00226.tif,Mask_no_oil/00226.tif,val/masks/No_oil/00226.tif,8465a3bec5ce2495ec31aac2f978401902faf07284fb482116e7abcb115fabef,f1aa0ad4cbbd93669d577a8d940448dcd5d4aacec3aa613c78b891af8752da34,2048,2048,2,float32+float32,HARD_LINK,NO,
val,No_oil,00335.tif,No_oil/00335.tif,val/images/No_oil/00335.tif,00335.tif,Mask_no_oil/00335.tif,val/masks/No_oil/00335.tif,668142be92dfa7a1d75db289625f9027789a9ca5681ebf0f516c81a6817003fa,f1aa0ad4cbbd93669d577a8d940448dcd5d4aacec3aa613c78b891af8752da34,2048,2048,2,float32+float32,HARD_LINK,NO,
val,No_oil,00575.tif,No_oil/00575.tif,val/images/No_oil/00575.tif,00575.tif,Mask_no_oil/00575.tif,val/masks/No_oil/00575.tif,2b41370cc33310ea183957118c765e6d5965867de0f5c84c418a2e5312ec5b96,f1aa0ad4cbbd93669d577a8d940448dcd5d4aacec3aa613c78b891af8752da34,2048,2048,2,float32+float32,HARD_LINK,NO,
val,No_oil,00025.tif,No_oil/00025.tif,val/images/No_oil/00025.tif,00025.tif,Mask_no_oil/00025.tif,val/masks/No_oil/00025.tif,d05f8d07013dd9683fa4cfc2c10951fc141a9c5d2d2fdb8783de7e008c3d1eff,f1aa0ad4cbbd93669d577a8d940448dcd5d4aacec3aa613c78b891af8752da34,2048,2048,2,float32+float32,HARD_LINK,NO,
val,No_oil,00482.tif,No_oil/00482.tif,val/images/No_oil/00482.tif,00482.tif,Mask_no_oil/00482.tif,val/masks/No_oil/00482.tif,e29b89e38377febbe203b3857ed19a20045545f7b94e3ddf67f4a461b5d60f3d,f1aa0ad4cbbd93669d577a8d940448dcd5d4aacec3aa613c78b891af8752da34,2048,2048,2,float32+float32,HARD_LINK,NO,
val,No_oil,00239.tif,No_oil/00239.tif,val/images/No_oil/00239.tif,00239.tif,Mask_no_oil/00239.tif,val/masks/No_oil/00239.tif,85b1e2d02886d7d5ea45fd85f555b051c855e99fe0498cfd36a1f1da87c45c78,f1aa0ad4cbbd93669d577a8d940448dcd5d4aacec3aa613c78b891af8752da34,2048,2048,2,float32+float32,HARD_LINK,NO,
val,No_oil,00110.tif,No_oil/00110.tif,val/images/No_oil/00110.tif,00110.tif,Mask_no_oil/00110.tif,val/masks/No_oil/00110.tif,e86aadb37a3f6192f420d356d269bd7ab8f30b08df8272f23325b29b089edef7,f1aa0ad4cbbd93669d577a8d940448dcd5d4aacec3aa613c78b891af8752da34,2048,2048,2,float32+float32,HARD_LINK,NO,
val,No_oil,00380.tif,No_oil/00380.tif,val/images/No_oil/00380.tif,00380.tif,Mask_no_oil/00380.tif,val/masks/No_oil/00380.tif,ac740c2e87ced93561aa6e60c59d7e7287de52419ba446b74d39fbee1612e86f,f1aa0ad4cbbd93669d577a8d940448dcd5d4aacec3aa613c78b891af8752da34,2048,2048,2,float32+float32,HARD_LINK,NO,
val,No_oil,00658.tif,No_oil/00658.tif,val/images/No_oil/00658.tif,00658.tif,Mask_no_oil/00658.tif,val/masks/No_oil/00658.tif,b7012a675fbb40068fe0b60bbc31d5bb4a21d568e6961a412d3bc26f1a8398ab,f1aa0ad4cbbd93669d577a8d940448dcd5d4aacec3aa613c78b891af8752da34,2048,2048,2,float32+float32,HARD_LINK,NO,
val,No_oil,00268.tif,No_oil/00268.tif,val/images/No_oil/00268.tif,00268.tif,Mask_no_oil/00268.tif,val/masks/No_oil/00268.tif,7c723c2ba1171a062e6fc95e6c679d98f82a98e24bc668eb568de506428a0810,f1aa0ad4cbbd93669d577a8d940448dcd5d4aacec3aa613c78b891af8752da34,2048,2048,2,float32+float32,HARD_LINK,NO,
val,No_oil,00377.tif,No_oil/00377.tif,val/images/No_oil/00377.tif,00377.tif,Mask_no_oil/00377.tif,val/masks/No_oil/00377.tif,51fc47e75a7091ab4bfd92d9b05634d24e055bee61e9283bd4ea7506af90507c,f1aa0ad4cbbd93669d577a8d940448dcd5d4aacec3aa613c78b891af8752da34,2048,2048,2,float32+float32,HARD_LINK,NO,
val,No_oil,00465.tif,No_oil/00465.tif,val/images/No_oil/00465.tif,00465.tif,Mask_no_oil/00465.tif,val/masks/No_oil/00465.tif,17efd7f876e45b6561e33b84e1100f131960d48c9741af1a375c007b44bffd31,f1aa0ad4cbbd93669d577a8d940448dcd5d4aacec3aa613c78b891af8752da34,2048,2048,2,float32+float32,HARD_LINK,NO,
val,No_oil,00126.tif,No_oil/00126.tif,val/images/No_oil/00126.tif,00126.tif,Mask_no_oil/00126.tif,val/masks/No_oil/00126.tif,17f72046caea12ffa893a2d96c3114a16ea74c774cfc1098b3414e77bbc4b13d,f1aa0ad4cbbd93669d577a8d940448dcd5d4aacec3aa613c78b891af8752da34,2048,2048,2,float32+float32,HARD_LINK,NO,
val,No_oil,00550.tif,No_oil/00550.tif,val/images/No_oil/00550.tif,00550.tif,Mask_no_oil/00550.tif,val/masks/No_oil/00550.tif,a8be8df31f1e3bff96b5612e0d4f84c339f4370cfdae41ffc8408986472dc891,f1aa0ad4cbbd93669d577a8d940448dcd5d4aacec3aa613c78b891af8752da34,2048,2048,2,float32+float32,HARD_LINK,NO,
val,No_oil,00270.tif,No_oil/00270.tif,val/images/No_oil/00270.tif,00270.tif,Mask_no_oil/00270.tif,val/masks/No_oil/00270.tif,d879ffc9eeb38f9108fd413aaa6a5563c1212262b38701cbb2413a9e84675cb5,f1aa0ad4cbbd93669d577a8d940448dcd5d4aacec3aa613c78b891af8752da34,2048,2048,2,float32+float32,HARD_LINK,NO,
val,No_oil,00014.tif,No_oil/00014.tif,val/images/No_oil/00014.tif,00014.tif,Mask_no_oil/00014.tif,val/masks/No_oil/00014.tif,f6668032d24116b3e0482a2fac437b0ea1e315d8c247b13cf5e929ed1b887925,f1aa0ad4cbbd93669d577a8d940448dcd5d4aacec3aa613c78b891af8752da34,2048,2048,2,float32+float32,HARD_LINK,NO,
val,No_oil,00404.tif,No_oil/00404.tif,val/images/No_oil/00404.tif,00404.tif,Mask_no_oil/00404.tif,val/masks/No_oil/00404.tif,6e7f7e3b96f2abc6011bc1a89971a8669763ab63ed512252498f61f96b88a1e6,f1aa0ad4cbbd93669d577a8d940448dcd5d4aacec3aa613c78b891af8752da34,2048,2048,2,float32+float32,HARD_LINK,NO,
val,No_oil,00627.tif,No_oil/00627.tif,val/images/No_oil/00627.tif,00627.tif,Mask_no_oil/00627.tif,val/masks/No_oil/00627.tif,95cbb3629da4278f3588750204f8f822dd6406f8913809c54a93870e539e9500,f1aa0ad4cbbd93669d577a8d940448dcd5d4aacec3aa613c78b891af8752da34,2048,2048,2,float32+float32,HARD_LINK,NO,
val,No_oil,00619.tif,No_oil/00619.tif,val/images/No_oil/00619.tif,00619.tif,Mask_no_oil/00619.tif,val/masks/No_oil/00619.tif,f30fb63bd9356a8cb2f3e0fc33698fbbe31cd1d4a72115df9bb2a44f4d2bf482,f1aa0ad4cbbd93669d577a8d940448dcd5d4aacec3aa613c78b891af8752da34,2048,2048,2,float32+float32,HARD_LINK,NO,
val,No_oil,00571.tif,No_oil/00571.tif,val/images/No_oil/00571.tif,00571.tif,Mask_no_oil/00571.tif,val/masks/No_oil/00571.tif,7bf31196862074a2fbd1efe97ef7fba8528c0fe4e0c0ad864d06f0f942592b1b,f1aa0ad4cbbd93669d577a8d940448dcd5d4aacec3aa613c78b891af8752da34,2048,2048,2,float32+float32,HARD_LINK,NO,
val,No_oil,00406.tif,No_oil/00406.tif,val/images/No_oil/00406.tif,00406.tif,Mask_no_oil/00406.tif,val/masks/No_oil/00406.tif,97a471e99fa116b5959cbbc252ba62bfd0b28391ab3b18b273aedbbd885ff015,f1aa0ad4cbbd93669d577a8d940448dcd5d4aacec3aa613c78b891af8752da34,2048,2048,2,float32+float32,HARD_LINK,NO,
val,No_oil,00231.tif,No_oil/00231.tif,val/images/No_oil/00231.tif,00231.tif,Mask_no_oil/00231.tif,val/masks/No_oil/00231.tif,f3135eff73d359273249569fe5cc0acd2d0a82f1f6970eb2d69756cc30d60a32,f1aa0ad4cbbd93669d577a8d940448dcd5d4aacec3aa613c78b891af8752da34,2048,2048,2,float32+float32,HARD_LINK,NO,
val,No_oil,00144.tif,No_oil/00144.tif,val/images/No_oil/00144.tif,00144.tif,Mask_no_oil/00144.tif,val/masks/No_oil/00144.tif,947c9041e57b0e818d68e4f870a21818d952b83c504991e9bc1fe7f0560aa835,f1aa0ad4cbbd93669d577a8d940448dcd5d4aacec3aa613c78b891af8752da34,2048,2048,2,float32+float32,HARD_LINK,NO,
val,No_oil,00077.tif,No_oil/00077.tif,val/images/No_oil/00077.tif,00077.tif,Mask_no_oil/00077.tif,val/masks/No_oil/00077.tif,0d6818f72260993e0944925f6bb2d0cfa7adb4927ef05d1d8316fc44270693ba,f1aa0ad4cbbd93669d577a8d940448dcd5d4aacec3aa613c78b891af8752da34,2048,2048,2,float32+float32,HARD_LINK,NO,
val,No_oil,00479.tif,No_oil/00479.tif,val/images/No_oil/00479.tif,00479.tif,Mask_no_oil/00479.tif,val/masks/No_oil/00479.tif,bd1c7fbd92c8d4796df088c252d46365560c37c310627687d21f915a9d90c65c,f1aa0ad4cbbd93669d577a8d940448dcd5d4aacec3aa613c78b891af8752da34,2048,2048,2,float32+float32,HARD_LINK,NO,
val,No_oil,00117.tif,No_oil/00117.tif,val/images/No_oil/00117.tif,00117.tif,Mask_no_oil/00117.tif,val/masks/No_oil/00117.tif,66f4b46866baca93167bb1b701e8655131354a9990307856a042aa2ce40a54fc,f1aa0ad4cbbd93669d577a8d940448dcd5d4aacec3aa613c78b891af8752da34,2048,2048,2,float32+float32,HARD_LINK,NO,
val,No_oil,00346.tif,No_oil/00346.tif,val/images/No_oil/00346.tif,00346.tif,Mask_no_oil/00346.tif,val/masks/No_oil/00346.tif,d8bf3380dcf3d838a733e9e74c0bfaa1191519d05603e3a7401e32aa65dbe1e0,f1aa0ad4cbbd93669d577a8d940448dcd5d4aacec3aa613c78b891af8752da34,2048,2048,2,float32+float32,HARD_LINK,NO,
val,No_oil,00626.tif,No_oil/00626.tif,val/images/No_oil/00626.tif,00626.tif,Mask_no_oil/00626.tif,val/masks/No_oil/00626.tif,20685a3204364d5e6c5fc9dc4e409dd87bdec36d9da1ebceb5c4b4dd445de820,f1aa0ad4cbbd93669d577a8d940448dcd5d4aacec3aa613c78b891af8752da34,2048,2048,2,float32+float32,HARD_LINK,NO,
val,No_oil,00493.tif,No_oil/00493.tif,val/images/No_oil/00493.tif,00493.tif,Mask_no_oil/00493.tif,val/masks/No_oil/00493.tif,e8ffd40465144036f6d3c614afc18e075beb13a3aa887bf927a11f534dfe353c,f1aa0ad4cbbd93669d577a8d940448dcd5d4aacec3aa613c78b891af8752da34,2048,2048,2,float32+float32,HARD_LINK,NO,
val,No_oil,00263.tif,No_oil/00263.tif,val/images/No_oil/00263.tif,00263.tif,Mask_no_oil/00263.tif,val/masks/No_oil/00263.tif,9187a1fef1a97181deb268c99841e8efd20b2db6081e8efce5f0cdd8d2b615f3,f1aa0ad4cbbd93669d577a8d940448dcd5d4aacec3aa613c78b891af8752da34,2048,2048,2,float32+float32,HARD_LINK,NO,
val,No_oil,00168.tif,No_oil/00168.tif,val/images/No_oil/00168.tif,00168.tif,Mask_no_oil/00168.tif,val/masks/No_oil/00168.tif,de54e75fe9bc6402e40f10a3bf90365518c3053bf5ce5c9e53f96bb456f7adf7,f1aa0ad4cbbd93669d577a8d940448dcd5d4aacec3aa613c78b891af8752da34,2048,2048,2,float32+float32,HARD_LINK,NO,
val,No_oil,00279.tif,No_oil/00279.tif,val/images/No_oil/00279.tif,00279.tif,Mask_no_oil/00279.tif,val/masks/No_oil/00279.tif,3dbb80c6270d897f86f92467b35dfa8effeb8f32d751045246f88efbd172930b,f1aa0ad4cbbd93669d577a8d940448dcd5d4aacec3aa613c78b891af8752da34,2048,2048,2,float32+float32,HARD_LINK,NO,
val,No_oil,00513.tif,No_oil/00513.tif,val/images/No_oil/00513.tif,00513.tif,Mask_no_oil/00513.tif,val/masks/No_oil/00513.tif,e383c200826a609ecc7a1bff15b7b455ae81fd0293235e9cc21c985e1999d672,f1aa0ad4cbbd93669d577a8d940448dcd5d4aacec3aa613c78b891af8752da34,2048,2048,2,float32+float32,HARD_LINK,NO,
val,No_oil,00544.tif,No_oil/00544.tif,val/images/No_oil/00544.tif,00544.tif,Mask_no_oil/00544.tif,val/masks/No_oil/00544.tif,8632e729b438bd27ed1e9b920581834b42f098b9aac556dcdb063efb65142ee6,f1aa0ad4cbbd93669d577a8d940448dcd5d4aacec3aa613c78b891af8752da34,2048,2048,2,float32+float32,HARD_LINK,NO,
val,No_oil,00374.tif,No_oil/00374.tif,val/images/No_oil/00374.tif,00374.tif,Mask_no_oil/00374.tif,val/masks/No_oil/00374.tif,f7e4e8a96447f712b9fc3e274d42e5b75e2e7549b9883929257395cad18e4421,f1aa0ad4cbbd93669d577a8d940448dcd5d4aacec3aa613c78b891af8752da34,2048,2048,2,float32+float32,HARD_LINK,NO,
val,No_oil,00553.tif,No_oil/00553.tif,val/images/No_oil/00553.tif,00553.tif,Mask_no_oil/00553.tif,val/masks/No_oil/00553.tif,0db842529660c5144c074ff8db48d5b8c605be93e2751099f3fbd425c938a519,f1aa0ad4cbbd93669d577a8d940448dcd5d4aacec3aa613c78b891af8752da34,2048,2048,2,float32+float32,HARD_LINK,NO,
val,No_oil,00135.tif,No_oil/00135.tif,val/images/No_oil/00135.tif,00135.tif,Mask_no_oil/00135.tif,val/masks/No_oil/00135.tif,7f74a0f147d29fbe11cea689705af20caba47a0ef2f1bc956ae3c1ce12299c2f,f1aa0ad4cbbd93669d577a8d940448dcd5d4aacec3aa613c78b891af8752da34,2048,2048,2,float32+float32,HARD_LINK,NO,
val,No_oil,00205.tif,No_oil/00205.tif,val/images/No_oil/00205.tif,00205.tif,Mask_no_oil/00205.tif,val/masks/No_oil/00205.tif,d98ac1f4c838b257e5bb292b90e9379b8ecf0ae34e5fe1a36dbe345303ee7ce8,f1aa0ad4cbbd93669d577a8d940448dcd5d4aacec3aa613c78b891af8752da34,2048,2048,2,float32+float32,HARD_LINK,NO,
val,No_oil,00179.tif,No_oil/00179.tif,val/images/No_oil/00179.tif,00179.tif,Mask_no_oil/00179.tif,val/masks/No_oil/00179.tif,1df6a0976f405d61d18eb1c94fe6253ddba772645b75010004d288bed04d7dab,f1aa0ad4cbbd93669d577a8d940448dcd5d4aacec3aa613c78b891af8752da34,2048,2048,2,float32+float32,HARD_LINK,NO,
val,No_oil,00425.tif,No_oil/00425.tif,val/images/No_oil/00425.tif,00425.tif,Mask_no_oil/00425.tif,val/masks/No_oil/00425.tif,f0b96cfac89a6a8a75ca955f231de4ed14006adfdf24a3b24e7961bb686bb221,f1aa0ad4cbbd93669d577a8d940448dcd5d4aacec3aa613c78b891af8752da34,2048,2048,2,float32+float32,HARD_LINK,NO,
val,No_oil,00334.tif,No_oil/00334.tif,val/images/No_oil/00334.tif,00334.tif,Mask_no_oil/00334.tif,val/masks/No_oil/00334.tif,4dad9e8b645fd476bb8a2fb2a6c718fbc046bed90c382ca7f7bc7934a8f6c973,f1aa0ad4cbbd93669d577a8d940448dcd5d4aacec3aa613c78b891af8752da34,2048,2048,2,float32+float32,HARD_LINK,NO,
val,No_oil,00653.tif,No_oil/00653.tif,val/images/No_oil/00653.tif,00653.tif,Mask_no_oil/00653.tif,val/masks/No_oil/00653.tif,8249744def1cf9371d76d7b0b8a5e5c0ca2899956899d7234cb6a7198dc11130,f1aa0ad4cbbd93669d577a8d940448dcd5d4aacec3aa613c78b891af8752da34,2048,2048,2,float32+float32,HARD_LINK,NO,
val,No_oil,00092.tif,No_oil/00092.tif,val/images/No_oil/00092.tif,00092.tif,Mask_no_oil/00092.tif,val/masks/No_oil/00092.tif,7238d1f2c41baa7155d5e1e41869668b2f69877deabc8923265df18f67f29188,f1aa0ad4cbbd93669d577a8d940448dcd5d4aacec3aa613c78b891af8752da34,2048,2048,2,float32+float32,HARD_LINK,NO,
val,No_oil,00134.tif,No_oil/00134.tif,val/images/No_oil/00134.tif,00134.tif,Mask_no_oil/00134.tif,val/masks/No_oil/00134.tif,7b89bfcd3a2933eb119a6842da6af72911665ce07f1f38432c604dfca1fced0a,f1aa0ad4cbbd93669d577a8d940448dcd5d4aacec3aa613c78b891af8752da34,2048,2048,2,float32+float32,HARD_LINK,NO,
val,No_oil,00373.tif,No_oil/00373.tif,val/images/No_oil/00373.tif,00373.tif,Mask_no_oil/00373.tif,val/masks/No_oil/00373.tif,0e486c5fcb4410ce4c9bf2c1eb37a318767cc1c9345de7e887001a15ef54020d,f1aa0ad4cbbd93669d577a8d940448dcd5d4aacec3aa613c78b891af8752da34,2048,2048,2,float32+float32,HARD_LINK,NO,
val,No_oil,00594.tif,No_oil/00594.tif,val/images/No_oil/00594.tif,00594.tif,Mask_no_oil/00594.tif,val/masks/No_oil/00594.tif,a91e3c10c05e7dbc3fa481d33fbffa1a72c1d707994719b13dd327bdff2636ee,f1aa0ad4cbbd93669d577a8d940448dcd5d4aacec3aa613c78b891af8752da34,2048,2048,2,float32+float32,HARD_LINK,NO,
val,No_oil,00034.tif,No_oil/00034.tif,val/images/No_oil/00034.tif,00034.tif,Mask_no_oil/00034.tif,val/masks/No_oil/00034.tif,a95072b877a84146194dcc7c5c52a9ccab6031378c1e8a5cec8d0691b2827a47,f1aa0ad4cbbd93669d577a8d940448dcd5d4aacec3aa613c78b891af8752da34,2048,2048,2,float32+float32,HARD_LINK,NO,
val,No_oil,00451.tif,No_oil/00451.tif,val/images/No_oil/00451.tif,00451.tif,Mask_no_oil/00451.tif,val/masks/No_oil/00451.tif,097bd1bd2d496acde6489aa47c8971d91007824e3c642b89d39b814e85c7c2da,f1aa0ad4cbbd93669d577a8d940448dcd5d4aacec3aa613c78b891af8752da34,2048,2048,2,float32+float32,HARD_LINK,NO,
val,No_oil,00316.tif,No_oil/00316.tif,val/images/No_oil/00316.tif,00316.tif,Mask_no_oil/00316.tif,val/masks/No_oil/00316.tif,4b8d5e20f5818d3a142b3680f07448ffc5fdcb54c81db35d62ae335f35817787,f1aa0ad4cbbd93669d577a8d940448dcd5d4aacec3aa613c78b891af8752da34,2048,2048,2,float32+float32,HARD_LINK,NO,
val,No_oil,00040.tif,No_oil/00040.tif,val/images/No_oil/00040.tif,00040.tif,Mask_no_oil/00040.tif,val/masks/No_oil/00040.tif,b1623894d1622d38a7b0419fa1de57769a026b8ae719d09fc03a586441f92b97,f1aa0ad4cbbd93669d577a8d940448dcd5d4aacec3aa613c78b891af8752da34,2048,2048,2,float32+float32,HARD_LINK,NO,
val,No_oil,00099.tif,No_oil/00099.tif,val/images/No_oil/00099.tif,00099.tif,Mask_no_oil/00099.tif,val/masks/No_oil/00099.tif,bca55819f91b263d3a0bad374d97c6c232bf9ffec5e942fd295063bb312811d4,f1aa0ad4cbbd93669d577a8d940448dcd5d4aacec3aa613c78b891af8752da34,2048,2048,2,float32+float32,HARD_LINK,NO,
val,No_oil,00140.tif,No_oil/00140.tif,val/images/No_oil/00140.tif,00140.tif,Mask_no_oil/00140.tif,val/masks/No_oil/00140.tif,6ef5313087e433ada3e109e633a1c244ed88026453d13588b403bf625b74a9fa,f1aa0ad4cbbd93669d577a8d940448dcd5d4aacec3aa613c78b891af8752da34,2048,2048,2,float32+float32,HARD_LINK,NO,
val,No_oil,00666.tif,No_oil/00666.tif,val/images/No_oil/00666.tif,00666.tif,Mask_no_oil/00666.tif,val/masks/No_oil/00666.tif,52503ee1dd59a3dee9515d85f0c8d487e7232abb40a37f4411a1463bc71cabb5,f1aa0ad4cbbd93669d577a8d940448dcd5d4aacec3aa613c78b891af8752da34,2048,2048,2,float32+float32,HARD_LINK,NO,
val,No_oil,00636.tif,No_oil/00636.tif,val/images/No_oil/00636.tif,00636.tif,Mask_no_oil/00636.tif,val/masks/No_oil/00636.tif,ec17d42fdc7e6ab8a364e21ab188c4fb97f989cb8030d97718d0f9957e9eb71a,f1aa0ad4cbbd93669d577a8d940448dcd5d4aacec3aa613c78b891af8752da34,2048,2048,2,float32+float32,HARD_LINK,NO,
val,No_oil,00194.tif,No_oil/00194.tif,val/images/No_oil/00194.tif,00194.tif,Mask_no_oil/00194.tif,val/masks/No_oil/00194.tif,edb5f8caedcd094638e7b10defa168841e9ab82aa28b6ebcf344d79326ce7fe5,f1aa0ad4cbbd93669d577a8d940448dcd5d4aacec3aa613c78b891af8752da34,2048,2048,2,float32+float32,HARD_LINK,NO,
val,No_oil,00224.tif,No_oil/00224.tif,val/images/No_oil/00224.tif,00224.tif,Mask_no_oil/00224.tif,val/masks/No_oil/00224.tif,3e39c93339fe9a5d5a36eefe205fdc8cc988ad6547856b9bc8f9f9d12401746e,f1aa0ad4cbbd93669d577a8d940448dcd5d4aacec3aa613c78b891af8752da34,2048,2048,2,float32+float32,HARD_LINK,NO,
val,No_oil,00360.tif,No_oil/00360.tif,val/images/No_oil/00360.tif,00360.tif,Mask_no_oil/00360.tif,val/masks/No_oil/00360.tif,10258ffb7f96aee9c46ad554b72661de3ea14c6e247c75836e1a0eb6e12a6f4b,f1aa0ad4cbbd93669d577a8d940448dcd5d4aacec3aa613c78b891af8752da34,2048,2048,2,float32+float32,HARD_LINK,NO,
val,No_oil,00622.tif,No_oil/00622.tif,val/images/No_oil/00622.tif,00622.tif,Mask_no_oil/00622.tif,val/masks/No_oil/00622.tif,e04e33655ab3fdc50df019b109146b4774806b04a547160d214de5951a8f1c5f,f1aa0ad4cbbd93669d577a8d940448dcd5d4aacec3aa613c78b891af8752da34,2048,2048,2,float32+float32,HARD_LINK,NO,
val,No_oil,00235.tif,No_oil/00235.tif,val/images/No_oil/00235.tif,00235.tif,Mask_no_oil/00235.tif,val/masks/No_oil/00235.tif,a738b60b97f9ef7ff903b93153eb75cca68464cc79127b1c934313a823e6bf62,f1aa0ad4cbbd93669d577a8d940448dcd5d4aacec3aa613c78b891af8752da34,2048,2048,2,float32+float32,HARD_LINK,NO,
val,No_oil,00293.tif,No_oil/00293.tif,val/images/No_oil/00293.tif,00293.tif,Mask_no_oil/00293.tif,val/masks/No_oil/00293.tif,94c91a6ea4ec2ef0da1f7ddffa550346fa2501459e8719b2d2aa5ec5431af49c,f1aa0ad4cbbd93669d577a8d940448dcd5d4aacec3aa613c78b891af8752da34,2048,2048,2,float32+float32,HARD_LINK,NO,
val,No_oil,00508.tif,No_oil/00508.tif,val/images/No_oil/00508.tif,00508.tif,Mask_no_oil/00508.tif,val/masks/No_oil/00508.tif,33ea120874b93cb90ef8a3e8c1985af9d5cfeade98b0292388dc6feff1d586bc,f1aa0ad4cbbd93669d577a8d940448dcd5d4aacec3aa613c78b891af8752da34,2048,2048,2,float32+float32,HARD_LINK,NO,
val,No_oil,00621.tif,No_oil/00621.tif,val/images/No_oil/00621.tif,00621.tif,Mask_no_oil/00621.tif,val/masks/No_oil/00621.tif,edc5c10e3f6fdde2d0d5cf909ffc324c9e0fc4ee48effe1848d60821f919bc2b,f1aa0ad4cbbd93669d577a8d940448dcd5d4aacec3aa613c78b891af8752da34,2048,2048,2,float32+float32,HARD_LINK,NO,
val,No_oil,00050.tif,No_oil/00050.tif,val/images/No_oil/00050.tif,00050.tif,Mask_no_oil/00050.tif,val/masks/No_oil/00050.tif,70f2299459c799ea0bcfaef6a4c8a01f71298301f872501201b3f7a2401003be,f1aa0ad4cbbd93669d577a8d940448dcd5d4aacec3aa613c78b891af8752da34,2048,2048,2,float32+float32,HARD_LINK,NO,
val,No_oil,00580.tif,No_oil/00580.tif,val/images/No_oil/00580.tif,00580.tif,Mask_no_oil/00580.tif,val/masks/No_oil/00580.tif,59ef6f4cf7624ba046f34717ff806d142daaa3f234649b614b5cd18008c4e833,f1aa0ad4cbbd93669d577a8d940448dcd5d4aacec3aa613c78b891af8752da34,2048,2048,2,float32+float32,HARD_LINK,NO,
val,No_oil,00008.tif,No_oil/00008.tif,val/images/No_oil/00008.tif,00008.tif,Mask_no_oil/00008.tif,val/masks/No_oil/00008.tif,09581b1642055ed7aa8890af5d77d6df430d63786434afb26a32f5c0ca0aaa19,f1aa0ad4cbbd93669d577a8d940448dcd5d4aacec3aa613c78b891af8752da34,2048,2048,2,float32+float32,HARD_LINK,NO,
val,No_oil,00281.tif,No_oil/00281.tif,val/images/No_oil/00281.tif,00281.tif,Mask_no_oil/00281.tif,val/masks/No_oil/00281.tif,2a6745f04e8c7a5079dfa320e4e51f3714c75b6ff6ca1c810ad484f162560101,f1aa0ad4cbbd93669d577a8d940448dcd5d4aacec3aa613c78b891af8752da34,2048,2048,2,float32+float32,HARD_LINK,NO,
val,No_oil,00405.tif,No_oil/00405.tif,val/images/No_oil/00405.tif,00405.tif,Mask_no_oil/00405.tif,val/masks/No_oil/00405.tif,3f71a3340c0500dbb89cb13a7848a31fc23ac7584e973f954df5c3148020fefe,f1aa0ad4cbbd93669d577a8d940448dcd5d4aacec3aa613c78b891af8752da34,2048,2048,2,float32+float32,HARD_LINK,NO,
val,No_oil,00022.tif,No_oil/00022.tif,val/images/No_oil/00022.tif,00022.tif,Mask_no_oil/00022.tif,val/masks/No_oil/00022.tif,e76550219b695b919d1a2bf65ce86bc2bbf8ecc37545202c542a76bfe8b26ad1,f1aa0ad4cbbd93669d577a8d940448dcd5d4aacec3aa613c78b891af8752da34,2048,2048,2,float32+float32,HARD_LINK,NO,
val,No_oil,00682.tif,No_oil/00682.tif,val/images/No_oil/00682.tif,00682.tif,Mask_no_oil/00682.tif,val/masks/No_oil/00682.tif,d1271d1c5652d4dd6812bc84a081e1af48a5d38a86500838dd5d92f87ecc5ebc,f1aa0ad4cbbd93669d577a8d940448dcd5d4aacec3aa613c78b891af8752da34,2048,2048,2,float32+float32,HARD_LINK,NO,
val,No_oil,00302.tif,No_oil/00302.tif,val/images/No_oil/00302.tif,00302.tif,Mask_no_oil/00302.tif,val/masks/No_oil/00302.tif,2a6c8931571c82c914e7c0d694163129cbe709846d7db82252ba6ea654c6c82a,f1aa0ad4cbbd93669d577a8d940448dcd5d4aacec3aa613c78b891af8752da34,2048,2048,2,float32+float32,HARD_LINK,NO,
val,No_oil,00589.tif,No_oil/00589.tif,val/images/No_oil/00589.tif,00589.tif,Mask_no_oil/00589.tif,val/masks/No_oil/00589.tif,88f76a12ef69585f1213b19f1ec54d0d69b60d188b4d9c225c9c94702dbfb289,f1aa0ad4cbbd93669d577a8d940448dcd5d4aacec3aa613c78b891af8752da34,2048,2048,2,float32+float32,HARD_LINK,NO,
val,No_oil,00367.tif,No_oil/00367.tif,val/images/No_oil/00367.tif,00367.tif,Mask_no_oil/00367.tif,val/masks/No_oil/00367.tif,e9667dc064e494a1fa101c533f93abbeb56990bb095ea0c69bd9113594f3eec0,f1aa0ad4cbbd93669d577a8d940448dcd5d4aacec3aa613c78b891af8752da34,2048,2048,2,float32+float32,HARD_LINK,NO,
val,No_oil,00586.tif,No_oil/00586.tif,val/images/No_oil/00586.tif,00586.tif,Mask_no_oil/00586.tif,val/masks/No_oil/00586.tif,4386a07bb3d9e93ee48465f58e2a98f43d2f6950d7e49227de7ec76ec03a50ad,f1aa0ad4cbbd93669d577a8d940448dcd5d4aacec3aa613c78b891af8752da34,2048,2048,2,float32+float32,HARD_LINK,NO,
val,No_oil,00390.tif,No_oil/00390.tif,val/images/No_oil/00390.tif,00390.tif,Mask_no_oil/00390.tif,val/masks/No_oil/00390.tif,79764a071773077f86081c3b94edc708da1a4ffbc8d747b89011e85a47f423b7,f1aa0ad4cbbd93669d577a8d940448dcd5d4aacec3aa613c78b891af8752da34,2048,2048,2,float32+float32,HARD_LINK,NO,
val,No_oil,00242.tif,No_oil/00242.tif,val/images/No_oil/00242.tif,00242.tif,Mask_no_oil/00242.tif,val/masks/No_oil/00242.tif,1f66071bb41181290901cbf42eeb93a420df5d49546bcbb20bd6632d4a9ddb02,f1aa0ad4cbbd93669d577a8d940448dcd5d4aacec3aa613c78b891af8752da34,2048,2048,2,float32+float32,HARD_LINK,NO,
val,No_oil,00109.tif,No_oil/00109.tif,val/images/No_oil/00109.tif,00109.tif,Mask_no_oil/00109.tif,val/masks/No_oil/00109.tif,94e7e42735272c50e9cfd801541f223b3dc41c62f54eb765ae9a96c4b20b1528,f1aa0ad4cbbd93669d577a8d940448dcd5d4aacec3aa613c78b891af8752da34,2048,2048,2,float32+float32,HARD_LINK,NO,
val,No_oil,00494.tif,No_oil/00494.tif,val/images/No_oil/00494.tif,00494.tif,Mask_no_oil/00494.tif,val/masks/No_oil/00494.tif,b8ef0e8a70440832d9975410ab3a23aeb0d94d5e967d05b00fa43867fc726151,f1aa0ad4cbbd93669d577a8d940448dcd5d4aacec3aa613c78b891af8752da34,2048,2048,2,float32+float32,HARD_LINK,NO,
val,No_oil,00393.tif,No_oil/00393.tif,val/images/No_oil/00393.tif,00393.tif,Mask_no_oil/00393.tif,val/masks/No_oil/00393.tif,8f593a7efa08fb950e342f7ba5080f4c583d0817c80fc1b1c7c215f9b959f28f,f1aa0ad4cbbd93669d577a8d940448dcd5d4aacec3aa613c78b891af8752da34,2048,2048,2,float32+float32,HARD_LINK,NO,
val,No_oil,00203.tif,No_oil/00203.tif,val/images/No_oil/00203.tif,00203.tif,Mask_no_oil/00203.tif,val/masks/No_oil/00203.tif,58d630ae976215e100c50d3440bbeeb3658688e1bbc8a3b06da8b47e5808aa4c,f1aa0ad4cbbd93669d577a8d940448dcd5d4aacec3aa613c78b891af8752da34,2048,2048,2,float32+float32,HARD_LINK,NO,
val,No_oil,00309.tif,No_oil/00309.tif,val/images/No_oil/00309.tif,00309.tif,Mask_no_oil/00309.tif,val/masks/No_oil/00309.tif,6b36a1888e88c7b9f6a9a2d4010f2479aeaf65cef14525e9aab8f993454950da,f1aa0ad4cbbd93669d577a8d940448dcd5d4aacec3aa613c78b891af8752da34,2048,2048,2,float32+float32,HARD_LINK,NO,
val,No_oil,00467.tif,No_oil/00467.tif,val/images/No_oil/00467.tif,00467.tif,Mask_no_oil/00467.tif,val/masks/No_oil/00467.tif,7ec6bffef0d8aa4877ea99d8f45fd63b72de2dc96720dd9ae60a33a744131ce3,f1aa0ad4cbbd93669d577a8d940448dcd5d4aacec3aa613c78b891af8752da34,2048,2048,2,float32+float32,HARD_LINK,NO,
val,No_oil,00256.tif,No_oil/00256.tif,val/images/No_oil/00256.tif,00256.tif,Mask_no_oil/00256.tif,val/masks/No_oil/00256.tif,826d3827a0a9223c260761c5520052cb805cdeb978937fc1b2501c7b56af8f02,f1aa0ad4cbbd93669d577a8d940448dcd5d4aacec3aa613c78b891af8752da34,2048,2048,2,float32+float32,HARD_LINK,NO,
val,No_oil,00434.tif,No_oil/00434.tif,val/images/No_oil/00434.tif,00434.tif,Mask_no_oil/00434.tif,val/masks/No_oil/00434.tif,f5d0519e48cd0ad5f7365da6134c5a8cfaf8c2d5b27f7e33082420725abc6c55,f1aa0ad4cbbd93669d577a8d940448dcd5d4aacec3aa613c78b891af8752da34,2048,2048,2,float32+float32,HARD_LINK,NO,
val,No_oil,00655.tif,No_oil/00655.tif,val/images/No_oil/00655.tif,00655.tif,Mask_no_oil/00655.tif,val/masks/No_oil/00655.tif,55d71bdcf7e88d4dd040fef3894f90f8ab2939852615618fcf487a2f61136740,f1aa0ad4cbbd93669d577a8d940448dcd5d4aacec3aa613c78b891af8752da34,2048,2048,2,float32+float32,HARD_LINK,NO,
val,No_oil,00306.tif,No_oil/00306.tif,val/images/No_oil/00306.tif,00306.tif,Mask_no_oil/00306.tif,val/masks/No_oil/00306.tif,aaa4b9f3a8e6510cb85a430835eacc678fc5b0abd04c649c1a21f8d4ea74326c,f1aa0ad4cbbd93669d577a8d940448dcd5d4aacec3aa613c78b891af8752da34,2048,2048,2,float32+float32,HARD_LINK,NO,
val,No_oil,00602.tif,No_oil/00602.tif,val/images/No_oil/00602.tif,00602.tif,Mask_no_oil/00602.tif,val/masks/No_oil/00602.tif,8f9eb562adae9644a9ea29b47048453c784f6566a342d0eebd1490e82c57de8c,f1aa0ad4cbbd93669d577a8d940448dcd5d4aacec3aa613c78b891af8752da34,2048,2048,2,float32+float32,HARD_LINK,NO,
val,No_oil,00353.tif,No_oil/00353.tif,val/images/No_oil/00353.tif,00353.tif,Mask_no_oil/00353.tif,val/masks/No_oil/00353.tif,d74045129d8707080821f4a2a2a2ee6d4eefc2940618649beb1614b281200955,f1aa0ad4cbbd93669d577a8d940448dcd5d4aacec3aa613c78b891af8752da34,2048,2048,2,float32+float32,HARD_LINK,NO,
val,No_oil,00452.tif,No_oil/00452.tif,val/images/No_oil/00452.tif,00452.tif,Mask_no_oil/00452.tif,val/masks/No_oil/00452.tif,a3e5a0279a8941033abeba56a7d60ee15c33f4cc24e856e1606f190261bba56f,f1aa0ad4cbbd93669d577a8d940448dcd5d4aacec3aa613c78b891af8752da34,2048,2048,2,float32+float32,HARD_LINK,NO,
val,No_oil,00075.tif,No_oil/00075.tif,val/images/No_oil/00075.tif,00075.tif,Mask_no_oil/00075.tif,val/masks/No_oil/00075.tif,bb49fdc6d194c8b220999aa5f231482db09880c5e97193c79a4d27e3c8aef6a5,f1aa0ad4cbbd93669d577a8d940448dcd5d4aacec3aa613c78b891af8752da34,2048,2048,2,float32+float32,HARD_LINK,NO,
val,No_oil,00161.tif,No_oil/00161.tif,val/images/No_oil/00161.tif,00161.tif,Mask_no_oil/00161.tif,val/masks/No_oil/00161.tif,e01b5119d014d614c0d9cb04524da2c37c922ce127e10372aaf23dc6df7c2475,f1aa0ad4cbbd93669d577a8d940448dcd5d4aacec3aa613c78b891af8752da34,2048,2048,2,float32+float32,HARD_LINK,NO,
val,No_oil,00560.tif,No_oil/00560.tif,val/images/No_oil/00560.tif,00560.tif,Mask_no_oil/00560.tif,val/masks/No_oil/00560.tif,b29c970f3d24422bf7483543a1e387ef7ba3a1a98a42e04bc2c8032f7594e6ab,f1aa0ad4cbbd93669d577a8d940448dcd5d4aacec3aa613c78b891af8752da34,2048,2048,2,float32+float32,HARD_LINK,NO,
val,No_oil,00294.tif,No_oil/00294.tif,val/images/No_oil/00294.tif,00294.tif,Mask_no_oil/00294.tif,val/masks/No_oil/00294.tif,a634ccf5bd9d8842bf4260d086d78739017000fd9ef77dc19a526f1075aefcee,f1aa0ad4cbbd93669d577a8d940448dcd5d4aacec3aa613c78b891af8752da34,2048,2048,2,float32+float32,HARD_LINK,NO,
val,No_oil,00476.tif,No_oil/00476.tif,val/images/No_oil/00476.tif,00476.tif,Mask_no_oil/00476.tif,val/masks/No_oil/00476.tif,fe3a3be1672092d2ec7b8ff8e54710abfb5dbda43881ceac50c38c0213b01971,f1aa0ad4cbbd93669d577a8d940448dcd5d4aacec3aa613c78b891af8752da34,2048,2048,2,float32+float32,HARD_LINK,NO,
val,No_oil,00009.tif,No_oil/00009.tif,val/images/No_oil/00009.tif,00009.tif,Mask_no_oil/00009.tif,val/masks/No_oil/00009.tif,de145e6bbbeef5d66ac5f261cb9265dc5e2e52e4d38dc216c169075f05bde4c7,f1aa0ad4cbbd93669d577a8d940448dcd5d4aacec3aa613c78b891af8752da34,2048,2048,2,float32+float32,HARD_LINK,NO,
val,No_oil,00261.tif,No_oil/00261.tif,val/images/No_oil/00261.tif,00261.tif,Mask_no_oil/00261.tif,val/masks/No_oil/00261.tif,7020be50bf2d4aa7d4b783b228aba63abef5569443b5562b9423891aacb868bb,f1aa0ad4cbbd93669d577a8d940448dcd5d4aacec3aa613c78b891af8752da34,2048,2048,2,float32+float32,HARD_LINK,NO,
val,No_oil,00470.tif,No_oil/00470.tif,val/images/No_oil/00470.tif,00470.tif,Mask_no_oil/00470.tif,val/masks/No_oil/00470.tif,787cfd208c21a1100bce52ca9257aa089b94b630c8913920d00a38c8349b51e2,f1aa0ad4cbbd93669d577a8d940448dcd5d4aacec3aa613c78b891af8752da34,2048,2048,2,float32+float32,HARD_LINK,NO,
val,No_oil,00260.tif,No_oil/00260.tif,val/images/No_oil/00260.tif,00260.tif,Mask_no_oil/00260.tif,val/masks/No_oil/00260.tif,9dae430fa343b6ec902da029e90540b170686f72debfda53d1f9381038ead01e,f1aa0ad4cbbd93669d577a8d940448dcd5d4aacec3aa613c78b891af8752da34,2048,2048,2,float32+float32,HARD_LINK,NO,
val,No_oil,00654.tif,No_oil/00654.tif,val/images/No_oil/00654.tif,00654.tif,Mask_no_oil/00654.tif,val/masks/No_oil/00654.tif,3a8a783d48afbc866eab5efbe9994705d9520cbc969f58ee80f300dbd6bc3cd0,f1aa0ad4cbbd93669d577a8d940448dcd5d4aacec3aa613c78b891af8752da34,2048,2048,2,float32+float32,HARD_LINK,NO,
val,No_oil,00472.tif,No_oil/00472.tif,val/images/No_oil/00472.tif,00472.tif,Mask_no_oil/00472.tif,val/masks/No_oil/00472.tif,443eec8e3fa693b61ed82107641b7593ef18a0f6037c8a1efd3d2dd38a1155cc,f1aa0ad4cbbd93669d577a8d940448dcd5d4aacec3aa613c78b891af8752da34,2048,2048,2,float32+float32,HARD_LINK,NO,
val,No_oil,00237.tif,No_oil/00237.tif,val/images/No_oil/00237.tif,00237.tif,Mask_no_oil/00237.tif,val/masks/No_oil/00237.tif,37fc378dc2f426100d1ca281ba0c164848f36ccc6e3d13d62debcf132349529c,f1aa0ad4cbbd93669d577a8d940448dcd5d4aacec3aa613c78b891af8752da34,2048,2048,2,float32+float32,HARD_LINK,NO,
train,Lookalike,00680.tif,Lookalike/00680.tif,train/images/Lookalike/00680.tif,00680.tif,Mask_lookalike/00680.tif,train/masks/Lookalike/00680.tif,132dd24c5ad76f1d6bdf0d96ee1a3e5c8dc89794ea8ffe280e01a8d2239a4219,f1aa0ad4cbbd93669d577a8d940448dcd5d4aacec3aa613c78b891af8752da34,2048,2048,2,float32+float32,HARD_LINK,NO,
train,Lookalike,00605.tif,Lookalike/00605.tif,train/images/Lookalike/00605.tif,00605.tif,Mask_lookalike/00605.tif,train/masks/Lookalike/00605.tif,8a33585b8db9a68e0eb8c2df8185ef23e39c0f4c1653a046975ebe57fe739fe6,f1aa0ad4cbbd93669d577a8d940448dcd5d4aacec3aa613c78b891af8752da34,2048,2048,2,float32+float32,HARD_LINK,NO,
train,Lookalike,00103.tif,Lookalike/00103.tif,train/images/Lookalike/00103.tif,00103.tif,Mask_lookalike/00103.tif,train/masks/Lookalike/00103.tif,2b01b63fb31778fab97204e256a900f4abbcfcfcba81244866077adfb81ab9e9,f1aa0ad4cbbd93669d577a8d940448dcd5d4aacec3aa613c78b891af8752da34,2048,2048,2,float32+float32,HARD_LINK,NO,
train,Lookalike,00268.tif,Lookalike/00268.tif,train/images/Lookalike/00268.tif,00268.tif,Mask_lookalike/00268.tif,train/masks/Lookalike/00268.tif,b30fd4b76f6a8ee1fa1ac70aeb183ee800dd7a867b5141cd0eb652ba9437b9a9,f1aa0ad4cbbd93669d577a8d940448dcd5d4aacec3aa613c78b891af8752da34,2048,2048,2,float32+float32,HARD_LINK,NO,
train,Lookalike,00059.tif,Lookalike/00059.tif,train/images/Lookalike/00059.tif,00059.tif,Mask_lookalike/00059.tif,train/masks/Lookalike/00059.tif,8f0ebe408e44d7c00b09e3390739346cd9a67885f414a1810d20c657fdb9608d,f1aa0ad4cbbd93669d577a8d940448dcd5d4aacec3aa613c78b891af8752da34,2048,2048,2,float32+float32,HARD_LINK,NO,
train,Lookalike,00192.tif,Lookalike/00192.tif,train/images/Lookalike/00192.tif,00192.tif,Mask_lookalike/00192.tif,train/masks/Lookalike/00192.tif,5c0b4889140cc6b4d9dd8e7b39a534c2b1e724044cf3fb093f6cb5b8676b69eb,f1aa0ad4cbbd93669d577a8d940448dcd5d4aacec3aa613c78b891af8752da34,2048,2048,2,float32+float32,HARD_LINK,NO,
train,Lookalike,00537.tif,Lookalike/00537.tif,train/images/Lookalike/00537.tif,00537.tif,Mask_lookalike/00537.tif,train/masks/Lookalike/00537.tif,fd162ae311b679239eacd7d8994e21c15d3596d871565f021d29973e7dfbfc95,f1aa0ad4cbbd93669d577a8d940448dcd5d4aacec3aa613c78b891af8752da34,2048,2048,2,float32+float32,HARD_LINK,NO,
train,Lookalike,00662.tif,Lookalike/00662.tif,train/images/Lookalike/00662.tif,00662.tif,Mask_lookalike/00662.tif,train/masks/Lookalike/00662.tif,a6f373cdace1cf41e966b430191b05e13addb07858e66e16372cf1d0dcab480d,f1aa0ad4cbbd93669d577a8d940448dcd5d4aacec3aa613c78b891af8752da34,2048,2048,2,float32+float32,HARD_LINK,NO,
train,Lookalike,00278.tif,Lookalike/00278.tif,train/images/Lookalike/00278.tif,00278.tif,Mask_lookalike/00278.tif,train/masks/Lookalike/00278.tif,2d0adb9d6ff860b8851d711eb92751accd2f3981f8db1b6193a0878a43a04aa3,f1aa0ad4cbbd93669d577a8d940448dcd5d4aacec3aa613c78b891af8752da34,2048,2048,2,float32+float32,HARD_LINK,NO,
train,Lookalike,00575.tif,Lookalike/00575.tif,train/images/Lookalike/00575.tif,00575.tif,Mask_lookalike/00575.tif,train/masks/Lookalike/00575.tif,b36708a98c39c771920248c0f32bab0041c17285df4ecb777c323c8cd16ecf32,f1aa0ad4cbbd93669d577a8d940448dcd5d4aacec3aa613c78b891af8752da34,2048,2048,2,float32+float32,HARD_LINK,NO,
train,Lookalike,00463.tif,Lookalike/00463.tif,train/images/Lookalike/00463.tif,00463.tif,Mask_lookalike/00463.tif,train/masks/Lookalike/00463.tif,1957fe81efca64d86af4edd16e7a5fadcb8d2cc8c56a2272e6f95e49fc22ccab,f1aa0ad4cbbd93669d577a8d940448dcd5d4aacec3aa613c78b891af8752da34,2048,2048,2,float32+float32,HARD_LINK,NO,
train,Lookalike,00111.tif,Lookalike/00111.tif,train/images/Lookalike/00111.tif,00111.tif,Mask_lookalike/00111.tif,train/masks/Lookalike/00111.tif,e0ad0921be6253ed4dc182f20a3f7b18b4d1dfe655656f6447e498937f55e8fc,f1aa0ad4cbbd93669d577a8d940448dcd5d4aacec3aa613c78b891af8752da34,2048,2048,2,float32+float32,HARD_LINK,NO,
train,Lookalike,00331.tif,Lookalike/00331.tif,train/images/Lookalike/00331.tif,00331.tif,Mask_lookalike/00331.tif,train/masks/Lookalike/00331.tif,bd3ad86700dca435a19ac33d9ee38e3e03093b07f1708c1aecaca158c532ff35,f1aa0ad4cbbd93669d577a8d940448dcd5d4aacec3aa613c78b891af8752da34,2048,2048,2,float32+float32,HARD_LINK,NO,
train,Lookalike,00009.tif,Lookalike/00009.tif,train/images/Lookalike/00009.tif,00009.tif,Mask_lookalike/00009.tif,train/masks/Lookalike/00009.tif,b23cd48dbded59f46ad91b98f01f21997d8a2dcad9fad03924d5e40f3949b74c,f1aa0ad4cbbd93669d577a8d940448dcd5d4aacec3aa613c78b891af8752da34,2048,2048,2,float32+float32,HARD_LINK,NO,
train,Lookalike,00462.tif,Lookalike/00462.tif,train/images/Lookalike/00462.tif,00462.tif,Mask_lookalike/00462.tif,train/masks/Lookalike/00462.tif,b46e29600a46bcdf2354105aac0e837dcd640d390454d6508a04322e3ec710a1,f1aa0ad4cbbd93669d577a8d940448dcd5d4aacec3aa613c78b891af8752da34,2048,2048,2,float32+float32,HARD_LINK,NO,
train,Lookalike,00563.tif,Lookalike/00563.tif,train/images/Lookalike/00563.tif,00563.tif,Mask_lookalike/00563.tif,train/masks/Lookalike/00563.tif,69ba7aa335c2abe708b47092df20d63bb695e54a05cee832d18f3e7d2e0f0835,f1aa0ad4cbbd93669d577a8d940448dcd5d4aacec3aa613c78b891af8752da34,2048,2048,2,float32+float32,HARD_LINK,NO,
train,Lookalike,00092.tif,Lookalike/00092.tif,train/images/Lookalike/00092.tif,00092.tif,Mask_lookalike/00092.tif,train/masks/Lookalike/00092.tif,8b4134281171e421c9f619c215f8e74704073fa38383274372fd8f2671a9a268,f1aa0ad4cbbd93669d577a8d940448dcd5d4aacec3aa613c78b891af8752da34,2048,2048,2,float32+float32,HARD_LINK,NO,
train,Lookalike,00521.tif,Lookalike/00521.tif,train/images/Lookalike/00521.tif,00521.tif,Mask_lookalike/00521.tif,train/masks/Lookalike/00521.tif,6b89947556dc5ca3075bfea864712863d9563261610a3145ce36ea647f53c195,f1aa0ad4cbbd93669d577a8d940448dcd5d4aacec3aa613c78b891af8752da34,2048,2048,2,float32+float32,HARD_LINK,NO,
train,Lookalike,00465.tif,Lookalike/00465.tif,train/images/Lookalike/00465.tif,00465.tif,Mask_lookalike/00465.tif,train/masks/Lookalike/00465.tif,5081a749e42fa2ea2c0296104b04227408215231b6ef1f302eff18c4abd6e771,f1aa0ad4cbbd93669d577a8d940448dcd5d4aacec3aa613c78b891af8752da34,2048,2048,2,float32+float32,HARD_LINK,NO,
train,Lookalike,00194.tif,Lookalike/00194.tif,train/images/Lookalike/00194.tif,00194.tif,Mask_lookalike/00194.tif,train/masks/Lookalike/00194.tif,51b3eb5bd01bc908635ac3fc2303ec915f738aacbca4ca9781e96b97ec4cd617,f1aa0ad4cbbd93669d577a8d940448dcd5d4aacec3aa613c78b891af8752da34,2048,2048,2,float32+float32,HARD_LINK,NO,
train,Lookalike,00051.tif,Lookalike/00051.tif,train/images/Lookalike/00051.tif,00051.tif,Mask_lookalike/00051.tif,train/masks/Lookalike/00051.tif,1077fc471dfb98287674d66a0022e5a94a5c0958e7b17bc804e75e7482a86541,f1aa0ad4cbbd93669d577a8d940448dcd5d4aacec3aa613c78b891af8752da34,2048,2048,2,float32+float32,HARD_LINK,NO,
train,Lookalike,00039.tif,Lookalike/00039.tif,train/images/Lookalike/00039.tif,00039.tif,Mask_lookalike/00039.tif,train/masks/Lookalike/00039.tif,29c883517d57c0496911a1b3b9b62ab8d0f4425cedfac602e2d5d24c2640c8a9,f1aa0ad4cbbd93669d577a8d940448dcd5d4aacec3aa613c78b891af8752da34,2048,2048,2,float32+float32,HARD_LINK,NO,
train,Lookalike,00632.tif,Lookalike/00632.tif,train/images/Lookalike/00632.tif,00632.tif,Mask_lookalike/00632.tif,train/masks/Lookalike/00632.tif,6bce52511353d152cc45be305659b27a7184ebb61fe1a92939b56be801e8c72c,f1aa0ad4cbbd93669d577a8d940448dcd5d4aacec3aa613c78b891af8752da34,2048,2048,2,float32+float32,HARD_LINK,NO,
train,Lookalike,00159.tif,Lookalike/00159.tif,train/images/Lookalike/00159.tif,00159.tif,Mask_lookalike/00159.tif,train/masks/Lookalike/00159.tif,ff74c991b764364e45e845aa289a7996fcdc8d8596d6156cb8833a9ee078d1a5,f1aa0ad4cbbd93669d577a8d940448dcd5d4aacec3aa613c78b891af8752da34,2048,2048,2,float32+float32,HARD_LINK,NO,
train,Lookalike,00169.tif,Lookalike/00169.tif,train/images/Lookalike/00169.tif,00169.tif,Mask_lookalike/00169.tif,train/masks/Lookalike/00169.tif,258e5c165b54574f7d23befdcd2f0f92b81dee35697344b4bb2d9c102d3a067e,f1aa0ad4cbbd93669d577a8d940448dcd5d4aacec3aa613c78b891af8752da34,2048,2048,2,float32+float32,HARD_LINK,NO,
train,Lookalike,00576.tif,Lookalike/00576.tif,train/images/Lookalike/00576.tif,00576.tif,Mask_lookalike/00576.tif,train/masks/Lookalike/00576.tif,c61f0e53fc96e1e89bcd66fa180fa9e2683243edc394ddef9c64430e434deb7a,f1aa0ad4cbbd93669d577a8d940448dcd5d4aacec3aa613c78b891af8752da34,2048,2048,2,float32+float32,HARD_LINK,NO,
train,Lookalike,00678.tif,Lookalike/00678.tif,train/images/Lookalike/00678.tif,00678.tif,Mask_lookalike/00678.tif,train/masks/Lookalike/00678.tif,20a0670cc617d04de8f16fac6c8c645916f5305b57af45a83832fa9896979882,f1aa0ad4cbbd93669d577a8d940448dcd5d4aacec3aa613c78b891af8752da34,2048,2048,2,float32+float32,HARD_LINK,NO,
train,Lookalike,00003.tif,Lookalike/00003.tif,train/images/Lookalike/00003.tif,00003.tif,Mask_lookalike/00003.tif,train/masks/Lookalike/00003.tif,c663bce7b8c1a7d45c517dba46bea0c573a733178385a80ee2e565f8db6a5d26,f1aa0ad4cbbd93669d577a8d940448dcd5d4aacec3aa613c78b891af8752da34,2048,2048,2,float32+float32,HARD_LINK,NO,
train,Lookalike,00343.tif,Lookalike/00343.tif,train/images/Lookalike/00343.tif,00343.tif,Mask_lookalike/00343.tif,train/masks/Lookalike/00343.tif,4d5758afaa5cde6cf4eb9628bb1da9699678cc03eb82280ca2aa0e807e46b445,f1aa0ad4cbbd93669d577a8d940448dcd5d4aacec3aa613c78b891af8752da34,2048,2048,2,float32+float32,HARD_LINK,NO,
train,Lookalike,00168.tif,Lookalike/00168.tif,train/images/Lookalike/00168.tif,00168.tif,Mask_lookalike/00168.tif,train/masks/Lookalike/00168.tif,393348cde9af093a7aa5de39408ce9f61bff23ad3d3f6db5b740e46e6bc4e7ab,f1aa0ad4cbbd93669d577a8d940448dcd5d4aacec3aa613c78b891af8752da34,2048,2048,2,float32+float32,HARD_LINK,NO,
train,Lookalike,00002.tif,Lookalike/00002.tif,train/images/Lookalike/00002.tif,00002.tif,Mask_lookalike/00002.tif,train/masks/Lookalike/00002.tif,e31cc233024600a60565102698bcad2e9941314e87f104cb2c816aa2c9b1a95e,f1aa0ad4cbbd93669d577a8d940448dcd5d4aacec3aa613c78b891af8752da34,2048,2048,2,float32+float32,HARD_LINK,NO,
train,Lookalike,00491.tif,Lookalike/00491.tif,train/images/Lookalike/00491.tif,00491.tif,Mask_lookalike/00491.tif,train/masks/Lookalike/00491.tif,409fed05600e1ac0409bd9797ccd640056c42a959061861f08d7e329bad70ffd,f1aa0ad4cbbd93669d577a8d940448dcd5d4aacec3aa613c78b891af8752da34,2048,2048,2,float32+float32,HARD_LINK,NO,
train,Lookalike,00553.tif,Lookalike/00553.tif,train/images/Lookalike/00553.tif,00553.tif,Mask_lookalike/00553.tif,train/masks/Lookalike/00553.tif,76dcbef6728af18b4226466dfa39543deb4b5976370a2ede7d8a2405305ca173,f1aa0ad4cbbd93669d577a8d940448dcd5d4aacec3aa613c78b891af8752da34,2048,2048,2,float32+float32,HARD_LINK,NO,
train,Lookalike,00408.tif,Lookalike/00408.tif,train/images/Lookalike/00408.tif,00408.tif,Mask_lookalike/00408.tif,train/masks/Lookalike/00408.tif,ce9d5958679f5ef6d3e4408a905d7d2d9859f92a8cdbd4157af2973fe880fe6e,f1aa0ad4cbbd93669d577a8d940448dcd5d4aacec3aa613c78b891af8752da34,2048,2048,2,float32+float32,HARD_LINK,NO,
train,Lookalike,00401.tif,Lookalike/00401.tif,train/images/Lookalike/00401.tif,00401.tif,Mask_lookalike/00401.tif,train/masks/Lookalike/00401.tif,7a39616f4cd59941f8ca9158d7a30066903a3e730d07a758e8dc00ea194e3e4f,f1aa0ad4cbbd93669d577a8d940448dcd5d4aacec3aa613c78b891af8752da34,2048,2048,2,float32+float32,HARD_LINK,NO,
train,Lookalike,00390.tif,Lookalike/00390.tif,train/images/Lookalike/00390.tif,00390.tif,Mask_lookalike/00390.tif,train/masks/Lookalike/00390.tif,df08d3f86a2231938c735866097e395ff22d5e817011e53b7f709743d7a5f5b8,4a7da7a615837d15de15024c7114e72b0ca75466680f3224172f03d7f797aded,2048,2248,2,float32+float32,HARD_LINK,NO,
train,Lookalike,00218.tif,Lookalike/00218.tif,train/images/Lookalike/00218.tif,00218.tif,Mask_lookalike/00218.tif,train/masks/Lookalike/00218.tif,0d5b737dea41887e0d1d76c777ca45409a92dc565431e53fe773849dc7b81b71,f1aa0ad4cbbd93669d577a8d940448dcd5d4aacec3aa613c78b891af8752da34,2048,2048,2,float32+float32,HARD_LINK,NO,
train,Lookalike,00403.tif,Lookalike/00403.tif,train/images/Lookalike/00403.tif,00403.tif,Mask_lookalike/00403.tif,train/masks/Lookalike/00403.tif,8c4b1a6408211cf69ef5e23ee0abee55fcd04cafec0c1661190a86799b0d06ee,f1aa0ad4cbbd93669d577a8d940448dcd5d4aacec3aa613c78b891af8752da34,2048,2048,2,float32+float32,HARD_LINK,NO,
train,Lookalike,00612.tif,Lookalike/00612.tif,train/images/Lookalike/00612.tif,00612.tif,Mask_lookalike/00612.tif,train/masks/Lookalike/00612.tif,0e7cde48610e739210923e9ee3fd21257334c973d1c8970c4e7bc6920bc6afaf,f1aa0ad4cbbd93669d577a8d940448dcd5d4aacec3aa613c78b891af8752da34,2048,2048,2,float32+float32,HARD_LINK,NO,
train,Lookalike,00357.tif,Lookalike/00357.tif,train/images/Lookalike/00357.tif,00357.tif,Mask_lookalike/00357.tif,train/masks/Lookalike/00357.tif,56f308a55fcab33a6c808ad7f05276ced5792e2ce8b98e098307756f181d9e30,f1aa0ad4cbbd93669d577a8d940448dcd5d4aacec3aa613c78b891af8752da34,2048,2048,2,float32+float32,HARD_LINK,NO,
train,Lookalike,00077.tif,Lookalike/00077.tif,train/images/Lookalike/00077.tif,00077.tif,Mask_lookalike/00077.tif,train/masks/Lookalike/00077.tif,4665f38a9d22ef88c635748ddf0e7beb486520a4e1ef06c36fadd5cfb6ca70b0,f1aa0ad4cbbd93669d577a8d940448dcd5d4aacec3aa613c78b891af8752da34,2048,2048,2,float32+float32,HARD_LINK,NO,
train,Lookalike,00621.tif,Lookalike/00621.tif,train/images/Lookalike/00621.tif,00621.tif,Mask_lookalike/00621.tif,train/masks/Lookalike/00621.tif,21aa6c06d89595d96c014f6a97e1c29c948e31385fa82db4c266a7ba14f5ee43,f1aa0ad4cbbd93669d577a8d940448dcd5d4aacec3aa613c78b891af8752da34,2048,2048,2,float32+float32,HARD_LINK,NO,
train,Lookalike,00332.tif,Lookalike/00332.tif,train/images/Lookalike/00332.tif,00332.tif,Mask_lookalike/00332.tif,train/masks/Lookalike/00332.tif,4fa57001729a4be3435b967b99a8844828f070d3cb09a515da7c094442247976,f1aa0ad4cbbd93669d577a8d940448dcd5d4aacec3aa613c78b891af8752da34,2048,2048,2,float32+float32,HARD_LINK,NO,
train,Lookalike,00351.tif,Lookalike/00351.tif,train/images/Lookalike/00351.tif,00351.tif,Mask_lookalike/00351.tif,train/masks/Lookalike/00351.tif,389cc71ea249b8042d7ef366f54b5a91d65e15a94ae4b7e67dc9360402ffcd6d,f1aa0ad4cbbd93669d577a8d940448dcd5d4aacec3aa613c78b891af8752da34,2048,2048,2,float32+float32,HARD_LINK,NO,
train,Lookalike,00441.tif,Lookalike/00441.tif,train/images/Lookalike/00441.tif,00441.tif,Mask_lookalike/00441.tif,train/masks/Lookalike/00441.tif,5603b2a0c3f72588353b17787fadeee039920db4fd7cc09576427f8198c8565b,f1aa0ad4cbbd93669d577a8d940448dcd5d4aacec3aa613c78b891af8752da34,2048,2048,2,float32+float32,HARD_LINK,NO,
train,Lookalike,00199.tif,Lookalike/00199.tif,train/images/Lookalike/00199.tif,00199.tif,Mask_lookalike/00199.tif,train/masks/Lookalike/00199.tif,79713a1707646a8335a08dd345d83e1588986647f16e030eb875837bb3cbaf6e,f1aa0ad4cbbd93669d577a8d940448dcd5d4aacec3aa613c78b891af8752da34,2048,2048,2,float32+float32,HARD_LINK,NO,
train,Lookalike,00385.tif,Lookalike/00385.tif,train/images/Lookalike/00385.tif,00385.tif,Mask_lookalike/00385.tif,train/masks/Lookalike/00385.tif,72c58fcee13213015730b8b0662a910b03fdc4d666bfae3942669313157cb4bf,f1aa0ad4cbbd93669d577a8d940448dcd5d4aacec3aa613c78b891af8752da34,2048,2048,2,float32+float32,HARD_LINK,NO,
train,Lookalike,00419.tif,Lookalike/00419.tif,train/images/Lookalike/00419.tif,00419.tif,Mask_lookalike/00419.tif,train/masks/Lookalike/00419.tif,6c80c720c46b2796515194928ef049a09d9a6b5e7e56969e4bcc104aee81e225,f1aa0ad4cbbd93669d577a8d940448dcd5d4aacec3aa613c78b891af8752da34,2048,2048,2,float32+float32,HARD_LINK,NO,
train,Lookalike,00572.tif,Lookalike/00572.tif,train/images/Lookalike/00572.tif,00572.tif,Mask_lookalike/00572.tif,train/masks/Lookalike/00572.tif,549f3261ccd484163bb02d88e1d7e77e59f6cfeac160df3b4d6ab44d01cdf736,f1aa0ad4cbbd93669d577a8d940448dcd5d4aacec3aa613c78b891af8752da34,2048,2048,2,float32+float32,HARD_LINK,NO,
train,Lookalike,00266.tif,Lookalike/00266.tif,train/images/Lookalike/00266.tif,00266.tif,Mask_lookalike/00266.tif,train/masks/Lookalike/00266.tif,561b7d1f5bef5655c7e615132a0507291f2e7e6233c7bc27504a5d0d62484d7d,f1aa0ad4cbbd93669d577a8d940448dcd5d4aacec3aa613c78b891af8752da34,2048,2048,2,float32+float32,HARD_LINK,NO,
train,Lookalike,00618.tif,Lookalike/00618.tif,train/images/Lookalike/00618.tif,00618.tif,Mask_lookalike/00618.tif,train/masks/Lookalike/00618.tif,734a5435b9bc95078c7d001f30a4aa0b5b28201f6baed0911f4648749944cf69,f1aa0ad4cbbd93669d577a8d940448dcd5d4aacec3aa613c78b891af8752da34,2048,2048,2,float32+float32,HARD_LINK,NO,
train,Lookalike,00211.tif,Lookalike/00211.tif,train/images/Lookalike/00211.tif,00211.tif,Mask_lookalike/00211.tif,train/masks/Lookalike/00211.tif,1b120da05abb09c3de8e8269bef459bd24e9043ae52240edf569907c0accab98,f1aa0ad4cbbd93669d577a8d940448dcd5d4aacec3aa613c78b891af8752da34,2048,2048,2,float32+float32,HARD_LINK,NO,
train,Lookalike,00299.tif,Lookalike/00299.tif,train/images/Lookalike/00299.tif,00299.tif,Mask_lookalike/00299.tif,train/masks/Lookalike/00299.tif,a4d44c3b23e93308f91ed4070249cae35e95b95e0c0307c3d4e34a3665b2a5c8,f1aa0ad4cbbd93669d577a8d940448dcd5d4aacec3aa613c78b891af8752da34,2048,2048,2,float32+float32,HARD_LINK,NO,
train,Lookalike,00446.tif,Lookalike/00446.tif,train/images/Lookalike/00446.tif,00446.tif,Mask_lookalike/00446.tif,train/masks/Lookalike/00446.tif,47f85dab2f8c6126cb7147376ecc889431dfbd416d9f9f123ae8d7771833f897,f1aa0ad4cbbd93669d577a8d940448dcd5d4aacec3aa613c78b891af8752da34,2048,2048,2,float32+float32,HARD_LINK,NO,
train,Lookalike,00656.tif,Lookalike/00656.tif,train/images/Lookalike/00656.tif,00656.tif,Mask_lookalike/00656.tif,train/masks/Lookalike/00656.tif,72b79ae8f3a2755035a52b80eb36ca57f26abc40d5718f7c5eaf8304805fabc3,f1aa0ad4cbbd93669d577a8d940448dcd5d4aacec3aa613c78b891af8752da34,2048,2048,2,float32+float32,HARD_LINK,NO,
train,Lookalike,00312.tif,Lookalike/00312.tif,train/images/Lookalike/00312.tif,00312.tif,Mask_lookalike/00312.tif,train/masks/Lookalike/00312.tif,616005b50550eb641c363f1fbff96652092debdfeffa7fb10c3015f3c0ff486d,f1aa0ad4cbbd93669d577a8d940448dcd5d4aacec3aa613c78b891af8752da34,2048,2048,2,float32+float32,HARD_LINK,NO,
train,Lookalike,00108.tif,Lookalike/00108.tif,train/images/Lookalike/00108.tif,00108.tif,Mask_lookalike/00108.tif,train/masks/Lookalike/00108.tif,b9f9a5058753aea9fe3db846fc56988e7ce107c5d4f4adb35874d2855b373228,f1aa0ad4cbbd93669d577a8d940448dcd5d4aacec3aa613c78b891af8752da34,2048,2048,2,float32+float32,HARD_LINK,NO,
train,Lookalike,00018.tif,Lookalike/00018.tif,train/images/Lookalike/00018.tif,00018.tif,Mask_lookalike/00018.tif,train/masks/Lookalike/00018.tif,728f1640a0aad14d3452dc4083326baef018a881cf3ab7f4cc7833637ad6567b,f1aa0ad4cbbd93669d577a8d940448dcd5d4aacec3aa613c78b891af8752da34,2048,2048,2,float32+float32,HARD_LINK,NO,
train,Lookalike,00571.tif,Lookalike/00571.tif,train/images/Lookalike/00571.tif,00571.tif,Mask_lookalike/00571.tif,train/masks/Lookalike/00571.tif,bdd0465c0b568a948f782925104c5ab0740dc80f543e0cbaa4689225a710c3b1,f1aa0ad4cbbd93669d577a8d940448dcd5d4aacec3aa613c78b891af8752da34,2048,2048,2,float32+float32,HARD_LINK,NO,
train,Lookalike,00479.tif,Lookalike/00479.tif,train/images/Lookalike/00479.tif,00479.tif,Mask_lookalike/00479.tif,train/masks/Lookalike/00479.tif,a3e901431e8425ef80ac7cdb85c8ab618dce64bd402161314c15022fb66d8387,f1aa0ad4cbbd93669d577a8d940448dcd5d4aacec3aa613c78b891af8752da34,2048,2048,2,float32+float32,HARD_LINK,NO,
train,Lookalike,00645.tif,Lookalike/00645.tif,train/images/Lookalike/00645.tif,00645.tif,Mask_lookalike/00645.tif,train/masks/Lookalike/00645.tif,31d0b64aa26a92e392d3e707d71645db0f1b4e6d15afddb18d7cba7a8bced959,f1aa0ad4cbbd93669d577a8d940448dcd5d4aacec3aa613c78b891af8752da34,2048,2048,2,float32+float32,HARD_LINK,NO,
train,Lookalike,00079.tif,Lookalike/00079.tif,train/images/Lookalike/00079.tif,00079.tif,Mask_lookalike/00079.tif,train/masks/Lookalike/00079.tif,ac8dfd6c3b858c333b4dc6a94e7158a3eba8a69a78bdb4b601f0b54cf4b61f6c,f1aa0ad4cbbd93669d577a8d940448dcd5d4aacec3aa613c78b891af8752da34,2048,2048,2,float32+float32,HARD_LINK,NO,
train,Lookalike,00306.tif,Lookalike/00306.tif,train/images/Lookalike/00306.tif,00306.tif,Mask_lookalike/00306.tif,train/masks/Lookalike/00306.tif,d0ebc87684fcdcaf1eba617ef131ef306185bb0416db2b3a41442cc0e88ff909,f1aa0ad4cbbd93669d577a8d940448dcd5d4aacec3aa613c78b891af8752da34,2048,2048,2,float32+float32,HARD_LINK,NO,
train,Lookalike,00644.tif,Lookalike/00644.tif,train/images/Lookalike/00644.tif,00644.tif,Mask_lookalike/00644.tif,train/masks/Lookalike/00644.tif,5830385f100f96680efc9f4fa4f40913b62d9a2249f7858712a4297e1312e8f4,f1aa0ad4cbbd93669d577a8d940448dcd5d4aacec3aa613c78b891af8752da34,2048,2048,2,float32+float32,HARD_LINK,NO,
train,Lookalike,00497.tif,Lookalike/00497.tif,train/images/Lookalike/00497.tif,00497.tif,Mask_lookalike/00497.tif,train/masks/Lookalike/00497.tif,800089a0adde34d876dd9265fb3e3de45428b84f3d06d5e27f93d3cb197ae3b5,f1aa0ad4cbbd93669d577a8d940448dcd5d4aacec3aa613c78b891af8752da34,2048,2048,2,float32+float32,HARD_LINK,NO,
train,Lookalike,00336.tif,Lookalike/00336.tif,train/images/Lookalike/00336.tif,00336.tif,Mask_lookalike/00336.tif,train/masks/Lookalike/00336.tif,d28435b3e459415da613c9a7dbad05ccbfc6282ad5fffc64c2b2b1037808a2ea,f1aa0ad4cbbd93669d577a8d940448dcd5d4aacec3aa613c78b891af8752da34,2048,2048,2,float32+float32,HARD_LINK,NO,
train,Lookalike,00272.tif,Lookalike/00272.tif,train/images/Lookalike/00272.tif,00272.tif,Mask_lookalike/00272.tif,train/masks/Lookalike/00272.tif,5c89ec37fb836c6ac67cdb852a9e2faa4606efccbeef8ae562b3f44c639a9ad5,f1aa0ad4cbbd93669d577a8d940448dcd5d4aacec3aa613c78b891af8752da34,2048,2048,2,float32+float32,HARD_LINK,NO,
train,Lookalike,00150.tif,Lookalike/00150.tif,train/images/Lookalike/00150.tif,00150.tif,Mask_lookalike/00150.tif,train/masks/Lookalike/00150.tif,d3d8d2626b6190319ebd1855520f7908bf2cc57d4239e54cbebc6a0b536af61f,f1aa0ad4cbbd93669d577a8d940448dcd5d4aacec3aa613c78b891af8752da34,2048,2048,2,float32+float32,HARD_LINK,NO,
train,Lookalike,00050.tif,Lookalike/00050.tif,train/images/Lookalike/00050.tif,00050.tif,Mask_lookalike/00050.tif,train/masks/Lookalike/00050.tif,4877250b04d0d2c1f300b9617e40cbc5c13b1c73756206d03c16b4b30de3d230,f1aa0ad4cbbd93669d577a8d940448dcd5d4aacec3aa613c78b891af8752da34,2048,2048,2,float32+float32,HARD_LINK,NO,
train,Lookalike,00402.tif,Lookalike/00402.tif,train/images/Lookalike/00402.tif,00402.tif,Mask_lookalike/00402.tif,train/masks/Lookalike/00402.tif,e6ce83d147d266dc4330e1b7396428c9eafba633a26b8933713168108c90712e,f1aa0ad4cbbd93669d577a8d940448dcd5d4aacec3aa613c78b891af8752da34,2048,2048,2,float32+float32,HARD_LINK,NO,
train,Lookalike,00615.tif,Lookalike/00615.tif,train/images/Lookalike/00615.tif,00615.tif,Mask_lookalike/00615.tif,train/masks/Lookalike/00615.tif,ddeb6c9e05e40ba79e87a9bfbf31440a6bc51838b21f72465731808238ecd64c,f1aa0ad4cbbd93669d577a8d940448dcd5d4aacec3aa613c78b891af8752da34,2048,2048,2,float32+float32,HARD_LINK,NO,
train,Lookalike,00520.tif,Lookalike/00520.tif,train/images/Lookalike/00520.tif,00520.tif,Mask_lookalike/00520.tif,train/masks/Lookalike/00520.tif,e684f2e015908534b0fd29a00ea8170a433e975fcceec8d4dec9b76b5cef853a,f1aa0ad4cbbd93669d577a8d940448dcd5d4aacec3aa613c78b891af8752da34,2048,2048,2,float32+float32,HARD_LINK,NO,
train,Lookalike,00022.tif,Lookalike/00022.tif,train/images/Lookalike/00022.tif,00022.tif,Mask_lookalike/00022.tif,train/masks/Lookalike/00022.tif,5c90136f08a0bae20a4abc94ad4b9be38bb195195c8cd4d298ed7700527e68a3,f1aa0ad4cbbd93669d577a8d940448dcd5d4aacec3aa613c78b891af8752da34,2048,2048,2,float32+float32,HARD_LINK,NO,
train,Lookalike,00296.tif,Lookalike/00296.tif,train/images/Lookalike/00296.tif,00296.tif,Mask_lookalike/00296.tif,train/masks/Lookalike/00296.tif,f8133502d6d40f10f8ebf2b5fbdb2ea23622e19159506a5ea2fc5ebd4003fc69,f1aa0ad4cbbd93669d577a8d940448dcd5d4aacec3aa613c78b891af8752da34,2048,2048,2,float32+float32,HARD_LINK,NO,
train,Lookalike,00514.tif,Lookalike/00514.tif,train/images/Lookalike/00514.tif,00514.tif,Mask_lookalike/00514.tif,train/masks/Lookalike/00514.tif,50eb6214d66e99ca3b27eb500eab658f074b6cfc73aef2e2d0a7549e840ddcde,f1aa0ad4cbbd93669d577a8d940448dcd5d4aacec3aa613c78b891af8752da34,2048,2048,2,float32+float32,HARD_LINK,NO,
train,Lookalike,00344.tif,Lookalike/00344.tif,train/images/Lookalike/00344.tif,00344.tif,Mask_lookalike/00344.tif,train/masks/Lookalike/00344.tif,5ae728fb1871e422d9204aa0ded51d930e2baf092276ca5065746c8c33c778f0,f1aa0ad4cbbd93669d577a8d940448dcd5d4aacec3aa613c78b891af8752da34,2048,2048,2,float32+float32,HARD_LINK,NO,
train,Lookalike,00271.tif,Lookalike/00271.tif,train/images/Lookalike/00271.tif,00271.tif,Mask_lookalike/00271.tif,train/masks/Lookalike/00271.tif,0f638633d4e65bc273dc094b91d839eeccd16261c820caa566ab01bf4ea47476,f1aa0ad4cbbd93669d577a8d940448dcd5d4aacec3aa613c78b891af8752da34,2048,2048,2,float32+float32,HARD_LINK,NO,
train,Lookalike,00386.tif,Lookalike/00386.tif,train/images/Lookalike/00386.tif,00386.tif,Mask_lookalike/00386.tif,train/masks/Lookalike/00386.tif,2e3e96446c4d7fdeb9bde72d33f1cc7b5b20c5bb0c37046c7cc249a171873387,f1aa0ad4cbbd93669d577a8d940448dcd5d4aacec3aa613c78b891af8752da34,2048,2048,2,float32+float32,HARD_LINK,NO,
train,Lookalike,00007.tif,Lookalike/00007.tif,train/images/Lookalike/00007.tif,00007.tif,Mask_lookalike/00007.tif,train/masks/Lookalike/00007.tif,78068c13a630eef26cc05da6b59cc8359dcc2c41765cfef33689ce0cff15a12c,f1aa0ad4cbbd93669d577a8d940448dcd5d4aacec3aa613c78b891af8752da34,2048,2048,2,float32+float32,HARD_LINK,NO,
train,Lookalike,00486.tif,Lookalike/00486.tif,train/images/Lookalike/00486.tif,00486.tif,Mask_lookalike/00486.tif,train/masks/Lookalike/00486.tif,14f8d3cc5fb4129e62f2423bf2cf9af1537a132b4a92410eb3baabf759d2ef0d,f1aa0ad4cbbd93669d577a8d940448dcd5d4aacec3aa613c78b891af8752da34,2048,2048,2,float32+float32,HARD_LINK,NO,
train,Lookalike,00533.tif,Lookalike/00533.tif,train/images/Lookalike/00533.tif,00533.tif,Mask_lookalike/00533.tif,train/masks/Lookalike/00533.tif,4c6251ae1efcc9abbb165882206cafc81726151c6162dcf176176bda11595231,f1aa0ad4cbbd93669d577a8d940448dcd5d4aacec3aa613c78b891af8752da34,2048,2048,2,float32+float32,HARD_LINK,NO,
train,Lookalike,00036.tif,Lookalike/00036.tif,train/images/Lookalike/00036.tif,00036.tif,Mask_lookalike/00036.tif,train/masks/Lookalike/00036.tif,b33241f33884ecf2821ff99aa9a9f57c1a2e7d3707f08089062552b295b7cfe8,f1aa0ad4cbbd93669d577a8d940448dcd5d4aacec3aa613c78b891af8752da34,2048,2048,2,float32+float32,HARD_LINK,NO,
train,Lookalike,00119.tif,Lookalike/00119.tif,train/images/Lookalike/00119.tif,00119.tif,Mask_lookalike/00119.tif,train/masks/Lookalike/00119.tif,918d9043f38771c4383930c7393323ec697a6bf812a003cc5ccb85a91fe5a69d,f1aa0ad4cbbd93669d577a8d940448dcd5d4aacec3aa613c78b891af8752da34,2048,2048,2,float32+float32,HARD_LINK,NO,
train,Lookalike,00494.tif,Lookalike/00494.tif,train/images/Lookalike/00494.tif,00494.tif,Mask_lookalike/00494.tif,train/masks/Lookalike/00494.tif,0908665169ae81a2f61bee75cee45427434eac19e96e752e69fbe58cc80db049,f1aa0ad4cbbd93669d577a8d940448dcd5d4aacec3aa613c78b891af8752da34,2048,2048,2,float32+float32,HARD_LINK,NO,
train,Lookalike,00397.tif,Lookalike/00397.tif,train/images/Lookalike/00397.tif,00397.tif,Mask_lookalike/00397.tif,train/masks/Lookalike/00397.tif,c2c3c2b0a8aa74ac10c3e3b8777593b51be28917b13627acbc906fa37b5b323b,f1aa0ad4cbbd93669d577a8d940448dcd5d4aacec3aa613c78b891af8752da34,2048,2048,2,float32+float32,HARD_LINK,NO,
train,Lookalike,00505.tif,Lookalike/00505.tif,train/images/Lookalike/00505.tif,00505.tif,Mask_lookalike/00505.tif,train/masks/Lookalike/00505.tif,4bea05fe77c14f2f8b47b9460b379ffa33b851dd8d7e134cde47a19fca1aae4d,f1aa0ad4cbbd93669d577a8d940448dcd5d4aacec3aa613c78b891af8752da34,2048,2048,2,float32+float32,HARD_LINK,NO,
train,Lookalike,00664.tif,Lookalike/00664.tif,train/images/Lookalike/00664.tif,00664.tif,Mask_lookalike/00664.tif,train/masks/Lookalike/00664.tif,7db0661b6e751ba54ba440f80641b98cab507f9cf2c5cf9aeac4aff6e622179d,f1aa0ad4cbbd93669d577a8d940448dcd5d4aacec3aa613c78b891af8752da34,2048,2048,2,float32+float32,HARD_LINK,NO,
train,Lookalike,00284.tif,Lookalike/00284.tif,train/images/Lookalike/00284.tif,00284.tif,Mask_lookalike/00284.tif,train/masks/Lookalike/00284.tif,c426e44418f100a94bbe8428109d39c3153ff9c0f5ad10893c2e0123d21880c7,f1aa0ad4cbbd93669d577a8d940448dcd5d4aacec3aa613c78b891af8752da34,2048,2048,2,float32+float32,HARD_LINK,NO,
train,Lookalike,00217.tif,Lookalike/00217.tif,train/images/Lookalike/00217.tif,00217.tif,Mask_lookalike/00217.tif,train/masks/Lookalike/00217.tif,1f86e7f29a59689b82ed66a1b9d44ec2c04be89ae567f95f6cc10450d0b2dbaf,f1aa0ad4cbbd93669d577a8d940448dcd5d4aacec3aa613c78b891af8752da34,2048,2048,2,float32+float32,HARD_LINK,NO,
train,Lookalike,00604.tif,Lookalike/00604.tif,train/images/Lookalike/00604.tif,00604.tif,Mask_lookalike/00604.tif,train/masks/Lookalike/00604.tif,7bd0f4bf55365ae5fdd16006236f6499697e90e8f6f82d70dcdfc702a44e8a97,f1aa0ad4cbbd93669d577a8d940448dcd5d4aacec3aa613c78b891af8752da34,2048,2048,2,float32+float32,HARD_LINK,NO,
train,Lookalike,00000.tif,Lookalike/00000.tif,train/images/Lookalike/00000.tif,00000.tif,Mask_lookalike/00000.tif,train/masks/Lookalike/00000.tif,54b42e5652327e6e1e119e5029fc705f9f6705c0d65959c190fffa1f4483ac90,f1aa0ad4cbbd93669d577a8d940448dcd5d4aacec3aa613c78b891af8752da34,2048,2048,2,float32+float32,HARD_LINK,NO,
train,Lookalike,00183.tif,Lookalike/00183.tif,train/images/Lookalike/00183.tif,00183.tif,Mask_lookalike/00183.tif,train/masks/Lookalike/00183.tif,3612d9c87ddd7e4951a4f007ea87b75cabf14115849fd6d9fcf8eacb9b478320,f1aa0ad4cbbd93669d577a8d940448dcd5d4aacec3aa613c78b891af8752da34,2048,2048,2,float32+float32,HARD_LINK,NO,
train,Lookalike,00171.tif,Lookalike/00171.tif,train/images/Lookalike/00171.tif,00171.tif,Mask_lookalike/00171.tif,train/masks/Lookalike/00171.tif,56320083416f2b1453c877879eba62c53272844c5ba4bc93ca9999b1dca6f2bd,f1aa0ad4cbbd93669d577a8d940448dcd5d4aacec3aa613c78b891af8752da34,2048,2048,2,float32+float32,HARD_LINK,NO,
train,Lookalike,00098.tif,Lookalike/00098.tif,train/images/Lookalike/00098.tif,00098.tif,Mask_lookalike/00098.tif,train/masks/Lookalike/00098.tif,1459758cdfa20565ebc6612b2d47c447085ea8e17f3d9b42237fcedd7de99a46,f1aa0ad4cbbd93669d577a8d940448dcd5d4aacec3aa613c78b891af8752da34,2048,2048,2,float32+float32,HARD_LINK,NO,
train,Lookalike,00565.tif,Lookalike/00565.tif,train/images/Lookalike/00565.tif,00565.tif,Mask_lookalike/00565.tif,train/masks/Lookalike/00565.tif,9471df4c1b46e7d0e12cd55fd4f9c25907c9bd588e714cba7bb40906b84339c9,f1aa0ad4cbbd93669d577a8d940448dcd5d4aacec3aa613c78b891af8752da34,2048,2048,2,float32+float32,HARD_LINK,NO,
train,Lookalike,00091.tif,Lookalike/00091.tif,train/images/Lookalike/00091.tif,00091.tif,Mask_lookalike/00091.tif,train/masks/Lookalike/00091.tif,d2a6d0b5fd367dc33e8032e94c0b08caac67d669b8fdeb60f096a36921d4d258,f1aa0ad4cbbd93669d577a8d940448dcd5d4aacec3aa613c78b891af8752da34,2048,2048,2,float32+float32,HARD_LINK,NO,
train,Lookalike,00596.tif,Lookalike/00596.tif,train/images/Lookalike/00596.tif,00596.tif,Mask_lookalike/00596.tif,train/masks/Lookalike/00596.tif,7efabc09bf1a73b4d3341add9990484a576869100673b375bd720b492caf2e12,f1aa0ad4cbbd93669d577a8d940448dcd5d4aacec3aa613c78b891af8752da34,2048,2048,2,float32+float32,HARD_LINK,NO,
train,Lookalike,00665.tif,Lookalike/00665.tif,train/images/Lookalike/00665.tif,00665.tif,Mask_lookalike/00665.tif,train/masks/Lookalike/00665.tif,f2602e3fcf9e009b57a482334150795c3c87d358faf8e31e65c5128a308b3b15,f1aa0ad4cbbd93669d577a8d940448dcd5d4aacec3aa613c78b891af8752da34,2048,2048,2,float32+float32,HARD_LINK,NO,
train,Lookalike,00012.tif,Lookalike/00012.tif,train/images/Lookalike/00012.tif,00012.tif,Mask_lookalike/00012.tif,train/masks/Lookalike/00012.tif,e09351a253fafcb41f79e57aeb08b0a566b0cc86d2961cc4889491f27c3c7a52,f1aa0ad4cbbd93669d577a8d940448dcd5d4aacec3aa613c78b891af8752da34,2048,2048,2,float32+float32,HARD_LINK,NO,
train,Lookalike,00324.tif,Lookalike/00324.tif,train/images/Lookalike/00324.tif,00324.tif,Mask_lookalike/00324.tif,train/masks/Lookalike/00324.tif,351439f5aa8c203387b964af7ef720f4d154c164f17dccbe4bd13ab48a10f74f,f1aa0ad4cbbd93669d577a8d940448dcd5d4aacec3aa613c78b891af8752da34,2048,2048,2,float32+float32,HARD_LINK,NO,
train,Lookalike,00029.tif,Lookalike/00029.tif,train/images/Lookalike/00029.tif,00029.tif,Mask_lookalike/00029.tif,train/masks/Lookalike/00029.tif,60a95cf78d084133cb385ae9005f95d6946c8bddb22cb7814d17b2a1e1088200,f1aa0ad4cbbd93669d577a8d940448dcd5d4aacec3aa613c78b891af8752da34,2048,2048,2,float32+float32,HARD_LINK,NO,
train,Lookalike,00141.tif,Lookalike/00141.tif,train/images/Lookalike/00141.tif,00141.tif,Mask_lookalike/00141.tif,train/masks/Lookalike/00141.tif,03f344ca8d0423394072d2bc0479e79003d5fa89ddfb8c53fdc5dc452d3f20be,f1aa0ad4cbbd93669d577a8d940448dcd5d4aacec3aa613c78b891af8752da34,2048,2048,2,float32+float32,HARD_LINK,NO,
train,Lookalike,00443.tif,Lookalike/00443.tif,train/images/Lookalike/00443.tif,00443.tif,Mask_lookalike/00443.tif,train/masks/Lookalike/00443.tif,d47687ebf7a0a0ae8a975c2072c486812f9d6e10d1f23e5c060f83fef9c75b22,f1aa0ad4cbbd93669d577a8d940448dcd5d4aacec3aa613c78b891af8752da34,2048,2048,2,float32+float32,HARD_LINK,NO,
train,Lookalike,00476.tif,Lookalike/00476.tif,train/images/Lookalike/00476.tif,00476.tif,Mask_lookalike/00476.tif,train/masks/Lookalike/00476.tif,0082989f58b3bd2c852e7522cf179bd6b5c2b69ca7ffa23a7baa1c1dd15384e7,f1aa0ad4cbbd93669d577a8d940448dcd5d4aacec3aa613c78b891af8752da34,2048,2048,2,float32+float32,HARD_LINK,NO,
train,Lookalike,00458.tif,Lookalike/00458.tif,train/images/Lookalike/00458.tif,00458.tif,Mask_lookalike/00458.tif,train/masks/Lookalike/00458.tif,751c458064962648d4700c46811aef2301c6c94fbd76a840cf31385ca7c8c150,f1aa0ad4cbbd93669d577a8d940448dcd5d4aacec3aa613c78b891af8752da34,2048,2048,2,float32+float32,HARD_LINK,NO,
train,Lookalike,00416.tif,Lookalike/00416.tif,train/images/Lookalike/00416.tif,00416.tif,Mask_lookalike/00416.tif,train/masks/Lookalike/00416.tif,e15dcfb77e3c4b251b3697aa560865f26d5288bd46e8861f41f63376be3360c9,f1aa0ad4cbbd93669d577a8d940448dcd5d4aacec3aa613c78b891af8752da34,2048,2048,2,float32+float32,HARD_LINK,NO,
train,Lookalike,00236.tif,Lookalike/00236.tif,train/images/Lookalike/00236.tif,00236.tif,Mask_lookalike/00236.tif,train/masks/Lookalike/00236.tif,ee887e968e4dead4b89f5d7ce1146e05b592cbfe2d9298ca22b47a8d0940e334,f1aa0ad4cbbd93669d577a8d940448dcd5d4aacec3aa613c78b891af8752da34,2048,2048,2,float32+float32,HARD_LINK,NO,
train,Lookalike,00487.tif,Lookalike/00487.tif,train/images/Lookalike/00487.tif,00487.tif,Mask_lookalike/00487.tif,train/masks/Lookalike/00487.tif,480f869ad4bd3d66d169b27bd3fb892a2bcfb78a036076ad98e70065945eff70,f1aa0ad4cbbd93669d577a8d940448dcd5d4aacec3aa613c78b891af8752da34,2048,2048,2,float32+float32,HARD_LINK,NO,
train,Lookalike,00075.tif,Lookalike/00075.tif,train/images/Lookalike/00075.tif,00075.tif,Mask_lookalike/00075.tif,train/masks/Lookalike/00075.tif,82e8de85dee201b15fedb231b0a99374736ddf70c02c8559cbebf45a5fe610ba,f1aa0ad4cbbd93669d577a8d940448dcd5d4aacec3aa613c78b891af8752da34,2048,2048,2,float32+float32,HARD_LINK,NO,
train,Lookalike,00219.tif,Lookalike/00219.tif,train/images/Lookalike/00219.tif,00219.tif,Mask_lookalike/00219.tif,train/masks/Lookalike/00219.tif,62496a2dd1c5ae268a679806ded4d02b34b71c689141a0f106450b247d8ea33a,f1aa0ad4cbbd93669d577a8d940448dcd5d4aacec3aa613c78b891af8752da34,2048,2048,2,float32+float32,HARD_LINK,NO,
train,Lookalike,00366.tif,Lookalike/00366.tif,train/images/Lookalike/00366.tif,00366.tif,Mask_lookalike/00366.tif,train/masks/Lookalike/00366.tif,6dd836f8dec561f1ed55781b7b3cbe19b82032a8eaf96c2963ef76fb21a45f2f,f1aa0ad4cbbd93669d577a8d940448dcd5d4aacec3aa613c78b891af8752da34,2048,2048,2,float32+float32,HARD_LINK,NO,
train,Lookalike,00391.tif,Lookalike/00391.tif,train/images/Lookalike/00391.tif,00391.tif,Mask_lookalike/00391.tif,train/masks/Lookalike/00391.tif,0953835c20418515eae2bfb078d4327100ea180d9d4b3f8136986bcec4239bc2,f1aa0ad4cbbd93669d577a8d940448dcd5d4aacec3aa613c78b891af8752da34,2048,2048,2,float32+float32,HARD_LINK,NO,
train,Lookalike,00017.tif,Lookalike/00017.tif,train/images/Lookalike/00017.tif,00017.tif,Mask_lookalike/00017.tif,train/masks/Lookalike/00017.tif,b559cdbe870d2f245f0b622bae58fcce2fb09ff6a97e7aafa06ed7963ea45b57,f1aa0ad4cbbd93669d577a8d940448dcd5d4aacec3aa613c78b891af8752da34,2048,2048,2,float32+float32,HARD_LINK,NO,
train,Lookalike,00248.tif,Lookalike/00248.tif,train/images/Lookalike/00248.tif,00248.tif,Mask_lookalike/00248.tif,train/masks/Lookalike/00248.tif,52c018f6e88d5a9240be8bc08a176b95cc97de13c4490428b647d53c1029c466,f1aa0ad4cbbd93669d577a8d940448dcd5d4aacec3aa613c78b891af8752da34,2048,2048,2,float32+float32,HARD_LINK,NO,
train,Lookalike,00617.tif,Lookalike/00617.tif,train/images/Lookalike/00617.tif,00617.tif,Mask_lookalike/00617.tif,train/masks/Lookalike/00617.tif,336921419edcbc3ef087ffc27d2c0c38eaa1ca641043fd9149a4cad80027f9ef,f1aa0ad4cbbd93669d577a8d940448dcd5d4aacec3aa613c78b891af8752da34,2048,2048,2,float32+float32,HARD_LINK,NO,
train,Lookalike,00381.tif,Lookalike/00381.tif,train/images/Lookalike/00381.tif,00381.tif,Mask_lookalike/00381.tif,train/masks/Lookalike/00381.tif,54a491cdc95f4b63d37fc070c8770c822ec27d64e7dfbb64c41d81734bd29e54,f1aa0ad4cbbd93669d577a8d940448dcd5d4aacec3aa613c78b891af8752da34,2048,2048,2,float32+float32,HARD_LINK,NO,
train,Lookalike,00034.tif,Lookalike/00034.tif,train/images/Lookalike/00034.tif,00034.tif,Mask_lookalike/00034.tif,train/masks/Lookalike/00034.tif,8569feb200a20c8891fc2b9565b71790fefd5ff699ded23d194e5ab380a4b1a0,f1aa0ad4cbbd93669d577a8d940448dcd5d4aacec3aa613c78b891af8752da34,2048,2048,2,float32+float32,HARD_LINK,NO,
train,Lookalike,00518.tif,Lookalike/00518.tif,train/images/Lookalike/00518.tif,00518.tif,Mask_lookalike/00518.tif,train/masks/Lookalike/00518.tif,d4ca3e8c5e8daa2c860fb63d386b872fcb63ba80cc902343a260a405ebbdeeed,f1aa0ad4cbbd93669d577a8d940448dcd5d4aacec3aa613c78b891af8752da34,2048,2048,2,float32+float32,HARD_LINK,NO,
train,Lookalike,00639.tif,Lookalike/00639.tif,train/images/Lookalike/00639.tif,00639.tif,Mask_lookalike/00639.tif,train/masks/Lookalike/00639.tif,8d061fc5177dea728fccd3785cf8e4962e6ff41cc2b2ad1f406ba8d0c2c0b115,f1aa0ad4cbbd93669d577a8d940448dcd5d4aacec3aa613c78b891af8752da34,2048,2048,2,float32+float32,HARD_LINK,NO,
train,Lookalike,00607.tif,Lookalike/00607.tif,train/images/Lookalike/00607.tif,00607.tif,Mask_lookalike/00607.tif,train/masks/Lookalike/00607.tif,667fa0dab238d26836ac9e9f9d950f16883591866b68e2d721f4d9916c346200,f1aa0ad4cbbd93669d577a8d940448dcd5d4aacec3aa613c78b891af8752da34,2048,2048,2,float32+float32,HARD_LINK,NO,
train,Lookalike,00027.tif,Lookalike/00027.tif,train/images/Lookalike/00027.tif,00027.tif,Mask_lookalike/00027.tif,train/masks/Lookalike/00027.tif,54835be818f8738e1cfa08c559fb3b83ae73e70cadd5f8c487868e46fb819263,f1aa0ad4cbbd93669d577a8d940448dcd5d4aacec3aa613c78b891af8752da34,2048,2048,2,float32+float32,HARD_LINK,NO,
train,Lookalike,00061.tif,Lookalike/00061.tif,train/images/Lookalike/00061.tif,00061.tif,Mask_lookalike/00061.tif,train/masks/Lookalike/00061.tif,2c05f6cb24d9f698e5fffcd487169bbe6127c2f4c08f4e89014b04248d07c8f8,f1aa0ad4cbbd93669d577a8d940448dcd5d4aacec3aa613c78b891af8752da34,2048,2048,2,float32+float32,HARD_LINK,NO,
train,Lookalike,00095.tif,Lookalike/00095.tif,train/images/Lookalike/00095.tif,00095.tif,Mask_lookalike/00095.tif,train/masks/Lookalike/00095.tif,ffbd11f70e731347dcf13942baabb942e5e621f6b8526c2232f59a36f51b2264,f1aa0ad4cbbd93669d577a8d940448dcd5d4aacec3aa613c78b891af8752da34,2048,2048,2,float32+float32,HARD_LINK,NO,
train,Lookalike,00032.tif,Lookalike/00032.tif,train/images/Lookalike/00032.tif,00032.tif,Mask_lookalike/00032.tif,train/masks/Lookalike/00032.tif,f9cf71e9bfe5cb35008503b1fd4297e8e734d4222c1229602ca1915786bc3ea7,f1aa0ad4cbbd93669d577a8d940448dcd5d4aacec3aa613c78b891af8752da34,2048,2048,2,float32+float32,HARD_LINK,NO,
train,Lookalike,00164.tif,Lookalike/00164.tif,train/images/Lookalike/00164.tif,00164.tif,Mask_lookalike/00164.tif,train/masks/Lookalike/00164.tif,c3fdd87fcf0405e31a8a9ad65164f426c70978f03ef763b412ca770b0408fb3d,f1aa0ad4cbbd93669d577a8d940448dcd5d4aacec3aa613c78b891af8752da34,2048,2048,2,float32+float32,HARD_LINK,NO,
train,Lookalike,00056.tif,Lookalike/00056.tif,train/images/Lookalike/00056.tif,00056.tif,Mask_lookalike/00056.tif,train/masks/Lookalike/00056.tif,99251b05150336add9dd89640509f829b687aa87644c710d81646dd4cfa5a3f5,f1aa0ad4cbbd93669d577a8d940448dcd5d4aacec3aa613c78b891af8752da34,2048,2048,2,float32+float32,HARD_LINK,NO,
train,Lookalike,00118.tif,Lookalike/00118.tif,train/images/Lookalike/00118.tif,00118.tif,Mask_lookalike/00118.tif,train/masks/Lookalike/00118.tif,4d75d19e6c71ac1223128672b281264b0c2480f7bb993dbd7e727f3cfe3a7022,f1aa0ad4cbbd93669d577a8d940448dcd5d4aacec3aa613c78b891af8752da34,2048,2048,2,float32+float32,HARD_LINK,NO,
train,Lookalike,00573.tif,Lookalike/00573.tif,train/images/Lookalike/00573.tif,00573.tif,Mask_lookalike/00573.tif,train/masks/Lookalike/00573.tif,9afe5f5d85e869dbdec73d414301c600845ec05065ce561de9edce7e6b9987da,f1aa0ad4cbbd93669d577a8d940448dcd5d4aacec3aa613c78b891af8752da34,2048,2048,2,float32+float32,HARD_LINK,NO,
train,Lookalike,00389.tif,Lookalike/00389.tif,train/images/Lookalike/00389.tif,00389.tif,Mask_lookalike/00389.tif,train/masks/Lookalike/00389.tif,74359ef2f7752701ae4952be48c7ed128557a0e94c52a6b6e1724360e5086ba2,f1aa0ad4cbbd93669d577a8d940448dcd5d4aacec3aa613c78b891af8752da34,2048,2048,2,float32+float32,HARD_LINK,NO,
train,Lookalike,00137.tif,Lookalike/00137.tif,train/images/Lookalike/00137.tif,00137.tif,Mask_lookalike/00137.tif,train/masks/Lookalike/00137.tif,debb3d34d36f6d259db6750fd53c5923b5cf5bfb25ce2e5161f8f8eeb7a7ed48,f1aa0ad4cbbd93669d577a8d940448dcd5d4aacec3aa613c78b891af8752da34,2048,2048,2,float32+float32,HARD_LINK,NO,
train,Lookalike,00010.tif,Lookalike/00010.tif,train/images/Lookalike/00010.tif,00010.tif,Mask_lookalike/00010.tif,train/masks/Lookalike/00010.tif,09d172b06045f2bad15cc8d3197c4a56b8303cd79870f2394aec104a1acb3e2e,f1aa0ad4cbbd93669d577a8d940448dcd5d4aacec3aa613c78b891af8752da34,2048,2048,2,float32+float32,HARD_LINK,NO,
train,Lookalike,00074.tif,Lookalike/00074.tif,train/images/Lookalike/00074.tif,00074.tif,Mask_lookalike/00074.tif,train/masks/Lookalike/00074.tif,5acbab56ee28bf96d8bd954f1b0eb4ab3de778a3c1cc75e42ecc620be7d6f244,f1aa0ad4cbbd93669d577a8d940448dcd5d4aacec3aa613c78b891af8752da34,2048,2048,2,float32+float32,HARD_LINK,NO,
train,Lookalike,00453.tif,Lookalike/00453.tif,train/images/Lookalike/00453.tif,00453.tif,Mask_lookalike/00453.tif,train/masks/Lookalike/00453.tif,a2616623f07e68d1f0196284afa1455305359a66843170da35efc92474e81a11,f1aa0ad4cbbd93669d577a8d940448dcd5d4aacec3aa613c78b891af8752da34,2048,2048,2,float32+float32,HARD_LINK,NO,
train,Lookalike,00493.tif,Lookalike/00493.tif,train/images/Lookalike/00493.tif,00493.tif,Mask_lookalike/00493.tif,train/masks/Lookalike/00493.tif,70c1481b9dd97bc236ab0e820d8214d31832c6e877b332a79f8fe22d6124f87a,f1aa0ad4cbbd93669d577a8d940448dcd5d4aacec3aa613c78b891af8752da34,2048,2048,2,float32+float32,HARD_LINK,NO,
train,Lookalike,00261.tif,Lookalike/00261.tif,train/images/Lookalike/00261.tif,00261.tif,Mask_lookalike/00261.tif,train/masks/Lookalike/00261.tif,0a06dd08f5d128fe09c473a8aa2c227c32ee4f455d6c6c10b26098d4942812f2,f1aa0ad4cbbd93669d577a8d940448dcd5d4aacec3aa613c78b891af8752da34,2048,2048,2,float32+float32,HARD_LINK,NO,
train,Lookalike,00235.tif,Lookalike/00235.tif,train/images/Lookalike/00235.tif,00235.tif,Mask_lookalike/00235.tif,train/masks/Lookalike/00235.tif,58fd82c1626c425cd3f10d12ba9537effedd2631ca0d02dd93f700fec0d71a90,f1aa0ad4cbbd93669d577a8d940448dcd5d4aacec3aa613c78b891af8752da34,2048,2048,2,float32+float32,HARD_LINK,NO,
train,Lookalike,00539.tif,Lookalike/00539.tif,train/images/Lookalike/00539.tif,00539.tif,Mask_lookalike/00539.tif,train/masks/Lookalike/00539.tif,ea1bf34957cf8a7e09372c78795982819d84d01d567dbc489bd1bbbc0cfed3bb,f1aa0ad4cbbd93669d577a8d940448dcd5d4aacec3aa613c78b891af8752da34,2048,2048,2,float32+float32,HARD_LINK,NO,
train,Lookalike,00224.tif,Lookalike/00224.tif,train/images/Lookalike/00224.tif,00224.tif,Mask_lookalike/00224.tif,train/masks/Lookalike/00224.tif,d330bbee6d7b5c6f0870782b54f9bf0084c328339cdcf623935b1acd2a9ffd87,f1aa0ad4cbbd93669d577a8d940448dcd5d4aacec3aa613c78b891af8752da34,2048,2048,2,float32+float32,HARD_LINK,NO,
train,Lookalike,00070.tif,Lookalike/00070.tif,train/images/Lookalike/00070.tif,00070.tif,Mask_lookalike/00070.tif,train/masks/Lookalike/00070.tif,b34b4549e89f481359369aa47361fa3da4f99ec621f5f3e8c58ee0d57bca5d15,f1aa0ad4cbbd93669d577a8d940448dcd5d4aacec3aa613c78b891af8752da34,2048,2048,2,float32+float32,HARD_LINK,NO,
train,Lookalike,00501.tif,Lookalike/00501.tif,train/images/Lookalike/00501.tif,00501.tif,Mask_lookalike/00501.tif,train/masks/Lookalike/00501.tif,1a58d4ddc42a0f63ceb54bb5faefc92d1a06f621fcd7d872d18079c3cd6f337c,f1aa0ad4cbbd93669d577a8d940448dcd5d4aacec3aa613c78b891af8752da34,2048,2048,2,float32+float32,HARD_LINK,NO,
train,Lookalike,00330.tif,Lookalike/00330.tif,train/images/Lookalike/00330.tif,00330.tif,Mask_lookalike/00330.tif,train/masks/Lookalike/00330.tif,73c51f363e80d3386bc9186605132f8bd42eee7ef88f6815f6ffd78ca4374a9f,f1aa0ad4cbbd93669d577a8d940448dcd5d4aacec3aa613c78b891af8752da34,2048,2048,2,float32+float32,HARD_LINK,NO,
train,Lookalike,00307.tif,Lookalike/00307.tif,train/images/Lookalike/00307.tif,00307.tif,Mask_lookalike/00307.tif,train/masks/Lookalike/00307.tif,171bf5fd6d7b8c05e9ff1c5cd385d7fc131e950e005bdc8c1653e26ab5683fc7,f1aa0ad4cbbd93669d577a8d940448dcd5d4aacec3aa613c78b891af8752da34,2048,2048,2,float32+float32,HARD_LINK,NO,
train,Lookalike,00226.tif,Lookalike/00226.tif,train/images/Lookalike/00226.tif,00226.tif,Mask_lookalike/00226.tif,train/masks/Lookalike/00226.tif,9d30887d30e952c72caffba75998a02eb4a676947d41056316b3c068455180af,f1aa0ad4cbbd93669d577a8d940448dcd5d4aacec3aa613c78b891af8752da34,2048,2048,2,float32+float32,HARD_LINK,NO,
train,Lookalike,00166.tif,Lookalike/00166.tif,train/images/Lookalike/00166.tif,00166.tif,Mask_lookalike/00166.tif,train/masks/Lookalike/00166.tif,d8a7f84d988dc6622d86c3e89c23b67804c56b3b05ba5ffc1843899da8525191,04ee491096943705a3bb165af0e3d92d9d063b3be2ebb03650cb28df5d3b7b86,2049,2048,2,float32+float32,HARD_LINK,NO,
train,Lookalike,00675.tif,Lookalike/00675.tif,train/images/Lookalike/00675.tif,00675.tif,Mask_lookalike/00675.tif,train/masks/Lookalike/00675.tif,f35d32fb367669a79a22201bc5fb1b60c29c34c396680a98d09dc9178c463639,f1aa0ad4cbbd93669d577a8d940448dcd5d4aacec3aa613c78b891af8752da34,2048,2048,2,float32+float32,HARD_LINK,NO,
train,Lookalike,00229.tif,Lookalike/00229.tif,train/images/Lookalike/00229.tif,00229.tif,Mask_lookalike/00229.tif,train/masks/Lookalike/00229.tif,4ebe05b4811f32db5dbcad7cf30a8701d0e66f76429c811efb5e260ef75c35cc,f1aa0ad4cbbd93669d577a8d940448dcd5d4aacec3aa613c78b891af8752da34,2048,2048,2,float32+float32,HARD_LINK,NO,
train,Lookalike,00057.tif,Lookalike/00057.tif,train/images/Lookalike/00057.tif,00057.tif,Mask_lookalike/00057.tif,train/masks/Lookalike/00057.tif,5d93ab8b0067b24d39091b8fcfc462e23e1d81630cc2a65ebe396488a9afc3e2,f1aa0ad4cbbd93669d577a8d940448dcd5d4aacec3aa613c78b891af8752da34,2048,2048,2,float32+float32,HARD_LINK,NO,
train,Lookalike,00223.tif,Lookalike/00223.tif,train/images/Lookalike/00223.tif,00223.tif,Mask_lookalike/00223.tif,train/masks/Lookalike/00223.tif,80cfc4eb91cceed9e2bb59b1ce3d7b569bb0abcebb595b7fe7418c75cc2961f7,f1aa0ad4cbbd93669d577a8d940448dcd5d4aacec3aa613c78b891af8752da34,2048,2048,2,float32+float32,HARD_LINK,NO,
train,Lookalike,00682.tif,Lookalike/00682.tif,train/images/Lookalike/00682.tif,00682.tif,Mask_lookalike/00682.tif,train/masks/Lookalike/00682.tif,c3e786868b43afc55973e668271285ab1d5106ba3d74ef0df725d697cccada2a,f1aa0ad4cbbd93669d577a8d940448dcd5d4aacec3aa613c78b891af8752da34,2048,2048,2,float32+float32,HARD_LINK,NO,
train,Lookalike,00461.tif,Lookalike/00461.tif,train/images/Lookalike/00461.tif,00461.tif,Mask_lookalike/00461.tif,train/masks/Lookalike/00461.tif,af1853db2ca5a6c0677a5d21fab0f260b32d126e3c394dc64ec682848600feb3,f1aa0ad4cbbd93669d577a8d940448dcd5d4aacec3aa613c78b891af8752da34,2048,2048,2,float32+float32,HARD_LINK,NO,
train,Lookalike,00413.tif,Lookalike/00413.tif,train/images/Lookalike/00413.tif,00413.tif,Mask_lookalike/00413.tif,train/masks/Lookalike/00413.tif,b6d21ca3f9537fa170b196b2ef0405caef3ff9a781d3670f104c08ba478cf677,f1aa0ad4cbbd93669d577a8d940448dcd5d4aacec3aa613c78b891af8752da34,2048,2048,2,float32+float32,HARD_LINK,NO,
train,Lookalike,00267.tif,Lookalike/00267.tif,train/images/Lookalike/00267.tif,00267.tif,Mask_lookalike/00267.tif,train/masks/Lookalike/00267.tif,2ba22d100419a67015c10ec39ec7ea5648290bcfe7e23f6fc8efdc5df43dde13,f1aa0ad4cbbd93669d577a8d940448dcd5d4aacec3aa613c78b891af8752da34,2048,2048,2,float32+float32,HARD_LINK,NO,
train,Lookalike,00646.tif,Lookalike/00646.tif,train/images/Lookalike/00646.tif,00646.tif,Mask_lookalike/00646.tif,train/masks/Lookalike/00646.tif,debd9063c4282ee1ea74dd974ad2463f469086910bb270c934548bf7ebe447a7,f1aa0ad4cbbd93669d577a8d940448dcd5d4aacec3aa613c78b891af8752da34,2048,2048,2,float32+float32,HARD_LINK,NO,
train,Lookalike,00500.tif,Lookalike/00500.tif,train/images/Lookalike/00500.tif,00500.tif,Mask_lookalike/00500.tif,train/masks/Lookalike/00500.tif,37e4a523529d3ac4cbf9dea5355288870a309cc4dc745cb46d0d46d975d32377,f1aa0ad4cbbd93669d577a8d940448dcd5d4aacec3aa613c78b891af8752da34,2048,2048,2,float32+float32,HARD_LINK,NO,
train,Lookalike,00090.tif,Lookalike/00090.tif,train/images/Lookalike/00090.tif,00090.tif,Mask_lookalike/00090.tif,train/masks/Lookalike/00090.tif,772fb07e465540dcf801dec5b754087d9f3107748ab102f1b9677ec1ff09963b,f1aa0ad4cbbd93669d577a8d940448dcd5d4aacec3aa613c78b891af8752da34,2048,2048,2,float32+float32,HARD_LINK,NO,
train,Lookalike,00139.tif,Lookalike/00139.tif,train/images/Lookalike/00139.tif,00139.tif,Mask_lookalike/00139.tif,train/masks/Lookalike/00139.tif,3e02d0a3dcae13c8a87ea2b6c3421e02d787c9aebe0157a3339fd520759a5a8b,f1aa0ad4cbbd93669d577a8d940448dcd5d4aacec3aa613c78b891af8752da34,2048,2048,2,float32+float32,HARD_LINK,NO,
train,Lookalike,00383.tif,Lookalike/00383.tif,train/images/Lookalike/00383.tif,00383.tif,Mask_lookalike/00383.tif,train/masks/Lookalike/00383.tif,4e83d4f9db8bfd2c46be45e93a8c1098f724fb9f5ef469f0da717d76cb382e61,f1aa0ad4cbbd93669d577a8d940448dcd5d4aacec3aa613c78b891af8752da34,2048,2048,2,float32+float32,HARD_LINK,NO,
train,Lookalike,00606.tif,Lookalike/00606.tif,train/images/Lookalike/00606.tif,00606.tif,Mask_lookalike/00606.tif,train/masks/Lookalike/00606.tif,84274314f65be27fe14109f5c0af2c5adb3167bec2db81deb9f192ce8300fad4,f1aa0ad4cbbd93669d577a8d940448dcd5d4aacec3aa613c78b891af8752da34,2048,2048,2,float32+float32,HARD_LINK,NO,
train,Lookalike,00117.tif,Lookalike/00117.tif,train/images/Lookalike/00117.tif,00117.tif,Mask_lookalike/00117.tif,train/masks/Lookalike/00117.tif,22b14d93a7b763b3fca7bd9a31662aa808db0ab768977f27790116079ed6744a,f1aa0ad4cbbd93669d577a8d940448dcd5d4aacec3aa613c78b891af8752da34,2048,2048,2,float32+float32,HARD_LINK,NO,
train,Lookalike,00579.tif,Lookalike/00579.tif,train/images/Lookalike/00579.tif,00579.tif,Mask_lookalike/00579.tif,train/masks/Lookalike/00579.tif,1b9f3eb883ca198916563733730811dc7004f8f07e34bb3cf7bbeec962810c48,f1aa0ad4cbbd93669d577a8d940448dcd5d4aacec3aa613c78b891af8752da34,2048,2048,2,float32+float32,HARD_LINK,NO,
train,Lookalike,00178.tif,Lookalike/00178.tif,train/images/Lookalike/00178.tif,00178.tif,Mask_lookalike/00178.tif,train/masks/Lookalike/00178.tif,f6524ca547ba6d94836febf6398b714e7025613727945d932d6186a97e54b3f3,f1aa0ad4cbbd93669d577a8d940448dcd5d4aacec3aa613c78b891af8752da34,2048,2048,2,float32+float32,HARD_LINK,NO,
train,Lookalike,00096.tif,Lookalike/00096.tif,train/images/Lookalike/00096.tif,00096.tif,Mask_lookalike/00096.tif,train/masks/Lookalike/00096.tif,51162fc714b728c0f0c025dd8305f8595b5ceee7119546880587d87dad386c56,f1aa0ad4cbbd93669d577a8d940448dcd5d4aacec3aa613c78b891af8752da34,2048,2048,2,float32+float32,HARD_LINK,NO,
train,Lookalike,00193.tif,Lookalike/00193.tif,train/images/Lookalike/00193.tif,00193.tif,Mask_lookalike/00193.tif,train/masks/Lookalike/00193.tif,a8b70fece22c3e2d49f26f86b804eb9ef721cef5efa15b74738f4b1a72101d8c,f1aa0ad4cbbd93669d577a8d940448dcd5d4aacec3aa613c78b891af8752da34,2048,2048,2,float32+float32,HARD_LINK,NO,
train,Lookalike,00587.tif,Lookalike/00587.tif,train/images/Lookalike/00587.tif,00587.tif,Mask_lookalike/00587.tif,train/masks/Lookalike/00587.tif,342e1d28c825b4a0aa6b1b6c14e3f1b9ebefd59e339b3df0db6ec00904cfac75,f1aa0ad4cbbd93669d577a8d940448dcd5d4aacec3aa613c78b891af8752da34,2048,2048,2,float32+float32,HARD_LINK,NO,
train,Lookalike,00242.tif,Lookalike/00242.tif,train/images/Lookalike/00242.tif,00242.tif,Mask_lookalike/00242.tif,train/masks/Lookalike/00242.tif,96e5540bd7aec136c6604790a9fda002f8de284b33d791be087de1ae42f3f1c1,f1aa0ad4cbbd93669d577a8d940448dcd5d4aacec3aa613c78b891af8752da34,2048,2048,2,float32+float32,HARD_LINK,NO,
train,Lookalike,00270.tif,Lookalike/00270.tif,train/images/Lookalike/00270.tif,00270.tif,Mask_lookalike/00270.tif,train/masks/Lookalike/00270.tif,34f60381fa1b35b4e48f172b792e0e8fcff068b2ea2b4b6f29eefbb037f1131a,f1aa0ad4cbbd93669d577a8d940448dcd5d4aacec3aa613c78b891af8752da34,2048,2048,2,float32+float32,HARD_LINK,NO,
train,Lookalike,00053.tif,Lookalike/00053.tif,train/images/Lookalike/00053.tif,00053.tif,Mask_lookalike/00053.tif,train/masks/Lookalike/00053.tif,dc15fd561dbb91c1017e019edd97efb04e9ef107b1a4d4cf7a2fe85418fc7b39,f1aa0ad4cbbd93669d577a8d940448dcd5d4aacec3aa613c78b891af8752da34,2048,2048,2,float32+float32,HARD_LINK,NO,
train,Lookalike,00249.tif,Lookalike/00249.tif,train/images/Lookalike/00249.tif,00249.tif,Mask_lookalike/00249.tif,train/masks/Lookalike/00249.tif,56065135061679b2e3c1e682aaabb36c5a901fa2f70f77d2e03abfc06af335a2,f1aa0ad4cbbd93669d577a8d940448dcd5d4aacec3aa613c78b891af8752da34,2048,2048,2,float32+float32,HARD_LINK,NO,
train,Lookalike,00666.tif,Lookalike/00666.tif,train/images/Lookalike/00666.tif,00666.tif,Mask_lookalike/00666.tif,train/masks/Lookalike/00666.tif,b0542c2d381e9161decb374e0dba2dc408f82e500eefd6088311587997abb605,f1aa0ad4cbbd93669d577a8d940448dcd5d4aacec3aa613c78b891af8752da34,2048,2048,2,float32+float32,HARD_LINK,NO,
train,Lookalike,00602.tif,Lookalike/00602.tif,train/images/Lookalike/00602.tif,00602.tif,Mask_lookalike/00602.tif,train/masks/Lookalike/00602.tif,861915cded105cb1f72077c17e34f4663dc3fe8390abbcd616adabe8687c9933,f1aa0ad4cbbd93669d577a8d940448dcd5d4aacec3aa613c78b891af8752da34,2048,2048,2,float32+float32,HARD_LINK,NO,
train,Lookalike,00513.tif,Lookalike/00513.tif,train/images/Lookalike/00513.tif,00513.tif,Mask_lookalike/00513.tif,train/masks/Lookalike/00513.tif,60899794ed43420254d5ece0431293147e1198a9301db204bc61b19b43d57d94,f1aa0ad4cbbd93669d577a8d940448dcd5d4aacec3aa613c78b891af8752da34,2048,2048,2,float32+float32,HARD_LINK,NO,
train,Lookalike,00291.tif,Lookalike/00291.tif,train/images/Lookalike/00291.tif,00291.tif,Mask_lookalike/00291.tif,train/masks/Lookalike/00291.tif,f38e9b789ff757055d77b5e0f03adf60f8d2a2ff4928afee0519a3c569bba8bf,f1aa0ad4cbbd93669d577a8d940448dcd5d4aacec3aa613c78b891af8752da34,2048,2048,2,float32+float32,HARD_LINK,NO,
train,Lookalike,00400.tif,Lookalike/00400.tif,train/images/Lookalike/00400.tif,00400.tif,Mask_lookalike/00400.tif,train/masks/Lookalike/00400.tif,fcb2dd58023507f2c6d55a6b4fa70c5fa8feb7d7b1d047b84b94005269580304,f1aa0ad4cbbd93669d577a8d940448dcd5d4aacec3aa613c78b891af8752da34,2048,2048,2,float32+float32,HARD_LINK,NO,
train,Lookalike,00175.tif,Lookalike/00175.tif,train/images/Lookalike/00175.tif,00175.tif,Mask_lookalike/00175.tif,train/masks/Lookalike/00175.tif,907fc92ae526f5d3df0f5efc194c144271424506dedde5aa615611e8f34e1e7a,f1aa0ad4cbbd93669d577a8d940448dcd5d4aacec3aa613c78b891af8752da34,2048,2048,2,float32+float32,HARD_LINK,NO,
train,Lookalike,00052.tif,Lookalike/00052.tif,train/images/Lookalike/00052.tif,00052.tif,Mask_lookalike/00052.tif,train/masks/Lookalike/00052.tif,751b4a5646b88c0f4f632369df2ff21dd4fb81f7d2662184b8d41719938b42a8,f1aa0ad4cbbd93669d577a8d940448dcd5d4aacec3aa613c78b891af8752da34,2048,2048,2,float32+float32,HARD_LINK,NO,
train,Lookalike,00560.tif,Lookalike/00560.tif,train/images/Lookalike/00560.tif,00560.tif,Mask_lookalike/00560.tif,train/masks/Lookalike/00560.tif,acdcabe68b1a4f3b6df2440ea613826097363170765a779331a0dba29f8c56eb,f1aa0ad4cbbd93669d577a8d940448dcd5d4aacec3aa613c78b891af8752da34,2048,2048,2,float32+float32,HARD_LINK,NO,
train,Lookalike,00345.tif,Lookalike/00345.tif,train/images/Lookalike/00345.tif,00345.tif,Mask_lookalike/00345.tif,train/masks/Lookalike/00345.tif,a4866b0bea5e07579c5db9c225c52a48c147136a5c6660fb26972c1aaf842287,f1aa0ad4cbbd93669d577a8d940448dcd5d4aacec3aa613c78b891af8752da34,2048,2048,2,float32+float32,HARD_LINK,NO,
train,Lookalike,00541.tif,Lookalike/00541.tif,train/images/Lookalike/00541.tif,00541.tif,Mask_lookalike/00541.tif,train/masks/Lookalike/00541.tif,8014de19a6438dab84502e7988194d96334f33ea9a83cb0201425cbaa253790e,f1aa0ad4cbbd93669d577a8d940448dcd5d4aacec3aa613c78b891af8752da34,2048,2048,2,float32+float32,HARD_LINK,NO,
train,Lookalike,00427.tif,Lookalike/00427.tif,train/images/Lookalike/00427.tif,00427.tif,Mask_lookalike/00427.tif,train/masks/Lookalike/00427.tif,a5c3541ef9b65cd4b1d965543d7390fb329d03c14d5d6ecfe90f79dc93426291,f1aa0ad4cbbd93669d577a8d940448dcd5d4aacec3aa613c78b891af8752da34,2048,2048,2,float32+float32,HARD_LINK,NO,
train,Lookalike,00112.tif,Lookalike/00112.tif,train/images/Lookalike/00112.tif,00112.tif,Mask_lookalike/00112.tif,train/masks/Lookalike/00112.tif,75e98136fb174aef2a559fa1d6e2dfbbe7b2d7db5bdb12c95435d4c8c6f498b7,f1aa0ad4cbbd93669d577a8d940448dcd5d4aacec3aa613c78b891af8752da34,2048,2048,2,float32+float32,HARD_LINK,NO,
train,Lookalike,00286.tif,Lookalike/00286.tif,train/images/Lookalike/00286.tif,00286.tif,Mask_lookalike/00286.tif,train/masks/Lookalike/00286.tif,7f521dd884b6c7759260c15b529fe787fd92642170ab53dc97a9ed52c7716674,f1aa0ad4cbbd93669d577a8d940448dcd5d4aacec3aa613c78b891af8752da34,2048,2048,2,float32+float32,HARD_LINK,NO,
train,Lookalike,00640.tif,Lookalike/00640.tif,train/images/Lookalike/00640.tif,00640.tif,Mask_lookalike/00640.tif,train/masks/Lookalike/00640.tif,4a81beaca0a555c74485041ae43886be0b592bcbbc0aa741b830a856f0293374,f1aa0ad4cbbd93669d577a8d940448dcd5d4aacec3aa613c78b891af8752da34,2048,2048,2,float32+float32,HARD_LINK,NO,
train,Lookalike,00216.tif,Lookalike/00216.tif,train/images/Lookalike/00216.tif,00216.tif,Mask_lookalike/00216.tif,train/masks/Lookalike/00216.tif,01fe99cb33d8725d2ddc84756c9e5097a59407879bad9e703f14fb815e7eaa10,f1aa0ad4cbbd93669d577a8d940448dcd5d4aacec3aa613c78b891af8752da34,2048,2048,2,float32+float32,HARD_LINK,NO,
train,Lookalike,00608.tif,Lookalike/00608.tif,train/images/Lookalike/00608.tif,00608.tif,Mask_lookalike/00608.tif,train/masks/Lookalike/00608.tif,b5c13720b848fce8b3b125752335b9295f513498c9b3e24618b2c654fa45c092,f1aa0ad4cbbd93669d577a8d940448dcd5d4aacec3aa613c78b891af8752da34,2048,2048,2,float32+float32,HARD_LINK,NO,
train,Lookalike,00290.tif,Lookalike/00290.tif,train/images/Lookalike/00290.tif,00290.tif,Mask_lookalike/00290.tif,train/masks/Lookalike/00290.tif,7b478e13717ebb9ea85d1580ba13696602ddc2112a1753fc16f008414521416d,f1aa0ad4cbbd93669d577a8d940448dcd5d4aacec3aa613c78b891af8752da34,2048,2048,2,float32+float32,HARD_LINK,NO,
train,Lookalike,00008.tif,Lookalike/00008.tif,train/images/Lookalike/00008.tif,00008.tif,Mask_lookalike/00008.tif,train/masks/Lookalike/00008.tif,38710cf2b0441aa49d04cd1f3c64a25b2d2f2d7011541184e9a52c7f7db9e8b4,f1aa0ad4cbbd93669d577a8d940448dcd5d4aacec3aa613c78b891af8752da34,2048,2048,2,float32+float32,HARD_LINK,NO,
train,Lookalike,00473.tif,Lookalike/00473.tif,train/images/Lookalike/00473.tif,00473.tif,Mask_lookalike/00473.tif,train/masks/Lookalike/00473.tif,c9d29a61d45f2cfb63b239b4e3f610149b3db2081fe605b3e159cdc5aa98cf30,f1aa0ad4cbbd93669d577a8d940448dcd5d4aacec3aa613c78b891af8752da34,2048,2048,2,float32+float32,HARD_LINK,NO,
train,Lookalike,00342.tif,Lookalike/00342.tif,train/images/Lookalike/00342.tif,00342.tif,Mask_lookalike/00342.tif,train/masks/Lookalike/00342.tif,c8cba5d31b6add1af50fd3b50acfd2453cc41ac480ac2e7239dfd4bda7ef557a,f1aa0ad4cbbd93669d577a8d940448dcd5d4aacec3aa613c78b891af8752da34,2048,2048,2,float32+float32,HARD_LINK,NO,
train,Lookalike,00289.tif,Lookalike/00289.tif,train/images/Lookalike/00289.tif,00289.tif,Mask_lookalike/00289.tif,train/masks/Lookalike/00289.tif,f70b921c289fcbd13d2b3208e79bcf6ad81da85b6068cbf58b8e03744177a6fe,f1aa0ad4cbbd93669d577a8d940448dcd5d4aacec3aa613c78b891af8752da34,2048,2048,2,float32+float32,HARD_LINK,NO,
train,Lookalike,00311.tif,Lookalike/00311.tif,train/images/Lookalike/00311.tif,00311.tif,Mask_lookalike/00311.tif,train/masks/Lookalike/00311.tif,02031e4d0f0ca8dc95ad67b8d718c8e99841df4623bda90e599fb8e6704a984a,f1aa0ad4cbbd93669d577a8d940448dcd5d4aacec3aa613c78b891af8752da34,2048,2048,2,float32+float32,HARD_LINK,NO,
train,Lookalike,00547.tif,Lookalike/00547.tif,train/images/Lookalike/00547.tif,00547.tif,Mask_lookalike/00547.tif,train/masks/Lookalike/00547.tif,d6f57638191598a0d37368e2ba70e5c27c06cf892ff39aebd0599f1c3310a138,f1aa0ad4cbbd93669d577a8d940448dcd5d4aacec3aa613c78b891af8752da34,2048,2048,2,float32+float32,HARD_LINK,NO,
train,Lookalike,00202.tif,Lookalike/00202.tif,train/images/Lookalike/00202.tif,00202.tif,Mask_lookalike/00202.tif,train/masks/Lookalike/00202.tif,0cda2843e4137821e5f298fb01d749780a06888116669b6c99d8f0e748c52a69,f1aa0ad4cbbd93669d577a8d940448dcd5d4aacec3aa613c78b891af8752da34,2048,2048,2,float32+float32,HARD_LINK,NO,
train,Lookalike,00437.tif,Lookalike/00437.tif,train/images/Lookalike/00437.tif,00437.tif,Mask_lookalike/00437.tif,train/masks/Lookalike/00437.tif,5bcde4b0fc48ee97a4f90b7d5bb07d1fcabab72fa92a0bd55cc0e958b8e4a5a4,f1aa0ad4cbbd93669d577a8d940448dcd5d4aacec3aa613c78b891af8752da34,2048,2048,2,float32+float32,HARD_LINK,NO,
train,Lookalike,00510.tif,Lookalike/00510.tif,train/images/Lookalike/00510.tif,00510.tif,Mask_lookalike/00510.tif,train/masks/Lookalike/00510.tif,a57357b69bcd8132b8382dc5dfd511f4f9af82144d8af339fde3aca9107a3d41,f1aa0ad4cbbd93669d577a8d940448dcd5d4aacec3aa613c78b891af8752da34,2048,2048,2,float32+float32,HARD_LINK,NO,
train,Lookalike,00549.tif,Lookalike/00549.tif,train/images/Lookalike/00549.tif,00549.tif,Mask_lookalike/00549.tif,train/masks/Lookalike/00549.tif,00e31b489816bacbdeee04b041568f828e023b2338c18ca854bada1614eb8aed,f1aa0ad4cbbd93669d577a8d940448dcd5d4aacec3aa613c78b891af8752da34,2048,2048,2,float32+float32,HARD_LINK,NO,
train,Lookalike,00122.tif,Lookalike/00122.tif,train/images/Lookalike/00122.tif,00122.tif,Mask_lookalike/00122.tif,train/masks/Lookalike/00122.tif,ec2ae813e95e38803e4d530682c3d4e8d76faa7e2d69b5eb057bc77128c0398b,f1aa0ad4cbbd93669d577a8d940448dcd5d4aacec3aa613c78b891af8752da34,2048,2048,2,float32+float32,HARD_LINK,NO,
train,Lookalike,00594.tif,Lookalike/00594.tif,train/images/Lookalike/00594.tif,00594.tif,Mask_lookalike/00594.tif,train/masks/Lookalike/00594.tif,b5a34880e4edd319898098f4b97abfe8c9fe630d6bddf72a581d0d7014b6f4ec,f1aa0ad4cbbd93669d577a8d940448dcd5d4aacec3aa613c78b891af8752da34,2048,2048,2,float32+float32,HARD_LINK,NO,
train,Lookalike,00550.tif,Lookalike/00550.tif,train/images/Lookalike/00550.tif,00550.tif,Mask_lookalike/00550.tif,train/masks/Lookalike/00550.tif,a67ae9b0e58ac7e1e078dc6b91ca1fb03b193beec964cbb1892fc45620077de8,f1aa0ad4cbbd93669d577a8d940448dcd5d4aacec3aa613c78b891af8752da34,2048,2048,2,float32+float32,HARD_LINK,NO,
train,Lookalike,00477.tif,Lookalike/00477.tif,train/images/Lookalike/00477.tif,00477.tif,Mask_lookalike/00477.tif,train/masks/Lookalike/00477.tif,9d52bf08556ceaa85e22b514dc0b06aa12789971cb71ecf9cf9c4cc341292e64,f1aa0ad4cbbd93669d577a8d940448dcd5d4aacec3aa613c78b891af8752da34,2048,2048,2,float32+float32,HARD_LINK,NO,
train,Lookalike,00545.tif,Lookalike/00545.tif,train/images/Lookalike/00545.tif,00545.tif,Mask_lookalike/00545.tif,train/masks/Lookalike/00545.tif,9df7892272c7bee0f0e28b3e4c19899cbcce1d196470b5fed8c5d457a04d60ec,f1aa0ad4cbbd93669d577a8d940448dcd5d4aacec3aa613c78b891af8752da34,2048,2048,2,float32+float32,HARD_LINK,NO,
train,Lookalike,00275.tif,Lookalike/00275.tif,train/images/Lookalike/00275.tif,00275.tif,Mask_lookalike/00275.tif,train/masks/Lookalike/00275.tif,6a9e8a6e5cdc75b6e289f8136a54961019d8721a4de55740dc832ad566034d8f,f1aa0ad4cbbd93669d577a8d940448dcd5d4aacec3aa613c78b891af8752da34,2048,2048,2,float32+float32,HARD_LINK,NO,
train,Lookalike,00394.tif,Lookalike/00394.tif,train/images/Lookalike/00394.tif,00394.tif,Mask_lookalike/00394.tif,train/masks/Lookalike/00394.tif,b2afeacabe37b509e90c7872afb230cde97551584e7df171b159621a9e479b9f,f1aa0ad4cbbd93669d577a8d940448dcd5d4aacec3aa613c78b891af8752da34,2048,2048,2,float32+float32,HARD_LINK,NO,
train,Lookalike,00198.tif,Lookalike/00198.tif,train/images/Lookalike/00198.tif,00198.tif,Mask_lookalike/00198.tif,train/masks/Lookalike/00198.tif,5c9301e04584c73f216601faf7e4b6665e0f3dd0f13374c886c1ee009b79d7a2,f1aa0ad4cbbd93669d577a8d940448dcd5d4aacec3aa613c78b891af8752da34,2048,2048,2,float32+float32,HARD_LINK,NO,
train,Lookalike,00200.tif,Lookalike/00200.tif,train/images/Lookalike/00200.tif,00200.tif,Mask_lookalike/00200.tif,train/masks/Lookalike/00200.tif,8f4096f5dc3287e804d0327d68296167e6b060a1db317a21dd926beb1e53b943,f1aa0ad4cbbd93669d577a8d940448dcd5d4aacec3aa613c78b891af8752da34,2048,2048,2,float32+float32,HARD_LINK,NO,
train,Lookalike,00530.tif,Lookalike/00530.tif,train/images/Lookalike/00530.tif,00530.tif,Mask_lookalike/00530.tif,train/masks/Lookalike/00530.tif,8ee00a9352dffa30b753e02e1d1534b033e40a3f596819eda6eb7e32e6ed8228,f1aa0ad4cbbd93669d577a8d940448dcd5d4aacec3aa613c78b891af8752da34,2048,2048,2,float32+float32,HARD_LINK,NO,
train,Lookalike,00067.tif,Lookalike/00067.tif,train/images/Lookalike/00067.tif,00067.tif,Mask_lookalike/00067.tif,train/masks/Lookalike/00067.tif,66de78508947c2a20c0c13949f09f5138d337812d52daf24d258f7f7f97e166f,f1aa0ad4cbbd93669d577a8d940448dcd5d4aacec3aa613c78b891af8752da34,2048,2048,2,float32+float32,HARD_LINK,NO,
train,Lookalike,00222.tif,Lookalike/00222.tif,train/images/Lookalike/00222.tif,00222.tif,Mask_lookalike/00222.tif,train/masks/Lookalike/00222.tif,fcd2d0c6e683f89c1a4e7ad563d90b7cb35d632b116cd8fe08c38b50c27ec244,f1aa0ad4cbbd93669d577a8d940448dcd5d4aacec3aa613c78b891af8752da34,2048,2048,2,float32+float32,HARD_LINK,NO,
train,Lookalike,00352.tif,Lookalike/00352.tif,train/images/Lookalike/00352.tif,00352.tif,Mask_lookalike/00352.tif,train/masks/Lookalike/00352.tif,ad4e609b3148461da17596b1412612b6bdb0eeb7e040acf48077bba820a55bc9,f1aa0ad4cbbd93669d577a8d940448dcd5d4aacec3aa613c78b891af8752da34,2048,2048,2,float32+float32,HARD_LINK,NO,
train,Lookalike,00006.tif,Lookalike/00006.tif,train/images/Lookalike/00006.tif,00006.tif,Mask_lookalike/00006.tif,train/masks/Lookalike/00006.tif,421801cfed038da2d8b71c0aaf9d92e8b1b95e06e598df6d5f6333ec1abeab3f,f1aa0ad4cbbd93669d577a8d940448dcd5d4aacec3aa613c78b891af8752da34,2048,2048,2,float32+float32,HARD_LINK,NO,
train,Lookalike,00161.tif,Lookalike/00161.tif,train/images/Lookalike/00161.tif,00161.tif,Mask_lookalike/00161.tif,train/masks/Lookalike/00161.tif,e660d2fb405bc3e262da18e130e4c00a1db1173d19e42c9879e1e518be11503b,f1aa0ad4cbbd93669d577a8d940448dcd5d4aacec3aa613c78b891af8752da34,2048,2048,2,float32+float32,HARD_LINK,NO,
train,Lookalike,00671.tif,Lookalike/00671.tif,train/images/Lookalike/00671.tif,00671.tif,Mask_lookalike/00671.tif,train/masks/Lookalike/00671.tif,0d49ebe8f36b4b8c2b19ee598381cda380ee049b0d88ddf8aa3792d4c311872e,f1aa0ad4cbbd93669d577a8d940448dcd5d4aacec3aa613c78b891af8752da34,2048,2048,2,float32+float32,HARD_LINK,NO,
train,Lookalike,00276.tif,Lookalike/00276.tif,train/images/Lookalike/00276.tif,00276.tif,Mask_lookalike/00276.tif,train/masks/Lookalike/00276.tif,a92dd5a5d57417dae3318f5b7d8e3b708d5e613225a2679f03d8e39f0828e9ba,f1aa0ad4cbbd93669d577a8d940448dcd5d4aacec3aa613c78b891af8752da34,2048,2048,2,float32+float32,HARD_LINK,NO,
train,Lookalike,00444.tif,Lookalike/00444.tif,train/images/Lookalike/00444.tif,00444.tif,Mask_lookalike/00444.tif,train/masks/Lookalike/00444.tif,91b0ac01c81e03efbb2db037f18bfe7fe72ea578d0d3b53a1deecc8d35d94687,f1aa0ad4cbbd93669d577a8d940448dcd5d4aacec3aa613c78b891af8752da34,2048,2048,2,float32+float32,HARD_LINK,NO,
train,Lookalike,00384.tif,Lookalike/00384.tif,train/images/Lookalike/00384.tif,00384.tif,Mask_lookalike/00384.tif,train/masks/Lookalike/00384.tif,4ad44b4b638ccfca355726d54ff3b5cecbf0f411e1ecd1cef3cb77b1152a21ab,f1aa0ad4cbbd93669d577a8d940448dcd5d4aacec3aa613c78b891af8752da34,2048,2048,2,float32+float32,HARD_LINK,NO,
train,Lookalike,00149.tif,Lookalike/00149.tif,train/images/Lookalike/00149.tif,00149.tif,Mask_lookalike/00149.tif,train/masks/Lookalike/00149.tif,5055624db165c689798b9721d0ffd9302f0af7ef43f95b43f2abd9acd73b70ec,f1aa0ad4cbbd93669d577a8d940448dcd5d4aacec3aa613c78b891af8752da34,2048,2048,2,float32+float32,HARD_LINK,NO,
train,Lookalike,00616.tif,Lookalike/00616.tif,train/images/Lookalike/00616.tif,00616.tif,Mask_lookalike/00616.tif,train/masks/Lookalike/00616.tif,4d54a9afe2792e0318dc14001df65042c4ab9bf032bb07ec6a3a26ca6b9db580,f1aa0ad4cbbd93669d577a8d940448dcd5d4aacec3aa613c78b891af8752da34,2048,2048,2,float32+float32,HARD_LINK,NO,
train,Lookalike,00488.tif,Lookalike/00488.tif,train/images/Lookalike/00488.tif,00488.tif,Mask_lookalike/00488.tif,train/masks/Lookalike/00488.tif,18dac0d17c2315a30ed6a57dfb35dd4c9af729484eb63d1daeaecb2e6fffae57,f1aa0ad4cbbd93669d577a8d940448dcd5d4aacec3aa613c78b891af8752da34,2048,2048,2,float32+float32,HARD_LINK,NO,
train,Lookalike,00378.tif,Lookalike/00378.tif,train/images/Lookalike/00378.tif,00378.tif,Mask_lookalike/00378.tif,train/masks/Lookalike/00378.tif,0fc14f39f6ac636fee1cefe78384c12fa3afa6c6855c99c74eecc7faa3f201e6,f1aa0ad4cbbd93669d577a8d940448dcd5d4aacec3aa613c78b891af8752da34,2048,2048,2,float32+float32,HARD_LINK,NO,
train,Lookalike,00578.tif,Lookalike/00578.tif,train/images/Lookalike/00578.tif,00578.tif,Mask_lookalike/00578.tif,train/masks/Lookalike/00578.tif,23c4cdfdbb810c87a6bf9d1b90005ee6dc24af58e12df4ac6103ddfb03d2fe5f,f1aa0ad4cbbd93669d577a8d940448dcd5d4aacec3aa613c78b891af8752da34,2048,2048,2,float32+float32,HARD_LINK,NO,
train,Lookalike,00094.tif,Lookalike/00094.tif,train/images/Lookalike/00094.tif,00094.tif,Mask_lookalike/00094.tif,train/masks/Lookalike/00094.tif,044f473f3078bbd404b4a3508838fd942aaa5744b745b64de5b761d7ae86c3ad,f1aa0ad4cbbd93669d577a8d940448dcd5d4aacec3aa613c78b891af8752da34,2048,2048,2,float32+float32,HARD_LINK,NO,
train,Lookalike,00377.tif,Lookalike/00377.tif,train/images/Lookalike/00377.tif,00377.tif,Mask_lookalike/00377.tif,train/masks/Lookalike/00377.tif,8eff98662f91bb26f11f7dfec58b0920e78a0cb0750ba3430801f0eeb23c81c8,f1aa0ad4cbbd93669d577a8d940448dcd5d4aacec3aa613c78b891af8752da34,2048,2048,2,float32+float32,HARD_LINK,NO,
train,Lookalike,00208.tif,Lookalike/00208.tif,train/images/Lookalike/00208.tif,00208.tif,Mask_lookalike/00208.tif,train/masks/Lookalike/00208.tif,d6fa173e06d65839bf1e5bbece24eeadc9a2c2f47c91f6342de6a106d5422e2b,f1aa0ad4cbbd93669d577a8d940448dcd5d4aacec3aa613c78b891af8752da34,2048,2048,2,float32+float32,HARD_LINK,NO,
train,Lookalike,00250.tif,Lookalike/00250.tif,train/images/Lookalike/00250.tif,00250.tif,Mask_lookalike/00250.tif,train/masks/Lookalike/00250.tif,78dce90817f4fc6ebd1b9f7f820907cb2c70ae86ccc6f735a3f28eaa5f6685eb,f1aa0ad4cbbd93669d577a8d940448dcd5d4aacec3aa613c78b891af8752da34,2048,2048,2,float32+float32,HARD_LINK,NO,
train,Lookalike,00233.tif,Lookalike/00233.tif,train/images/Lookalike/00233.tif,00233.tif,Mask_lookalike/00233.tif,train/masks/Lookalike/00233.tif,b9bfa8ac5d557353c230dd1e2152b9989f3e3afccd24af51d499b0a8c97dce72,f1aa0ad4cbbd93669d577a8d940448dcd5d4aacec3aa613c78b891af8752da34,2048,2048,2,float32+float32,HARD_LINK,NO,
train,Lookalike,00524.tif,Lookalike/00524.tif,train/images/Lookalike/00524.tif,00524.tif,Mask_lookalike/00524.tif,train/masks/Lookalike/00524.tif,b7d26380d7d8127afcc92086c1983de71ae408f8751a92253a31ad9d928477ae,f1aa0ad4cbbd93669d577a8d940448dcd5d4aacec3aa613c78b891af8752da34,2048,2048,2,float32+float32,HARD_LINK,NO,
train,Lookalike,00181.tif,Lookalike/00181.tif,train/images/Lookalike/00181.tif,00181.tif,Mask_lookalike/00181.tif,train/masks/Lookalike/00181.tif,50c5bcb943ca0297fd27b3d8e02eece6fba915c52ab79b61b6bce320300327ea,f1aa0ad4cbbd93669d577a8d940448dcd5d4aacec3aa613c78b891af8752da34,2048,2048,2,float32+float32,HARD_LINK,NO,
train,Lookalike,00502.tif,Lookalike/00502.tif,train/images/Lookalike/00502.tif,00502.tif,Mask_lookalike/00502.tif,train/masks/Lookalike/00502.tif,0ffba3f7fcdf3d816280de8358d956bb31ff04044ac92cb6a4fa57a066c0191b,f1aa0ad4cbbd93669d577a8d940448dcd5d4aacec3aa613c78b891af8752da34,2048,2048,2,float32+float32,HARD_LINK,NO,
train,Lookalike,00470.tif,Lookalike/00470.tif,train/images/Lookalike/00470.tif,00470.tif,Mask_lookalike/00470.tif,train/masks/Lookalike/00470.tif,44472d7779cc350530ab9ec8d06cdcc714cd4ff1683dc31453de23fda340360e,f1aa0ad4cbbd93669d577a8d940448dcd5d4aacec3aa613c78b891af8752da34,2048,2048,2,float32+float32,HARD_LINK,NO,
train,Lookalike,00130.tif,Lookalike/00130.tif,train/images/Lookalike/00130.tif,00130.tif,Mask_lookalike/00130.tif,train/masks/Lookalike/00130.tif,c35b20a6f442366d17536b6326a38e7ea0c19d780ef6029912ec2c888bd28c4c,f1aa0ad4cbbd93669d577a8d940448dcd5d4aacec3aa613c78b891af8752da34,2048,2048,2,float32+float32,HARD_LINK,NO,
train,Lookalike,00609.tif,Lookalike/00609.tif,train/images/Lookalike/00609.tif,00609.tif,Mask_lookalike/00609.tif,train/masks/Lookalike/00609.tif,e1fdd21013201c78dc92cf57eb7e23a1df7c418a84dd54d789714ff7857b4771,f1aa0ad4cbbd93669d577a8d940448dcd5d4aacec3aa613c78b891af8752da34,2048,2048,2,float32+float32,HARD_LINK,NO,
train,Lookalike,00535.tif,Lookalike/00535.tif,train/images/Lookalike/00535.tif,00535.tif,Mask_lookalike/00535.tif,train/masks/Lookalike/00535.tif,500dea234336d7cb2e198aaafb8a5b58d99401baedc2f6e0b5defd7fd1cf3ff1,f1aa0ad4cbbd93669d577a8d940448dcd5d4aacec3aa613c78b891af8752da34,2048,2048,2,float32+float32,HARD_LINK,NO,
train,Lookalike,00387.tif,Lookalike/00387.tif,train/images/Lookalike/00387.tif,00387.tif,Mask_lookalike/00387.tif,train/masks/Lookalike/00387.tif,355a43be26c24c743503ae29fc8ce6490fd2d587b23ac22e4b10cbc537efbc02,f1aa0ad4cbbd93669d577a8d940448dcd5d4aacec3aa613c78b891af8752da34,2048,2048,2,float32+float32,HARD_LINK,NO,
train,Lookalike,00151.tif,Lookalike/00151.tif,train/images/Lookalike/00151.tif,00151.tif,Mask_lookalike/00151.tif,train/masks/Lookalike/00151.tif,26b0d2214de049a1981a4c7d9b530b8ac5ec08d07ac2dd9553457e695b42d19d,f1aa0ad4cbbd93669d577a8d940448dcd5d4aacec3aa613c78b891af8752da34,2048,2048,2,float32+float32,HARD_LINK,NO,
train,Lookalike,00544.tif,Lookalike/00544.tif,train/images/Lookalike/00544.tif,00544.tif,Mask_lookalike/00544.tif,train/masks/Lookalike/00544.tif,78e4aecf48ff1933b5e53e8f5a9cd56b1717b6547ad60091dc8b85974e9921bd,f1aa0ad4cbbd93669d577a8d940448dcd5d4aacec3aa613c78b891af8752da34,2048,2048,2,float32+float32,HARD_LINK,NO,
train,Lookalike,00215.tif,Lookalike/00215.tif,train/images/Lookalike/00215.tif,00215.tif,Mask_lookalike/00215.tif,train/masks/Lookalike/00215.tif,ba64f3e9f4f7f64eed6ab3fd301a51104792a9d8e5f5b730045501502ff3238c,f1aa0ad4cbbd93669d577a8d940448dcd5d4aacec3aa613c78b891af8752da34,2048,2048,2,float32+float32,HARD_LINK,NO,
train,Lookalike,00334.tif,Lookalike/00334.tif,train/images/Lookalike/00334.tif,00334.tif,Mask_lookalike/00334.tif,train/masks/Lookalike/00334.tif,bd78c5d25e815aeac2526bfddea88954e3bc0547d019de46c22a36d740cc012b,f1aa0ad4cbbd93669d577a8d940448dcd5d4aacec3aa613c78b891af8752da34,2048,2048,2,float32+float32,HARD_LINK,NO,
train,Lookalike,00305.tif,Lookalike/00305.tif,train/images/Lookalike/00305.tif,00305.tif,Mask_lookalike/00305.tif,train/masks/Lookalike/00305.tif,8269120e7608371a8854769f8450b980b6582e9d748b4d626a57bcf9fe960944,f1aa0ad4cbbd93669d577a8d940448dcd5d4aacec3aa613c78b891af8752da34,2048,2048,2,float32+float32,HARD_LINK,NO,
train,Lookalike,00423.tif,Lookalike/00423.tif,train/images/Lookalike/00423.tif,00423.tif,Mask_lookalike/00423.tif,train/masks/Lookalike/00423.tif,d177b7f77ec9bc175f3cf9057d99eb16303bc8e9aa90ab605ac9a81cb497886f,f1aa0ad4cbbd93669d577a8d940448dcd5d4aacec3aa613c78b891af8752da34,2048,2048,2,float32+float32,HARD_LINK,NO,
train,Lookalike,00374.tif,Lookalike/00374.tif,train/images/Lookalike/00374.tif,00374.tif,Mask_lookalike/00374.tif,train/masks/Lookalike/00374.tif,14854408653707e4944fa37489eb9089de1ed8067d0ab66d974ca1b96b052638,f1aa0ad4cbbd93669d577a8d940448dcd5d4aacec3aa613c78b891af8752da34,2048,2048,2,float32+float32,HARD_LINK,NO,
train,Lookalike,00590.tif,Lookalike/00590.tif,train/images/Lookalike/00590.tif,00590.tif,Mask_lookalike/00590.tif,train/masks/Lookalike/00590.tif,e1f7c88c00dd62831b08c393ad63ecc43b88fde8af83a47a14195b6894e505d4,f1aa0ad4cbbd93669d577a8d940448dcd5d4aacec3aa613c78b891af8752da34,2048,2048,2,float32+float32,HARD_LINK,NO,
train,Lookalike,00156.tif,Lookalike/00156.tif,train/images/Lookalike/00156.tif,00156.tif,Mask_lookalike/00156.tif,train/masks/Lookalike/00156.tif,bffdd78d18ef3f7d200f409dbf41e1fc690750e7fba880684bf59e406a6d1989,f1aa0ad4cbbd93669d577a8d940448dcd5d4aacec3aa613c78b891af8752da34,2048,2048,2,float32+float32,HARD_LINK,NO,
train,Lookalike,00471.tif,Lookalike/00471.tif,train/images/Lookalike/00471.tif,00471.tif,Mask_lookalike/00471.tif,train/masks/Lookalike/00471.tif,7cae1fec8efdbb20a3d358142d910d601c8782f9318eeb5ed422306038c8acb4,f1aa0ad4cbbd93669d577a8d940448dcd5d4aacec3aa613c78b891af8752da34,2048,2048,2,float32+float32,HARD_LINK,NO,
train,Lookalike,00083.tif,Lookalike/00083.tif,train/images/Lookalike/00083.tif,00083.tif,Mask_lookalike/00083.tif,train/masks/Lookalike/00083.tif,380f368648a4ec5666dce3a90fab030adc6cd36479512cbcf06537cb4f05c3ee,f1aa0ad4cbbd93669d577a8d940448dcd5d4aacec3aa613c78b891af8752da34,2048,2048,2,float32+float32,HARD_LINK,NO,
train,Lookalike,00304.tif,Lookalike/00304.tif,train/images/Lookalike/00304.tif,00304.tif,Mask_lookalike/00304.tif,train/masks/Lookalike/00304.tif,ad3c93d554cd7436f6029081c4c21d339a1d3127d3acd7b98da94993c15983aa,f1aa0ad4cbbd93669d577a8d940448dcd5d4aacec3aa613c78b891af8752da34,2048,2048,2,float32+float32,HARD_LINK,NO,
train,Lookalike,00131.tif,Lookalike/00131.tif,train/images/Lookalike/00131.tif,00131.tif,Mask_lookalike/00131.tif,train/masks/Lookalike/00131.tif,cb924c46aed734ce5f11fa04e37f44648a7cd0eaae000afec8e6e17f38861d4e,f1aa0ad4cbbd93669d577a8d940448dcd5d4aacec3aa613c78b891af8752da34,2048,2048,2,float32+float32,HARD_LINK,NO,
train,Lookalike,00506.tif,Lookalike/00506.tif,train/images/Lookalike/00506.tif,00506.tif,Mask_lookalike/00506.tif,train/masks/Lookalike/00506.tif,01b050fee5c85d75a5834295febfc5689fae16d562ec958ff347122a518a1710,f1aa0ad4cbbd93669d577a8d940448dcd5d4aacec3aa613c78b891af8752da34,2048,2048,2,float32+float32,HARD_LINK,NO,
train,Lookalike,00418.tif,Lookalike/00418.tif,train/images/Lookalike/00418.tif,00418.tif,Mask_lookalike/00418.tif,train/masks/Lookalike/00418.tif,2101ed76c256322d6f85c822808c6efa285774e86905e160de3879d89130ec0e,f1aa0ad4cbbd93669d577a8d940448dcd5d4aacec3aa613c78b891af8752da34,2048,2048,2,float32+float32,HARD_LINK,NO,
train,Lookalike,00038.tif,Lookalike/00038.tif,train/images/Lookalike/00038.tif,00038.tif,Mask_lookalike/00038.tif,train/masks/Lookalike/00038.tif,615ca94d5380e01df186714c8c6a1a144d118db1ee17d29592b7a810920ab68e,f1aa0ad4cbbd93669d577a8d940448dcd5d4aacec3aa613c78b891af8752da34,2048,2048,2,float32+float32,HARD_LINK,NO,
train,Lookalike,00516.tif,Lookalike/00516.tif,train/images/Lookalike/00516.tif,00516.tif,Mask_lookalike/00516.tif,train/masks/Lookalike/00516.tif,a3b37ffce5b541ba501f6921535953de133e7e1ed76086cc1f3722e6c4195ab5,f1aa0ad4cbbd93669d577a8d940448dcd5d4aacec3aa613c78b891af8752da34,2048,2048,2,float32+float32,HARD_LINK,NO,
train,Lookalike,00132.tif,Lookalike/00132.tif,train/images/Lookalike/00132.tif,00132.tif,Mask_lookalike/00132.tif,train/masks/Lookalike/00132.tif,acb5db6e5e595b81f174286710b35c4d82517a689db7a364e646a4b89b28a0c5,f1aa0ad4cbbd93669d577a8d940448dcd5d4aacec3aa613c78b891af8752da34,2048,2048,2,float32+float32,HARD_LINK,NO,
train,Lookalike,00492.tif,Lookalike/00492.tif,train/images/Lookalike/00492.tif,00492.tif,Mask_lookalike/00492.tif,train/masks/Lookalike/00492.tif,bf62612d22bfc83e0d9b24fe605e718f0866dac44203c879c5441b3b6c1e0034,f1aa0ad4cbbd93669d577a8d940448dcd5d4aacec3aa613c78b891af8752da34,2048,2048,2,float32+float32,HARD_LINK,NO,
train,Lookalike,00589.tif,Lookalike/00589.tif,train/images/Lookalike/00589.tif,00589.tif,Mask_lookalike/00589.tif,train/masks/Lookalike/00589.tif,f855589b955e1ee7b7c2afc25f2a8195c62d1c86afd784ecaa6d514b5a97f77e,f1aa0ad4cbbd93669d577a8d940448dcd5d4aacec3aa613c78b891af8752da34,2048,2048,2,float32+float32,HARD_LINK,NO,
train,Lookalike,00085.tif,Lookalike/00085.tif,train/images/Lookalike/00085.tif,00085.tif,Mask_lookalike/00085.tif,train/masks/Lookalike/00085.tif,5e68534ca5d81ebf75ed61fc77838c8a1d02996a0dd3fd2cdece49497fc35ab5,f1aa0ad4cbbd93669d577a8d940448dcd5d4aacec3aa613c78b891af8752da34,2048,2048,2,float32+float32,HARD_LINK,NO,
train,Lookalike,00182.tif,Lookalike/00182.tif,train/images/Lookalike/00182.tif,00182.tif,Mask_lookalike/00182.tif,train/masks/Lookalike/00182.tif,55a6b93b69bdf98978d373dfa8e71dfa2c4ae1c379d9f69a4b3230001431d77f,f1aa0ad4cbbd93669d577a8d940448dcd5d4aacec3aa613c78b891af8752da34,2048,2048,2,float32+float32,HARD_LINK,NO,
train,Lookalike,00636.tif,Lookalike/00636.tif,train/images/Lookalike/00636.tif,00636.tif,Mask_lookalike/00636.tif,train/masks/Lookalike/00636.tif,b8a5a0a0acda02aafb74312de26c838070215a09e5c16ebcbbc6103513cf1153,f1aa0ad4cbbd93669d577a8d940448dcd5d4aacec3aa613c78b891af8752da34,2048,2048,2,float32+float32,HARD_LINK,NO,
train,Lookalike,00676.tif,Lookalike/00676.tif,train/images/Lookalike/00676.tif,00676.tif,Mask_lookalike/00676.tif,train/masks/Lookalike/00676.tif,568c3ba364d58d3844885ef48b180280b9a411aa97f0154030cf0f0fcb0e5e51,f1aa0ad4cbbd93669d577a8d940448dcd5d4aacec3aa613c78b891af8752da34,2048,2048,2,float32+float32,HARD_LINK,NO,
train,Lookalike,00280.tif,Lookalike/00280.tif,train/images/Lookalike/00280.tif,00280.tif,Mask_lookalike/00280.tif,train/masks/Lookalike/00280.tif,5fd788ee98e7f3b7dd3804aaca434d624da097ada7085e7e619a02fed916465f,f1aa0ad4cbbd93669d577a8d940448dcd5d4aacec3aa613c78b891af8752da34,2048,2048,2,float32+float32,HARD_LINK,NO,
train,Lookalike,00628.tif,Lookalike/00628.tif,train/images/Lookalike/00628.tif,00628.tif,Mask_lookalike/00628.tif,train/masks/Lookalike/00628.tif,7997be05cb1f45f5be54d6064dd19a06acaed00ea4be98849178002b503dab6e,f1aa0ad4cbbd93669d577a8d940448dcd5d4aacec3aa613c78b891af8752da34,2048,2048,2,float32+float32,HARD_LINK,NO,
train,Lookalike,00256.tif,Lookalike/00256.tif,train/images/Lookalike/00256.tif,00256.tif,Mask_lookalike/00256.tif,train/masks/Lookalike/00256.tif,9892f3afa4035683c5c2858aa6d667e8699d730d8619e0d2e0cbd6737153cbfe,f1aa0ad4cbbd93669d577a8d940448dcd5d4aacec3aa613c78b891af8752da34,2048,2048,2,float32+float32,HARD_LINK,NO,
train,Lookalike,00507.tif,Lookalike/00507.tif,train/images/Lookalike/00507.tif,00507.tif,Mask_lookalike/00507.tif,train/masks/Lookalike/00507.tif,a193c8cad6f614aa8f0dd0a14fa18df71c6b42cc7bd9d1101241fdade9b78d01,f1aa0ad4cbbd93669d577a8d940448dcd5d4aacec3aa613c78b891af8752da34,2048,2048,2,float32+float32,HARD_LINK,NO,
train,Lookalike,00466.tif,Lookalike/00466.tif,train/images/Lookalike/00466.tif,00466.tif,Mask_lookalike/00466.tif,train/masks/Lookalike/00466.tif,78f2cc0289e43769210b151f8ca01c41ff7ab5896b1ef5fc3bf86cfd835d14ea,f1aa0ad4cbbd93669d577a8d940448dcd5d4aacec3aa613c78b891af8752da34,2048,2048,2,float32+float32,HARD_LINK,NO,
train,Lookalike,00101.tif,Lookalike/00101.tif,train/images/Lookalike/00101.tif,00101.tif,Mask_lookalike/00101.tif,train/masks/Lookalike/00101.tif,48127d2b4ab93fe5ebca0e06f5ebf356c784337c04967557d464d7651386d0ee,f1aa0ad4cbbd93669d577a8d940448dcd5d4aacec3aa613c78b891af8752da34,2048,2048,2,float32+float32,HARD_LINK,NO,
train,Lookalike,00614.tif,Lookalike/00614.tif,train/images/Lookalike/00614.tif,00614.tif,Mask_lookalike/00614.tif,train/masks/Lookalike/00614.tif,1e989ad4f259581aafc4da27159bc730ac45ec6051f21cc7bb4a8a4095c93892,f1aa0ad4cbbd93669d577a8d940448dcd5d4aacec3aa613c78b891af8752da34,2048,2048,2,float32+float32,HARD_LINK,NO,
train,Lookalike,00681.tif,Lookalike/00681.tif,train/images/Lookalike/00681.tif,00681.tif,Mask_lookalike/00681.tif,train/masks/Lookalike/00681.tif,6b284cab0d8da7ce296f9d9d2949719cdbc7db79ff479ed1c35840a5216945ef,f1aa0ad4cbbd93669d577a8d940448dcd5d4aacec3aa613c78b891af8752da34,2048,2048,2,float32+float32,HARD_LINK,NO,
train,Lookalike,00173.tif,Lookalike/00173.tif,train/images/Lookalike/00173.tif,00173.tif,Mask_lookalike/00173.tif,train/masks/Lookalike/00173.tif,19c50ac08641f56f1975140df402ffcd4988f42b24d483bf94a6db4cabc68a96,f1aa0ad4cbbd93669d577a8d940448dcd5d4aacec3aa613c78b891af8752da34,2048,2048,2,float32+float32,HARD_LINK,NO,
train,Lookalike,00574.tif,Lookalike/00574.tif,train/images/Lookalike/00574.tif,00574.tif,Mask_lookalike/00574.tif,train/masks/Lookalike/00574.tif,dc537ecd826ca5fc8a8019d0ca7eb14865f2190d319c818d4d83abb4f527faf7,f1aa0ad4cbbd93669d577a8d940448dcd5d4aacec3aa613c78b891af8752da34,2048,2048,2,float32+float32,HARD_LINK,NO,
train,Lookalike,00301.tif,Lookalike/00301.tif,train/images/Lookalike/00301.tif,00301.tif,Mask_lookalike/00301.tif,train/masks/Lookalike/00301.tif,035d45dd8db019c4c82e78c8426ff3231717f73c3f768ef96f9ee7817296f676,f1aa0ad4cbbd93669d577a8d940448dcd5d4aacec3aa613c78b891af8752da34,2048,2048,2,float32+float32,HARD_LINK,NO,
train,Lookalike,00322.tif,Lookalike/00322.tif,train/images/Lookalike/00322.tif,00322.tif,Mask_lookalike/00322.tif,train/masks/Lookalike/00322.tif,9687dfb05496ad584687a4467b0856e27733779df0b82bc31af539daf714e67e,f1aa0ad4cbbd93669d577a8d940448dcd5d4aacec3aa613c78b891af8752da34,2048,2048,2,float32+float32,HARD_LINK,NO,
train,Lookalike,00424.tif,Lookalike/00424.tif,train/images/Lookalike/00424.tif,00424.tif,Mask_lookalike/00424.tif,train/masks/Lookalike/00424.tif,9cef5098624223c157dc60414d36eaa79b4942a9617e4f45cbfe578e4a48f03a,f1aa0ad4cbbd93669d577a8d940448dcd5d4aacec3aa613c78b891af8752da34,2048,2048,2,float32+float32,HARD_LINK,NO,
train,Lookalike,00060.tif,Lookalike/00060.tif,train/images/Lookalike/00060.tif,00060.tif,Mask_lookalike/00060.tif,train/masks/Lookalike/00060.tif,487d28e7ea153b53a45453400b4eec31130413f7add612e3b28fde47885a4628,f1aa0ad4cbbd93669d577a8d940448dcd5d4aacec3aa613c78b891af8752da34,2048,2048,2,float32+float32,HARD_LINK,NO,
train,Lookalike,00143.tif,Lookalike/00143.tif,train/images/Lookalike/00143.tif,00143.tif,Mask_lookalike/00143.tif,train/masks/Lookalike/00143.tif,c77e1c7576a244d95ac88c459f97c5b2a061f997b9335c2972b051d4260fbffa,f1aa0ad4cbbd93669d577a8d940448dcd5d4aacec3aa613c78b891af8752da34,2048,2048,2,float32+float32,HARD_LINK,NO,
train,Lookalike,00398.tif,Lookalike/00398.tif,train/images/Lookalike/00398.tif,00398.tif,Mask_lookalike/00398.tif,train/masks/Lookalike/00398.tif,237b3254ce09584120766f75a6d4445ed87481d67bf05ed2f13806ad10ecb684,f1aa0ad4cbbd93669d577a8d940448dcd5d4aacec3aa613c78b891af8752da34,2048,2048,2,float32+float32,HARD_LINK,NO,
train,Lookalike,00420.tif,Lookalike/00420.tif,train/images/Lookalike/00420.tif,00420.tif,Mask_lookalike/00420.tif,train/masks/Lookalike/00420.tif,91f53be8e5bea30080ad6b85a0c7b84972ed8c678702b4c0de864d085ec5e56b,f1aa0ad4cbbd93669d577a8d940448dcd5d4aacec3aa613c78b891af8752da34,2048,2048,2,float32+float32,HARD_LINK,NO,
train,Lookalike,00197.tif,Lookalike/00197.tif,train/images/Lookalike/00197.tif,00197.tif,Mask_lookalike/00197.tif,train/masks/Lookalike/00197.tif,499e2ce005c085f9f338fcd777ea323142fa140e94af0fea0c17cb0a34fc2a80,f1aa0ad4cbbd93669d577a8d940448dcd5d4aacec3aa613c78b891af8752da34,2048,2048,2,float32+float32,HARD_LINK,NO,
train,Lookalike,00354.tif,Lookalike/00354.tif,train/images/Lookalike/00354.tif,00354.tif,Mask_lookalike/00354.tif,train/masks/Lookalike/00354.tif,f3cc69c55a1b8c7bd192ef7c0ffbb6a3ccb44efca08499a6e2e486488abc7c4b,f1aa0ad4cbbd93669d577a8d940448dcd5d4aacec3aa613c78b891af8752da34,2048,2048,2,float32+float32,HARD_LINK,NO,
train,Lookalike,00651.tif,Lookalike/00651.tif,train/images/Lookalike/00651.tif,00651.tif,Mask_lookalike/00651.tif,train/masks/Lookalike/00651.tif,e8317127cf5932b425fa3005b721f3d6bc27170117cd9cc2b7a60844a43c686d,f1aa0ad4cbbd93669d577a8d940448dcd5d4aacec3aa613c78b891af8752da34,2048,2048,2,float32+float32,HARD_LINK,NO,
train,Lookalike,00467.tif,Lookalike/00467.tif,train/images/Lookalike/00467.tif,00467.tif,Mask_lookalike/00467.tif,train/masks/Lookalike/00467.tif,481186ab1d92e0ac77c0d0c1776fbf1a247cca0cff53e70aea8ee94b4fbe4457,f1aa0ad4cbbd93669d577a8d940448dcd5d4aacec3aa613c78b891af8752da34,2048,2048,2,float32+float32,HARD_LINK,NO,
train,Lookalike,00099.tif,Lookalike/00099.tif,train/images/Lookalike/00099.tif,00099.tif,Mask_lookalike/00099.tif,train/masks/Lookalike/00099.tif,935ec29c2380bf7ab9d3319c8b903dff84915c7c8c426d9a0c910b8f009466ee,f1aa0ad4cbbd93669d577a8d940448dcd5d4aacec3aa613c78b891af8752da34,2048,2048,2,float32+float32,HARD_LINK,NO,
train,Lookalike,00515.tif,Lookalike/00515.tif,train/images/Lookalike/00515.tif,00515.tif,Mask_lookalike/00515.tif,train/masks/Lookalike/00515.tif,a5cd286a278855762488ddcfc340cd5f96a13a69fb894f4238da557cc104e87f,f1aa0ad4cbbd93669d577a8d940448dcd5d4aacec3aa613c78b891af8752da34,2048,2048,2,float32+float32,HARD_LINK,NO,
train,Lookalike,00205.tif,Lookalike/00205.tif,train/images/Lookalike/00205.tif,00205.tif,Mask_lookalike/00205.tif,train/masks/Lookalike/00205.tif,13dd3e844ff9cf12185d71b1bd8ec53eed5ba292c83236b928027b3255445350,f1aa0ad4cbbd93669d577a8d940448dcd5d4aacec3aa613c78b891af8752da34,2048,2048,2,float32+float32,HARD_LINK,NO,
train,Lookalike,00373.tif,Lookalike/00373.tif,train/images/Lookalike/00373.tif,00373.tif,Mask_lookalike/00373.tif,train/masks/Lookalike/00373.tif,090a294f1b5b020a88da8ba1a74457caffb9855dc81908b73b74fd9b28eae97f,f1aa0ad4cbbd93669d577a8d940448dcd5d4aacec3aa613c78b891af8752da34,2048,2048,2,float32+float32,HARD_LINK,NO,
train,Lookalike,00455.tif,Lookalike/00455.tif,train/images/Lookalike/00455.tif,00455.tif,Mask_lookalike/00455.tif,train/masks/Lookalike/00455.tif,9fc609bbff2a7f02c061e84bec6e0320fd9b8286e3f192a0db617ec5117716f6,f1aa0ad4cbbd93669d577a8d940448dcd5d4aacec3aa613c78b891af8752da34,2048,2048,2,float32+float32,HARD_LINK,NO,
train,Lookalike,00599.tif,Lookalike/00599.tif,train/images/Lookalike/00599.tif,00599.tif,Mask_lookalike/00599.tif,train/masks/Lookalike/00599.tif,07eed3d87c132dbd30f32c7b1e2f25334f3c192ab453ebd00be4e3722e2ee4f5,f1aa0ad4cbbd93669d577a8d940448dcd5d4aacec3aa613c78b891af8752da34,2048,2048,2,float32+float32,HARD_LINK,NO,
train,Lookalike,00187.tif,Lookalike/00187.tif,train/images/Lookalike/00187.tif,00187.tif,Mask_lookalike/00187.tif,train/masks/Lookalike/00187.tif,ce8691fd37bcbd63c8fdd9826f944349f689b1782221e849cebb486909c4d596,f1aa0ad4cbbd93669d577a8d940448dcd5d4aacec3aa613c78b891af8752da34,2048,2048,2,float32+float32,HARD_LINK,NO,
train,Lookalike,00570.tif,Lookalike/00570.tif,train/images/Lookalike/00570.tif,00570.tif,Mask_lookalike/00570.tif,train/masks/Lookalike/00570.tif,e2d7784b5730bcc1e85fee1cfcd0f5586b2daf5e89181e9fde4171ca19f6ab64,f1aa0ad4cbbd93669d577a8d940448dcd5d4aacec3aa613c78b891af8752da34,2048,2048,2,float32+float32,HARD_LINK,NO,
train,Lookalike,00534.tif,Lookalike/00534.tif,train/images/Lookalike/00534.tif,00534.tif,Mask_lookalike/00534.tif,train/masks/Lookalike/00534.tif,2ffd58d98890188c7e265df5882ff4123e8901a2ecf6979dc49f6c8ea1ea53f6,f1aa0ad4cbbd93669d577a8d940448dcd5d4aacec3aa613c78b891af8752da34,2048,2048,2,float32+float32,HARD_LINK,NO,
train,Lookalike,00674.tif,Lookalike/00674.tif,train/images/Lookalike/00674.tif,00674.tif,Mask_lookalike/00674.tif,train/masks/Lookalike/00674.tif,1ecdaafad78183935d569dc8b932b6414a5a9acc0e5a806ba90996c89ebb2f17,f1aa0ad4cbbd93669d577a8d940448dcd5d4aacec3aa613c78b891af8752da34,2048,2048,2,float32+float32,HARD_LINK,NO,
train,Lookalike,00055.tif,Lookalike/00055.tif,train/images/Lookalike/00055.tif,00055.tif,Mask_lookalike/00055.tif,train/masks/Lookalike/00055.tif,959d3c80094ca8df8fa9ab36abae782a19e00dbe0a638388504f1a8604a80a19,f1aa0ad4cbbd93669d577a8d940448dcd5d4aacec3aa613c78b891af8752da34,2048,2048,2,float32+float32,HARD_LINK,NO,
train,Lookalike,00004.tif,Lookalike/00004.tif,train/images/Lookalike/00004.tif,00004.tif,Mask_lookalike/00004.tif,train/masks/Lookalike/00004.tif,2d5e27ed3d9a55d32f87bdbb45d478922e5d8cea45e7f2261a62c5b90adcb0b0,f1aa0ad4cbbd93669d577a8d940448dcd5d4aacec3aa613c78b891af8752da34,2048,2048,2,float32+float32,HARD_LINK,NO,
train,Lookalike,00274.tif,Lookalike/00274.tif,train/images/Lookalike/00274.tif,00274.tif,Mask_lookalike/00274.tif,train/masks/Lookalike/00274.tif,820b5c8b71649afab794d8fc2064ebddc08787f46c8ef55f9e87d3fcbbe68576,f1aa0ad4cbbd93669d577a8d940448dcd5d4aacec3aa613c78b891af8752da34,2048,2048,2,float32+float32,HARD_LINK,NO,
train,Lookalike,00503.tif,Lookalike/00503.tif,train/images/Lookalike/00503.tif,00503.tif,Mask_lookalike/00503.tif,train/masks/Lookalike/00503.tif,d6a900f4b94246fdd8a01c32b83e244c9d2b7172222d57227d16e5b951644219,f1aa0ad4cbbd93669d577a8d940448dcd5d4aacec3aa613c78b891af8752da34,2048,2048,2,float32+float32,HARD_LINK,NO,
train,Lookalike,00240.tif,Lookalike/00240.tif,train/images/Lookalike/00240.tif,00240.tif,Mask_lookalike/00240.tif,train/masks/Lookalike/00240.tif,61d7c7d9e06493008004f49cc264821dda2433e30100639cad31dd33d08051d7,f1aa0ad4cbbd93669d577a8d940448dcd5d4aacec3aa613c78b891af8752da34,2048,2048,2,float32+float32,HARD_LINK,NO,
train,Lookalike,00253.tif,Lookalike/00253.tif,train/images/Lookalike/00253.tif,00253.tif,Mask_lookalike/00253.tif,train/masks/Lookalike/00253.tif,6c8e67100d524c6966f5bf8dea5d26cf38e820cc080393d6a7e0e2d107f9ff34,f1aa0ad4cbbd93669d577a8d940448dcd5d4aacec3aa613c78b891af8752da34,2048,2048,2,float32+float32,HARD_LINK,NO,
train,Lookalike,00144.tif,Lookalike/00144.tif,train/images/Lookalike/00144.tif,00144.tif,Mask_lookalike/00144.tif,train/masks/Lookalike/00144.tif,3cf7dd053110b577cf1f901e128d4a3413dbf85fb79c38a271988f47b476b4ce,f1aa0ad4cbbd93669d577a8d940448dcd5d4aacec3aa613c78b891af8752da34,2048,2048,2,float32+float32,HARD_LINK,NO,
train,Lookalike,00653.tif,Lookalike/00653.tif,train/images/Lookalike/00653.tif,00653.tif,Mask_lookalike/00653.tif,train/masks/Lookalike/00653.tif,c4cc0265055b919193d37db229edad0867e1adbb5179b73eaceb984f1a397eb8,f1aa0ad4cbbd93669d577a8d940448dcd5d4aacec3aa613c78b891af8752da34,2048,2048,2,float32+float32,HARD_LINK,NO,
train,Lookalike,00024.tif,Lookalike/00024.tif,train/images/Lookalike/00024.tif,00024.tif,Mask_lookalike/00024.tif,train/masks/Lookalike/00024.tif,6433b8533d4bbf4ef41d9abee42f6729267028f3f20b7da3c73e8e1ab6eba412,f1aa0ad4cbbd93669d577a8d940448dcd5d4aacec3aa613c78b891af8752da34,2048,2048,2,float32+float32,HARD_LINK,NO,
train,Lookalike,00180.tif,Lookalike/00180.tif,train/images/Lookalike/00180.tif,00180.tif,Mask_lookalike/00180.tif,train/masks/Lookalike/00180.tif,72006cf24e8223f4fe41c36cb4e7ea5a91862802d4555732f49d2bb81260e1ad,f1aa0ad4cbbd93669d577a8d940448dcd5d4aacec3aa613c78b891af8752da34,2048,2048,2,float32+float32,HARD_LINK,NO,
train,Lookalike,00110.tif,Lookalike/00110.tif,train/images/Lookalike/00110.tif,00110.tif,Mask_lookalike/00110.tif,train/masks/Lookalike/00110.tif,5b6955007ca8e8f3f3ee42425df79304fd3c035b30f546656708fbe8ebc4a38c,f1aa0ad4cbbd93669d577a8d940448dcd5d4aacec3aa613c78b891af8752da34,2048,2048,2,float32+float32,HARD_LINK,NO,
train,Lookalike,00329.tif,Lookalike/00329.tif,train/images/Lookalike/00329.tif,00329.tif,Mask_lookalike/00329.tif,train/masks/Lookalike/00329.tif,89ddbf891af2c090ff3824405aa7096cb7ea6be31539816e69755c50a916e790,f1aa0ad4cbbd93669d577a8d940448dcd5d4aacec3aa613c78b891af8752da34,2048,2048,2,float32+float32,HARD_LINK,NO,
train,Lookalike,00234.tif,Lookalike/00234.tif,train/images/Lookalike/00234.tif,00234.tif,Mask_lookalike/00234.tif,train/masks/Lookalike/00234.tif,182bcc1ca06654dd4337c7b239cd75ba39103885c091f6b230f9b2454f3234e2,f1aa0ad4cbbd93669d577a8d940448dcd5d4aacec3aa613c78b891af8752da34,2048,2048,2,float32+float32,HARD_LINK,NO,
train,Lookalike,00258.tif,Lookalike/00258.tif,train/images/Lookalike/00258.tif,00258.tif,Mask_lookalike/00258.tif,train/masks/Lookalike/00258.tif,11f0a1121dd2c84829ccc682d7051b6301d2eeade6cdd2a5d37e74429723a335,f1aa0ad4cbbd93669d577a8d940448dcd5d4aacec3aa613c78b891af8752da34,2048,2048,2,float32+float32,HARD_LINK,NO,
train,Lookalike,00201.tif,Lookalike/00201.tif,train/images/Lookalike/00201.tif,00201.tif,Mask_lookalike/00201.tif,train/masks/Lookalike/00201.tif,132401827a93dbcba23f2db82504da38f6e5a3e41ad09ef84f8cc424f8a6c6be,f1aa0ad4cbbd93669d577a8d940448dcd5d4aacec3aa613c78b891af8752da34,2048,2048,2,float32+float32,HARD_LINK,NO,
train,Lookalike,00046.tif,Lookalike/00046.tif,train/images/Lookalike/00046.tif,00046.tif,Mask_lookalike/00046.tif,train/masks/Lookalike/00046.tif,d8303ebaeb6aa9d1d56736eceb3426ba19bc3f23b8a0f3d90e3d0f4aed87969d,f1aa0ad4cbbd93669d577a8d940448dcd5d4aacec3aa613c78b891af8752da34,2048,2048,2,float32+float32,HARD_LINK,NO,
train,Lookalike,00011.tif,Lookalike/00011.tif,train/images/Lookalike/00011.tif,00011.tif,Mask_lookalike/00011.tif,train/masks/Lookalike/00011.tif,200285a11a8527b3903985446a912ef7c0c122edc7ba0ebc28b258b8ae817a82,f1aa0ad4cbbd93669d577a8d940448dcd5d4aacec3aa613c78b891af8752da34,2048,2048,2,float32+float32,HARD_LINK,NO,
train,Lookalike,00362.tif,Lookalike/00362.tif,train/images/Lookalike/00362.tif,00362.tif,Mask_lookalike/00362.tif,train/masks/Lookalike/00362.tif,3919b37b6a7ee8604e1a717d254234b493a29a86d45eb62a8c9afd64505287f2,f1aa0ad4cbbd93669d577a8d940448dcd5d4aacec3aa613c78b891af8752da34,2048,2048,2,float32+float32,HARD_LINK,NO,
train,Lookalike,00528.tif,Lookalike/00528.tif,train/images/Lookalike/00528.tif,00528.tif,Mask_lookalike/00528.tif,train/masks/Lookalike/00528.tif,5a73c048aacf0fb62fb0154874a708b7b27b912cfaa9852c5d99355e37b9c7fb,f1aa0ad4cbbd93669d577a8d940448dcd5d4aacec3aa613c78b891af8752da34,2048,2048,2,float32+float32,HARD_LINK,NO,
train,Lookalike,00526.tif,Lookalike/00526.tif,train/images/Lookalike/00526.tif,00526.tif,Mask_lookalike/00526.tif,train/masks/Lookalike/00526.tif,ac98808ce82e63c5b6014e931071ca1839eb7730b315502384fbd1762cc5818d,f1aa0ad4cbbd93669d577a8d940448dcd5d4aacec3aa613c78b891af8752da34,2048,2048,2,float32+float32,HARD_LINK,NO,
train,Lookalike,00452.tif,Lookalike/00452.tif,train/images/Lookalike/00452.tif,00452.tif,Mask_lookalike/00452.tif,train/masks/Lookalike/00452.tif,aebe6cc6c6e67f506b8f0b28a89495012f756c464bc08a6ea6b9e19932d0da97,f1aa0ad4cbbd93669d577a8d940448dcd5d4aacec3aa613c78b891af8752da34,2048,2048,2,float32+float32,HARD_LINK,NO,
train,Lookalike,00635.tif,Lookalike/00635.tif,train/images/Lookalike/00635.tif,00635.tif,Mask_lookalike/00635.tif,train/masks/Lookalike/00635.tif,24c783de22974e078ff95820eb1f1bd2eacc513f69ed81f4ebd1495e27edd630,f1aa0ad4cbbd93669d577a8d940448dcd5d4aacec3aa613c78b891af8752da34,2048,2048,2,float32+float32,HARD_LINK,NO,
train,Lookalike,00517.tif,Lookalike/00517.tif,train/images/Lookalike/00517.tif,00517.tif,Mask_lookalike/00517.tif,train/masks/Lookalike/00517.tif,b3525a55d57eefb4e05e19d4ef6d69a723c7caddc2b25f3b174155495675726e,f1aa0ad4cbbd93669d577a8d940448dcd5d4aacec3aa613c78b891af8752da34,2048,2048,2,float32+float32,HARD_LINK,NO,
train,Lookalike,00318.tif,Lookalike/00318.tif,train/images/Lookalike/00318.tif,00318.tif,Mask_lookalike/00318.tif,train/masks/Lookalike/00318.tif,755595254e8abb7de58889b4456866ee714a9eb47125c6c91cd2dedc10d9201f,f1aa0ad4cbbd93669d577a8d940448dcd5d4aacec3aa613c78b891af8752da34,2048,2048,2,float32+float32,HARD_LINK,NO,
train,Lookalike,00097.tif,Lookalike/00097.tif,train/images/Lookalike/00097.tif,00097.tif,Mask_lookalike/00097.tif,train/masks/Lookalike/00097.tif,468b73503463f062952c84334870fd9b202b35b0b4abd6f7648392aea106c4c4,f1aa0ad4cbbd93669d577a8d940448dcd5d4aacec3aa613c78b891af8752da34,2048,2048,2,float32+float32,HARD_LINK,NO,
train,Lookalike,00583.tif,Lookalike/00583.tif,train/images/Lookalike/00583.tif,00583.tif,Mask_lookalike/00583.tif,train/masks/Lookalike/00583.tif,734012b9b596437f65bfb1decd7630295768f6845ed8f4f7d8d245f33ed23125,f1aa0ad4cbbd93669d577a8d940448dcd5d4aacec3aa613c78b891af8752da34,2048,2048,2,float32+float32,HARD_LINK,NO,
train,Lookalike,00371.tif,Lookalike/00371.tif,train/images/Lookalike/00371.tif,00371.tif,Mask_lookalike/00371.tif,train/masks/Lookalike/00371.tif,8e263e56d1ef15a277361abe4108bc1af79c40694cee9a2aca8c46d8413f850e,f1aa0ad4cbbd93669d577a8d940448dcd5d4aacec3aa613c78b891af8752da34,2048,2048,2,float32+float32,HARD_LINK,NO,
train,Lookalike,00167.tif,Lookalike/00167.tif,train/images/Lookalike/00167.tif,00167.tif,Mask_lookalike/00167.tif,train/masks/Lookalike/00167.tif,a1d155903a71702f46672346f15561eee72910af7f7183baebfa74e0633cbc53,f1aa0ad4cbbd93669d577a8d940448dcd5d4aacec3aa613c78b891af8752da34,2048,2048,2,float32+float32,HARD_LINK,NO,
train,Lookalike,00610.tif,Lookalike/00610.tif,train/images/Lookalike/00610.tif,00610.tif,Mask_lookalike/00610.tif,train/masks/Lookalike/00610.tif,f242c6fd7c85dee594cfadee673950c58d9c73864724f099954984bc479bf542,f1aa0ad4cbbd93669d577a8d940448dcd5d4aacec3aa613c78b891af8752da34,2048,2048,2,float32+float32,HARD_LINK,NO,
train,Lookalike,00581.tif,Lookalike/00581.tif,train/images/Lookalike/00581.tif,00581.tif,Mask_lookalike/00581.tif,train/masks/Lookalike/00581.tif,ef91ce467feb02319157afc79fb86a41ec7b8a3c1ce9382bca4450151f211de3,f1aa0ad4cbbd93669d577a8d940448dcd5d4aacec3aa613c78b891af8752da34,2048,2048,2,float32+float32,HARD_LINK,NO,
train,Lookalike,00214.tif,Lookalike/00214.tif,train/images/Lookalike/00214.tif,00214.tif,Mask_lookalike/00214.tif,train/masks/Lookalike/00214.tif,71d842f61fafc74ac4671bc5e6d1707333c6c32836acc9683462fb1ed5c1a146,f1aa0ad4cbbd93669d577a8d940448dcd5d4aacec3aa613c78b891af8752da34,2048,2048,2,float32+float32,HARD_LINK,NO,
train,Lookalike,00315.tif,Lookalike/00315.tif,train/images/Lookalike/00315.tif,00315.tif,Mask_lookalike/00315.tif,train/masks/Lookalike/00315.tif,3d9b5741ca19494d23563b29d7fcf793d22fd7aa374653c72e9e87c02e3da15b,f1aa0ad4cbbd93669d577a8d940448dcd5d4aacec3aa613c78b891af8752da34,2048,2048,2,float32+float32,HARD_LINK,NO,
train,Lookalike,00196.tif,Lookalike/00196.tif,train/images/Lookalike/00196.tif,00196.tif,Mask_lookalike/00196.tif,train/masks/Lookalike/00196.tif,11ed0244baf8e6d03095573905e85b8879bf17df4126e143492f988676b11d5e,f1aa0ad4cbbd93669d577a8d940448dcd5d4aacec3aa613c78b891af8752da34,2048,2048,2,float32+float32,HARD_LINK,NO,
train,Lookalike,00551.tif,Lookalike/00551.tif,train/images/Lookalike/00551.tif,00551.tif,Mask_lookalike/00551.tif,train/masks/Lookalike/00551.tif,9cf63f94de7ad971c0381ef6a2bb49c2b818090e8652e4d4415ee0fc4e9740ab,f1aa0ad4cbbd93669d577a8d940448dcd5d4aacec3aa613c78b891af8752da34,2048,2048,2,float32+float32,HARD_LINK,NO,
train,Lookalike,00025.tif,Lookalike/00025.tif,train/images/Lookalike/00025.tif,00025.tif,Mask_lookalike/00025.tif,train/masks/Lookalike/00025.tif,aeb3e4f302c0b8f762b6a4b0e23853d8f6d11111a114490ba52aa0218ed5c23b,f1aa0ad4cbbd93669d577a8d940448dcd5d4aacec3aa613c78b891af8752da34,2048,2048,2,float32+float32,HARD_LINK,NO,
train,Lookalike,00049.tif,Lookalike/00049.tif,train/images/Lookalike/00049.tif,00049.tif,Mask_lookalike/00049.tif,train/masks/Lookalike/00049.tif,53952e840c8ae7830a75b92fd3857b3bede31c32774d4b21ce46838aec3c747d,f1aa0ad4cbbd93669d577a8d940448dcd5d4aacec3aa613c78b891af8752da34,2048,2048,2,float32+float32,HARD_LINK,NO,
train,Lookalike,00072.tif,Lookalike/00072.tif,train/images/Lookalike/00072.tif,00072.tif,Mask_lookalike/00072.tif,train/masks/Lookalike/00072.tif,a0e374b73d45436cc038aff61f3afe94d17dcec50e95e63ffa0437f232101e85,f1aa0ad4cbbd93669d577a8d940448dcd5d4aacec3aa613c78b891af8752da34,2048,2048,2,float32+float32,HARD_LINK,NO,
train,Lookalike,00126.tif,Lookalike/00126.tif,train/images/Lookalike/00126.tif,00126.tif,Mask_lookalike/00126.tif,train/masks/Lookalike/00126.tif,2fe04e31dd2defad3689a8ac1249af0d5ed9d642ba26404e96a81ed5a5f86c83,f1aa0ad4cbbd93669d577a8d940448dcd5d4aacec3aa613c78b891af8752da34,2048,2048,2,float32+float32,HARD_LINK,NO,
train,Lookalike,00661.tif,Lookalike/00661.tif,train/images/Lookalike/00661.tif,00661.tif,Mask_lookalike/00661.tif,train/masks/Lookalike/00661.tif,93e4e6734b1878bf4827b3ec77790452550dcccb9d3e488ace068d0312fa5c13,f1aa0ad4cbbd93669d577a8d940448dcd5d4aacec3aa613c78b891af8752da34,2048,2048,2,float32+float32,HARD_LINK,NO,
train,Lookalike,00613.tif,Lookalike/00613.tif,train/images/Lookalike/00613.tif,00613.tif,Mask_lookalike/00613.tif,train/masks/Lookalike/00613.tif,a9a8bf07e68380ff6ee9ab14f989b44431cebdf239cc468712b8c04afcf51a3a,f1aa0ad4cbbd93669d577a8d940448dcd5d4aacec3aa613c78b891af8752da34,2048,2048,2,float32+float32,HARD_LINK,NO,
train,Lookalike,00464.tif,Lookalike/00464.tif,train/images/Lookalike/00464.tif,00464.tif,Mask_lookalike/00464.tif,train/masks/Lookalike/00464.tif,892aec1b82513cc686d940a9fcf7c66f9837d5f723dd5d00eb28ef27d98242df,f1aa0ad4cbbd93669d577a8d940448dcd5d4aacec3aa613c78b891af8752da34,2048,2048,2,float32+float32,HARD_LINK,NO,
train,Lookalike,00428.tif,Lookalike/00428.tif,train/images/Lookalike/00428.tif,00428.tif,Mask_lookalike/00428.tif,train/masks/Lookalike/00428.tif,bba28de4b8e4842b5c85fa69f836d3de6aa96cca1d41eefab2b706adc23b459a,f1aa0ad4cbbd93669d577a8d940448dcd5d4aacec3aa613c78b891af8752da34,2048,2048,2,float32+float32,HARD_LINK,NO,
train,Lookalike,00123.tif,Lookalike/00123.tif,train/images/Lookalike/00123.tif,00123.tif,Mask_lookalike/00123.tif,train/masks/Lookalike/00123.tif,cdb9d80a64b574e729e2a928792c21bb677bb17d359ad73d9379491c342ba3e0,f1aa0ad4cbbd93669d577a8d940448dcd5d4aacec3aa613c78b891af8752da34,2048,2048,2,float32+float32,HARD_LINK,NO,
train,Lookalike,00338.tif,Lookalike/00338.tif,train/images/Lookalike/00338.tif,00338.tif,Mask_lookalike/00338.tif,train/masks/Lookalike/00338.tif,06c6bcdc802deb7370514a0a01d6ad7d8abeee55c87e1656f39d2d885dd724af,f1aa0ad4cbbd93669d577a8d940448dcd5d4aacec3aa613c78b891af8752da34,2048,2048,2,float32+float32,HARD_LINK,NO,
train,Lookalike,00054.tif,Lookalike/00054.tif,train/images/Lookalike/00054.tif,00054.tif,Mask_lookalike/00054.tif,train/masks/Lookalike/00054.tif,a9ce6eecb62f500803e47e7d70e6e5ea5eadff371c77d86b9330e37ccce9d1bb,f1aa0ad4cbbd93669d577a8d940448dcd5d4aacec3aa613c78b891af8752da34,2048,2048,2,float32+float32,HARD_LINK,NO,
train,Lookalike,00287.tif,Lookalike/00287.tif,train/images/Lookalike/00287.tif,00287.tif,Mask_lookalike/00287.tif,train/masks/Lookalike/00287.tif,076aa7fc4dfd7a133a7c714b6d77fe577e9640a2323f14394f575e1efd5e532f,f1aa0ad4cbbd93669d577a8d940448dcd5d4aacec3aa613c78b891af8752da34,2048,2048,2,float32+float32,HARD_LINK,NO,
train,Lookalike,00263.tif,Lookalike/00263.tif,train/images/Lookalike/00263.tif,00263.tif,Mask_lookalike/00263.tif,train/masks/Lookalike/00263.tif,fd824be8de4fe90a9b1c2ad0d7d90e520328918aa79fe0b1ec0943a096b05024,f1aa0ad4cbbd93669d577a8d940448dcd5d4aacec3aa613c78b891af8752da34,2048,2048,2,float32+float32,HARD_LINK,NO,
train,Lookalike,00189.tif,Lookalike/00189.tif,train/images/Lookalike/00189.tif,00189.tif,Mask_lookalike/00189.tif,train/masks/Lookalike/00189.tif,14f6f2d9ef25223f99c32831c498eedbbe2fb8f754f69f3f73af0e5afd856319,f1aa0ad4cbbd93669d577a8d940448dcd5d4aacec3aa613c78b891af8752da34,2048,2048,2,float32+float32,HARD_LINK,NO,
train,Lookalike,00417.tif,Lookalike/00417.tif,train/images/Lookalike/00417.tif,00417.tif,Mask_lookalike/00417.tif,train/masks/Lookalike/00417.tif,a390ac2c339c57f11097957dc6b1fa2425494dc2e6d56d86df478dd4f0ed6caf,f1aa0ad4cbbd93669d577a8d940448dcd5d4aacec3aa613c78b891af8752da34,2048,2048,2,float32+float32,HARD_LINK,NO,
train,Lookalike,00597.tif,Lookalike/00597.tif,train/images/Lookalike/00597.tif,00597.tif,Mask_lookalike/00597.tif,train/masks/Lookalike/00597.tif,e9dc7461a600f891745f334c7f9d583f11db75124560180efd550f4c4e2188d4,f1aa0ad4cbbd93669d577a8d940448dcd5d4aacec3aa613c78b891af8752da34,2048,2048,2,float32+float32,HARD_LINK,NO,
train,Lookalike,00425.tif,Lookalike/00425.tif,train/images/Lookalike/00425.tif,00425.tif,Mask_lookalike/00425.tif,train/masks/Lookalike/00425.tif,b64ef911c6ad39b774dab91179dd8576fa6f8a45ce016b0d0621381cc24b0fc6,f1aa0ad4cbbd93669d577a8d940448dcd5d4aacec3aa613c78b891af8752da34,2048,2048,2,float32+float32,HARD_LINK,NO,
train,Lookalike,00485.tif,Lookalike/00485.tif,train/images/Lookalike/00485.tif,00485.tif,Mask_lookalike/00485.tif,train/masks/Lookalike/00485.tif,7785c3b0588387d02e1a2e12bc09f6b14122abc155e1ed7221036d5bc8c9bcdc,f1aa0ad4cbbd93669d577a8d940448dcd5d4aacec3aa613c78b891af8752da34,2048,2048,2,float32+float32,HARD_LINK,NO,
train,Lookalike,00160.tif,Lookalike/00160.tif,train/images/Lookalike/00160.tif,00160.tif,Mask_lookalike/00160.tif,train/masks/Lookalike/00160.tif,c796ddadd94dc7d679ab86d4518735a179857c439b14c7d2d70e37cf1c398f4f,f1aa0ad4cbbd93669d577a8d940448dcd5d4aacec3aa613c78b891af8752da34,2048,2048,2,float32+float32,HARD_LINK,NO,
train,Lookalike,00073.tif,Lookalike/00073.tif,train/images/Lookalike/00073.tif,00073.tif,Mask_lookalike/00073.tif,train/masks/Lookalike/00073.tif,f173c760d091658eada5d86c375cda060942eef27c2718e1f29a0355becdaaef,f1aa0ad4cbbd93669d577a8d940448dcd5d4aacec3aa613c78b891af8752da34,2048,2048,2,float32+float32,HARD_LINK,NO,
train,Lookalike,00310.tif,Lookalike/00310.tif,train/images/Lookalike/00310.tif,00310.tif,Mask_lookalike/00310.tif,train/masks/Lookalike/00310.tif,43b4bd6f32d9224d718327468969dd743deb6a149726e0d43d412889ee2058bf,f1aa0ad4cbbd93669d577a8d940448dcd5d4aacec3aa613c78b891af8752da34,2048,2048,2,float32+float32,HARD_LINK,NO,
train,Lookalike,00174.tif,Lookalike/00174.tif,train/images/Lookalike/00174.tif,00174.tif,Mask_lookalike/00174.tif,train/masks/Lookalike/00174.tif,f8909594727a75fb21c4c33f3fc5dec016612b5bc91ccc89a4426bcac1c83d74,f1aa0ad4cbbd93669d577a8d940448dcd5d4aacec3aa613c78b891af8752da34,2048,2048,2,float32+float32,HARD_LINK,NO,
train,Lookalike,00104.tif,Lookalike/00104.tif,train/images/Lookalike/00104.tif,00104.tif,Mask_lookalike/00104.tif,train/masks/Lookalike/00104.tif,303ab5ce8a7ed6259def2e9a7bb521adab43da0ce5ace23f0e380b851e4368ab,f1aa0ad4cbbd93669d577a8d940448dcd5d4aacec3aa613c78b891af8752da34,2048,2048,2,float32+float32,HARD_LINK,NO,
train,Lookalike,00237.tif,Lookalike/00237.tif,train/images/Lookalike/00237.tif,00237.tif,Mask_lookalike/00237.tif,train/masks/Lookalike/00237.tif,aa933034b653cd9e5d000bf39cff1eeeb43734947c4dbedbc4b39261dea32c2d,f1aa0ad4cbbd93669d577a8d940448dcd5d4aacec3aa613c78b891af8752da34,2048,2048,2,float32+float32,HARD_LINK,NO,
train,Lookalike,00356.tif,Lookalike/00356.tif,train/images/Lookalike/00356.tif,00356.tif,Mask_lookalike/00356.tif,train/masks/Lookalike/00356.tif,65dfdc207a4725f3a8c745c4f924d658dce7c9917fff4dd2ce1f3e38257951d5,f1aa0ad4cbbd93669d577a8d940448dcd5d4aacec3aa613c78b891af8752da34,2048,2048,2,float32+float32,HARD_LINK,NO,
train,Lookalike,00212.tif,Lookalike/00212.tif,train/images/Lookalike/00212.tif,00212.tif,Mask_lookalike/00212.tif,train/masks/Lookalike/00212.tif,9dd2228e22a08143cc6efe3429dffa646640d043ddb6adce8f40d34526b1aaeb,f1aa0ad4cbbd93669d577a8d940448dcd5d4aacec3aa613c78b891af8752da34,2048,2048,2,float32+float32,HARD_LINK,NO,
train,Lookalike,00225.tif,Lookalike/00225.tif,train/images/Lookalike/00225.tif,00225.tif,Mask_lookalike/00225.tif,train/masks/Lookalike/00225.tif,3e11bb328c1826a3607de5957945d4b76c8c109cdda3157cfd12e8a570ed1579,f1aa0ad4cbbd93669d577a8d940448dcd5d4aacec3aa613c78b891af8752da34,2048,2048,2,float32+float32,HARD_LINK,NO,
train,Lookalike,00474.tif,Lookalike/00474.tif,train/images/Lookalike/00474.tif,00474.tif,Mask_lookalike/00474.tif,train/masks/Lookalike/00474.tif,4069d8b7a7e4af4e0bc95a6799790607b6d74073440e5f6be3dc484713d38dec,f1aa0ad4cbbd93669d577a8d940448dcd5d4aacec3aa613c78b891af8752da34,2048,2048,2,float32+float32,HARD_LINK,NO,
train,Lookalike,00030.tif,Lookalike/00030.tif,train/images/Lookalike/00030.tif,00030.tif,Mask_lookalike/00030.tif,train/masks/Lookalike/00030.tif,a5fdf0b2d2ccca1727613f0659759a440983e0cf0e0b3c5fdb8a8ac5fadb95ad,f1aa0ad4cbbd93669d577a8d940448dcd5d4aacec3aa613c78b891af8752da34,2048,2048,2,float32+float32,HARD_LINK,NO,
train,Lookalike,00430.tif,Lookalike/00430.tif,train/images/Lookalike/00430.tif,00430.tif,Mask_lookalike/00430.tif,train/masks/Lookalike/00430.tif,526433401382ca68b2d8b0c439f5e108772905d0dc6b82e1583f06a3e2546716,f1aa0ad4cbbd93669d577a8d940448dcd5d4aacec3aa613c78b891af8752da34,2048,2048,2,float32+float32,HARD_LINK,NO,
train,Lookalike,00232.tif,Lookalike/00232.tif,train/images/Lookalike/00232.tif,00232.tif,Mask_lookalike/00232.tif,train/masks/Lookalike/00232.tif,51679ca822bda6a5aa1296d8ac6532d52a638e7860889cea0ab91451a2ba642c,f1aa0ad4cbbd93669d577a8d940448dcd5d4aacec3aa613c78b891af8752da34,2048,2048,2,float32+float32,HARD_LINK,NO,
train,Lookalike,00152.tif,Lookalike/00152.tif,train/images/Lookalike/00152.tif,00152.tif,Mask_lookalike/00152.tif,train/masks/Lookalike/00152.tif,0b379fbcc8ea98ff1e3c64fc857dc91cf9de136af5c6ec21187a6284d38ed627,f1aa0ad4cbbd93669d577a8d940448dcd5d4aacec3aa613c78b891af8752da34,2048,2048,2,float32+float32,HARD_LINK,NO,
train,Lookalike,00207.tif,Lookalike/00207.tif,train/images/Lookalike/00207.tif,00207.tif,Mask_lookalike/00207.tif,train/masks/Lookalike/00207.tif,b592665e4bb9fd9ae815f8ca8263b8b7afb4d3e103493724580ae2ad067a80ac,f1aa0ad4cbbd93669d577a8d940448dcd5d4aacec3aa613c78b891af8752da34,2048,2048,2,float32+float32,HARD_LINK,NO,
train,Lookalike,00350.tif,Lookalike/00350.tif,train/images/Lookalike/00350.tif,00350.tif,Mask_lookalike/00350.tif,train/masks/Lookalike/00350.tif,9214bfe5855f465bd760f2969ffa76bcb648e1c5f8127c216177ccbc868206d8,f1aa0ad4cbbd93669d577a8d940448dcd5d4aacec3aa613c78b891af8752da34,2048,2048,2,float32+float32,HARD_LINK,NO,
train,Lookalike,00125.tif,Lookalike/00125.tif,train/images/Lookalike/00125.tif,00125.tif,Mask_lookalike/00125.tif,train/masks/Lookalike/00125.tif,c4c00c1a79a993e778c976dfb8bd2c91f026a92e8c6b6ac70f865d8534a12161,f1aa0ad4cbbd93669d577a8d940448dcd5d4aacec3aa613c78b891af8752da34,2048,2048,2,float32+float32,HARD_LINK,NO,
train,Lookalike,00648.tif,Lookalike/00648.tif,train/images/Lookalike/00648.tif,00648.tif,Mask_lookalike/00648.tif,train/masks/Lookalike/00648.tif,ed06f9d407ec05ca568fc0cef13e5dd48e1f3bd03cbebd5f63cadf04be396fe0,f1aa0ad4cbbd93669d577a8d940448dcd5d4aacec3aa613c78b891af8752da34,2048,2048,2,float32+float32,HARD_LINK,NO,
train,Lookalike,00154.tif,Lookalike/00154.tif,train/images/Lookalike/00154.tif,00154.tif,Mask_lookalike/00154.tif,train/masks/Lookalike/00154.tif,129be2e41bf78f32e1c64e4826ffed02dd5f720e6a3a3f193e558818fdc81706,f1aa0ad4cbbd93669d577a8d940448dcd5d4aacec3aa613c78b891af8752da34,2048,2048,2,float32+float32,HARD_LINK,NO,
train,Lookalike,00542.tif,Lookalike/00542.tif,train/images/Lookalike/00542.tif,00542.tif,Mask_lookalike/00542.tif,train/masks/Lookalike/00542.tif,335e9b7d60db202bf22af71ad27b8c939dca1c8a3ca0e1aa8a824361488a7b7d,f1aa0ad4cbbd93669d577a8d940448dcd5d4aacec3aa613c78b891af8752da34,2048,2048,2,float32+float32,HARD_LINK,NO,
train,Lookalike,00478.tif,Lookalike/00478.tif,train/images/Lookalike/00478.tif,00478.tif,Mask_lookalike/00478.tif,train/masks/Lookalike/00478.tif,620b69b83cc01518006d5525052dbc8e55176e0de6d8aa7c2afd31329da6c1ff,f1aa0ad4cbbd93669d577a8d940448dcd5d4aacec3aa613c78b891af8752da34,2048,2048,2,float32+float32,HARD_LINK,NO,
train,Lookalike,00582.tif,Lookalike/00582.tif,train/images/Lookalike/00582.tif,00582.tif,Mask_lookalike/00582.tif,train/masks/Lookalike/00582.tif,20a34791c8ca9da72c0f21ca082859fd4865f0dbf21634b159d15261e0aa88f5,f1aa0ad4cbbd93669d577a8d940448dcd5d4aacec3aa613c78b891af8752da34,2048,2048,2,float32+float32,HARD_LINK,NO,
train,Lookalike,00679.tif,Lookalike/00679.tif,train/images/Lookalike/00679.tif,00679.tif,Mask_lookalike/00679.tif,train/masks/Lookalike/00679.tif,7c4d9560d52e3e5aa2546c21edd2feec80897bd9ec961ca5b17086223303be2f,f1aa0ad4cbbd93669d577a8d940448dcd5d4aacec3aa613c78b891af8752da34,2048,2048,2,float32+float32,HARD_LINK,NO,
train,Lookalike,00254.tif,Lookalike/00254.tif,train/images/Lookalike/00254.tif,00254.tif,Mask_lookalike/00254.tif,train/masks/Lookalike/00254.tif,7b51f4892cee86e08735a1e3d9b869053eb4fd29288a4d9b4f2c0d72431d51f8,f1aa0ad4cbbd93669d577a8d940448dcd5d4aacec3aa613c78b891af8752da34,2048,2048,2,float32+float32,HARD_LINK,NO,
train,Lookalike,00015.tif,Lookalike/00015.tif,train/images/Lookalike/00015.tif,00015.tif,Mask_lookalike/00015.tif,train/masks/Lookalike/00015.tif,c88814583529cf8892c7677f86464e0880bd4af69012d612006f26eb2e135a69,f1aa0ad4cbbd93669d577a8d940448dcd5d4aacec3aa613c78b891af8752da34,2048,2048,2,float32+float32,HARD_LINK,NO,
train,Lookalike,00496.tif,Lookalike/00496.tif,train/images/Lookalike/00496.tif,00496.tif,Mask_lookalike/00496.tif,train/masks/Lookalike/00496.tif,3d6301150e082ec29479624c583bdca914c8f22c27771249867625dc837522e9,f1aa0ad4cbbd93669d577a8d940448dcd5d4aacec3aa613c78b891af8752da34,2048,2048,2,float32+float32,HARD_LINK,NO,
train,Lookalike,00316.tif,Lookalike/00316.tif,train/images/Lookalike/00316.tif,00316.tif,Mask_lookalike/00316.tif,train/masks/Lookalike/00316.tif,97a8c0faad2e719a69ed7b353dada9b6744669860c1dff35e6f3a9c7fb64a94d,f1aa0ad4cbbd93669d577a8d940448dcd5d4aacec3aa613c78b891af8752da34,2048,2048,2,float32+float32,HARD_LINK,NO,
train,Lookalike,00213.tif,Lookalike/00213.tif,train/images/Lookalike/00213.tif,00213.tif,Mask_lookalike/00213.tif,train/masks/Lookalike/00213.tif,83d5f000c42855c899915e8e7216b7f0cc5ecf28023bb061bb89b81558b927c9,f1aa0ad4cbbd93669d577a8d940448dcd5d4aacec3aa613c78b891af8752da34,2048,2048,2,float32+float32,HARD_LINK,NO,
train,Lookalike,00586.tif,Lookalike/00586.tif,train/images/Lookalike/00586.tif,00586.tif,Mask_lookalike/00586.tif,train/masks/Lookalike/00586.tif,2781cec14293960c8c4a92d4b24182696875279d8fce312e421d8bbbe5e55db9,f1aa0ad4cbbd93669d577a8d940448dcd5d4aacec3aa613c78b891af8752da34,2048,2048,2,float32+float32,HARD_LINK,NO,
train,Lookalike,00107.tif,Lookalike/00107.tif,train/images/Lookalike/00107.tif,00107.tif,Mask_lookalike/00107.tif,train/masks/Lookalike/00107.tif,a606f88d395492c80afc7ecd2847cf524950864eaa35a561ffce173bd64086b2,f1aa0ad4cbbd93669d577a8d940448dcd5d4aacec3aa613c78b891af8752da34,2048,2048,2,float32+float32,HARD_LINK,NO,
train,Lookalike,00333.tif,Lookalike/00333.tif,train/images/Lookalike/00333.tif,00333.tif,Mask_lookalike/00333.tif,train/masks/Lookalike/00333.tif,8ea3b8eb84cd35d7b3bb056350f4323cb27a741a32ddd1a7ab4fb22509970eb0,f1aa0ad4cbbd93669d577a8d940448dcd5d4aacec3aa613c78b891af8752da34,2048,2048,2,float32+float32,HARD_LINK,NO,
train,Lookalike,00135.tif,Lookalike/00135.tif,train/images/Lookalike/00135.tif,00135.tif,Mask_lookalike/00135.tif,train/masks/Lookalike/00135.tif,9a936b91495fe93a41dff40e8244c40a2437d3a80f43d65c7a33eb298541ac67,f1aa0ad4cbbd93669d577a8d940448dcd5d4aacec3aa613c78b891af8752da34,2048,2048,2,float32+float32,HARD_LINK,NO,
train,Lookalike,00667.tif,Lookalike/00667.tif,train/images/Lookalike/00667.tif,00667.tif,Mask_lookalike/00667.tif,train/masks/Lookalike/00667.tif,0cab14de39ba80b12875b3f70545b7f760a881838d5a1a8b5da463a0fe2e07a2,f1aa0ad4cbbd93669d577a8d940448dcd5d4aacec3aa613c78b891af8752da34,2048,2048,2,float32+float32,HARD_LINK,NO,
train,Lookalike,00388.tif,Lookalike/00388.tif,train/images/Lookalike/00388.tif,00388.tif,Mask_lookalike/00388.tif,train/masks/Lookalike/00388.tif,7508bc61cfcaad4a323de07927f9a139503e9887a42e970a18c58fec040f7b99,f1aa0ad4cbbd93669d577a8d940448dcd5d4aacec3aa613c78b891af8752da34,2048,2048,2,float32+float32,HARD_LINK,NO,
train,Lookalike,00023.tif,Lookalike/00023.tif,train/images/Lookalike/00023.tif,00023.tif,Mask_lookalike/00023.tif,train/masks/Lookalike/00023.tif,24ca1b1e35872211bce7c250a3244ffea6bebd9d5ff8450c9d68caacc205db0e,f1aa0ad4cbbd93669d577a8d940448dcd5d4aacec3aa613c78b891af8752da34,2048,2048,2,float32+float32,HARD_LINK,NO,
train,Lookalike,00041.tif,Lookalike/00041.tif,train/images/Lookalike/00041.tif,00041.tif,Mask_lookalike/00041.tif,train/masks/Lookalike/00041.tif,cdbb2184fe0b74451c60f1ca0c374e38e0131b5a1f035530d0fdf66af5825492,f1aa0ad4cbbd93669d577a8d940448dcd5d4aacec3aa613c78b891af8752da34,2048,2048,2,float32+float32,HARD_LINK,NO,
train,Lookalike,00014.tif,Lookalike/00014.tif,train/images/Lookalike/00014.tif,00014.tif,Mask_lookalike/00014.tif,train/masks/Lookalike/00014.tif,8ba43bf8f02d661710b74024950fe17c0eaa5cd80245c16472ac2637557e7049,f1aa0ad4cbbd93669d577a8d940448dcd5d4aacec3aa613c78b891af8752da34,2048,2048,2,float32+float32,HARD_LINK,NO,
train,Lookalike,00021.tif,Lookalike/00021.tif,train/images/Lookalike/00021.tif,00021.tif,Mask_lookalike/00021.tif,train/masks/Lookalike/00021.tif,7d3c7ad082f9ed0f144d6a45ac7a3d88c8d2043f63089a1eec2c345f2920afb4,f1aa0ad4cbbd93669d577a8d940448dcd5d4aacec3aa613c78b891af8752da34,2048,2048,2,float32+float32,HARD_LINK,NO,
train,Lookalike,00288.tif,Lookalike/00288.tif,train/images/Lookalike/00288.tif,00288.tif,Mask_lookalike/00288.tif,train/masks/Lookalike/00288.tif,169c595c1bfca659b4481aa2a61b50f9c059d75999a5a96af1ac61d5c3c3dd9c,9413160fd3c89a5ef9c7470914417c0ffb00c091d323e709dbd6710693300c54,2048,2047,2,float32+float32,HARD_LINK,NO,
train,Lookalike,00172.tif,Lookalike/00172.tif,train/images/Lookalike/00172.tif,00172.tif,Mask_lookalike/00172.tif,train/masks/Lookalike/00172.tif,3d8bbca608bfb0bc0723983105061cf79d2205aeaa4b2a5daaaf670b66fc99f1,f1aa0ad4cbbd93669d577a8d940448dcd5d4aacec3aa613c78b891af8752da34,2048,2048,2,float32+float32,HARD_LINK,NO,
train,Lookalike,00309.tif,Lookalike/00309.tif,train/images/Lookalike/00309.tif,00309.tif,Mask_lookalike/00309.tif,train/masks/Lookalike/00309.tif,e0eea872ba657896f5584d7ba9ecd59b3a84152ec5551f5c853616f01f3d3f5a,f1aa0ad4cbbd93669d577a8d940448dcd5d4aacec3aa613c78b891af8752da34,2048,2048,2,float32+float32,HARD_LINK,NO,
train,Lookalike,00442.tif,Lookalike/00442.tif,train/images/Lookalike/00442.tif,00442.tif,Mask_lookalike/00442.tif,train/masks/Lookalike/00442.tif,dd48d2c726c7cf28aa5e3986638964fa946611d5bd9be5f564dd1dc8da7b953d,f1aa0ad4cbbd93669d577a8d940448dcd5d4aacec3aa613c78b891af8752da34,2048,2048,2,float32+float32,HARD_LINK,NO,
train,Lookalike,00319.tif,Lookalike/00319.tif,train/images/Lookalike/00319.tif,00319.tif,Mask_lookalike/00319.tif,train/masks/Lookalike/00319.tif,7f62377ff6763ea2cd8f78a6d7762fd5ac4b0cb85f94436324232c779f80edb1,f1aa0ad4cbbd93669d577a8d940448dcd5d4aacec3aa613c78b891af8752da34,2048,2048,2,float32+float32,HARD_LINK,NO,
train,Lookalike,00337.tif,Lookalike/00337.tif,train/images/Lookalike/00337.tif,00337.tif,Mask_lookalike/00337.tif,train/masks/Lookalike/00337.tif,da04bf2f17c01b871a8bd364c891a0348a47e3e4af556a8da72b5c3b88593fb0,f1aa0ad4cbbd93669d577a8d940448dcd5d4aacec3aa613c78b891af8752da34,2048,2048,2,float32+float32,HARD_LINK,NO,
train,Lookalike,00659.tif,Lookalike/00659.tif,train/images/Lookalike/00659.tif,00659.tif,Mask_lookalike/00659.tif,train/masks/Lookalike/00659.tif,6ab84987cd6a25f496f52839e514c534086d6aeae0cde3c25f6d0227a7ce4610,f1aa0ad4cbbd93669d577a8d940448dcd5d4aacec3aa613c78b891af8752da34,2048,2048,2,float32+float32,HARD_LINK,NO,
train,Lookalike,00451.tif,Lookalike/00451.tif,train/images/Lookalike/00451.tif,00451.tif,Mask_lookalike/00451.tif,train/masks/Lookalike/00451.tif,cc2567f5ac19af912f1f1fe070b11ee9e9b098f52dab4ce16616b4ee0df1fc76,f1aa0ad4cbbd93669d577a8d940448dcd5d4aacec3aa613c78b891af8752da34,2048,2048,2,float32+float32,HARD_LINK,NO,
train,Lookalike,00297.tif,Lookalike/00297.tif,train/images/Lookalike/00297.tif,00297.tif,Mask_lookalike/00297.tif,train/masks/Lookalike/00297.tif,1c9083ea20bd1006f9f441be7a8f2ff9771bfbfa773cd5d51fced125345456c5,f1aa0ad4cbbd93669d577a8d940448dcd5d4aacec3aa613c78b891af8752da34,2048,2048,2,float32+float32,HARD_LINK,NO,
train,Lookalike,00303.tif,Lookalike/00303.tif,train/images/Lookalike/00303.tif,00303.tif,Mask_lookalike/00303.tif,train/masks/Lookalike/00303.tif,7dbf06f0717a344cd63b4c802667f03865c6881f952a80728e3d3cdcf638336f,f1aa0ad4cbbd93669d577a8d940448dcd5d4aacec3aa613c78b891af8752da34,2048,2048,2,float32+float32,HARD_LINK,NO,
train,Lookalike,00086.tif,Lookalike/00086.tif,train/images/Lookalike/00086.tif,00086.tif,Mask_lookalike/00086.tif,train/masks/Lookalike/00086.tif,6cbc11662bf353c0b02e0b54dceab31528376c96bd26d698a9766d93b287d208,f1aa0ad4cbbd93669d577a8d940448dcd5d4aacec3aa613c78b891af8752da34,2048,2048,2,float32+float32,HARD_LINK,NO,
train,Lookalike,00431.tif,Lookalike/00431.tif,train/images/Lookalike/00431.tif,00431.tif,Mask_lookalike/00431.tif,train/masks/Lookalike/00431.tif,3ca9d7c581316fad6a6a04dd1644b1794a9aaab22122dfc7ca73118ecaf08569,f1aa0ad4cbbd93669d577a8d940448dcd5d4aacec3aa613c78b891af8752da34,2048,2048,2,float32+float32,HARD_LINK,NO,
train,Lookalike,00543.tif,Lookalike/00543.tif,train/images/Lookalike/00543.tif,00543.tif,Mask_lookalike/00543.tif,train/masks/Lookalike/00543.tif,1b8485ae8039b264a134d1d63de332d9bfec493b86cb306f416e533ab5c7c920,f1aa0ad4cbbd93669d577a8d940448dcd5d4aacec3aa613c78b891af8752da34,2048,2048,2,float32+float32,HARD_LINK,NO,
train,Lookalike,00047.tif,Lookalike/00047.tif,train/images/Lookalike/00047.tif,00047.tif,Mask_lookalike/00047.tif,train/masks/Lookalike/00047.tif,4dfe0f0f8a4a2ddf2f98268b205c1f8f78ef5082c40feeb96a6f8c08827e508b,f1aa0ad4cbbd93669d577a8d940448dcd5d4aacec3aa613c78b891af8752da34,2048,2048,2,float32+float32,HARD_LINK,NO,
train,Lookalike,00569.tif,Lookalike/00569.tif,train/images/Lookalike/00569.tif,00569.tif,Mask_lookalike/00569.tif,train/masks/Lookalike/00569.tif,3376d229bc840507f6ec7da25c47b8a572dbda12360540db63a0597b76fd5b1b,f1aa0ad4cbbd93669d577a8d940448dcd5d4aacec3aa613c78b891af8752da34,2048,2048,2,float32+float32,HARD_LINK,NO,
train,Lookalike,00314.tif,Lookalike/00314.tif,train/images/Lookalike/00314.tif,00314.tif,Mask_lookalike/00314.tif,train/masks/Lookalike/00314.tif,13fc22b79d1bc8a87eb0167763e5b2df5a509999c92ea98c2ca6267800bba105,f1aa0ad4cbbd93669d577a8d940448dcd5d4aacec3aa613c78b891af8752da34,2048,2048,2,float32+float32,HARD_LINK,NO,
train,Lookalike,00410.tif,Lookalike/00410.tif,train/images/Lookalike/00410.tif,00410.tif,Mask_lookalike/00410.tif,train/masks/Lookalike/00410.tif,ab4c36b68faded655bcdd113be59ec69537bb09800e08ead79198ec0cd06b2f2,f1aa0ad4cbbd93669d577a8d940448dcd5d4aacec3aa613c78b891af8752da34,2048,2048,2,float32+float32,HARD_LINK,NO,
train,Lookalike,00320.tif,Lookalike/00320.tif,train/images/Lookalike/00320.tif,00320.tif,Mask_lookalike/00320.tif,train/masks/Lookalike/00320.tif,3be4caeb8ac729c1ee1222ea5f045baa6c50f304c01413ddd9e90da143606a48,f1aa0ad4cbbd93669d577a8d940448dcd5d4aacec3aa613c78b891af8752da34,2048,2048,2,float32+float32,HARD_LINK,NO,
train,Lookalike,00669.tif,Lookalike/00669.tif,train/images/Lookalike/00669.tif,00669.tif,Mask_lookalike/00669.tif,train/masks/Lookalike/00669.tif,1a7f2faadde445d359241971b9a437511b4d3cf79e1276dd9db41d0b99bbb146,f1aa0ad4cbbd93669d577a8d940448dcd5d4aacec3aa613c78b891af8752da34,2048,2048,2,float32+float32,HARD_LINK,NO,
train,Lookalike,00522.tif,Lookalike/00522.tif,train/images/Lookalike/00522.tif,00522.tif,Mask_lookalike/00522.tif,train/masks/Lookalike/00522.tif,47feb052a0bbc2950cd26d2d3309aeff75d092694812950a05e89b1b6f52ff47,f1aa0ad4cbbd93669d577a8d940448dcd5d4aacec3aa613c78b891af8752da34,2048,2048,2,float32+float32,HARD_LINK,NO,
train,Lookalike,00422.tif,Lookalike/00422.tif,train/images/Lookalike/00422.tif,00422.tif,Mask_lookalike/00422.tif,train/masks/Lookalike/00422.tif,7dfa0d6003782dbd34a30d8a8374aa1092788c75a27a7049de2589d717382654,f1aa0ad4cbbd93669d577a8d940448dcd5d4aacec3aa613c78b891af8752da34,2048,2048,2,float32+float32,HARD_LINK,NO,
train,Lookalike,00325.tif,Lookalike/00325.tif,train/images/Lookalike/00325.tif,00325.tif,Mask_lookalike/00325.tif,train/masks/Lookalike/00325.tif,d457ed2dac49f946e33a65773a1cca12b49a4dba8e2e1ec2f7c70543c82ab856,f1aa0ad4cbbd93669d577a8d940448dcd5d4aacec3aa613c78b891af8752da34,2048,2048,2,float32+float32,HARD_LINK,NO,
train,Lookalike,00100.tif,Lookalike/00100.tif,train/images/Lookalike/00100.tif,00100.tif,Mask_lookalike/00100.tif,train/masks/Lookalike/00100.tif,5f9130031847c497724cc9a897cae00a70130cd174fc59991902ebde56040cf4,f1aa0ad4cbbd93669d577a8d940448dcd5d4aacec3aa613c78b891af8752da34,2048,2048,2,float32+float32,HARD_LINK,NO,
train,Lookalike,00128.tif,Lookalike/00128.tif,train/images/Lookalike/00128.tif,00128.tif,Mask_lookalike/00128.tif,train/masks/Lookalike/00128.tif,095e6f36ea11233d514ba6cc92ff3d601a4d717cc39f5007576b668f2c55c62b,f1aa0ad4cbbd93669d577a8d940448dcd5d4aacec3aa613c78b891af8752da34,2048,2048,2,float32+float32,HARD_LINK,NO,
train,Lookalike,00040.tif,Lookalike/00040.tif,train/images/Lookalike/00040.tif,00040.tif,Mask_lookalike/00040.tif,train/masks/Lookalike/00040.tif,f87a3d3f4846a52b01349d3f8e88395c717e8ab8c5fed3b0035456baae01795d,f1aa0ad4cbbd93669d577a8d940448dcd5d4aacec3aa613c78b891af8752da34,2048,2048,2,float32+float32,HARD_LINK,NO,
train,Lookalike,00145.tif,Lookalike/00145.tif,train/images/Lookalike/00145.tif,00145.tif,Mask_lookalike/00145.tif,train/masks/Lookalike/00145.tif,6c02705831540fc2a6b0633d2a877ab78eaf539a71da17e3375cf3f5f7e27524,f1aa0ad4cbbd93669d577a8d940448dcd5d4aacec3aa613c78b891af8752da34,2048,2048,2,float32+float32,HARD_LINK,NO,
train,Lookalike,00412.tif,Lookalike/00412.tif,train/images/Lookalike/00412.tif,00412.tif,Mask_lookalike/00412.tif,train/masks/Lookalike/00412.tif,a1ce301b836ad11b019a3ab6af772d197a274fd974e02e324522ec0c80fc1186,f1aa0ad4cbbd93669d577a8d940448dcd5d4aacec3aa613c78b891af8752da34,2048,2048,2,float32+float32,HARD_LINK,NO,
train,Lookalike,00683.tif,Lookalike/00683.tif,train/images/Lookalike/00683.tif,00683.tif,Mask_lookalike/00683.tif,train/masks/Lookalike/00683.tif,1e1ba250941844f409a21c506c77350ba50c9c0a7e7abe3e9a1b22650518c7e7,f1aa0ad4cbbd93669d577a8d940448dcd5d4aacec3aa613c78b891af8752da34,2048,2048,2,float32+float32,HARD_LINK,NO,
train,Lookalike,00115.tif,Lookalike/00115.tif,train/images/Lookalike/00115.tif,00115.tif,Mask_lookalike/00115.tif,train/masks/Lookalike/00115.tif,97f3bae90d2e4c2fde277f19a15523973c3ca1f24419e2088430415c1bdb765f,f1aa0ad4cbbd93669d577a8d940448dcd5d4aacec3aa613c78b891af8752da34,2048,2048,2,float32+float32,HARD_LINK,NO,
train,Lookalike,00472.tif,Lookalike/00472.tif,train/images/Lookalike/00472.tif,00472.tif,Mask_lookalike/00472.tif,train/masks/Lookalike/00472.tif,494fad2330c0910027ff64ad4bba8a5ebf176ba562fc7bd1daae947c3e30fd07,f1aa0ad4cbbd93669d577a8d940448dcd5d4aacec3aa613c78b891af8752da34,2048,2048,2,float32+float32,HARD_LINK,NO,
train,Lookalike,00165.tif,Lookalike/00165.tif,train/images/Lookalike/00165.tif,00165.tif,Mask_lookalike/00165.tif,train/masks/Lookalike/00165.tif,f363c441ef1cdc8cc2251a333976f6d8b9a59e02dfa01bcca6dffd502bfa4ac0,f1aa0ad4cbbd93669d577a8d940448dcd5d4aacec3aa613c78b891af8752da34,2048,2048,2,float32+float32,HARD_LINK,NO,
train,Lookalike,00082.tif,Lookalike/00082.tif,train/images/Lookalike/00082.tif,00082.tif,Mask_lookalike/00082.tif,train/masks/Lookalike/00082.tif,4187a167d24527c3dcf1d907275a0bdd273cc3cd0d42fb1ce656d3044ae93395,f1aa0ad4cbbd93669d577a8d940448dcd5d4aacec3aa613c78b891af8752da34,2048,2048,2,float32+float32,HARD_LINK,NO,
train,Lookalike,00568.tif,Lookalike/00568.tif,train/images/Lookalike/00568.tif,00568.tif,Mask_lookalike/00568.tif,train/masks/Lookalike/00568.tif,718226b587ce2f6d721f57e3227f2b8d83db9b7fe06a59742f8ccee2741bcfc2,f1aa0ad4cbbd93669d577a8d940448dcd5d4aacec3aa613c78b891af8752da34,2048,2048,2,float32+float32,HARD_LINK,NO,
train,Lookalike,00155.tif,Lookalike/00155.tif,train/images/Lookalike/00155.tif,00155.tif,Mask_lookalike/00155.tif,train/masks/Lookalike/00155.tif,7e4c3d14f415b6f2acda6d5591930abe026c9c0e86b57e093ba922e4f16225cc,f1aa0ad4cbbd93669d577a8d940448dcd5d4aacec3aa613c78b891af8752da34,2048,2048,2,float32+float32,HARD_LINK,NO,
train,Lookalike,00523.tif,Lookalike/00523.tif,train/images/Lookalike/00523.tif,00523.tif,Mask_lookalike/00523.tif,train/masks/Lookalike/00523.tif,805b0db5685194cf85f181b10a0272aa9cb40f3f84db426f98d880214e55c316,f1aa0ad4cbbd93669d577a8d940448dcd5d4aacec3aa613c78b891af8752da34,2048,2048,2,float32+float32,HARD_LINK,NO,
train,Lookalike,00265.tif,Lookalike/00265.tif,train/images/Lookalike/00265.tif,00265.tif,Mask_lookalike/00265.tif,train/masks/Lookalike/00265.tif,82291f04fd0f237c85e60329f22072bbe175e626249830e0b8b9383e1117595f,f1aa0ad4cbbd93669d577a8d940448dcd5d4aacec3aa613c78b891af8752da34,2048,2048,2,float32+float32,HARD_LINK,NO,
train,Lookalike,00063.tif,Lookalike/00063.tif,train/images/Lookalike/00063.tif,00063.tif,Mask_lookalike/00063.tif,train/masks/Lookalike/00063.tif,8918eeb999f23767f7a3663e1f4162b5a264a64cc2f9851e649f4842393572ca,f1aa0ad4cbbd93669d577a8d940448dcd5d4aacec3aa613c78b891af8752da34,2048,2048,2,float32+float32,HARD_LINK,NO,
train,Lookalike,00028.tif,Lookalike/00028.tif,train/images/Lookalike/00028.tif,00028.tif,Mask_lookalike/00028.tif,train/masks/Lookalike/00028.tif,5b0454d493a4488ddd848f3001b1a84b8cc41e737ee342e1cbea46999dcd3fe6,f1aa0ad4cbbd93669d577a8d940448dcd5d4aacec3aa613c78b891af8752da34,2048,2048,2,float32+float32,HARD_LINK,NO,
train,Lookalike,00257.tif,Lookalike/00257.tif,train/images/Lookalike/00257.tif,00257.tif,Mask_lookalike/00257.tif,train/masks/Lookalike/00257.tif,32186fee4ff5221658a13ef0eed1270cbe4646e0b6d4adfb36eb8488440400d8,f1aa0ad4cbbd93669d577a8d940448dcd5d4aacec3aa613c78b891af8752da34,2048,2048,2,float32+float32,HARD_LINK,NO,
train,Lookalike,00221.tif,Lookalike/00221.tif,train/images/Lookalike/00221.tif,00221.tif,Mask_lookalike/00221.tif,train/masks/Lookalike/00221.tif,57c9d860977486aca843fd2838bccadbe17be66f6d373ecb7f6b5ca622379134,f1aa0ad4cbbd93669d577a8d940448dcd5d4aacec3aa613c78b891af8752da34,2048,2048,2,float32+float32,HARD_LINK,NO,
train,Lookalike,00449.tif,Lookalike/00449.tif,train/images/Lookalike/00449.tif,00449.tif,Mask_lookalike/00449.tif,train/masks/Lookalike/00449.tif,c3cbf7fa3c89fad3f6e54272750e6d3d60ac50d072ba54ae4970d7e6d44ae36d,f1aa0ad4cbbd93669d577a8d940448dcd5d4aacec3aa613c78b891af8752da34,2048,2048,2,float32+float32,HARD_LINK,NO,
train,Lookalike,00438.tif,Lookalike/00438.tif,train/images/Lookalike/00438.tif,00438.tif,Mask_lookalike/00438.tif,train/masks/Lookalike/00438.tif,750610a16d23a1a0537cfabc3cda5e0aad4dbe1cbca650537fa586474e565e57,f1aa0ad4cbbd93669d577a8d940448dcd5d4aacec3aa613c78b891af8752da34,2048,2048,2,float32+float32,HARD_LINK,NO,
train,Lookalike,00093.tif,Lookalike/00093.tif,train/images/Lookalike/00093.tif,00093.tif,Mask_lookalike/00093.tif,train/masks/Lookalike/00093.tif,12f26045e82ed1c7fa311561c77c16078650f2d0a162ae6b9c9117602d7b2647,f1aa0ad4cbbd93669d577a8d940448dcd5d4aacec3aa613c78b891af8752da34,2048,2048,2,float32+float32,HARD_LINK,NO,
train,Lookalike,00562.tif,Lookalike/00562.tif,train/images/Lookalike/00562.tif,00562.tif,Mask_lookalike/00562.tif,train/masks/Lookalike/00562.tif,b48e114c62f715cbf8e5cc6e74d58097c3f15e6986df918e89fdfea1f0326eca,f1aa0ad4cbbd93669d577a8d940448dcd5d4aacec3aa613c78b891af8752da34,2048,2048,2,float32+float32,HARD_LINK,NO,
train,Lookalike,00327.tif,Lookalike/00327.tif,train/images/Lookalike/00327.tif,00327.tif,Mask_lookalike/00327.tif,train/masks/Lookalike/00327.tif,2b02830452b305f8dd14081559670d7e2c3fcf0c53ad13a8e122c644d064a7b1,f1aa0ad4cbbd93669d577a8d940448dcd5d4aacec3aa613c78b891af8752da34,2048,2048,2,float32+float32,HARD_LINK,NO,
train,Lookalike,00577.tif,Lookalike/00577.tif,train/images/Lookalike/00577.tif,00577.tif,Mask_lookalike/00577.tif,train/masks/Lookalike/00577.tif,f911466d250ed06f4e60e76f2701dc57ad60033091b68580331f86e92644a218,f1aa0ad4cbbd93669d577a8d940448dcd5d4aacec3aa613c78b891af8752da34,2048,2048,2,float32+float32,HARD_LINK,NO,
train,Lookalike,00627.tif,Lookalike/00627.tif,train/images/Lookalike/00627.tif,00627.tif,Mask_lookalike/00627.tif,train/masks/Lookalike/00627.tif,e2b6989e223b5bad2f5d3f46681fc57b4ecd45da5eec28c7eb72cfaa5dcb11ce,f1aa0ad4cbbd93669d577a8d940448dcd5d4aacec3aa613c78b891af8752da34,2048,2048,2,float32+float32,HARD_LINK,NO,
train,Lookalike,00065.tif,Lookalike/00065.tif,train/images/Lookalike/00065.tif,00065.tif,Mask_lookalike/00065.tif,train/masks/Lookalike/00065.tif,fa511d510322422c26183e9dfb1e69c2df71c00b61e885ffb26b3ad2c69e95c3,f1aa0ad4cbbd93669d577a8d940448dcd5d4aacec3aa613c78b891af8752da34,2048,2048,2,float32+float32,HARD_LINK,NO,
train,Lookalike,00176.tif,Lookalike/00176.tif,train/images/Lookalike/00176.tif,00176.tif,Mask_lookalike/00176.tif,train/masks/Lookalike/00176.tif,b1c517484d0c7f5eae9c974ea14ccd80f2303f9aa8160339c8475311feb81b67,f1aa0ad4cbbd93669d577a8d940448dcd5d4aacec3aa613c78b891af8752da34,2048,2048,2,float32+float32,HARD_LINK,NO,
train,Lookalike,00264.tif,Lookalike/00264.tif,train/images/Lookalike/00264.tif,00264.tif,Mask_lookalike/00264.tif,train/masks/Lookalike/00264.tif,478b4c47d5140a6f2c583051d216e42081c855615c938015dbfdb409b5f57d3b,f1aa0ad4cbbd93669d577a8d940448dcd5d4aacec3aa613c78b891af8752da34,2048,2048,2,float32+float32,HARD_LINK,NO,
train,Lookalike,00348.tif,Lookalike/00348.tif,train/images/Lookalike/00348.tif,00348.tif,Mask_lookalike/00348.tif,train/masks/Lookalike/00348.tif,1d0d5552f1e5ec2c791c030c2462569d011f977b5fcfc209e4b8d1fabbc659a7,f1aa0ad4cbbd93669d577a8d940448dcd5d4aacec3aa613c78b891af8752da34,2048,2048,2,float32+float32,HARD_LINK,NO,
train,Lookalike,00238.tif,Lookalike/00238.tif,train/images/Lookalike/00238.tif,00238.tif,Mask_lookalike/00238.tif,train/masks/Lookalike/00238.tif,3f68684454af7833d7867909a033a0df7ff32d8ff4bef5a18e322fc1dbac7a72,f1aa0ad4cbbd93669d577a8d940448dcd5d4aacec3aa613c78b891af8752da34,2048,2048,2,float32+float32,HARD_LINK,NO,
train,Lookalike,00230.tif,Lookalike/00230.tif,train/images/Lookalike/00230.tif,00230.tif,Mask_lookalike/00230.tif,train/masks/Lookalike/00230.tif,d1e2baec919ebcadd88979a4ee638d482ceb916952ee871401dad3bd604936b8,f1aa0ad4cbbd93669d577a8d940448dcd5d4aacec3aa613c78b891af8752da34,2048,2048,2,float32+float32,HARD_LINK,NO,
train,Lookalike,00643.tif,Lookalike/00643.tif,train/images/Lookalike/00643.tif,00643.tif,Mask_lookalike/00643.tif,train/masks/Lookalike/00643.tif,a6c824e9af12e26c89ef73b219965396690fb5cb95ac61508e4468929536d2c8,f1aa0ad4cbbd93669d577a8d940448dcd5d4aacec3aa613c78b891af8752da34,2048,2048,2,float32+float32,HARD_LINK,NO,
train,Lookalike,00672.tif,Lookalike/00672.tif,train/images/Lookalike/00672.tif,00672.tif,Mask_lookalike/00672.tif,train/masks/Lookalike/00672.tif,50c8eaf1ade80f6933638181ac10cc6bb5fd6aa802423ae1f5b76321d1dde493,f1aa0ad4cbbd93669d577a8d940448dcd5d4aacec3aa613c78b891af8752da34,2048,2048,2,float32+float32,HARD_LINK,NO,
train,Lookalike,00162.tif,Lookalike/00162.tif,train/images/Lookalike/00162.tif,00162.tif,Mask_lookalike/00162.tif,train/masks/Lookalike/00162.tif,614c81bab66cd818ae49178a6e4de69dcb1ca19b08ff918085477fd3d7c22e22,f1aa0ad4cbbd93669d577a8d940448dcd5d4aacec3aa613c78b891af8752da34,2048,2048,2,float32+float32,HARD_LINK,NO,
train,Lookalike,00603.tif,Lookalike/00603.tif,train/images/Lookalike/00603.tif,00603.tif,Mask_lookalike/00603.tif,train/masks/Lookalike/00603.tif,a11dc224367ebdbca4eab2e6f72097025d7e69ffdd032178f6e987d2f4af85d2,f1aa0ad4cbbd93669d577a8d940448dcd5d4aacec3aa613c78b891af8752da34,2048,2048,2,float32+float32,HARD_LINK,NO,
train,Lookalike,00495.tif,Lookalike/00495.tif,train/images/Lookalike/00495.tif,00495.tif,Mask_lookalike/00495.tif,train/masks/Lookalike/00495.tif,3caf058c21d89d15f9adb32d84d337832a004d2c432448799f071a6b0bd8f79f,f1aa0ad4cbbd93669d577a8d940448dcd5d4aacec3aa613c78b891af8752da34,2048,2048,2,float32+float32,HARD_LINK,NO,
train,Lookalike,00294.tif,Lookalike/00294.tif,train/images/Lookalike/00294.tif,00294.tif,Mask_lookalike/00294.tif,train/masks/Lookalike/00294.tif,54fb0a44a21e47ef3697f30c2fc625840acb57acc2c55a21b92eae16b69827bf,f1aa0ad4cbbd93669d577a8d940448dcd5d4aacec3aa613c78b891af8752da34,2048,2048,2,float32+float32,HARD_LINK,NO,
train,Lookalike,00421.tif,Lookalike/00421.tif,train/images/Lookalike/00421.tif,00421.tif,Mask_lookalike/00421.tif,train/masks/Lookalike/00421.tif,93f72efc1a9fd75048c1a796466a82d7ab4d3b906f8afd51ced1f8254595f9b9,f1aa0ad4cbbd93669d577a8d940448dcd5d4aacec3aa613c78b891af8752da34,2048,2048,2,float32+float32,HARD_LINK,NO,
train,Lookalike,00209.tif,Lookalike/00209.tif,train/images/Lookalike/00209.tif,00209.tif,Mask_lookalike/00209.tif,train/masks/Lookalike/00209.tif,e74f32638ac7993c1a7dfa5b8b99b786236fbb99a293241223898f34aaba3a74,f1aa0ad4cbbd93669d577a8d940448dcd5d4aacec3aa613c78b891af8752da34,2048,2048,2,float32+float32,HARD_LINK,NO,
train,Lookalike,00393.tif,Lookalike/00393.tif,train/images/Lookalike/00393.tif,00393.tif,Mask_lookalike/00393.tif,train/masks/Lookalike/00393.tif,faedc3731626513176244baa27b3dd161215686cc06a5050422e138767662e78,f1aa0ad4cbbd93669d577a8d940448dcd5d4aacec3aa613c78b891af8752da34,2048,2048,2,float32+float32,HARD_LINK,NO,
train,Lookalike,00210.tif,Lookalike/00210.tif,train/images/Lookalike/00210.tif,00210.tif,Mask_lookalike/00210.tif,train/masks/Lookalike/00210.tif,1c4ce042d2e981705d131dd9bfbe98472839df217a3adb4f3d620820bb012356,f1aa0ad4cbbd93669d577a8d940448dcd5d4aacec3aa613c78b891af8752da34,2048,2048,2,float32+float32,HARD_LINK,NO,
train,Lookalike,00269.tif,Lookalike/00269.tif,train/images/Lookalike/00269.tif,00269.tif,Mask_lookalike/00269.tif,train/masks/Lookalike/00269.tif,11e2810e38f98ce7b0ca16099edcefea37a9d30f0fa6c7742e15933dc9e927bf,f1aa0ad4cbbd93669d577a8d940448dcd5d4aacec3aa613c78b891af8752da34,2048,2048,2,float32+float32,HARD_LINK,NO,
train,Lookalike,00245.tif,Lookalike/00245.tif,train/images/Lookalike/00245.tif,00245.tif,Mask_lookalike/00245.tif,train/masks/Lookalike/00245.tif,6c80ce13abf06807e4c64a6fe4cf12612f1f33f24d90688e745345ee650aab24,f1aa0ad4cbbd93669d577a8d940448dcd5d4aacec3aa613c78b891af8752da34,2048,2048,2,float32+float32,HARD_LINK,NO,
train,Lookalike,00368.tif,Lookalike/00368.tif,train/images/Lookalike/00368.tif,00368.tif,Mask_lookalike/00368.tif,train/masks/Lookalike/00368.tif,61d993b5215474b51e6b72e9a78088bd3884e9980d60d0791b1b31d33b9879f6,f1aa0ad4cbbd93669d577a8d940448dcd5d4aacec3aa613c78b891af8752da34,2048,2048,2,float32+float32,HARD_LINK,NO,
train,Lookalike,00367.tif,Lookalike/00367.tif,train/images/Lookalike/00367.tif,00367.tif,Mask_lookalike/00367.tif,train/masks/Lookalike/00367.tif,22aef213922130071303bd8b8362f582a4a842bfd03f1e41aed1388b1b9ec0cb,f1aa0ad4cbbd93669d577a8d940448dcd5d4aacec3aa613c78b891af8752da34,2048,2048,2,float32+float32,HARD_LINK,NO,
train,Lookalike,00203.tif,Lookalike/00203.tif,train/images/Lookalike/00203.tif,00203.tif,Mask_lookalike/00203.tif,train/masks/Lookalike/00203.tif,c206b8bfa6c0e575c4bf6dddc3e83f9e6a135ed607818a4b6de64f5c048e1b97,f1aa0ad4cbbd93669d577a8d940448dcd5d4aacec3aa613c78b891af8752da34,2048,2048,2,float32+float32,HARD_LINK,NO,
train,Lookalike,00158.tif,Lookalike/00158.tif,train/images/Lookalike/00158.tif,00158.tif,Mask_lookalike/00158.tif,train/masks/Lookalike/00158.tif,a2e1e5bf5ff98dfabdf7496586dc4110e08b718c7bd6b86fedbb3898d677b316,f1aa0ad4cbbd93669d577a8d940448dcd5d4aacec3aa613c78b891af8752da34,2048,2048,2,float32+float32,HARD_LINK,NO,
train,Lookalike,00626.tif,Lookalike/00626.tif,train/images/Lookalike/00626.tif,00626.tif,Mask_lookalike/00626.tif,train/masks/Lookalike/00626.tif,f52890421bef9bf4ac66f3348074e3f4803e90f00edf39a00c3f1612b96c5f82,f1aa0ad4cbbd93669d577a8d940448dcd5d4aacec3aa613c78b891af8752da34,2048,2048,2,float32+float32,HARD_LINK,NO,
train,Lookalike,00489.tif,Lookalike/00489.tif,train/images/Lookalike/00489.tif,00489.tif,Mask_lookalike/00489.tif,train/masks/Lookalike/00489.tif,a3c95e7b5be278bed160849a74c68d69dcf519320d9ee43f12481b3de8ee796c,f1aa0ad4cbbd93669d577a8d940448dcd5d4aacec3aa613c78b891af8752da34,2048,2048,2,float32+float32,HARD_LINK,NO,
train,Lookalike,00504.tif,Lookalike/00504.tif,train/images/Lookalike/00504.tif,00504.tif,Mask_lookalike/00504.tif,train/masks/Lookalike/00504.tif,5888a660603b0d498a5cf14ac232c1852f5090e86db00f164ba1f92d52425add,f1aa0ad4cbbd93669d577a8d940448dcd5d4aacec3aa613c78b891af8752da34,2048,2048,2,float32+float32,HARD_LINK,NO,
train,Lookalike,00066.tif,Lookalike/00066.tif,train/images/Lookalike/00066.tif,00066.tif,Mask_lookalike/00066.tif,train/masks/Lookalike/00066.tif,9efb4d0b36308bc342e786310c52fdbabc732881e3a2856d0e1bee2f57e01578,f1aa0ad4cbbd93669d577a8d940448dcd5d4aacec3aa613c78b891af8752da34,2048,2048,2,float32+float32,HARD_LINK,NO,
train,Lookalike,00282.tif,Lookalike/00282.tif,train/images/Lookalike/00282.tif,00282.tif,Mask_lookalike/00282.tif,train/masks/Lookalike/00282.tif,10f09be7457f25e7c4e0bffd5fecabd92ad9fa35ce46301acfdc4370fbb9ab77,f1aa0ad4cbbd93669d577a8d940448dcd5d4aacec3aa613c78b891af8752da34,2048,2048,2,float32+float32,HARD_LINK,NO,
train,Lookalike,00411.tif,Lookalike/00411.tif,train/images/Lookalike/00411.tif,00411.tif,Mask_lookalike/00411.tif,train/masks/Lookalike/00411.tif,b325bc38a1b15a70ef8f1b391887c5583c0bd8dddd1c2a6145f275cccd732aae,f1aa0ad4cbbd93669d577a8d940448dcd5d4aacec3aa613c78b891af8752da34,2048,2048,2,float32+float32,HARD_LINK,NO,
train,Lookalike,00239.tif,Lookalike/00239.tif,train/images/Lookalike/00239.tif,00239.tif,Mask_lookalike/00239.tif,train/masks/Lookalike/00239.tif,f18239f3fdc7bf594e2a9e7a894c9a295209a792025e3b6f14370f61d9848735,f1aa0ad4cbbd93669d577a8d940448dcd5d4aacec3aa613c78b891af8752da34,2048,2048,2,float32+float32,HARD_LINK,NO,
train,Lookalike,00188.tif,Lookalike/00188.tif,train/images/Lookalike/00188.tif,00188.tif,Mask_lookalike/00188.tif,train/masks/Lookalike/00188.tif,0928cf18e8fb597cd72074e94ef703a0998c0b7b9e309eab217def07ee727afd,f1aa0ad4cbbd93669d577a8d940448dcd5d4aacec3aa613c78b891af8752da34,2048,2048,2,float32+float32,HARD_LINK,NO,
train,Lookalike,00684.tif,Lookalike/00684.tif,train/images/Lookalike/00684.tif,00684.tif,Mask_lookalike/00684.tif,train/masks/Lookalike/00684.tif,a7ab62353cff0b07cb7882a97c136de086f6818d1fc37244dbcb3f19e054ef97,f1aa0ad4cbbd93669d577a8d940448dcd5d4aacec3aa613c78b891af8752da34,2048,2048,2,float32+float32,HARD_LINK,NO,
train,Lookalike,00283.tif,Lookalike/00283.tif,train/images/Lookalike/00283.tif,00283.tif,Mask_lookalike/00283.tif,train/masks/Lookalike/00283.tif,deb2f6fed86d104a9fda3df7142e3f225a9788cc58bd46bf82608c2ff6069391,f1aa0ad4cbbd93669d577a8d940448dcd5d4aacec3aa613c78b891af8752da34,2048,2048,2,float32+float32,HARD_LINK,NO,
train,Lookalike,00564.tif,Lookalike/00564.tif,train/images/Lookalike/00564.tif,00564.tif,Mask_lookalike/00564.tif,train/masks/Lookalike/00564.tif,d2e3b64fb3f7369fd5965c07678d2e39f44c4feca34bca5e17d36f69b094a4ec,f1aa0ad4cbbd93669d577a8d940448dcd5d4aacec3aa613c78b891af8752da34,2048,2048,2,float32+float32,HARD_LINK,NO,
train,Lookalike,00013.tif,Lookalike/00013.tif,train/images/Lookalike/00013.tif,00013.tif,Mask_lookalike/00013.tif,train/masks/Lookalike/00013.tif,6128648c542d41b222ad8e2cf0276f20b94a09ed4df1e9bcd9b79f1f6935c058,f1aa0ad4cbbd93669d577a8d940448dcd5d4aacec3aa613c78b891af8752da34,2048,2048,2,float32+float32,HARD_LINK,NO,
train,Lookalike,00252.tif,Lookalike/00252.tif,train/images/Lookalike/00252.tif,00252.tif,Mask_lookalike/00252.tif,train/masks/Lookalike/00252.tif,d4390f5b5ab2bc6ba6f18df71e75324a26068ea891b523fa1c62894a0004154a,f1aa0ad4cbbd93669d577a8d940448dcd5d4aacec3aa613c78b891af8752da34,2048,2048,2,float32+float32,HARD_LINK,NO,
train,Lookalike,00404.tif,Lookalike/00404.tif,train/images/Lookalike/00404.tif,00404.tif,Mask_lookalike/00404.tif,train/masks/Lookalike/00404.tif,bc8c61fcbb2a276cd2e25b6fd3f6cb61c1677efe23cad8b734ca856463a5badf,f1aa0ad4cbbd93669d577a8d940448dcd5d4aacec3aa613c78b891af8752da34,2048,2048,2,float32+float32,HARD_LINK,NO,
train,Lookalike,00121.tif,Lookalike/00121.tif,train/images/Lookalike/00121.tif,00121.tif,Mask_lookalike/00121.tif,train/masks/Lookalike/00121.tif,eb97e5e774c3f6946a0d3f3788a51e45072670716dc6a57478a84e0dc2ed1189,f1aa0ad4cbbd93669d577a8d940448dcd5d4aacec3aa613c78b891af8752da34,2048,2048,2,float32+float32,HARD_LINK,NO,
train,Lookalike,00071.tif,Lookalike/00071.tif,train/images/Lookalike/00071.tif,00071.tif,Mask_lookalike/00071.tif,train/masks/Lookalike/00071.tif,b6109ffddaaef937d397354bacda1072ced5ec3a8c1e4d9b6d69b93d09284ea7,f1aa0ad4cbbd93669d577a8d940448dcd5d4aacec3aa613c78b891af8752da34,2048,2048,2,float32+float32,HARD_LINK,NO,
train,Lookalike,00405.tif,Lookalike/00405.tif,train/images/Lookalike/00405.tif,00405.tif,Mask_lookalike/00405.tif,train/masks/Lookalike/00405.tif,b3fe2cb1b56b508c42e7686a6e68b01ffbc165b747ded949d2797b6de5578767,f1aa0ad4cbbd93669d577a8d940448dcd5d4aacec3aa613c78b891af8752da34,2048,2048,2,float32+float32,HARD_LINK,NO,
train,Lookalike,00499.tif,Lookalike/00499.tif,train/images/Lookalike/00499.tif,00499.tif,Mask_lookalike/00499.tif,train/masks/Lookalike/00499.tif,dc4c4de6ff317923c041584b85a4934237814739240721b44b2ce72524a4b572,f1aa0ad4cbbd93669d577a8d940448dcd5d4aacec3aa613c78b891af8752da34,2048,2048,2,float32+float32,HARD_LINK,NO,
train,Lookalike,00498.tif,Lookalike/00498.tif,train/images/Lookalike/00498.tif,00498.tif,Mask_lookalike/00498.tif,train/masks/Lookalike/00498.tif,4faa11dbe2470c156de72f368719d90b82a7895ebb331c63005feb14ccfcf50c,f1aa0ad4cbbd93669d577a8d940448dcd5d4aacec3aa613c78b891af8752da34,2048,2048,2,float32+float32,HARD_LINK,NO,
train,Lookalike,00114.tif,Lookalike/00114.tif,train/images/Lookalike/00114.tif,00114.tif,Mask_lookalike/00114.tif,train/masks/Lookalike/00114.tif,47f0fb2e33cd032b2d6997014bfc7b7ac5f82f91237ff48dcf6539f547c435e2,f1aa0ad4cbbd93669d577a8d940448dcd5d4aacec3aa613c78b891af8752da34,2048,2048,2,float32+float32,HARD_LINK,NO,
train,Lookalike,00260.tif,Lookalike/00260.tif,train/images/Lookalike/00260.tif,00260.tif,Mask_lookalike/00260.tif,train/masks/Lookalike/00260.tif,f6149745998d394d2f9bddb31295b74f54dd2febe5869719c8d84ea73cf036da,f1aa0ad4cbbd93669d577a8d940448dcd5d4aacec3aa613c78b891af8752da34,2048,2048,2,float32+float32,HARD_LINK,NO,
train,Lookalike,00185.tif,Lookalike/00185.tif,train/images/Lookalike/00185.tif,00185.tif,Mask_lookalike/00185.tif,train/masks/Lookalike/00185.tif,390e529a39ed633a7005b6df5d431ab0d08bc71da357184e79a00b74c9be37fc,f1aa0ad4cbbd93669d577a8d940448dcd5d4aacec3aa613c78b891af8752da34,2048,2048,2,float32+float32,HARD_LINK,NO,
train,Lookalike,00406.tif,Lookalike/00406.tif,train/images/Lookalike/00406.tif,00406.tif,Mask_lookalike/00406.tif,train/masks/Lookalike/00406.tif,e70f6bb15653dea364cbbf0e4d62a6ff2b9fcbab8dfdd66a571e01db19afb008,f1aa0ad4cbbd93669d577a8d940448dcd5d4aacec3aa613c78b891af8752da34,2048,2048,2,float32+float32,HARD_LINK,NO,
train,Lookalike,00089.tif,Lookalike/00089.tif,train/images/Lookalike/00089.tif,00089.tif,Mask_lookalike/00089.tif,train/masks/Lookalike/00089.tif,390a84a43f6a6ef053ddb167db85e2bceaf70618ef66f2d80339c23c9f324e42,f1aa0ad4cbbd93669d577a8d940448dcd5d4aacec3aa613c78b891af8752da34,2048,2048,2,float32+float32,HARD_LINK,NO,
train,Lookalike,00326.tif,Lookalike/00326.tif,train/images/Lookalike/00326.tif,00326.tif,Mask_lookalike/00326.tif,train/masks/Lookalike/00326.tif,d10fb6a01fcee64d46de3208f9e181877fcf612c5088f0e3b61a899ca0913be8,f1aa0ad4cbbd93669d577a8d940448dcd5d4aacec3aa613c78b891af8752da34,2048,2048,2,float32+float32,HARD_LINK,NO,
train,Lookalike,00358.tif,Lookalike/00358.tif,train/images/Lookalike/00358.tif,00358.tif,Mask_lookalike/00358.tif,train/masks/Lookalike/00358.tif,7fc9ee3a1ac0d3c0d724d19bd083ec74f962e3974257505ae9668964719ab691,f1aa0ad4cbbd93669d577a8d940448dcd5d4aacec3aa613c78b891af8752da34,2048,2048,2,float32+float32,HARD_LINK,NO,
train,Lookalike,00482.tif,Lookalike/00482.tif,train/images/Lookalike/00482.tif,00482.tif,Mask_lookalike/00482.tif,train/masks/Lookalike/00482.tif,4a83268d0583b6cfc79af955e20be208f7a71c8883fe762a3229ef70fde717d7,f1aa0ad4cbbd93669d577a8d940448dcd5d4aacec3aa613c78b891af8752da34,2048,2048,2,float32+float32,HARD_LINK,NO,
train,Lookalike,00364.tif,Lookalike/00364.tif,train/images/Lookalike/00364.tif,00364.tif,Mask_lookalike/00364.tif,train/masks/Lookalike/00364.tif,ef8ebf91e2ab22a5657be11b790eff6c0bf9e46a5bfbab217648fe2aefe236e2,f1aa0ad4cbbd93669d577a8d940448dcd5d4aacec3aa613c78b891af8752da34,2048,2048,2,float32+float32,HARD_LINK,NO,
train,Lookalike,00566.tif,Lookalike/00566.tif,train/images/Lookalike/00566.tif,00566.tif,Mask_lookalike/00566.tif,train/masks/Lookalike/00566.tif,1e164187c0104f0e185224305be217ed058d159218801dc12d16d14fa43c00b5,f1aa0ad4cbbd93669d577a8d940448dcd5d4aacec3aa613c78b891af8752da34,2048,2048,2,float32+float32,HARD_LINK,NO,
train,Lookalike,00435.tif,Lookalike/00435.tif,train/images/Lookalike/00435.tif,00435.tif,Mask_lookalike/00435.tif,train/masks/Lookalike/00435.tif,611030ca2771174e40562caafc307dc5ed6db5a9543ce49e0affc94a1cfa28fa,f1aa0ad4cbbd93669d577a8d940448dcd5d4aacec3aa613c78b891af8752da34,2048,2048,2,float32+float32,HARD_LINK,NO,
train,Lookalike,00673.tif,Lookalike/00673.tif,train/images/Lookalike/00673.tif,00673.tif,Mask_lookalike/00673.tif,train/masks/Lookalike/00673.tif,5e0667008985fef792f694bfc48562f372d6f60ba7c263145fc046af45e407cc,f1aa0ad4cbbd93669d577a8d940448dcd5d4aacec3aa613c78b891af8752da34,2048,2048,2,float32+float32,HARD_LINK,NO,
train,Lookalike,00555.tif,Lookalike/00555.tif,train/images/Lookalike/00555.tif,00555.tif,Mask_lookalike/00555.tif,train/masks/Lookalike/00555.tif,971b1cb97897a068fa15c10915b00eeccbc3b5545a9311a188a28163ea05830e,f1aa0ad4cbbd93669d577a8d940448dcd5d4aacec3aa613c78b891af8752da34,2048,2048,2,float32+float32,HARD_LINK,NO,
train,Lookalike,00148.tif,Lookalike/00148.tif,train/images/Lookalike/00148.tif,00148.tif,Mask_lookalike/00148.tif,train/masks/Lookalike/00148.tif,07a468db7bbb1803a04fa3dad3b25881dba4c8e22c1d960a8ff6c74323931e1e,f1aa0ad4cbbd93669d577a8d940448dcd5d4aacec3aa613c78b891af8752da34,2048,2048,2,float32+float32,HARD_LINK,NO,
train,Lookalike,00277.tif,Lookalike/00277.tif,train/images/Lookalike/00277.tif,00277.tif,Mask_lookalike/00277.tif,train/masks/Lookalike/00277.tif,579916ee58618df41bcfd9dc285fa0d93708b9e7406bc441f7073b757a10cf8c,f1aa0ad4cbbd93669d577a8d940448dcd5d4aacec3aa613c78b891af8752da34,2048,2048,2,float32+float32,HARD_LINK,NO,
train,Lookalike,00546.tif,Lookalike/00546.tif,train/images/Lookalike/00546.tif,00546.tif,Mask_lookalike/00546.tif,train/masks/Lookalike/00546.tif,b36e43b554d362522c8ef842a5b6496cf26ef711edb6315f30815cd2ac820688,f1aa0ad4cbbd93669d577a8d940448dcd5d4aacec3aa613c78b891af8752da34,2048,2048,2,float32+float32,HARD_LINK,NO,
train,Lookalike,00529.tif,Lookalike/00529.tif,train/images/Lookalike/00529.tif,00529.tif,Mask_lookalike/00529.tif,train/masks/Lookalike/00529.tif,dd53cb76d295cf6d04506cc6e87b80719ba9ae725d0d1a06f307021b941bec67,f1aa0ad4cbbd93669d577a8d940448dcd5d4aacec3aa613c78b891af8752da34,2048,2048,2,float32+float32,HARD_LINK,NO,
train,Lookalike,00363.tif,Lookalike/00363.tif,train/images/Lookalike/00363.tif,00363.tif,Mask_lookalike/00363.tif,train/masks/Lookalike/00363.tif,15cb816e750870a9ae049fee63889fb5909dc03c9719354471938d46712c770a,f1aa0ad4cbbd93669d577a8d940448dcd5d4aacec3aa613c78b891af8752da34,2048,2048,2,float32+float32,HARD_LINK,NO,
train,Lookalike,00177.tif,Lookalike/00177.tif,train/images/Lookalike/00177.tif,00177.tif,Mask_lookalike/00177.tif,train/masks/Lookalike/00177.tif,8f352cc9a5f774935d3ca7e776f3ea9275855e9ead3598df44f78f509027f20e,f1aa0ad4cbbd93669d577a8d940448dcd5d4aacec3aa613c78b891af8752da34,2048,2048,2,float32+float32,HARD_LINK,NO,
train,Lookalike,00341.tif,Lookalike/00341.tif,train/images/Lookalike/00341.tif,00341.tif,Mask_lookalike/00341.tif,train/masks/Lookalike/00341.tif,e4ae72a564519129cce5a32f114817597ed31bce3053907299c6008bb6e001f7,f1aa0ad4cbbd93669d577a8d940448dcd5d4aacec3aa613c78b891af8752da34,2048,2048,2,float32+float32,HARD_LINK,NO,
train,Lookalike,00670.tif,Lookalike/00670.tif,train/images/Lookalike/00670.tif,00670.tif,Mask_lookalike/00670.tif,train/masks/Lookalike/00670.tif,52fb434051b87c01e52454dbaddff2347a8bae75732e01823e4ba8b13e418f7b,f1aa0ad4cbbd93669d577a8d940448dcd5d4aacec3aa613c78b891af8752da34,2048,2048,2,float32+float32,HARD_LINK,NO,
train,Lookalike,00432.tif,Lookalike/00432.tif,train/images/Lookalike/00432.tif,00432.tif,Mask_lookalike/00432.tif,train/masks/Lookalike/00432.tif,862b84b5ebe47adf189073ef59b46e48a21fe428367af8a15a47a4b0bc5eda93,f1aa0ad4cbbd93669d577a8d940448dcd5d4aacec3aa613c78b891af8752da34,2048,2048,2,float32+float32,HARD_LINK,NO,
train,Lookalike,00349.tif,Lookalike/00349.tif,train/images/Lookalike/00349.tif,00349.tif,Mask_lookalike/00349.tif,train/masks/Lookalike/00349.tif,c1dbdac9ab65a95696ed7553b21838676919105e03d696ef0112687b9fede1e1,f1aa0ad4cbbd93669d577a8d940448dcd5d4aacec3aa613c78b891af8752da34,2048,2048,2,float32+float32,HARD_LINK,NO,
train,Lookalike,00414.tif,Lookalike/00414.tif,train/images/Lookalike/00414.tif,00414.tif,Mask_lookalike/00414.tif,train/masks/Lookalike/00414.tif,4500fd513ca812f089abb882b211ed08a6092ffc1f5c547830a4c583b322fc4b,f1aa0ad4cbbd93669d577a8d940448dcd5d4aacec3aa613c78b891af8752da34,2048,2048,2,float32+float32,HARD_LINK,NO,
train,Lookalike,00598.tif,Lookalike/00598.tif,train/images/Lookalike/00598.tif,00598.tif,Mask_lookalike/00598.tif,train/masks/Lookalike/00598.tif,27be9d58825aee769056c2c7a1324152f744440bdd20b10121a8ca970cb883fe,f1aa0ad4cbbd93669d577a8d940448dcd5d4aacec3aa613c78b891af8752da34,2048,2048,2,float32+float32,HARD_LINK,NO,
train,Lookalike,00227.tif,Lookalike/00227.tif,train/images/Lookalike/00227.tif,00227.tif,Mask_lookalike/00227.tif,train/masks/Lookalike/00227.tif,ca7bc0453d662ef0a055ed18e5c54ea621189e92c9e0974f3554dba9ab7b84dd,f1aa0ad4cbbd93669d577a8d940448dcd5d4aacec3aa613c78b891af8752da34,2048,2048,2,float32+float32,HARD_LINK,NO,
train,Lookalike,00585.tif,Lookalike/00585.tif,train/images/Lookalike/00585.tif,00585.tif,Mask_lookalike/00585.tif,train/masks/Lookalike/00585.tif,d0f052cca4118b8c122c0fedbeca0ab3c5c686d68153696e6b496d60f96111e2,f1aa0ad4cbbd93669d577a8d940448dcd5d4aacec3aa613c78b891af8752da34,2048,2048,2,float32+float32,HARD_LINK,NO,
train,Lookalike,00593.tif,Lookalike/00593.tif,train/images/Lookalike/00593.tif,00593.tif,Mask_lookalike/00593.tif,train/masks/Lookalike/00593.tif,e74997a78722272e12b782b6bda59df0dd153e352653ee10aa4d3158930351de,f1aa0ad4cbbd93669d577a8d940448dcd5d4aacec3aa613c78b891af8752da34,2048,2048,2,float32+float32,HARD_LINK,NO,
train,Lookalike,00088.tif,Lookalike/00088.tif,train/images/Lookalike/00088.tif,00088.tif,Mask_lookalike/00088.tif,train/masks/Lookalike/00088.tif,d158b7fe62f7b3f6732e5d55bba95a67f419d8dbed4be66491b394fbfe405014,f1aa0ad4cbbd93669d577a8d940448dcd5d4aacec3aa613c78b891af8752da34,2048,2048,2,float32+float32,HARD_LINK,NO,
train,Lookalike,00231.tif,Lookalike/00231.tif,train/images/Lookalike/00231.tif,00231.tif,Mask_lookalike/00231.tif,train/masks/Lookalike/00231.tif,21032dd648adfc57d4545e38f00b8b3f1bb17200b3b59a388083fde2206e822b,f1aa0ad4cbbd93669d577a8d940448dcd5d4aacec3aa613c78b891af8752da34,2048,2048,2,float32+float32,HARD_LINK,NO,
train,Lookalike,00649.tif,Lookalike/00649.tif,train/images/Lookalike/00649.tif,00649.tif,Mask_lookalike/00649.tif,train/masks/Lookalike/00649.tif,06a58523b4fa59fa2066d70fcdae53a5a5870bb04f38f247dd5150a29bfdfeb8,f1aa0ad4cbbd93669d577a8d940448dcd5d4aacec3aa613c78b891af8752da34,2048,2048,2,float32+float32,HARD_LINK,NO,
train,Lookalike,00554.tif,Lookalike/00554.tif,train/images/Lookalike/00554.tif,00554.tif,Mask_lookalike/00554.tif,train/masks/Lookalike/00554.tif,2dadf01dda6bec5dffaa514a68abb5ba1cbb1ad2967beea6b0576dd3a1e06d53,f1aa0ad4cbbd93669d577a8d940448dcd5d4aacec3aa613c78b891af8752da34,2048,2048,2,float32+float32,HARD_LINK,NO,
train,Lookalike,00619.tif,Lookalike/00619.tif,train/images/Lookalike/00619.tif,00619.tif,Mask_lookalike/00619.tif,train/masks/Lookalike/00619.tif,709f1350b28cf23cc5dca747c6c98d8bf8194b96b824e9f1c35b13362d8f2cf4,f1aa0ad4cbbd93669d577a8d940448dcd5d4aacec3aa613c78b891af8752da34,2048,2048,2,float32+float32,HARD_LINK,NO,
train,Lookalike,00062.tif,Lookalike/00062.tif,train/images/Lookalike/00062.tif,00062.tif,Mask_lookalike/00062.tif,train/masks/Lookalike/00062.tif,6626e9c7bbe52cdf124abb8c51f7dfe47115dacb620aef2bf421dc8c88c1338f,f1aa0ad4cbbd93669d577a8d940448dcd5d4aacec3aa613c78b891af8752da34,2048,2048,2,float32+float32,HARD_LINK,NO,
train,Lookalike,00102.tif,Lookalike/00102.tif,train/images/Lookalike/00102.tif,00102.tif,Mask_lookalike/00102.tif,train/masks/Lookalike/00102.tif,0bc4a3e563fc92e4c900ae33fa4a991e22c85cc121ce1bc8d189a6af8c99d8fc,f1aa0ad4cbbd93669d577a8d940448dcd5d4aacec3aa613c78b891af8752da34,2048,2048,2,float32+float32,HARD_LINK,NO,
train,Lookalike,00251.tif,Lookalike/00251.tif,train/images/Lookalike/00251.tif,00251.tif,Mask_lookalike/00251.tif,train/masks/Lookalike/00251.tif,088bbe044828d3244c8e04b6710f2cf02309700ef9ce601d5cc0e6e1b8ebd312,f1aa0ad4cbbd93669d577a8d940448dcd5d4aacec3aa613c78b891af8752da34,2048,2048,2,float32+float32,HARD_LINK,NO,
train,Lookalike,00469.tif,Lookalike/00469.tif,train/images/Lookalike/00469.tif,00469.tif,Mask_lookalike/00469.tif,train/masks/Lookalike/00469.tif,ee7f5d8b5f204d538b734b5d24bc329ea6e750017359d956fb38ec38f4c44f6e,f1aa0ad4cbbd93669d577a8d940448dcd5d4aacec3aa613c78b891af8752da34,2048,2048,2,float32+float32,HARD_LINK,NO,
train,Lookalike,00355.tif,Lookalike/00355.tif,train/images/Lookalike/00355.tif,00355.tif,Mask_lookalike/00355.tif,train/masks/Lookalike/00355.tif,4512582501ef8b86ba0b8be890b50b638817f5ec1521b31c198cd66565717d86,f1aa0ad4cbbd93669d577a8d940448dcd5d4aacec3aa613c78b891af8752da34,2048,2048,2,float32+float32,HARD_LINK,NO,
train,Lookalike,00633.tif,Lookalike/00633.tif,train/images/Lookalike/00633.tif,00633.tif,Mask_lookalike/00633.tif,train/masks/Lookalike/00633.tif,42261855c7bfa7c2568f500eeb9ab2140ba1bfa23a3e379f53f47e9226c6179b,f1aa0ad4cbbd93669d577a8d940448dcd5d4aacec3aa613c78b891af8752da34,2048,2048,2,float32+float32,HARD_LINK,NO,
train,Lookalike,00591.tif,Lookalike/00591.tif,train/images/Lookalike/00591.tif,00591.tif,Mask_lookalike/00591.tif,train/masks/Lookalike/00591.tif,640716e384cefe2c7d4e66e7fee8c10fd71417b4678fe83c5379f64c5a590bc9,f1aa0ad4cbbd93669d577a8d940448dcd5d4aacec3aa613c78b891af8752da34,2048,2048,2,float32+float32,HARD_LINK,NO,
train,Lookalike,00109.tif,Lookalike/00109.tif,train/images/Lookalike/00109.tif,00109.tif,Mask_lookalike/00109.tif,train/masks/Lookalike/00109.tif,6199761cca45c865ba714e6398c806fb1fb025f091b82d5a1392dc717bd358e2,f1aa0ad4cbbd93669d577a8d940448dcd5d4aacec3aa613c78b891af8752da34,2048,2048,2,float32+float32,HARD_LINK,NO,
train,Lookalike,00228.tif,Lookalike/00228.tif,train/images/Lookalike/00228.tif,00228.tif,Mask_lookalike/00228.tif,train/masks/Lookalike/00228.tif,7ae74d938cfc2082c27ad418a85924c604149f468e1ada70ae0c0e6e614933db,f1aa0ad4cbbd93669d577a8d940448dcd5d4aacec3aa613c78b891af8752da34,2048,2048,2,float32+float32,HARD_LINK,NO,
train,Lookalike,00660.tif,Lookalike/00660.tif,train/images/Lookalike/00660.tif,00660.tif,Mask_lookalike/00660.tif,train/masks/Lookalike/00660.tif,39084e909096d1622186c907f1f064cc3369cf7ccddae0dd979a41ef40b0c8f0,f1aa0ad4cbbd93669d577a8d940448dcd5d4aacec3aa613c78b891af8752da34,2048,2048,2,float32+float32,HARD_LINK,NO,
train,Lookalike,00133.tif,Lookalike/00133.tif,train/images/Lookalike/00133.tif,00133.tif,Mask_lookalike/00133.tif,train/masks/Lookalike/00133.tif,1913fcdfdf6473a18cb49766845933834db1f53d413165877fd4dbb2aad11346,f1aa0ad4cbbd93669d577a8d940448dcd5d4aacec3aa613c78b891af8752da34,2048,2048,2,float32+float32,HARD_LINK,NO,
train,Lookalike,00512.tif,Lookalike/00512.tif,train/images/Lookalike/00512.tif,00512.tif,Mask_lookalike/00512.tif,train/masks/Lookalike/00512.tif,778d0b933ebb6fa5cae2c23ec4ce36a1d6f32b6fbc547f33baa8d413ccb218d5,f1aa0ad4cbbd93669d577a8d940448dcd5d4aacec3aa613c78b891af8752da34,2048,2048,2,float32+float32,HARD_LINK,NO,
train,Lookalike,00134.tif,Lookalike/00134.tif,train/images/Lookalike/00134.tif,00134.tif,Mask_lookalike/00134.tif,train/masks/Lookalike/00134.tif,dc8bb8316c794891f0b994e7c0bb18c1e8b7506758a9a66ab3e8b610cc7a4e26,f1aa0ad4cbbd93669d577a8d940448dcd5d4aacec3aa613c78b891af8752da34,2048,2048,2,float32+float32,HARD_LINK,NO,
train,Lookalike,00120.tif,Lookalike/00120.tif,train/images/Lookalike/00120.tif,00120.tif,Mask_lookalike/00120.tif,train/masks/Lookalike/00120.tif,be39b143135e7247a9519f679bb5d71456eb403ad3c0d70adea98b949084f8ec,f1aa0ad4cbbd93669d577a8d940448dcd5d4aacec3aa613c78b891af8752da34,2048,2048,2,float32+float32,HARD_LINK,NO,
train,Lookalike,00624.tif,Lookalike/00624.tif,train/images/Lookalike/00624.tif,00624.tif,Mask_lookalike/00624.tif,train/masks/Lookalike/00624.tif,a919ebb61dc40ad9ad030599e460a19f6e2d344d5c798274f96850d620a08507,f1aa0ad4cbbd93669d577a8d940448dcd5d4aacec3aa613c78b891af8752da34,2048,2048,2,float32+float32,HARD_LINK,NO,
train,Lookalike,00655.tif,Lookalike/00655.tif,train/images/Lookalike/00655.tif,00655.tif,Mask_lookalike/00655.tif,train/masks/Lookalike/00655.tif,a36c1b76b0929f2de0c36ea86243ed3ea7fabc8c53f869b1d4fb87e407845cf8,f1aa0ad4cbbd93669d577a8d940448dcd5d4aacec3aa613c78b891af8752da34,2048,2048,2,float32+float32,HARD_LINK,NO,
train,Lookalike,00190.tif,Lookalike/00190.tif,train/images/Lookalike/00190.tif,00190.tif,Mask_lookalike/00190.tif,train/masks/Lookalike/00190.tif,3dc64771b67e6a975585218139ec9106556acebccbf69c043703e045f94646e0,f1aa0ad4cbbd93669d577a8d940448dcd5d4aacec3aa613c78b891af8752da34,2048,2048,2,float32+float32,HARD_LINK,NO,
train,Lookalike,00026.tif,Lookalike/00026.tif,train/images/Lookalike/00026.tif,00026.tif,Mask_lookalike/00026.tif,train/masks/Lookalike/00026.tif,fab60c9849a5190cd3fbd2b074bff404ab84f121df9835c64eb7acb700551bb1,f1aa0ad4cbbd93669d577a8d940448dcd5d4aacec3aa613c78b891af8752da34,2048,2048,2,float32+float32,HARD_LINK,NO,
train,Lookalike,00116.tif,Lookalike/00116.tif,train/images/Lookalike/00116.tif,00116.tif,Mask_lookalike/00116.tif,train/masks/Lookalike/00116.tif,e6ecd28a568947f544408fd5feeebd86ad10799bd6850abf8fc2dd85f0d9ff0e,f1aa0ad4cbbd93669d577a8d940448dcd5d4aacec3aa613c78b891af8752da34,2048,2048,2,float32+float32,HARD_LINK,NO,
train,Lookalike,00255.tif,Lookalike/00255.tif,train/images/Lookalike/00255.tif,00255.tif,Mask_lookalike/00255.tif,train/masks/Lookalike/00255.tif,8bf57ca6e87c890f4bb3a09fdaa451d152f9cb3eaf38ee4b74fff76d97ae9161,f1aa0ad4cbbd93669d577a8d940448dcd5d4aacec3aa613c78b891af8752da34,2048,2048,2,float32+float32,HARD_LINK,NO,
train,Lookalike,00285.tif,Lookalike/00285.tif,train/images/Lookalike/00285.tif,00285.tif,Mask_lookalike/00285.tif,train/masks/Lookalike/00285.tif,cea61db76b8309abfbb6d81b1d7db6116450bde8558745801e9d7156e91ac026,f1aa0ad4cbbd93669d577a8d940448dcd5d4aacec3aa613c78b891af8752da34,2048,2048,2,float32+float32,HARD_LINK,NO,
train,Lookalike,00321.tif,Lookalike/00321.tif,train/images/Lookalike/00321.tif,00321.tif,Mask_lookalike/00321.tif,train/masks/Lookalike/00321.tif,41b283db6aa337516b40a6fea2efa56fc0e3b85e1b2d2af3034c57f2f58dd4bf,f1aa0ad4cbbd93669d577a8d940448dcd5d4aacec3aa613c78b891af8752da34,2048,2048,2,float32+float32,HARD_LINK,NO,
train,Lookalike,00592.tif,Lookalike/00592.tif,train/images/Lookalike/00592.tif,00592.tif,Mask_lookalike/00592.tif,train/masks/Lookalike/00592.tif,fa422aee108f9987ee9006635dc051e4af2986721de21b1ec7939d93c5d927c3,f1aa0ad4cbbd93669d577a8d940448dcd5d4aacec3aa613c78b891af8752da34,2048,2048,2,float32+float32,HARD_LINK,NO,
train,Lookalike,00532.tif,Lookalike/00532.tif,train/images/Lookalike/00532.tif,00532.tif,Mask_lookalike/00532.tif,train/masks/Lookalike/00532.tif,4cf1559dd8115b203407f2071766f32f2e17550d0362ab97541fd23bdc67be5e,f1aa0ad4cbbd93669d577a8d940448dcd5d4aacec3aa613c78b891af8752da34,2048,2048,2,float32+float32,HARD_LINK,NO,
train,Lookalike,00140.tif,Lookalike/00140.tif,train/images/Lookalike/00140.tif,00140.tif,Mask_lookalike/00140.tif,train/masks/Lookalike/00140.tif,6ce34370436478e53320e459ec50e36e0ed6815cd641d86eac545399774b38df,6c5ece92bcbecf2ea88c1488293316d6720e6eb4eae24250fd10537d123dd20c,2048,2148,2,float32+float32,HARD_LINK,NO,
train,Lookalike,00078.tif,Lookalike/00078.tif,train/images/Lookalike/00078.tif,00078.tif,Mask_lookalike/00078.tif,train/masks/Lookalike/00078.tif,1f205ed6317b91d7d1331bd7183a0a01dfcb7f875fcc70eeec62446e7ab5bf6b,f1aa0ad4cbbd93669d577a8d940448dcd5d4aacec3aa613c78b891af8752da34,2048,2048,2,float32+float32,HARD_LINK,NO,
train,Lookalike,00552.tif,Lookalike/00552.tif,train/images/Lookalike/00552.tif,00552.tif,Mask_lookalike/00552.tif,train/masks/Lookalike/00552.tif,c6ce9a7492f26a1981cf54b0a1a9e4f875ec27f5210e72c7e2aa918d270883ab,f1aa0ad4cbbd93669d577a8d940448dcd5d4aacec3aa613c78b891af8752da34,2048,2048,2,float32+float32,HARD_LINK,NO,
train,Lookalike,00380.tif,Lookalike/00380.tif,train/images/Lookalike/00380.tif,00380.tif,Mask_lookalike/00380.tif,train/masks/Lookalike/00380.tif,f5b5e6969de12e963a24ef642ad7eeba4c0ef1e9da702582af67c722de243f17,f1aa0ad4cbbd93669d577a8d940448dcd5d4aacec3aa613c78b891af8752da34,2048,2048,2,float32+float32,HARD_LINK,NO,
train,Lookalike,00379.tif,Lookalike/00379.tif,train/images/Lookalike/00379.tif,00379.tif,Mask_lookalike/00379.tif,train/masks/Lookalike/00379.tif,4cc18b8878770a27549039c412db6cc5a5453c2487289a9872f38d96a480b8b8,f1aa0ad4cbbd93669d577a8d940448dcd5d4aacec3aa613c78b891af8752da34,2048,2048,2,float32+float32,HARD_LINK,NO,
train,Lookalike,00460.tif,Lookalike/00460.tif,train/images/Lookalike/00460.tif,00460.tif,Mask_lookalike/00460.tif,train/masks/Lookalike/00460.tif,ec8ef903eb1c35dee564523ef636094dba95000efec65e7ab9674ccac522553e,f1aa0ad4cbbd93669d577a8d940448dcd5d4aacec3aa613c78b891af8752da34,2048,2048,2,float32+float32,HARD_LINK,NO,
train,Lookalike,00157.tif,Lookalike/00157.tif,train/images/Lookalike/00157.tif,00157.tif,Mask_lookalike/00157.tif,train/masks/Lookalike/00157.tif,b739da2be9b28ff4856ff44f0b3ed6a0754aaa43b6854d943559495bdbe9ae39,f1aa0ad4cbbd93669d577a8d940448dcd5d4aacec3aa613c78b891af8752da34,2048,2048,2,float32+float32,HARD_LINK,NO,
train,Lookalike,00033.tif,Lookalike/00033.tif,train/images/Lookalike/00033.tif,00033.tif,Mask_lookalike/00033.tif,train/masks/Lookalike/00033.tif,9ba30d6a34f29a459b7905c1c2818b97683d58f05def666799f7ab6af9d5b712,f1aa0ad4cbbd93669d577a8d940448dcd5d4aacec3aa613c78b891af8752da34,2048,2048,2,float32+float32,HARD_LINK,NO,
train,Lookalike,00392.tif,Lookalike/00392.tif,train/images/Lookalike/00392.tif,00392.tif,Mask_lookalike/00392.tif,train/masks/Lookalike/00392.tif,f4470a1e5615814c8932701e99743c54c242802354f517012109b50e3fe9df2b,f1aa0ad4cbbd93669d577a8d940448dcd5d4aacec3aa613c78b891af8752da34,2048,2048,2,float32+float32,HARD_LINK,NO,
train,Lookalike,00370.tif,Lookalike/00370.tif,train/images/Lookalike/00370.tif,00370.tif,Mask_lookalike/00370.tif,train/masks/Lookalike/00370.tif,6c54973ffc8d21adce6a4b36f114746d97610d59f5841becff15c67a5fcc6ce1,f1aa0ad4cbbd93669d577a8d940448dcd5d4aacec3aa613c78b891af8752da34,2048,2048,2,float32+float32,HARD_LINK,NO,
train,Lookalike,00375.tif,Lookalike/00375.tif,train/images/Lookalike/00375.tif,00375.tif,Mask_lookalike/00375.tif,train/masks/Lookalike/00375.tif,5f56ab27df8f9b202b82b79cb62d01cd1cc3387964bbe86b478e2d9a30bc4f87,f1aa0ad4cbbd93669d577a8d940448dcd5d4aacec3aa613c78b891af8752da34,2048,2048,2,float32+float32,HARD_LINK,NO,
train,Lookalike,00241.tif,Lookalike/00241.tif,train/images/Lookalike/00241.tif,00241.tif,Mask_lookalike/00241.tif,train/masks/Lookalike/00241.tif,57a71fd2a1354269bc8e836c9ef8fe24b07faa5989d4053e9cd4140f57abff3e,f1aa0ad4cbbd93669d577a8d940448dcd5d4aacec3aa613c78b891af8752da34,2048,2048,2,float32+float32,HARD_LINK,NO,
train,Lookalike,00068.tif,Lookalike/00068.tif,train/images/Lookalike/00068.tif,00068.tif,Mask_lookalike/00068.tif,train/masks/Lookalike/00068.tif,6cadcf585baf07e5c4a28d4e7243dbfacd9cdf65083b12d6684918b00f7e7166,f1aa0ad4cbbd93669d577a8d940448dcd5d4aacec3aa613c78b891af8752da34,2048,2048,2,float32+float32,HARD_LINK,NO,
train,Lookalike,00129.tif,Lookalike/00129.tif,train/images/Lookalike/00129.tif,00129.tif,Mask_lookalike/00129.tif,train/masks/Lookalike/00129.tif,a26a6416ebed56475133f422fb640d125d05f364b6c54756e30462ecc16b1162,f1aa0ad4cbbd93669d577a8d940448dcd5d4aacec3aa613c78b891af8752da34,2048,2048,2,float32+float32,HARD_LINK,NO,
train,Lookalike,00035.tif,Lookalike/00035.tif,train/images/Lookalike/00035.tif,00035.tif,Mask_lookalike/00035.tif,train/masks/Lookalike/00035.tif,2a1f95844633f2051c936cf26ef0bfe34e19c34fe91c615e005bfd56f466a5f1,f1aa0ad4cbbd93669d577a8d940448dcd5d4aacec3aa613c78b891af8752da34,2048,2048,2,float32+float32,HARD_LINK,NO,
train,Lookalike,00448.tif,Lookalike/00448.tif,train/images/Lookalike/00448.tif,00448.tif,Mask_lookalike/00448.tif,train/masks/Lookalike/00448.tif,9dd5ede633520b7413e5e55b2f19578f2d9ed5dac7632e678007f3dfbfa7114f,f1aa0ad4cbbd93669d577a8d940448dcd5d4aacec3aa613c78b891af8752da34,2048,2048,2,float32+float32,HARD_LINK,NO,
train,Lookalike,00146.tif,Lookalike/00146.tif,train/images/Lookalike/00146.tif,00146.tif,Mask_lookalike/00146.tif,train/masks/Lookalike/00146.tif,d329dae860bcbc7ba561bf334cf4a59b63358c3f25e2bea122df93e6fd4f2b00,f1aa0ad4cbbd93669d577a8d940448dcd5d4aacec3aa613c78b891af8752da34,2048,2048,2,float32+float32,HARD_LINK,NO,
train,Lookalike,00031.tif,Lookalike/00031.tif,train/images/Lookalike/00031.tif,00031.tif,Mask_lookalike/00031.tif,train/masks/Lookalike/00031.tif,d5773e6749b22a866656c4107fed213c9bd5b77e3f79f0189cde88d052259e9f,f1aa0ad4cbbd93669d577a8d940448dcd5d4aacec3aa613c78b891af8752da34,2048,2048,2,float32+float32,HARD_LINK,NO,
train,Lookalike,00163.tif,Lookalike/00163.tif,train/images/Lookalike/00163.tif,00163.tif,Mask_lookalike/00163.tif,train/masks/Lookalike/00163.tif,91c93916269662531c843960cecdf8671518367a4ec3de39cdb367b12a371cd1,f1aa0ad4cbbd93669d577a8d940448dcd5d4aacec3aa613c78b891af8752da34,2048,2048,2,float32+float32,HARD_LINK,NO,
train,Lookalike,00525.tif,Lookalike/00525.tif,train/images/Lookalike/00525.tif,00525.tif,Mask_lookalike/00525.tif,train/masks/Lookalike/00525.tif,54bb677087e0a2bf17d35511a910a3ffde13b5e0e91836cb24daa62613727b19,f1aa0ad4cbbd93669d577a8d940448dcd5d4aacec3aa613c78b891af8752da34,2048,2048,2,float32+float32,HARD_LINK,NO,
train,Lookalike,00372.tif,Lookalike/00372.tif,train/images/Lookalike/00372.tif,00372.tif,Mask_lookalike/00372.tif,train/masks/Lookalike/00372.tif,2d1e088cf3a38142157f6b912c1f0fbb79b60aa002d3b0a823c284e28afdef99,f1aa0ad4cbbd93669d577a8d940448dcd5d4aacec3aa613c78b891af8752da34,2048,2048,2,float32+float32,HARD_LINK,NO,
train,Lookalike,00415.tif,Lookalike/00415.tif,train/images/Lookalike/00415.tif,00415.tif,Mask_lookalike/00415.tif,train/masks/Lookalike/00415.tif,d9ace54fdfe0c359e060d5c693374de983309b92cb000a9b76b7a2454d386d7b,f1aa0ad4cbbd93669d577a8d940448dcd5d4aacec3aa613c78b891af8752da34,2048,2048,2,float32+float32,HARD_LINK,NO,
train,Lookalike,00076.tif,Lookalike/00076.tif,train/images/Lookalike/00076.tif,00076.tif,Mask_lookalike/00076.tif,train/masks/Lookalike/00076.tif,95388503967c30a4a240037944044d62cf9d72c223e306dc780437ea08fa6155,f1aa0ad4cbbd93669d577a8d940448dcd5d4aacec3aa613c78b891af8752da34,2048,2048,2,float32+float32,HARD_LINK,NO,
train,Lookalike,00058.tif,Lookalike/00058.tif,train/images/Lookalike/00058.tif,00058.tif,Mask_lookalike/00058.tif,train/masks/Lookalike/00058.tif,4517964310cb29607cbfe2683ef38db57ae030687ebd99b40c84514b28ae3010,f1aa0ad4cbbd93669d577a8d940448dcd5d4aacec3aa613c78b891af8752da34,2048,2048,2,float32+float32,HARD_LINK,NO,
train,Lookalike,00281.tif,Lookalike/00281.tif,train/images/Lookalike/00281.tif,00281.tif,Mask_lookalike/00281.tif,train/masks/Lookalike/00281.tif,638e1db17ecda6204a73a12f7f49f97b80bc34b6343c2a4eea6d8ec7cdc4297a,f1aa0ad4cbbd93669d577a8d940448dcd5d4aacec3aa613c78b891af8752da34,2048,2048,2,float32+float32,HARD_LINK,NO,
train,Lookalike,00445.tif,Lookalike/00445.tif,train/images/Lookalike/00445.tif,00445.tif,Mask_lookalike/00445.tif,train/masks/Lookalike/00445.tif,f0a79de1d373c457ca501600442b3b42d7ce4594f6b531fb3b6f2e821f588732,f1aa0ad4cbbd93669d577a8d940448dcd5d4aacec3aa613c78b891af8752da34,2048,2048,2,float32+float32,HARD_LINK,NO,
val,Lookalike,00642.tif,Lookalike/00642.tif,val/images/Lookalike/00642.tif,00642.tif,Mask_lookalike/00642.tif,val/masks/Lookalike/00642.tif,8e306c2843f7ea3ef617688014140e745e2c79f5095fd7c016c7c2d37796f193,f1aa0ad4cbbd93669d577a8d940448dcd5d4aacec3aa613c78b891af8752da34,2048,2048,2,float32+float32,HARD_LINK,NO,
val,Lookalike,00043.tif,Lookalike/00043.tif,val/images/Lookalike/00043.tif,00043.tif,Mask_lookalike/00043.tif,val/masks/Lookalike/00043.tif,0c425ad7fd10a100c9db4f037f74c6a018d9659e04dcb0eeab16ac4fbc412544,f1aa0ad4cbbd93669d577a8d940448dcd5d4aacec3aa613c78b891af8752da34,2048,2048,2,float32+float32,HARD_LINK,NO,
val,Lookalike,00457.tif,Lookalike/00457.tif,val/images/Lookalike/00457.tif,00457.tif,Mask_lookalike/00457.tif,val/masks/Lookalike/00457.tif,fc894e2fed322e726f02f54230046e79c7847a244d54424e6c11d3d9e66aad95,f1aa0ad4cbbd93669d577a8d940448dcd5d4aacec3aa613c78b891af8752da34,2048,2048,2,float32+float32,HARD_LINK,NO,
val,Lookalike,00359.tif,Lookalike/00359.tif,val/images/Lookalike/00359.tif,00359.tif,Mask_lookalike/00359.tif,val/masks/Lookalike/00359.tif,c06c2c7bebce12fb0a13b49191ba3333c37d5f044bb37d9309ecd7980df69041,f1aa0ad4cbbd93669d577a8d940448dcd5d4aacec3aa613c78b891af8752da34,2048,2048,2,float32+float32,HARD_LINK,NO,
val,Lookalike,00454.tif,Lookalike/00454.tif,val/images/Lookalike/00454.tif,00454.tif,Mask_lookalike/00454.tif,val/masks/Lookalike/00454.tif,7e654e18067184ef5659abff900e437e70f8bdf8806676e73a03284845784205,f1aa0ad4cbbd93669d577a8d940448dcd5d4aacec3aa613c78b891af8752da34,2048,2048,2,float32+float32,HARD_LINK,NO,
val,Lookalike,00170.tif,Lookalike/00170.tif,val/images/Lookalike/00170.tif,00170.tif,Mask_lookalike/00170.tif,val/masks/Lookalike/00170.tif,bb7f24f969a5394ae738f4799d5d1ab716ae43f52b66738767c00eb13377fba5,f1aa0ad4cbbd93669d577a8d940448dcd5d4aacec3aa613c78b891af8752da34,2048,2048,2,float32+float32,HARD_LINK,NO,
val,Lookalike,00436.tif,Lookalike/00436.tif,val/images/Lookalike/00436.tif,00436.tif,Mask_lookalike/00436.tif,val/masks/Lookalike/00436.tif,46cb4454f244eb498058bc733c303aa0a63fd49e60ce7f8e733ffc23fb033cca,f1aa0ad4cbbd93669d577a8d940448dcd5d4aacec3aa613c78b891af8752da34,2048,2048,2,float32+float32,HARD_LINK,NO,
val,Lookalike,00456.tif,Lookalike/00456.tif,val/images/Lookalike/00456.tif,00456.tif,Mask_lookalike/00456.tif,val/masks/Lookalike/00456.tif,e5d53f04f59ef1b1f5d5bf39419ea2756a7bc4367dd5cec46b817eea75d52cc7,f1aa0ad4cbbd93669d577a8d940448dcd5d4aacec3aa613c78b891af8752da34,2048,2048,2,float32+float32,HARD_LINK,NO,
val,Lookalike,00313.tif,Lookalike/00313.tif,val/images/Lookalike/00313.tif,00313.tif,Mask_lookalike/00313.tif,val/masks/Lookalike/00313.tif,95e66e619dd813ce045574d33ba9535d084710a677c95361d5ee8c5d25aee567,f1aa0ad4cbbd93669d577a8d940448dcd5d4aacec3aa613c78b891af8752da34,2048,2048,2,float32+float32,HARD_LINK,NO,
val,Lookalike,00302.tif,Lookalike/00302.tif,val/images/Lookalike/00302.tif,00302.tif,Mask_lookalike/00302.tif,val/masks/Lookalike/00302.tif,3d370dd30c6131957c9849ec0d8d3d0cf853a8978a558201bd08617aa25fd047,f1aa0ad4cbbd93669d577a8d940448dcd5d4aacec3aa613c78b891af8752da34,2048,2048,2,float32+float32,HARD_LINK,NO,
val,Lookalike,00335.tif,Lookalike/00335.tif,val/images/Lookalike/00335.tif,00335.tif,Mask_lookalike/00335.tif,val/masks/Lookalike/00335.tif,1ccae84b6422eaa57419250f87cc6561213cf45bff1f0b1008eb562dfd9819c3,f1aa0ad4cbbd93669d577a8d940448dcd5d4aacec3aa613c78b891af8752da34,2048,2048,2,float32+float32,HARD_LINK,NO,
val,Lookalike,00677.tif,Lookalike/00677.tif,val/images/Lookalike/00677.tif,00677.tif,Mask_lookalike/00677.tif,val/masks/Lookalike/00677.tif,fe334869ebeb3b1f4cb83b2f259eca9b8b36c53499abdc1802179d4e2cac23c4,f1aa0ad4cbbd93669d577a8d940448dcd5d4aacec3aa613c78b891af8752da34,2048,2048,2,float32+float32,HARD_LINK,NO,
val,Lookalike,00105.tif,Lookalike/00105.tif,val/images/Lookalike/00105.tif,00105.tif,Mask_lookalike/00105.tif,val/masks/Lookalike/00105.tif,3ccbed5e88592ce8e98f400637bbd382c37e40e3ee0ce531a751fa94abe53099,f1aa0ad4cbbd93669d577a8d940448dcd5d4aacec3aa613c78b891af8752da34,2048,2048,2,float32+float32,HARD_LINK,NO,
val,Lookalike,00328.tif,Lookalike/00328.tif,val/images/Lookalike/00328.tif,00328.tif,Mask_lookalike/00328.tif,val/masks/Lookalike/00328.tif,aeda9226a8a71da9c6dd614acf2dcebd680ceab1071c2725a190121724e71665,f1aa0ad4cbbd93669d577a8d940448dcd5d4aacec3aa613c78b891af8752da34,2048,2048,2,float32+float32,HARD_LINK,NO,
val,Lookalike,00600.tif,Lookalike/00600.tif,val/images/Lookalike/00600.tif,00600.tif,Mask_lookalike/00600.tif,val/masks/Lookalike/00600.tif,4d9b210bbd96a4508777aa5ed9fb66d1df00044b195acc761f02fa1dc59d5317,f1aa0ad4cbbd93669d577a8d940448dcd5d4aacec3aa613c78b891af8752da34,2048,2048,2,float32+float32,HARD_LINK,NO,
val,Lookalike,00558.tif,Lookalike/00558.tif,val/images/Lookalike/00558.tif,00558.tif,Mask_lookalike/00558.tif,val/masks/Lookalike/00558.tif,9f9a6cbb3f5d4579def238821d2592d4f2e4d4af0af24699283e519e0d57f671,f1aa0ad4cbbd93669d577a8d940448dcd5d4aacec3aa613c78b891af8752da34,2048,2048,2,float32+float32,HARD_LINK,NO,
val,Lookalike,00184.tif,Lookalike/00184.tif,val/images/Lookalike/00184.tif,00184.tif,Mask_lookalike/00184.tif,val/masks/Lookalike/00184.tif,61378fcef1fe3d00d4b625cf19835d8649c9f7ecb01f855114918a0b7a379d8e,f1aa0ad4cbbd93669d577a8d940448dcd5d4aacec3aa613c78b891af8752da34,2048,2048,2,float32+float32,HARD_LINK,NO,
val,Lookalike,00440.tif,Lookalike/00440.tif,val/images/Lookalike/00440.tif,00440.tif,Mask_lookalike/00440.tif,val/masks/Lookalike/00440.tif,b79fea3d1c24aa27792c0f0f91cf3fc7b171de00c467c54f582264920a1e16c4,f1aa0ad4cbbd93669d577a8d940448dcd5d4aacec3aa613c78b891af8752da34,2048,2048,2,float32+float32,HARD_LINK,NO,
val,Lookalike,00080.tif,Lookalike/00080.tif,val/images/Lookalike/00080.tif,00080.tif,Mask_lookalike/00080.tif,val/masks/Lookalike/00080.tif,e5c4a4d92932bd5fdee862403b4bdfabbdc7da5a001cbf6f29c19ea4d4a72a80,f1aa0ad4cbbd93669d577a8d940448dcd5d4aacec3aa613c78b891af8752da34,2048,2048,2,float32+float32,HARD_LINK,NO,
val,Lookalike,00434.tif,Lookalike/00434.tif,val/images/Lookalike/00434.tif,00434.tif,Mask_lookalike/00434.tif,val/masks/Lookalike/00434.tif,493e6f50a9268e7f7e7c4b4d39b1a6d19fa8fbee3aec10d6dad8fe9b4f7b48d1,f1aa0ad4cbbd93669d577a8d940448dcd5d4aacec3aa613c78b891af8752da34,2048,2048,2,float32+float32,HARD_LINK,NO,
val,Lookalike,00084.tif,Lookalike/00084.tif,val/images/Lookalike/00084.tif,00084.tif,Mask_lookalike/00084.tif,val/masks/Lookalike/00084.tif,9554ed4a17197f515d76906db0ffd3cbf59d1647c2a10f633d07f3764d79deab,f1aa0ad4cbbd93669d577a8d940448dcd5d4aacec3aa613c78b891af8752da34,2048,2048,2,float32+float32,HARD_LINK,NO,
val,Lookalike,00273.tif,Lookalike/00273.tif,val/images/Lookalike/00273.tif,00273.tif,Mask_lookalike/00273.tif,val/masks/Lookalike/00273.tif,5e2ecacca504be199ab03c78655a8069d97166a913d1a768acc166bf93c45c03,f1aa0ad4cbbd93669d577a8d940448dcd5d4aacec3aa613c78b891af8752da34,2048,2048,2,float32+float32,HARD_LINK,NO,
val,Lookalike,00531.tif,Lookalike/00531.tif,val/images/Lookalike/00531.tif,00531.tif,Mask_lookalike/00531.tif,val/masks/Lookalike/00531.tif,11f7c8c3be5040c14c5b9cf282034e3d12d0c6fb92a7275911cf4df470ec082d,f1aa0ad4cbbd93669d577a8d940448dcd5d4aacec3aa613c78b891af8752da34,2048,2048,2,float32+float32,HARD_LINK,NO,
val,Lookalike,00580.tif,Lookalike/00580.tif,val/images/Lookalike/00580.tif,00580.tif,Mask_lookalike/00580.tif,val/masks/Lookalike/00580.tif,00f426ccb30a739b4a9dc557baa5123761ceb193703c69c5810222dfc9694de1,f1aa0ad4cbbd93669d577a8d940448dcd5d4aacec3aa613c78b891af8752da34,2048,2048,2,float32+float32,HARD_LINK,NO,
val,Lookalike,00509.tif,Lookalike/00509.tif,val/images/Lookalike/00509.tif,00509.tif,Mask_lookalike/00509.tif,val/masks/Lookalike/00509.tif,b58d29af30ea137d486917366151387a68de2681823fad5ff361faf132703115,f1aa0ad4cbbd93669d577a8d940448dcd5d4aacec3aa613c78b891af8752da34,2048,2048,2,float32+float32,HARD_LINK,NO,
val,Lookalike,00508.tif,Lookalike/00508.tif,val/images/Lookalike/00508.tif,00508.tif,Mask_lookalike/00508.tif,val/masks/Lookalike/00508.tif,047dcd2bbd5a35a223ea9faeffa4d44604952384b50cfa262874bca29e470ab3,f1aa0ad4cbbd93669d577a8d940448dcd5d4aacec3aa613c78b891af8752da34,2048,2048,2,float32+float32,HARD_LINK,NO,
val,Lookalike,00638.tif,Lookalike/00638.tif,val/images/Lookalike/00638.tif,00638.tif,Mask_lookalike/00638.tif,val/masks/Lookalike/00638.tif,bc79ace3b66aca20b890a539629031bda3f1642ef87be5a90a5ffc191681569a,f1aa0ad4cbbd93669d577a8d940448dcd5d4aacec3aa613c78b891af8752da34,2048,2048,2,float32+float32,HARD_LINK,NO,
val,Lookalike,00347.tif,Lookalike/00347.tif,val/images/Lookalike/00347.tif,00347.tif,Mask_lookalike/00347.tif,val/masks/Lookalike/00347.tif,8ea8cce327ca3ca9409e79db17d989230c0bdb521e2a447dbf0d0603940f7e2d,f1aa0ad4cbbd93669d577a8d940448dcd5d4aacec3aa613c78b891af8752da34,2048,2048,2,float32+float32,HARD_LINK,NO,
val,Lookalike,00395.tif,Lookalike/00395.tif,val/images/Lookalike/00395.tif,00395.tif,Mask_lookalike/00395.tif,val/masks/Lookalike/00395.tif,c35ea15acc46092292c8de09e3b5ff29ff8dd64d9c1ca8c9eb4d9bdcc0541ff4,f1aa0ad4cbbd93669d577a8d940448dcd5d4aacec3aa613c78b891af8752da34,2048,2048,2,float32+float32,HARD_LINK,NO,
val,Lookalike,00450.tif,Lookalike/00450.tif,val/images/Lookalike/00450.tif,00450.tif,Mask_lookalike/00450.tif,val/masks/Lookalike/00450.tif,d4cd339711b090d303df35d1731e33e9d47ab58ee9cb3cd19d01354030bc372e,f1aa0ad4cbbd93669d577a8d940448dcd5d4aacec3aa613c78b891af8752da34,2048,2048,2,float32+float32,HARD_LINK,NO,
val,Lookalike,00409.tif,Lookalike/00409.tif,val/images/Lookalike/00409.tif,00409.tif,Mask_lookalike/00409.tif,val/masks/Lookalike/00409.tif,8a73054dcdd9e8cd23bdeaa749d86314abb43d07f85964cbd22f87c8ea824bec,f1aa0ad4cbbd93669d577a8d940448dcd5d4aacec3aa613c78b891af8752da34,2048,2048,2,float32+float32,HARD_LINK,NO,
val,Lookalike,00447.tif,Lookalike/00447.tif,val/images/Lookalike/00447.tif,00447.tif,Mask_lookalike/00447.tif,val/masks/Lookalike/00447.tif,126fd38ec4d52f3d25dad7768e388c4de109483af573dd75ea5b7786ae1c4ba1,f1aa0ad4cbbd93669d577a8d940448dcd5d4aacec3aa613c78b891af8752da34,2048,2048,2,float32+float32,HARD_LINK,NO,
val,Lookalike,00376.tif,Lookalike/00376.tif,val/images/Lookalike/00376.tif,00376.tif,Mask_lookalike/00376.tif,val/masks/Lookalike/00376.tif,bd0c673bf69454792085fa1caec782c558b7f3dbbe2152ffe10b756e470ee53f,f1aa0ad4cbbd93669d577a8d940448dcd5d4aacec3aa613c78b891af8752da34,2048,2048,2,float32+float32,HARD_LINK,NO,
val,Lookalike,00127.tif,Lookalike/00127.tif,val/images/Lookalike/00127.tif,00127.tif,Mask_lookalike/00127.tif,val/masks/Lookalike/00127.tif,9de43b065fd2dac9d0865590a08da3d0c9d283dbbcf8b2fe852702a5f2c63ad9,f1aa0ad4cbbd93669d577a8d940448dcd5d4aacec3aa613c78b891af8752da34,2048,2048,2,float32+float32,HARD_LINK,NO,
val,Lookalike,00279.tif,Lookalike/00279.tif,val/images/Lookalike/00279.tif,00279.tif,Mask_lookalike/00279.tif,val/masks/Lookalike/00279.tif,d7c15fd706197344d3baf7be036d19da6a11e873e403161985107a0182fdb4d5,f1aa0ad4cbbd93669d577a8d940448dcd5d4aacec3aa613c78b891af8752da34,2048,2048,2,float32+float32,HARD_LINK,NO,
val,Lookalike,00339.tif,Lookalike/00339.tif,val/images/Lookalike/00339.tif,00339.tif,Mask_lookalike/00339.tif,val/masks/Lookalike/00339.tif,706f0b6a545b0a1891bf43adbd7b151bc156310e5f831c2bc574bde179fc84e2,f1aa0ad4cbbd93669d577a8d940448dcd5d4aacec3aa613c78b891af8752da34,2048,2048,2,float32+float32,HARD_LINK,NO,
val,Lookalike,00663.tif,Lookalike/00663.tif,val/images/Lookalike/00663.tif,00663.tif,Mask_lookalike/00663.tif,val/masks/Lookalike/00663.tif,7b92f41dbbf3960d90fd09ecb26f68650b116052ee980fcdc6df9d9346d965cd,f1aa0ad4cbbd93669d577a8d940448dcd5d4aacec3aa613c78b891af8752da34,2048,2048,2,float32+float32,HARD_LINK,NO,
val,Lookalike,00620.tif,Lookalike/00620.tif,val/images/Lookalike/00620.tif,00620.tif,Mask_lookalike/00620.tif,val/masks/Lookalike/00620.tif,19fbbb9f9a53264cc10559d1355a5e43b22d955f33cbafefc8628d1f8db1f266,f1aa0ad4cbbd93669d577a8d940448dcd5d4aacec3aa613c78b891af8752da34,2048,2048,2,float32+float32,HARD_LINK,NO,
val,Lookalike,00292.tif,Lookalike/00292.tif,val/images/Lookalike/00292.tif,00292.tif,Mask_lookalike/00292.tif,val/masks/Lookalike/00292.tif,0441b5d545be02c6a6d3e3342ed316b4a417b3e3402e5eda7143fc3278867366,f1aa0ad4cbbd93669d577a8d940448dcd5d4aacec3aa613c78b891af8752da34,2048,2048,2,float32+float32,HARD_LINK,NO,
val,Lookalike,00195.tif,Lookalike/00195.tif,val/images/Lookalike/00195.tif,00195.tif,Mask_lookalike/00195.tif,val/masks/Lookalike/00195.tif,0976ea0dfee15c281910deb25035ab951bdf7a7ef92d38af9dc0ca8af5bf2098,f1aa0ad4cbbd93669d577a8d940448dcd5d4aacec3aa613c78b891af8752da34,2048,2048,2,float32+float32,HARD_LINK,NO,
val,Lookalike,00601.tif,Lookalike/00601.tif,val/images/Lookalike/00601.tif,00601.tif,Mask_lookalike/00601.tif,val/masks/Lookalike/00601.tif,339c47b77fd67798996935f44296fa77232f295ac94fff563fea933c19923854,f1aa0ad4cbbd93669d577a8d940448dcd5d4aacec3aa613c78b891af8752da34,2048,2048,2,float32+float32,HARD_LINK,NO,
val,Lookalike,00622.tif,Lookalike/00622.tif,val/images/Lookalike/00622.tif,00622.tif,Mask_lookalike/00622.tif,val/masks/Lookalike/00622.tif,a9dd6b4489652b507cd502b40a161cd2a33eea2fc15c48421afe66590dcd2b6b,f1aa0ad4cbbd93669d577a8d940448dcd5d4aacec3aa613c78b891af8752da34,2048,2048,2,float32+float32,HARD_LINK,NO,
val,Lookalike,00484.tif,Lookalike/00484.tif,val/images/Lookalike/00484.tif,00484.tif,Mask_lookalike/00484.tif,val/masks/Lookalike/00484.tif,dd1f2187a7b9d0dc8133e36eb4b718652ee0389bb914281fd0b22fc2361171dd,f1aa0ad4cbbd93669d577a8d940448dcd5d4aacec3aa613c78b891af8752da34,2048,2048,2,float32+float32,HARD_LINK,NO,
val,Lookalike,00556.tif,Lookalike/00556.tif,val/images/Lookalike/00556.tif,00556.tif,Mask_lookalike/00556.tif,val/masks/Lookalike/00556.tif,7a4cb8a39ad4b791b1c1fca55ba261be2c3d2b8ebc813c0ac917e109549452e9,f1aa0ad4cbbd93669d577a8d940448dcd5d4aacec3aa613c78b891af8752da34,2048,2048,2,float32+float32,HARD_LINK,NO,
val,Lookalike,00407.tif,Lookalike/00407.tif,val/images/Lookalike/00407.tif,00407.tif,Mask_lookalike/00407.tif,val/masks/Lookalike/00407.tif,a2bbd79cde8946c9f62066d3f5cc530bd9718d1b24251db1f6adf7a72aa8a23f,f1aa0ad4cbbd93669d577a8d940448dcd5d4aacec3aa613c78b891af8752da34,2048,2048,2,float32+float32,HARD_LINK,NO,
val,Lookalike,00650.tif,Lookalike/00650.tif,val/images/Lookalike/00650.tif,00650.tif,Mask_lookalike/00650.tif,val/masks/Lookalike/00650.tif,35081d8ce6decb2517e8cf7906b4343a7d031ab453bba0eec6d974a34f3d7380,f1aa0ad4cbbd93669d577a8d940448dcd5d4aacec3aa613c78b891af8752da34,2048,2048,2,float32+float32,HARD_LINK,NO,
val,Lookalike,00317.tif,Lookalike/00317.tif,val/images/Lookalike/00317.tif,00317.tif,Mask_lookalike/00317.tif,val/masks/Lookalike/00317.tif,18ae69188e41dd99e059f7099e4cd70d468c8bc23bed85d6c2612606302d7d50,f1aa0ad4cbbd93669d577a8d940448dcd5d4aacec3aa613c78b891af8752da34,2048,2048,2,float32+float32,HARD_LINK,NO,
val,Lookalike,00323.tif,Lookalike/00323.tif,val/images/Lookalike/00323.tif,00323.tif,Mask_lookalike/00323.tif,val/masks/Lookalike/00323.tif,8f9b182688ef02edd50b83781adbbe03b630b8c7824af209c8a53eb4270770f4,f1aa0ad4cbbd93669d577a8d940448dcd5d4aacec3aa613c78b891af8752da34,2048,2048,2,float32+float32,HARD_LINK,NO,
val,Lookalike,00042.tif,Lookalike/00042.tif,val/images/Lookalike/00042.tif,00042.tif,Mask_lookalike/00042.tif,val/masks/Lookalike/00042.tif,b8071de093bf933c22d95ec52a91740269381c95bd106914a4617ebecb5472a6,f1aa0ad4cbbd93669d577a8d940448dcd5d4aacec3aa613c78b891af8752da34,2048,2048,2,float32+float32,HARD_LINK,NO,
val,Lookalike,00204.tif,Lookalike/00204.tif,val/images/Lookalike/00204.tif,00204.tif,Mask_lookalike/00204.tif,val/masks/Lookalike/00204.tif,c633de2c7b08cd09ba989287c2597e0994e137637c8510ef8eaef9d0369e5800,f1aa0ad4cbbd93669d577a8d940448dcd5d4aacec3aa613c78b891af8752da34,2048,2048,2,float32+float32,HARD_LINK,NO,
val,Lookalike,00625.tif,Lookalike/00625.tif,val/images/Lookalike/00625.tif,00625.tif,Mask_lookalike/00625.tif,val/masks/Lookalike/00625.tif,1fb807ff24e4bc811d21f8eceb3b7cef4d9230c3c8275cbc7a8d185a656490d5,f1aa0ad4cbbd93669d577a8d940448dcd5d4aacec3aa613c78b891af8752da34,2048,2048,2,float32+float32,HARD_LINK,NO,
val,Lookalike,00206.tif,Lookalike/00206.tif,val/images/Lookalike/00206.tif,00206.tif,Mask_lookalike/00206.tif,val/masks/Lookalike/00206.tif,944e3aa96103c75c83bbe29b4c3716f6b36d39097092e703bb4e25a7bacff436,f1aa0ad4cbbd93669d577a8d940448dcd5d4aacec3aa613c78b891af8752da34,2048,2048,2,float32+float32,HARD_LINK,NO,
val,Lookalike,00300.tif,Lookalike/00300.tif,val/images/Lookalike/00300.tif,00300.tif,Mask_lookalike/00300.tif,val/masks/Lookalike/00300.tif,132db211864f69927ead666d98b6a83830b84562191b6b90e48def7ca369dc21,f1aa0ad4cbbd93669d577a8d940448dcd5d4aacec3aa613c78b891af8752da34,2048,2048,2,float32+float32,HARD_LINK,NO,
val,Lookalike,00037.tif,Lookalike/00037.tif,val/images/Lookalike/00037.tif,00037.tif,Mask_lookalike/00037.tif,val/masks/Lookalike/00037.tif,e44a5ed904df6bd4fbf3aa7134f6a21fcac21d936a6abe667c03af4add133c31,f1aa0ad4cbbd93669d577a8d940448dcd5d4aacec3aa613c78b891af8752da34,2048,2048,2,float32+float32,HARD_LINK,NO,
val,Lookalike,00658.tif,Lookalike/00658.tif,val/images/Lookalike/00658.tif,00658.tif,Mask_lookalike/00658.tif,val/masks/Lookalike/00658.tif,e1574c2ce8665ccf1ab47ecdb2c2fe1113b456c47b7401644b34c51d291de35b,f1aa0ad4cbbd93669d577a8d940448dcd5d4aacec3aa613c78b891af8752da34,2048,2048,2,float32+float32,HARD_LINK,NO,
val,Lookalike,00657.tif,Lookalike/00657.tif,val/images/Lookalike/00657.tif,00657.tif,Mask_lookalike/00657.tif,val/masks/Lookalike/00657.tif,74b624a824d0599af36f12f2ff471e9863434704bf5641bd5e2b1790238b5618,f1aa0ad4cbbd93669d577a8d940448dcd5d4aacec3aa613c78b891af8752da34,2048,2048,2,float32+float32,HARD_LINK,NO,
val,Lookalike,00138.tif,Lookalike/00138.tif,val/images/Lookalike/00138.tif,00138.tif,Mask_lookalike/00138.tif,val/masks/Lookalike/00138.tif,0e13b0ee14afb27060951681c3ed9c150c430fdfab5860a96ed72b065420c6f7,f1aa0ad4cbbd93669d577a8d940448dcd5d4aacec3aa613c78b891af8752da34,2048,2048,2,float32+float32,HARD_LINK,NO,
val,Lookalike,00186.tif,Lookalike/00186.tif,val/images/Lookalike/00186.tif,00186.tif,Mask_lookalike/00186.tif,val/masks/Lookalike/00186.tif,10b6d904a0dba6a7695342b56a0e5a8716868663a5a49f813eabb53e6473f43f,f1aa0ad4cbbd93669d577a8d940448dcd5d4aacec3aa613c78b891af8752da34,2048,2048,2,float32+float32,HARD_LINK,NO,
val,Lookalike,00490.tif,Lookalike/00490.tif,val/images/Lookalike/00490.tif,00490.tif,Mask_lookalike/00490.tif,val/masks/Lookalike/00490.tif,099f8f1339bad6a8c61e8d65827ffd7bf33a95a25fe46cc25dfd1af26f7135a2,f1aa0ad4cbbd93669d577a8d940448dcd5d4aacec3aa613c78b891af8752da34,2048,2048,2,float32+float32,HARD_LINK,NO,
val,Lookalike,00475.tif,Lookalike/00475.tif,val/images/Lookalike/00475.tif,00475.tif,Mask_lookalike/00475.tif,val/masks/Lookalike/00475.tif,1ed4cd39328f5b9184157b1a06bc0585b7ce744a470416ac58ceba79f605c174,f1aa0ad4cbbd93669d577a8d940448dcd5d4aacec3aa613c78b891af8752da34,2048,2048,2,float32+float32,HARD_LINK,NO,
val,Lookalike,00179.tif,Lookalike/00179.tif,val/images/Lookalike/00179.tif,00179.tif,Mask_lookalike/00179.tif,val/masks/Lookalike/00179.tif,5e859be4f390aa8164848b07dd4c80e9badfd35f683dd43ffa0f8f332bcb270b,f1aa0ad4cbbd93669d577a8d940448dcd5d4aacec3aa613c78b891af8752da34,2048,2048,2,float32+float32,HARD_LINK,NO,
val,Lookalike,00346.tif,Lookalike/00346.tif,val/images/Lookalike/00346.tif,00346.tif,Mask_lookalike/00346.tif,val/masks/Lookalike/00346.tif,960b4a23ed07ca8cc7c35eed88dd026b51a903df9759cf2e9cd331d632863e62,f1aa0ad4cbbd93669d577a8d940448dcd5d4aacec3aa613c78b891af8752da34,2048,2048,2,float32+float32,HARD_LINK,NO,
val,Lookalike,00559.tif,Lookalike/00559.tif,val/images/Lookalike/00559.tif,00559.tif,Mask_lookalike/00559.tif,val/masks/Lookalike/00559.tif,61ad788413b9581c7fb54913e1ebad2630e966637a2c5abd1bebd3c34b472e56,f1aa0ad4cbbd93669d577a8d940448dcd5d4aacec3aa613c78b891af8752da34,2048,2048,2,float32+float32,HARD_LINK,NO,
val,Lookalike,00360.tif,Lookalike/00360.tif,val/images/Lookalike/00360.tif,00360.tif,Mask_lookalike/00360.tif,val/masks/Lookalike/00360.tif,a919bc0468ca5a05c99177ac71e53e9ec555a882445ff9733ba1bd7195d51042,f1aa0ad4cbbd93669d577a8d940448dcd5d4aacec3aa613c78b891af8752da34,2048,2048,2,float32+float32,HARD_LINK,NO,
val,Lookalike,00045.tif,Lookalike/00045.tif,val/images/Lookalike/00045.tif,00045.tif,Mask_lookalike/00045.tif,val/masks/Lookalike/00045.tif,5561398e92d0ad259aa8ee90e39fc39d5b6ec53d6fd55d3118e7bd7b51946360,f1aa0ad4cbbd93669d577a8d940448dcd5d4aacec3aa613c78b891af8752da34,2048,2048,2,float32+float32,HARD_LINK,NO,
val,Lookalike,00136.tif,Lookalike/00136.tif,val/images/Lookalike/00136.tif,00136.tif,Mask_lookalike/00136.tif,val/masks/Lookalike/00136.tif,40d2f9ac6bd028f9f59c4eb43777c67328a2b060966a85e28517dc2d80de77d2,f1aa0ad4cbbd93669d577a8d940448dcd5d4aacec3aa613c78b891af8752da34,2048,2048,2,float32+float32,HARD_LINK,NO,
val,Lookalike,00340.tif,Lookalike/00340.tif,val/images/Lookalike/00340.tif,00340.tif,Mask_lookalike/00340.tif,val/masks/Lookalike/00340.tif,f3f49ce872cbbefe1b3a3453c00c92b300b86c4582e637a3cd2f6d34d4cb12d8,f1aa0ad4cbbd93669d577a8d940448dcd5d4aacec3aa613c78b891af8752da34,2048,2048,2,float32+float32,HARD_LINK,NO,
val,Lookalike,00595.tif,Lookalike/00595.tif,val/images/Lookalike/00595.tif,00595.tif,Mask_lookalike/00595.tif,val/masks/Lookalike/00595.tif,ad355455f8558f5d18f341c664c021fff8aa54e6b80daf84476a31294783c06b,f1aa0ad4cbbd93669d577a8d940448dcd5d4aacec3aa613c78b891af8752da34,2048,2048,2,float32+float32,HARD_LINK,NO,
val,Lookalike,00106.tif,Lookalike/00106.tif,val/images/Lookalike/00106.tif,00106.tif,Mask_lookalike/00106.tif,val/masks/Lookalike/00106.tif,dc4308ccc00c48294f30c7462e9618ce24f8e91d6cef5f37a1b3e3394a0449a2,f1aa0ad4cbbd93669d577a8d940448dcd5d4aacec3aa613c78b891af8752da34,2048,2048,2,float32+float32,HARD_LINK,NO,
val,Lookalike,00641.tif,Lookalike/00641.tif,val/images/Lookalike/00641.tif,00641.tif,Mask_lookalike/00641.tif,val/masks/Lookalike/00641.tif,897144c0db0e87ccfb5149320165038faff5276a535e213e0f9242b0ff7ef97d,f1aa0ad4cbbd93669d577a8d940448dcd5d4aacec3aa613c78b891af8752da34,2048,2048,2,float32+float32,HARD_LINK,NO,
val,Lookalike,00353.tif,Lookalike/00353.tif,val/images/Lookalike/00353.tif,00353.tif,Mask_lookalike/00353.tif,val/masks/Lookalike/00353.tif,1ee73d36a6460c5c48fcfff570e917efc9b06cf341fc8153648d6a9bede4cec6,f1aa0ad4cbbd93669d577a8d940448dcd5d4aacec3aa613c78b891af8752da34,2048,2048,2,float32+float32,HARD_LINK,NO,
val,Lookalike,00634.tif,Lookalike/00634.tif,val/images/Lookalike/00634.tif,00634.tif,Mask_lookalike/00634.tif,val/masks/Lookalike/00634.tif,18e67a27e5fcb8dbd462c5c4aca2415cff3eccb4092efbae804a0639775a7c15,f1aa0ad4cbbd93669d577a8d940448dcd5d4aacec3aa613c78b891af8752da34,2048,2048,2,float32+float32,HARD_LINK,NO,
val,Lookalike,00365.tif,Lookalike/00365.tif,val/images/Lookalike/00365.tif,00365.tif,Mask_lookalike/00365.tif,val/masks/Lookalike/00365.tif,ca9c71a6bde2f2b3354a7d5187b202f7a2ce2d9949d1d69a5aec0a3d30971bd1,f1aa0ad4cbbd93669d577a8d940448dcd5d4aacec3aa613c78b891af8752da34,2048,2048,2,float32+float32,HARD_LINK,NO,
val,Lookalike,00652.tif,Lookalike/00652.tif,val/images/Lookalike/00652.tif,00652.tif,Mask_lookalike/00652.tif,val/masks/Lookalike/00652.tif,4639e12c6e8caaa4604b56111a9087357d15efa8ebcbfdaafdf168df68b4f2f5,f1aa0ad4cbbd93669d577a8d940448dcd5d4aacec3aa613c78b891af8752da34,2048,2048,2,float32+float32,HARD_LINK,NO,
val,Lookalike,00259.tif,Lookalike/00259.tif,val/images/Lookalike/00259.tif,00259.tif,Mask_lookalike/00259.tif,val/masks/Lookalike/00259.tif,f246e690708994f09577a0cac738eb1ce826056674dc5f8b084c45c50c7b1dae,f1aa0ad4cbbd93669d577a8d940448dcd5d4aacec3aa613c78b891af8752da34,2048,2048,2,float32+float32,HARD_LINK,NO,
val,Lookalike,00382.tif,Lookalike/00382.tif,val/images/Lookalike/00382.tif,00382.tif,Mask_lookalike/00382.tif,val/masks/Lookalike/00382.tif,772d3b30bb3b7148436d4c35a3fcf2fc4723768d2855d40934d03d8a395e3d78,f1aa0ad4cbbd93669d577a8d940448dcd5d4aacec3aa613c78b891af8752da34,2048,2048,2,float32+float32,HARD_LINK,NO,
val,Lookalike,00396.tif,Lookalike/00396.tif,val/images/Lookalike/00396.tif,00396.tif,Mask_lookalike/00396.tif,val/masks/Lookalike/00396.tif,a01df568e85e69914e6e0fadad8faf62cfba35f916a2f28e0d896fd0849aed9a,f1aa0ad4cbbd93669d577a8d940448dcd5d4aacec3aa613c78b891af8752da34,2048,2048,2,float32+float32,HARD_LINK,NO,
val,Lookalike,00044.tif,Lookalike/00044.tif,val/images/Lookalike/00044.tif,00044.tif,Mask_lookalike/00044.tif,val/masks/Lookalike/00044.tif,d7f6ad7999657621c7906ba6b20cc50409eb9d8f521b070d49b85109a1546d5e,f1aa0ad4cbbd93669d577a8d940448dcd5d4aacec3aa613c78b891af8752da34,2048,2048,2,float32+float32,HARD_LINK,NO,
val,Lookalike,00481.tif,Lookalike/00481.tif,val/images/Lookalike/00481.tif,00481.tif,Mask_lookalike/00481.tif,val/masks/Lookalike/00481.tif,bcc5921ea0306b4daa0e810b1371f1d9c9926718ae56788d55ed9a4fe6a546b7,f1aa0ad4cbbd93669d577a8d940448dcd5d4aacec3aa613c78b891af8752da34,2048,2048,2,float32+float32,HARD_LINK,NO,
val,Lookalike,00399.tif,Lookalike/00399.tif,val/images/Lookalike/00399.tif,00399.tif,Mask_lookalike/00399.tif,val/masks/Lookalike/00399.tif,3c246f5e559409da7a32376b17ab0005b32087f9373f139cc930b61a84e2c8d0,f1aa0ad4cbbd93669d577a8d940448dcd5d4aacec3aa613c78b891af8752da34,2048,2048,2,float32+float32,HARD_LINK,NO,
val,Lookalike,00020.tif,Lookalike/00020.tif,val/images/Lookalike/00020.tif,00020.tif,Mask_lookalike/00020.tif,val/masks/Lookalike/00020.tif,3ab8a610dcfb87a7af7274a46bfc00fab6175e8d2af0ec3577e81b97e051e9a3,f1aa0ad4cbbd93669d577a8d940448dcd5d4aacec3aa613c78b891af8752da34,2048,2048,2,float32+float32,HARD_LINK,NO,
val,Lookalike,00567.tif,Lookalike/00567.tif,val/images/Lookalike/00567.tif,00567.tif,Mask_lookalike/00567.tif,val/masks/Lookalike/00567.tif,2974c2ff3dc14ae169e9fe076b1625ae82fe61b888592470b0345687b8ca8508,f1aa0ad4cbbd93669d577a8d940448dcd5d4aacec3aa613c78b891af8752da34,2048,2048,2,float32+float32,HARD_LINK,NO,
val,Lookalike,00631.tif,Lookalike/00631.tif,val/images/Lookalike/00631.tif,00631.tif,Mask_lookalike/00631.tif,val/masks/Lookalike/00631.tif,604c5ab27677ec60fb3fdf675111f53706489206a0cd1b3ad756711f4d61ffba,f1aa0ad4cbbd93669d577a8d940448dcd5d4aacec3aa613c78b891af8752da34,2048,2048,2,float32+float32,HARD_LINK,NO,
val,Lookalike,00519.tif,Lookalike/00519.tif,val/images/Lookalike/00519.tif,00519.tif,Mask_lookalike/00519.tif,val/masks/Lookalike/00519.tif,9a3fd55cba7e309b25061d8e4d61e6ca0cc8523fac32f857adf3175b0b3aa7e0,f1aa0ad4cbbd93669d577a8d940448dcd5d4aacec3aa613c78b891af8752da34,2048,2048,2,float32+float32,HARD_LINK,NO,
val,Lookalike,00557.tif,Lookalike/00557.tif,val/images/Lookalike/00557.tif,00557.tif,Mask_lookalike/00557.tif,val/masks/Lookalike/00557.tif,0f9e14450d7ce8d6a1cfacab9aa616bad39cd901e5f65f65a3739cd1c25f2740,f1aa0ad4cbbd93669d577a8d940448dcd5d4aacec3aa613c78b891af8752da34,2048,2048,2,float32+float32,HARD_LINK,NO,
val,Lookalike,00538.tif,Lookalike/00538.tif,val/images/Lookalike/00538.tif,00538.tif,Mask_lookalike/00538.tif,val/masks/Lookalike/00538.tif,6ce2d7a164584fd3c79e0dd463146dc49422a18f5c274395001a604b6dbac4b6,f1aa0ad4cbbd93669d577a8d940448dcd5d4aacec3aa613c78b891af8752da34,2048,2048,2,float32+float32,HARD_LINK,NO,
val,Lookalike,00069.tif,Lookalike/00069.tif,val/images/Lookalike/00069.tif,00069.tif,Mask_lookalike/00069.tif,val/masks/Lookalike/00069.tif,cbc9e0bfd258aa6f87dc466e8a86c4de15c05a0a20004baca9b856babee8738c,f1aa0ad4cbbd93669d577a8d940448dcd5d4aacec3aa613c78b891af8752da34,2048,2048,2,float32+float32,HARD_LINK,NO,
val,Lookalike,00369.tif,Lookalike/00369.tif,val/images/Lookalike/00369.tif,00369.tif,Mask_lookalike/00369.tif,val/masks/Lookalike/00369.tif,7ee483ac6af3643c4dcc81399ff56bf0501939baeab67714e326a02b9ed7f7e1,f1aa0ad4cbbd93669d577a8d940448dcd5d4aacec3aa613c78b891af8752da34,2048,2048,2,float32+float32,HARD_LINK,NO,
val,Lookalike,00536.tif,Lookalike/00536.tif,val/images/Lookalike/00536.tif,00536.tif,Mask_lookalike/00536.tif,val/masks/Lookalike/00536.tif,44415583edc1936b6650206e353aba2a8b08f625c21a15bcf2d4880cd9f0edea,f1aa0ad4cbbd93669d577a8d940448dcd5d4aacec3aa613c78b891af8752da34,2048,2048,2,float32+float32,HARD_LINK,NO,
val,Lookalike,00087.tif,Lookalike/00087.tif,val/images/Lookalike/00087.tif,00087.tif,Mask_lookalike/00087.tif,val/masks/Lookalike/00087.tif,9b3bbdf103393ecf9584143c3897852657a0700c1c3376e155b5e381c9e94fe9,f1aa0ad4cbbd93669d577a8d940448dcd5d4aacec3aa613c78b891af8752da34,2048,2048,2,float32+float32,HARD_LINK,NO,
val,Lookalike,00191.tif,Lookalike/00191.tif,val/images/Lookalike/00191.tif,00191.tif,Mask_lookalike/00191.tif,val/masks/Lookalike/00191.tif,2eeb81d55a31c566d7ababe7037a7f8159bcc96fa739a7cdfab561e673761503,f1aa0ad4cbbd93669d577a8d940448dcd5d4aacec3aa613c78b891af8752da34,2048,2048,2,float32+float32,HARD_LINK,NO,
val,Lookalike,00426.tif,Lookalike/00426.tif,val/images/Lookalike/00426.tif,00426.tif,Mask_lookalike/00426.tif,val/masks/Lookalike/00426.tif,e471fc530e0b011653ac9b650d93b1313ee865839d1f6f62df426a622aa640e5,f1aa0ad4cbbd93669d577a8d940448dcd5d4aacec3aa613c78b891af8752da34,2048,2048,2,float32+float32,HARD_LINK,NO,
val,Lookalike,00584.tif,Lookalike/00584.tif,val/images/Lookalike/00584.tif,00584.tif,Mask_lookalike/00584.tif,val/masks/Lookalike/00584.tif,52a3720dd4a7ad9c35d6f72591f93f52e7eff785ace21396445cdee7da8029bd,f1aa0ad4cbbd93669d577a8d940448dcd5d4aacec3aa613c78b891af8752da34,2048,2048,2,float32+float32,HARD_LINK,NO,
val,Lookalike,00246.tif,Lookalike/00246.tif,val/images/Lookalike/00246.tif,00246.tif,Mask_lookalike/00246.tif,val/masks/Lookalike/00246.tif,43a346af08a9805cffdbdab36180d1aead002a7df8ba0efb9b5341ad305e52a4,f1aa0ad4cbbd93669d577a8d940448dcd5d4aacec3aa613c78b891af8752da34,2048,2048,2,float32+float32,HARD_LINK,NO,
val,Lookalike,00361.tif,Lookalike/00361.tif,val/images/Lookalike/00361.tif,00361.tif,Mask_lookalike/00361.tif,val/masks/Lookalike/00361.tif,51efafeadeb109f503108d7b64c2c9c6d3fa3dd752ccceef9a189fac81940e39,f1aa0ad4cbbd93669d577a8d940448dcd5d4aacec3aa613c78b891af8752da34,2048,2048,2,float32+float32,HARD_LINK,NO,
val,Lookalike,00629.tif,Lookalike/00629.tif,val/images/Lookalike/00629.tif,00629.tif,Mask_lookalike/00629.tif,val/masks/Lookalike/00629.tif,6f0fd71c4cfc8404a1c236ee05eb13edf19ed1f4b2f4f10696649b660863768e,f1aa0ad4cbbd93669d577a8d940448dcd5d4aacec3aa613c78b891af8752da34,2048,2048,2,float32+float32,HARD_LINK,NO,
val,Lookalike,00001.tif,Lookalike/00001.tif,val/images/Lookalike/00001.tif,00001.tif,Mask_lookalike/00001.tif,val/masks/Lookalike/00001.tif,3897cefc49dbfe4a67ca9413c460a966bd1978a697e602988467003ad2a31988,f1aa0ad4cbbd93669d577a8d940448dcd5d4aacec3aa613c78b891af8752da34,2048,2048,2,float32+float32,HARD_LINK,NO,
val,Lookalike,00439.tif,Lookalike/00439.tif,val/images/Lookalike/00439.tif,00439.tif,Mask_lookalike/00439.tif,val/masks/Lookalike/00439.tif,ec53a4ae9e1fe5657b61f898e970c6bc2bff1a66e187b0c3dc99e3d23c955b57,f1aa0ad4cbbd93669d577a8d940448dcd5d4aacec3aa613c78b891af8752da34,2048,2048,2,float32+float32,HARD_LINK,NO,
val,Lookalike,00298.tif,Lookalike/00298.tif,val/images/Lookalike/00298.tif,00298.tif,Mask_lookalike/00298.tif,val/masks/Lookalike/00298.tif,01224e0e092bf818b2e0f68a1666fd984a5fb83d92928d89c8804dabb1ee1644,f1aa0ad4cbbd93669d577a8d940448dcd5d4aacec3aa613c78b891af8752da34,2048,2048,2,float32+float32,HARD_LINK,NO,
val,Lookalike,00147.tif,Lookalike/00147.tif,val/images/Lookalike/00147.tif,00147.tif,Mask_lookalike/00147.tif,val/masks/Lookalike/00147.tif,7974132c2093909a63bd2c9494644258b57fd892766460b25a2eeafe00eb2b5b,f1aa0ad4cbbd93669d577a8d940448dcd5d4aacec3aa613c78b891af8752da34,2048,2048,2,float32+float32,HARD_LINK,NO,
val,Lookalike,00247.tif,Lookalike/00247.tif,val/images/Lookalike/00247.tif,00247.tif,Mask_lookalike/00247.tif,val/masks/Lookalike/00247.tif,db86ff8296fdf6027e991e142922da4be02048d39d8a2faff21e05d579574bcd,f1aa0ad4cbbd93669d577a8d940448dcd5d4aacec3aa613c78b891af8752da34,2048,2048,2,float32+float32,HARD_LINK,NO,
val,Lookalike,00588.tif,Lookalike/00588.tif,val/images/Lookalike/00588.tif,00588.tif,Mask_lookalike/00588.tif,val/masks/Lookalike/00588.tif,bc77df4fd36e7edce1cb2e9dc81fe97c52a5e2de1d035925f1979e7fb1f7a7ef,f1aa0ad4cbbd93669d577a8d940448dcd5d4aacec3aa613c78b891af8752da34,2048,2048,2,float32+float32,HARD_LINK,NO,
val,Lookalike,00527.tif,Lookalike/00527.tif,val/images/Lookalike/00527.tif,00527.tif,Mask_lookalike/00527.tif,val/masks/Lookalike/00527.tif,f9892eb023c146d34710e99788b2b95d35554888bd332c8b852e30cba82b8372,f1aa0ad4cbbd93669d577a8d940448dcd5d4aacec3aa613c78b891af8752da34,2048,2048,2,float32+float32,HARD_LINK,NO,
val,Lookalike,00647.tif,Lookalike/00647.tif,val/images/Lookalike/00647.tif,00647.tif,Mask_lookalike/00647.tif,val/masks/Lookalike/00647.tif,5594fd1da8c67e3d8308274ad7cfbc9dc1bfc902d86463f08e2ee5b1d7cacceb,f1aa0ad4cbbd93669d577a8d940448dcd5d4aacec3aa613c78b891af8752da34,2048,2048,2,float32+float32,HARD_LINK,NO,
val,Lookalike,00016.tif,Lookalike/00016.tif,val/images/Lookalike/00016.tif,00016.tif,Mask_lookalike/00016.tif,val/masks/Lookalike/00016.tif,bd7a73c068fe5bbccf65d42982bcda56ebc7b9d968d504aaa070c5a483c9330b,f1aa0ad4cbbd93669d577a8d940448dcd5d4aacec3aa613c78b891af8752da34,2048,2048,2,float32+float32,HARD_LINK,NO,
val,Lookalike,00548.tif,Lookalike/00548.tif,val/images/Lookalike/00548.tif,00548.tif,Mask_lookalike/00548.tif,val/masks/Lookalike/00548.tif,de975c91bbcaca25c09c175b1f3b9a1cd75919ac5d5b16128e9b3e891157a99d,f1aa0ad4cbbd93669d577a8d940448dcd5d4aacec3aa613c78b891af8752da34,2048,2048,2,float32+float32,HARD_LINK,NO,
val,Lookalike,00611.tif,Lookalike/00611.tif,val/images/Lookalike/00611.tif,00611.tif,Mask_lookalike/00611.tif,val/masks/Lookalike/00611.tif,6d97e812e034ceaeb157f342d8e2be07094aa2346d9db005b055abbf0019dc62,f1aa0ad4cbbd93669d577a8d940448dcd5d4aacec3aa613c78b891af8752da34,2048,2048,2,float32+float32,HARD_LINK,NO,
val,Lookalike,00511.tif,Lookalike/00511.tif,val/images/Lookalike/00511.tif,00511.tif,Mask_lookalike/00511.tif,val/masks/Lookalike/00511.tif,7c799de52d3fb861d86e65a97efe72c6b318e36a5ae45271e3e19472c024032e,f1aa0ad4cbbd93669d577a8d940448dcd5d4aacec3aa613c78b891af8752da34,2048,2048,2,float32+float32,HARD_LINK,NO,
val,Lookalike,00668.tif,Lookalike/00668.tif,val/images/Lookalike/00668.tif,00668.tif,Mask_lookalike/00668.tif,val/masks/Lookalike/00668.tif,a79cb8f5bc2c4ddcda79c9d68fdbbb344cd2ea62aefa6ccbb28c57d4dee59f97,f1aa0ad4cbbd93669d577a8d940448dcd5d4aacec3aa613c78b891af8752da34,2048,2048,2,float32+float32,HARD_LINK,NO,
val,Lookalike,00064.tif,Lookalike/00064.tif,val/images/Lookalike/00064.tif,00064.tif,Mask_lookalike/00064.tif,val/masks/Lookalike/00064.tif,f5f4232ad009e7f155467098c998cd5b9a484b1856aea4fdb0dadf025b079a67,f1aa0ad4cbbd93669d577a8d940448dcd5d4aacec3aa613c78b891af8752da34,2048,2048,2,float32+float32,HARD_LINK,NO,
val,Lookalike,00468.tif,Lookalike/00468.tif,val/images/Lookalike/00468.tif,00468.tif,Mask_lookalike/00468.tif,val/masks/Lookalike/00468.tif,dd6c9704b991d5d5648f1972685313fd16c0bf6f3d053d6d409c029ce0b38558,f1aa0ad4cbbd93669d577a8d940448dcd5d4aacec3aa613c78b891af8752da34,2048,2048,2,float32+float32,HARD_LINK,NO,
val,Lookalike,00637.tif,Lookalike/00637.tif,val/images/Lookalike/00637.tif,00637.tif,Mask_lookalike/00637.tif,val/masks/Lookalike/00637.tif,29cd7d3733f2b76c7284a869093149e20dd9e273987f0bbef1ba504fc9dd9369,f1aa0ad4cbbd93669d577a8d940448dcd5d4aacec3aa613c78b891af8752da34,2048,2048,2,float32+float32,HARD_LINK,NO,
val,Lookalike,00654.tif,Lookalike/00654.tif,val/images/Lookalike/00654.tif,00654.tif,Mask_lookalike/00654.tif,val/masks/Lookalike/00654.tif,e1109bb051b73a6ef30d289fe10fb2317e6dfe50b49a820084a559f99d2b8536,f1aa0ad4cbbd93669d577a8d940448dcd5d4aacec3aa613c78b891af8752da34,2048,2048,2,float32+float32,HARD_LINK,NO,
val,Lookalike,00429.tif,Lookalike/00429.tif,val/images/Lookalike/00429.tif,00429.tif,Mask_lookalike/00429.tif,val/masks/Lookalike/00429.tif,2b098f9001af96553250142c3b6c821ccbac1207037efe4724541cc484d1a996,f1aa0ad4cbbd93669d577a8d940448dcd5d4aacec3aa613c78b891af8752da34,2048,2048,2,float32+float32,HARD_LINK,NO,
val,Lookalike,00244.tif,Lookalike/00244.tif,val/images/Lookalike/00244.tif,00244.tif,Mask_lookalike/00244.tif,val/masks/Lookalike/00244.tif,17879731f0984630bd14f4ec6a1bc6ef3c6ebd2bdc7ab706984e5fe5b82dea3f,f1aa0ad4cbbd93669d577a8d940448dcd5d4aacec3aa613c78b891af8752da34,2048,2048,2,float32+float32,HARD_LINK,NO,
val,Lookalike,00048.tif,Lookalike/00048.tif,val/images/Lookalike/00048.tif,00048.tif,Mask_lookalike/00048.tif,val/masks/Lookalike/00048.tif,692aab24cb0e6ba84c8b2c1732289712e37af27a8ec5b9452c6e77885fad385a,f1aa0ad4cbbd93669d577a8d940448dcd5d4aacec3aa613c78b891af8752da34,2048,2048,2,float32+float32,HARD_LINK,NO,
val,Lookalike,00124.tif,Lookalike/00124.tif,val/images/Lookalike/00124.tif,00124.tif,Mask_lookalike/00124.tif,val/masks/Lookalike/00124.tif,30d0f00c36329ae25d5a1b4975de827b26b62e63fb77d7dbffcbb3e622fe1c08,f1aa0ad4cbbd93669d577a8d940448dcd5d4aacec3aa613c78b891af8752da34,2048,2048,2,float32+float32,HARD_LINK,NO,
val,Lookalike,00308.tif,Lookalike/00308.tif,val/images/Lookalike/00308.tif,00308.tif,Mask_lookalike/00308.tif,val/masks/Lookalike/00308.tif,0c039395c754784490185c3fb07e887caa87f2a6b95db04a9e482da4617fbeef,f1aa0ad4cbbd93669d577a8d940448dcd5d4aacec3aa613c78b891af8752da34,2048,2048,2,float32+float32,HARD_LINK,NO,
val,Lookalike,00243.tif,Lookalike/00243.tif,val/images/Lookalike/00243.tif,00243.tif,Mask_lookalike/00243.tif,val/masks/Lookalike/00243.tif,b459e7ce7802f06669521f33dfb9f61a813ffdc721afd9da22fdc0f4308dbf6e,f1aa0ad4cbbd93669d577a8d940448dcd5d4aacec3aa613c78b891af8752da34,2048,2048,2,float32+float32,HARD_LINK,NO,
val,Lookalike,00295.tif,Lookalike/00295.tif,val/images/Lookalike/00295.tif,00295.tif,Mask_lookalike/00295.tif,val/masks/Lookalike/00295.tif,53a737de7d8acddd2b3f884dcdf99994e00f06ca427ba206708a623eb3ffbe35,f1aa0ad4cbbd93669d577a8d940448dcd5d4aacec3aa613c78b891af8752da34,2048,2048,2,float32+float32,HARD_LINK,NO,
val,Lookalike,00113.tif,Lookalike/00113.tif,val/images/Lookalike/00113.tif,00113.tif,Mask_lookalike/00113.tif,val/masks/Lookalike/00113.tif,9421afa5dd8a089022d70871e2fe8be2741b8fe75e3f0bdcf029e2879eeacd0f,f1aa0ad4cbbd93669d577a8d940448dcd5d4aacec3aa613c78b891af8752da34,2048,2048,2,float32+float32,HARD_LINK,NO,
val,Lookalike,00433.tif,Lookalike/00433.tif,val/images/Lookalike/00433.tif,00433.tif,Mask_lookalike/00433.tif,val/masks/Lookalike/00433.tif,42a9e7c5da13513e3811e0a0a32994d85fdd860e12d12a921989cce62d225395,f1aa0ad4cbbd93669d577a8d940448dcd5d4aacec3aa613c78b891af8752da34,2048,2048,2,float32+float32,HARD_LINK,NO,
val,Lookalike,00540.tif,Lookalike/00540.tif,val/images/Lookalike/00540.tif,00540.tif,Mask_lookalike/00540.tif,val/masks/Lookalike/00540.tif,759c0a2cc7825cd1ad53b913a1dc7e2fb52b719fb5b45ec7840b7cd461f3055b,f1aa0ad4cbbd93669d577a8d940448dcd5d4aacec3aa613c78b891af8752da34,2048,2048,2,float32+float32,HARD_LINK,NO,
val,Lookalike,00623.tif,Lookalike/00623.tif,val/images/Lookalike/00623.tif,00623.tif,Mask_lookalike/00623.tif,val/masks/Lookalike/00623.tif,ca403bb3060aa41dd9db106d904ea2a7b8d5e927c8987ce543f58b841dc31f05,f1aa0ad4cbbd93669d577a8d940448dcd5d4aacec3aa613c78b891af8752da34,2048,2048,2,float32+float32,HARD_LINK,NO,
val,Lookalike,00561.tif,Lookalike/00561.tif,val/images/Lookalike/00561.tif,00561.tif,Mask_lookalike/00561.tif,val/masks/Lookalike/00561.tif,ce6c3f824dfcd5d936d67e2d6509be2a7b1422b7860dcd6e9cf43ee035f163e4,f1aa0ad4cbbd93669d577a8d940448dcd5d4aacec3aa613c78b891af8752da34,2048,2048,2,float32+float32,HARD_LINK,NO,
val,Lookalike,00153.tif,Lookalike/00153.tif,val/images/Lookalike/00153.tif,00153.tif,Mask_lookalike/00153.tif,val/masks/Lookalike/00153.tif,8d604a3120f148d287a64bb9065e4afe18eaadc958d24acd5098a35c9e26d721,f1aa0ad4cbbd93669d577a8d940448dcd5d4aacec3aa613c78b891af8752da34,2048,2048,2,float32+float32,HARD_LINK,NO,
val,Lookalike,00220.tif,Lookalike/00220.tif,val/images/Lookalike/00220.tif,00220.tif,Mask_lookalike/00220.tif,val/masks/Lookalike/00220.tif,fb29601207cff7304dfed0452c15bf510935e7335e8868c78ea8c5666a8bc316,f1aa0ad4cbbd93669d577a8d940448dcd5d4aacec3aa613c78b891af8752da34,2048,2048,2,float32+float32,HARD_LINK,NO,
val,Lookalike,00262.tif,Lookalike/00262.tif,val/images/Lookalike/00262.tif,00262.tif,Mask_lookalike/00262.tif,val/masks/Lookalike/00262.tif,3a339662a71749292f37abfc1b98fd373132a5d96c29a43c2da8514405f14fa1,f1aa0ad4cbbd93669d577a8d940448dcd5d4aacec3aa613c78b891af8752da34,2048,2048,2,float32+float32,HARD_LINK,NO,
val,Lookalike,00019.tif,Lookalike/00019.tif,val/images/Lookalike/00019.tif,00019.tif,Mask_lookalike/00019.tif,val/masks/Lookalike/00019.tif,124499bb880111ffa0ab53df17325365af34289b12ad3003a971bd885dbf3a1b,f1aa0ad4cbbd93669d577a8d940448dcd5d4aacec3aa613c78b891af8752da34,2048,2048,2,float32+float32,HARD_LINK,NO,
val,Lookalike,00081.tif,Lookalike/00081.tif,val/images/Lookalike/00081.tif,00081.tif,Mask_lookalike/00081.tif,val/masks/Lookalike/00081.tif,b7efac3f79b0947825184e359385a5f1093e08127560a2b3254aac3266843c57,f1aa0ad4cbbd93669d577a8d940448dcd5d4aacec3aa613c78b891af8752da34,2048,2048,2,float32+float32,HARD_LINK,NO,
val,Lookalike,00005.tif,Lookalike/00005.tif,val/images/Lookalike/00005.tif,00005.tif,Mask_lookalike/00005.tif,val/masks/Lookalike/00005.tif,73ac3847a18801ab9f8669787dab57fef6ec387b893f06ce6cab3c0d5fcdc7c5,f1aa0ad4cbbd93669d577a8d940448dcd5d4aacec3aa613c78b891af8752da34,2048,2048,2,float32+float32,HARD_LINK,NO,
val,Lookalike,00630.tif,Lookalike/00630.tif,val/images/Lookalike/00630.tif,00630.tif,Mask_lookalike/00630.tif,val/masks/Lookalike/00630.tif,36abd66df87faded1880f0f3afe20016d29fe0d2fd88709b29d3e97fa5138952,f1aa0ad4cbbd93669d577a8d940448dcd5d4aacec3aa613c78b891af8752da34,2048,2048,2,float32+float32,HARD_LINK,NO,
val,Lookalike,00459.tif,Lookalike/00459.tif,val/images/Lookalike/00459.tif,00459.tif,Mask_lookalike/00459.tif,val/masks/Lookalike/00459.tif,82803796656263b0e1394797aadd94c4ef91de185c13dc92f6e5aa72db25e979,f1aa0ad4cbbd93669d577a8d940448dcd5d4aacec3aa613c78b891af8752da34,2048,2048,2,float32+float32,HARD_LINK,NO,
val,Lookalike,00480.tif,Lookalike/00480.tif,val/images/Lookalike/00480.tif,00480.tif,Mask_lookalike/00480.tif,val/masks/Lookalike/00480.tif,70978d3da8e18c43e04df3696d215f12d8478eeefc108ad424639ba58d0a7e9f,f1aa0ad4cbbd93669d577a8d940448dcd5d4aacec3aa613c78b891af8752da34,2048,2048,2,float32+float32,HARD_LINK,NO,
val,Lookalike,00142.tif,Lookalike/00142.tif,val/images/Lookalike/00142.tif,00142.tif,Mask_lookalike/00142.tif,val/masks/Lookalike/00142.tif,9666940b3ddc8df32eee66419f3049a657155e4797bd85974bc13b7a1b923ef7,f1aa0ad4cbbd93669d577a8d940448dcd5d4aacec3aa613c78b891af8752da34,2048,2048,2,float32+float32,HARD_LINK,NO,
val,Lookalike,00483.tif,Lookalike/00483.tif,val/images/Lookalike/00483.tif,00483.tif,Mask_lookalike/00483.tif,val/masks/Lookalike/00483.tif,077a2e41bf18438422f7c7124cd527ff12da481e68c2f143620f5040cbe5f4d8,f1aa0ad4cbbd93669d577a8d940448dcd5d4aacec3aa613c78b891af8752da34,2048,2048,2,float32+float32,HARD_LINK,NO,
val,Lookalike,00293.tif,Lookalike/00293.tif,val/images/Lookalike/00293.tif,00293.tif,Mask_lookalike/00293.tif,val/masks/Lookalike/00293.tif,9379ea1e98e0f50979b0712681f18d6d5e118f5c95ed6a2dc2dd3dc4b97a63e1,f1aa0ad4cbbd93669d577a8d940448dcd5d4aacec3aa613c78b891af8752da34,2048,2048,2,float32+float32,HARD_LINK,NO,
test,Oil,00000.tif,Test_Images/Oil/00000.tif,test/images/Oil/00000.tif,00000_segmentation.tif,Mask/Oil/00000_segmentation.tif,test/masks/Oil/00000_segmentation.tif,07aec8ca52459a99ffda8feca81d7d38bbd31ecebd34150b0ab1a7ddb672c469,01084d6bfd4089f15f5aa4a86abe4818f139ad0bf4e6e8ee123b4163fe584e9a,2048,2048,2,float32+float32,HARD_LINK,NO,
test,Oil,00001.tif,Test_Images/Oil/00001.tif,test/images/Oil/00001.tif,00001_segmentation.tif,Mask/Oil/00001_segmentation.tif,test/masks/Oil/00001_segmentation.tif,fb616a00a6ca2997a748f1adc169f22e78b9a159d8bb1f6c69af382652f16ace,8148e628acb01d854b3d3b9959addc2bb11a8b97c4ccd890d69bd481488c65de,2048,2048,2,float32+float32,HARD_LINK,NO,
test,Oil,00002.tif,Test_Images/Oil/00002.tif,test/images/Oil/00002.tif,00002_segmentation.tif,Mask/Oil/00002_segmentation.tif,test/masks/Oil/00002_segmentation.tif,4b0e829a6df6ed51d19eb1c63b2ca354f885072e0ef04f0990dd2de7ccf4c0f4,58ecd6c7537e45bba0c56050e941b7437574407fb3f565bd40d66656563b5b47,2048,2048,2,float32+float32,HARD_LINK,NO,
test,Oil,00003.tif,Test_Images/Oil/00003.tif,test/images/Oil/00003.tif,00003_segmentation.tif,Mask/Oil/00003_segmentation.tif,test/masks/Oil/00003_segmentation.tif,545fa4812b37a1db2829828b574d7e35ae0a917bddc3de88c5cb068f499b6f99,9fae970320ef8ed6798e8aa8e92a0168a4776d283a7bc7df87b4d5276312be83,2048,2048,2,float32+float32,HARD_LINK,NO,
test,Oil,00004.tif,Test_Images/Oil/00004.tif,test/images/Oil/00004.tif,00004_segmentation.tif,Mask/Oil/00004_segmentation.tif,test/masks/Oil/00004_segmentation.tif,abe3d3304638cda716f2af17d0c38bf5b413600d79568c5f7b13a4f7c08a3a08,0622008f15c5fc362d005c762d718781c5acbe1706d61a83e9190f73882d2d34,2048,2048,2,float32+float32,HARD_LINK,NO,
test,Oil,00005.tif,Test_Images/Oil/00005.tif,test/images/Oil/00005.tif,00005_segmentation.tif,Mask/Oil/00005_segmentation.tif,test/masks/Oil/00005_segmentation.tif,eeac6331db2a40cbc7561eb2cb04947605ebaf0d9eb0b39b933b5ffa1715716f,af9f9900fa8d6af7c0622e947057a2a1dce1c8591479fc9ac26e8966696d1ec3,2048,2048,2,float32+float32,HARD_LINK,NO,
test,Oil,00006.tif,Test_Images/Oil/00006.tif,test/images/Oil/00006.tif,00006_segmentation.tif,Mask/Oil/00006_segmentation.tif,test/masks/Oil/00006_segmentation.tif,2487021baa9e17b036a1cce60f394020836646170a09555b9e48fb8b367d2615,3073dd0696ac30f983279f3be0cfb5d038f05027ec1b4a35ed19238dbd1d92aa,2048,2048,2,float32+float32,HARD_LINK,NO,
test,Oil,00007.tif,Test_Images/Oil/00007.tif,test/images/Oil/00007.tif,00007_segmentation.tif,Mask/Oil/00007_segmentation.tif,test/masks/Oil/00007_segmentation.tif,c80dc457d4056da0d74755124de520e4d1b9790f08c99efe7659c940b69046a9,6ab48750f36dcb685a9582fc55d3d4c72db416ef25072dcaa80eb04a0da61d1a,2048,2048,2,float32+float32,HARD_LINK,NO,
test,Oil,00008.tif,Test_Images/Oil/00008.tif,test/images/Oil/00008.tif,00008_segmentation.tif,Mask/Oil/00008_segmentation.tif,test/masks/Oil/00008_segmentation.tif,ef3bd40fdcd3da5a8a25cefcd94dbe96a6211e4915cb19ca0ec4daf1f304b449,1874cff5c60df93c0bdddca697a62d496232b664b9d6cd0075a776126e830001,2048,2048,2,float32+float32,HARD_LINK,NO,
test,Oil,00009.tif,Test_Images/Oil/00009.tif,test/images/Oil/00009.tif,00009_segmentation.tif,Mask/Oil/00009_segmentation.tif,test/masks/Oil/00009_segmentation.tif,23e9a2442283074b4bf1905401afc2bec689410d086e93455232c658f58c502e,db76a2166a3d8d347fcfe82ad65464f4759609ef604bb0448e404c888ed1d890,2048,2048,2,float32+float32,HARD_LINK,NO,
test,Oil,00010.tif,Test_Images/Oil/00010.tif,test/images/Oil/00010.tif,00010_segmentation.tif,Mask/Oil/00010_segmentation.tif,test/masks/Oil/00010_segmentation.tif,d9c7527fff045e25bee315a00177dce49a4d53fcae17b6f426134943f1c23535,0081b8da093be99bb3264e64957ea2b109c003de92070230e668cdc7b8d2d400,2048,2048,2,float32+float32,HARD_LINK,NO,
test,Oil,00011.tif,Test_Images/Oil/00011.tif,test/images/Oil/00011.tif,00011_segmentation.tif,Mask/Oil/00011_segmentation.tif,test/masks/Oil/00011_segmentation.tif,2f0b3e264ae258e000c659406c2efba7ccaa036399905f11ad01f19440aa85b3,acf0f51f8a5cb620ab0c51afb0e8bc0daa86eff68f8f7c120ac5cc99855e53b5,2048,2048,2,float32+float32,HARD_LINK,NO,
test,Oil,00012.tif,Test_Images/Oil/00012.tif,test/images/Oil/00012.tif,00012_segmentation.tif,Mask/Oil/00012_segmentation.tif,test/masks/Oil/00012_segmentation.tif,8bd7d9ebf5a296bd1baac535e0c059b53210e13e3778866cec055f53679afe7b,c4fc0ce62893281eaf42107dc4584210032c67da42d14acc6d926a17ee83f479,2048,2048,2,float32+float32,HARD_LINK,NO,
test,Oil,00013.tif,Test_Images/Oil/00013.tif,test/images/Oil/00013.tif,00013_segmentation.tif,Mask/Oil/00013_segmentation.tif,test/masks/Oil/00013_segmentation.tif,83f23dc73b5483faeb9921fa098ac9c1fd5a58cc68b3867f7b75f1ea66205ce7,1f49a9e0b030b672698a73ea108c20922959e13ca7b4f030597b9f6e8a86203e,2048,2048,2,float32+float32,HARD_LINK,NO,
test,Oil,00014.tif,Test_Images/Oil/00014.tif,test/images/Oil/00014.tif,00014_segmentation.tif,Mask/Oil/00014_segmentation.tif,test/masks/Oil/00014_segmentation.tif,af75dcbfaa18e96cbbd6bda2ff327206c1a69263b5df3d72831b9b92651284d6,a76f9f636c5c828e98005be063271ef0b9b8f70a98dd8b64ce27a60190189c0a,2048,2048,2,float32+float32,HARD_LINK,NO,
test,Oil,00015.tif,Test_Images/Oil/00015.tif,test/images/Oil/00015.tif,00015_segmentation.tif,Mask/Oil/00015_segmentation.tif,test/masks/Oil/00015_segmentation.tif,989003e4d02b324f7ce5205b2155608b250f17c2acc78eb8ca00676b34b7256b,92249aaa5e0a4b16fac1d60b12a95e610825257b4b38e4cb3eb8f243a0bba941,2048,2048,2,float32+float32,HARD_LINK,NO,
test,Oil,00016.tif,Test_Images/Oil/00016.tif,test/images/Oil/00016.tif,00016_segmentation.tif,Mask/Oil/00016_segmentation.tif,test/masks/Oil/00016_segmentation.tif,4abe7efb7f2a308d3175d5d603021843994e43d2381f8d9093d2720d348e0ab4,478e3b873a73f211f2ac85e2e9ec2c4413e169ca7fb6efe423223009878b1d23,2048,2048,2,float32+float32,HARD_LINK,NO,
test,Oil,00017.tif,Test_Images/Oil/00017.tif,test/images/Oil/00017.tif,00017_segmentation.tif,Mask/Oil/00017_segmentation.tif,test/masks/Oil/00017_segmentation.tif,3176bf0d45ec04e9cf566cae0a0d676494f10a65ddc8c8620490a002463fe6ae,69c1bfbf9818d5ee62eaf3301b947300aecae9c1ac25c216e51874734fdc9040,2048,2048,2,float32+float32,HARD_LINK,NO,
test,Oil,00018.tif,Test_Images/Oil/00018.tif,test/images/Oil/00018.tif,00018_segmentation.tif,Mask/Oil/00018_segmentation.tif,test/masks/Oil/00018_segmentation.tif,7c79cc6c6e2e0573e6fc31ba68c633b34308b755ed1089b50befda91369fe8e7,105db4ba0f6d1bd0fccdb15052712a068ae95425254399c0c3f3a26b50f7ad94,2048,2048,2,float32+float32,HARD_LINK,NO,
test,Oil,00019.tif,Test_Images/Oil/00019.tif,test/images/Oil/00019.tif,00019_segmentation.tif,Mask/Oil/00019_segmentation.tif,test/masks/Oil/00019_segmentation.tif,0f883391ce0b54e88869a904e84d3e39976bd22b3ec890f229eeb68bffc39ad4,a023540f7596570307d05b77888514aebab5b46d30b0e1d18e6d5916f11ce0be,2048,2048,2,float32+float32,HARD_LINK,NO,
test,Oil,00020.tif,Test_Images/Oil/00020.tif,test/images/Oil/00020.tif,00020_segmentation.tif,Mask/Oil/00020_segmentation.tif,test/masks/Oil/00020_segmentation.tif,0a06a0bb2ded1ddb32d8c00007b5a93b95ebf8742b03e93469ed38453b84767e,ca970663b5f0dd0b243be6f3e10dd34cacd14e70c26234ad4a9875984f9fbe52,2048,2048,2,float32+float32,HARD_LINK,NO,
test,Oil,00021.tif,Test_Images/Oil/00021.tif,test/images/Oil/00021.tif,00021_segmentation.tif,Mask/Oil/00021_segmentation.tif,test/masks/Oil/00021_segmentation.tif,fd80ce2774a679b5cdfc22c6668a4687f461b4d3796b0be1733dd0131173f3d8,4a0c2fc79f7139b2b105202871cf16e24407d0aac679ca3c2fe76fcb7b8399ba,2048,2048,2,float32+float32,HARD_LINK,NO,
test,Oil,00022.tif,Test_Images/Oil/00022.tif,test/images/Oil/00022.tif,00022_segmentation.tif,Mask/Oil/00022_segmentation.tif,test/masks/Oil/00022_segmentation.tif,c51c8027903b7fe743cf3e0c407daf3599bab59e9d3892c693380c32c5213dab,4800750a46b1b49d55c634a8bb4dbdd20e5e4d25a56da582828f31d67f44c6f1,2048,2048,2,float32+float32,HARD_LINK,NO,
test,Oil,00023.tif,Test_Images/Oil/00023.tif,test/images/Oil/00023.tif,00023_segmentation.tif,Mask/Oil/00023_segmentation.tif,test/masks/Oil/00023_segmentation.tif,41dcd8dc1f3853bfa5cf25ce84879224e4e090aefb080bb96c5ed22a054768f6,ec9718e03135cc1a4d76821af78282900bbf72f237f4cfd72a752374868c2d92,2048,2048,2,float32+float32,HARD_LINK,NO,
test,Oil,00024.tif,Test_Images/Oil/00024.tif,test/images/Oil/00024.tif,00024_segmentation.tif,Mask/Oil/00024_segmentation.tif,test/masks/Oil/00024_segmentation.tif,3813287e224550d92edc536e1ec24a67a7dbf9ec400d392c593a99ac9c288123,36889cdbb00b5598d38c9cf8fa6152084bae4904ae17169d056d9bc0d790c7ee,2048,2048,2,float32+float32,HARD_LINK,NO,
test,Oil,00025.tif,Test_Images/Oil/00025.tif,test/images/Oil/00025.tif,00025_segmentation.tif,Mask/Oil/00025_segmentation.tif,test/masks/Oil/00025_segmentation.tif,8ff3e984e9e52721009ebd691bda5b988cc9c86c8667acd21f13c80df6b3c5a7,88d727b053860b92ca4f47ea113602134a6fea4b5bb35ed1fdca8fb7fe69cfac,2048,2048,2,float32+float32,HARD_LINK,NO,
test,Oil,00026.tif,Test_Images/Oil/00026.tif,test/images/Oil/00026.tif,00026_segmentation.tif,Mask/Oil/00026_segmentation.tif,test/masks/Oil/00026_segmentation.tif,84d1bc8bb8e76d105c3782d8184cf84990d911400fe3850b7b54983edd13bbb8,945de77f4306de68fd246f65986cdd36d6fef163e343d17d81f1b71ed4f41c92,2048,2048,2,float32+float32,HARD_LINK,NO,
test,Oil,00027.tif,Test_Images/Oil/00027.tif,test/images/Oil/00027.tif,00027_segmentation.tif,Mask/Oil/00027_segmentation.tif,test/masks/Oil/00027_segmentation.tif,c807304bf1ed1452ec4e3ec2404d9efc6a13b72d162313bd0e74481c66b345b2,eb7044f46bb1274b95958862a6348ebb03e66a00b34beab52ae1a8b094d6a1e1,2048,2048,2,float32+float32,HARD_LINK,NO,
test,Oil,00028.tif,Test_Images/Oil/00028.tif,test/images/Oil/00028.tif,00028_segmentation.tif,Mask/Oil/00028_segmentation.tif,test/masks/Oil/00028_segmentation.tif,7f05ebb7adf0aeb96a53e40bc665342dc86e7f942a0f2a1a2af7a193aaf230d3,4930a688795d3ea1308d1ca1382287724e12cc7d2799ac42597ed79f44739131,2048,2048,2,float32+float32,HARD_LINK,NO,
test,Oil,00029.tif,Test_Images/Oil/00029.tif,test/images/Oil/00029.tif,00029_segmentation.tif,Mask/Oil/00029_segmentation.tif,test/masks/Oil/00029_segmentation.tif,13562c44cdbac22fa2bccd21b05a45ea54c4f7fd528fada71fed3e62ab7f04c5,48b1ee675df36267fecc91bbd07c7ca6843dee632fdb3b368cf055afb82a7b95,2048,2048,2,float32+float32,HARD_LINK,NO,
test,Oil,00030.tif,Test_Images/Oil/00030.tif,test/images/Oil/00030.tif,00030_segmentation.tif,Mask/Oil/00030_segmentation.tif,test/masks/Oil/00030_segmentation.tif,38b675c2eb76b13f445d8f07c53fff912ad9f2f0bf5e22a932fb8d7c60420a54,2c864b764b72364fe32ddf6feba85307e461560f98ae2b36e36170a2dda6a6d8,2048,2048,2,float32+float32,HARD_LINK,NO,
test,Oil,00031.tif,Test_Images/Oil/00031.tif,test/images/Oil/00031.tif,00031_segmentation.tif,Mask/Oil/00031_segmentation.tif,test/masks/Oil/00031_segmentation.tif,bc3b70a0acda80d0a9231d8dee3d84409219a3ad93b7365c293789c172291c86,8ef28761b755d4ca8774ab474a20144115d0cd4bb506ddfcabbeaa00dff800ae,2048,2048,2,float32+float32,HARD_LINK,NO,
test,Oil,00032.tif,Test_Images/Oil/00032.tif,test/images/Oil/00032.tif,00032_segmentation.tif,Mask/Oil/00032_segmentation.tif,test/masks/Oil/00032_segmentation.tif,740a0ae49f533a3003efb6d2703a7b1ed380aef22f8b064be1568c431ae69a79,06886ce448d00831a5f713bd640cb43e0237b663617ecd90b6af42df36a12e52,2048,2048,2,float32+float32,HARD_LINK,NO,
test,Oil,00033.tif,Test_Images/Oil/00033.tif,test/images/Oil/00033.tif,00033_segmentation.tif,Mask/Oil/00033_segmentation.tif,test/masks/Oil/00033_segmentation.tif,998688da0a474a2f4ce391058608a519ea8c09edc3aa8adde35ad901e85aaccd,79c5fe0c51d4b69f7f4e21f521f77ec85b19833fccfa7713406296cc8b283968,2048,2048,2,float32+float32,HARD_LINK,NO,
test,Oil,00034.tif,Test_Images/Oil/00034.tif,test/images/Oil/00034.tif,00034_segmentation.tif,Mask/Oil/00034_segmentation.tif,test/masks/Oil/00034_segmentation.tif,a127d20e694654dc310ce7361e3da54c8ab4629a0e8c897fdb0ff9fb283319f6,ed816775514479e5cc6d796dd3680a3361c96436d7e41a31217c01517f401f15,2048,2048,2,float32+float32,HARD_LINK,NO,
test,Oil,00035.tif,Test_Images/Oil/00035.tif,test/images/Oil/00035.tif,00035_segmentation.tif,Mask/Oil/00035_segmentation.tif,test/masks/Oil/00035_segmentation.tif,160985ed04fdec399c6748b20db8c56d9432156069c3bc9f30ee71f56c41f072,f10d7f1209a5973afb5f4736f44b55c1abd61117488fb9b07243f66767daf9b8,2048,2048,2,float32+float32,HARD_LINK,NO,
test,Oil,00036.tif,Test_Images/Oil/00036.tif,test/images/Oil/00036.tif,00036_segmentation.tif,Mask/Oil/00036_segmentation.tif,test/masks/Oil/00036_segmentation.tif,8072f4e863649968f6c661dd5d6adf253cdb82529e0674d44172b728a13f89b8,7212232f4b28aea9cab78c5a2fd2e917d071aa0cbd67d42c15b83ea586e4a358,2048,2048,2,float32+float32,HARD_LINK,NO,
test,Oil,00037.tif,Test_Images/Oil/00037.tif,test/images/Oil/00037.tif,00037_segmentation.tif,Mask/Oil/00037_segmentation.tif,test/masks/Oil/00037_segmentation.tif,9cda2b0388d218731db99b50a143a8518b0f2b4b35d276f55f1293f652344687,48473c789d1abb0ff997456fec6cc1953484a7ae5c3596622174d564dff51e9a,2048,2048,2,float32+float32,HARD_LINK,NO,
test,Oil,00038.tif,Test_Images/Oil/00038.tif,test/images/Oil/00038.tif,00038_segmentation.tif,Mask/Oil/00038_segmentation.tif,test/masks/Oil/00038_segmentation.tif,83c9bc18b96f377fb35b3a481b4414275b98b893520ea4852f23e6b872690d56,ef04f79eeeab1256dab20280ae65d78100bb93e266fef676c0a3188139820884,2048,2048,2,float32+float32,HARD_LINK,NO,
test,Oil,00039.tif,Test_Images/Oil/00039.tif,test/images/Oil/00039.tif,00039_segmentation.tif,Mask/Oil/00039_segmentation.tif,test/masks/Oil/00039_segmentation.tif,a71289dc7c018634f94a879701f2a7a8bed0de87bfb989ce9dce344664f310f3,bf72eea871e7dcae49ba9e5181c0064ce1cd82d6fdeb6c839025309de8c27b4b,2048,2048,2,float32+float32,HARD_LINK,NO,
test,Oil,00040.tif,Test_Images/Oil/00040.tif,test/images/Oil/00040.tif,00040_segmentation.tif,Mask/Oil/00040_segmentation.tif,test/masks/Oil/00040_segmentation.tif,f220c7fd68d2c6fc92a79a66fd009ebb67a7d81a0ef0865d7b5c831f0ce39bc1,7eda32fe7c368f9e0df1e72d7a1d83165945db13beee319757d4edc4eb664d59,2048,2048,2,float32+float32,HARD_LINK,NO,
test,Oil,00041.tif,Test_Images/Oil/00041.tif,test/images/Oil/00041.tif,00041_segmentation.tif,Mask/Oil/00041_segmentation.tif,test/masks/Oil/00041_segmentation.tif,5565a1199b1ddd7f607f2a96e2f3b6070b8ea23dccb767cec2ddfb4dea2ae741,7d1dacedf1ff57a68391c0f178b77dbbe1fa148f67d371477677786c523a8843,2048,2048,2,float32+float32,HARD_LINK,NO,
test,Oil,00042.tif,Test_Images/Oil/00042.tif,test/images/Oil/00042.tif,00042_segmentation.tif,Mask/Oil/00042_segmentation.tif,test/masks/Oil/00042_segmentation.tif,6b1cc770353efc138edf48cd40bba5c9dc264d55e4f0a51521c763c32fb6061c,68f0a3893103f5ffcbefd6298de9e20ae18c498c689e87dd35d1271ed93bc430,2048,2048,2,float32+float32,HARD_LINK,NO,
test,Oil,00043.tif,Test_Images/Oil/00043.tif,test/images/Oil/00043.tif,00043_segmentation.tif,Mask/Oil/00043_segmentation.tif,test/masks/Oil/00043_segmentation.tif,0323e0449dc6305d2f176adfc9767dc49e40a1601cadce7447d13319b41c18ff,b29c4b1215baa07ce0265f42eaa6f473d780e0b0364dceef831406d1636eae85,2048,2048,2,float32+float32,HARD_LINK,NO,
test,Oil,00044.tif,Test_Images/Oil/00044.tif,test/images/Oil/00044.tif,00044_segmentation.tif,Mask/Oil/00044_segmentation.tif,test/masks/Oil/00044_segmentation.tif,737119767a54e79e3e5b9dafb9294fff478fa3e4fa05ccb137f877e54d4d852c,48211cf199dd3aebd9cda3000fa8275067ea2a3178ce2b79c7f8fca3207a4087,2048,2048,2,float32+float32,HARD_LINK,NO,
test,Oil,00045.tif,Test_Images/Oil/00045.tif,test/images/Oil/00045.tif,00045_segmentation.tif,Mask/Oil/00045_segmentation.tif,test/masks/Oil/00045_segmentation.tif,3c7299f12da27f780f61bf30703fbdf52fddbdb4ccf130fdb95fc407dc7db4ea,7865bbf43e315dda3c8ded884b43aa79aac0324a0aacf2926aacd5ba4d37357c,2048,2048,2,float32+float32,HARD_LINK,NO,
test,Oil,00046.tif,Test_Images/Oil/00046.tif,test/images/Oil/00046.tif,00046_segmentation.tif,Mask/Oil/00046_segmentation.tif,test/masks/Oil/00046_segmentation.tif,a4c14247d7518a57265ce969c2063bab006a4717aa9c9d5f4db03889ac6f8bbe,8ca1a5c302be5a759b93b34041e584c94fcf1b233b2630eec4c6ca7b740d2d3a,2048,2048,2,float32+float32,HARD_LINK,NO,
test,Oil,00047.tif,Test_Images/Oil/00047.tif,test/images/Oil/00047.tif,00047_segmentation.tif,Mask/Oil/00047_segmentation.tif,test/masks/Oil/00047_segmentation.tif,6aa7cc60f200216583113372449d341b5dfc3928aaa046fcc2f5c8420b1a3af5,4ff160fba437fc1fddc9aa3b129c39f5bbd21cdd2934534532ebdf10ab370738,2048,2048,2,float32+float32,HARD_LINK,NO,
test,Oil,00048.tif,Test_Images/Oil/00048.tif,test/images/Oil/00048.tif,00048_segmentation.tif,Mask/Oil/00048_segmentation.tif,test/masks/Oil/00048_segmentation.tif,93fa6f4ef72ab282d8f35ec865f5c190fb80e231d35729875c6a9b938ede092b,c8f0a494e4a38f98a648ee9787e6400c67b045827dac48a07bcb9f2b84fc1e10,2048,2048,2,float32+float32,HARD_LINK,NO,
test,Oil,00049.tif,Test_Images/Oil/00049.tif,test/images/Oil/00049.tif,00049_segmentation.tif,Mask/Oil/00049_segmentation.tif,test/masks/Oil/00049_segmentation.tif,05782661d7ef7831a7afe2108606ded368d3845ce6575c55b89f83e5d94599fd,d31716a434187e7078a74a369a64f992f3f16c52dfb36cb146b45d1ad262d21a,2048,2048,2,float32+float32,HARD_LINK,NO,
test,Oil,00050.tif,Test_Images/Oil/00050.tif,test/images/Oil/00050.tif,00050_segmentation.tif,Mask/Oil/00050_segmentation.tif,test/masks/Oil/00050_segmentation.tif,b1ec00b999578a8af3f0167f30f3b924133c3e27a85d0766a685ac8eeec76431,46b5015e18b9445f02cdda2453131f27d658b70aab3162fb14e6a85c6c972408,2048,2048,2,float32+float32,HARD_LINK,NO,
test,Oil,00051.tif,Test_Images/Oil/00051.tif,test/images/Oil/00051.tif,00051_segmentation.tif,Mask/Oil/00051_segmentation.tif,test/masks/Oil/00051_segmentation.tif,ac085af7592b736088782a490ddf5c155dd3bed9fe25ae3955cc991342f405f6,0dc7d58b4409d1967751fd141d19e82f5a53cd841e3294251edcb002f36f087b,2048,2048,2,float32+float32,HARD_LINK,NO,
test,Oil,00052.tif,Test_Images/Oil/00052.tif,test/images/Oil/00052.tif,00052_segmentation.tif,Mask/Oil/00052_segmentation.tif,test/masks/Oil/00052_segmentation.tif,deb622e3b52723624bda188ef779cb508def263459400bea632321ffcbda2ef6,9fcdd1564fcd5e0ce2c620a4412529efaaac1cf498a1e865e5e4be6f446f7e81,2048,2048,2,float32+float32,HARD_LINK,NO,
test,Oil,00053.tif,Test_Images/Oil/00053.tif,test/images/Oil/00053.tif,00053_segmentation.tif,Mask/Oil/00053_segmentation.tif,test/masks/Oil/00053_segmentation.tif,5b594b170434c918432f32fb01f5dcfdf92ce2a06e4e63f30a86d5ad6f45575d,bbc5a84f57e84a11e9dcae1992134c6a31861934152eeff5a0f59c0b9644fb84,2048,2048,2,float32+float32,HARD_LINK,NO,
test,Oil,00054.tif,Test_Images/Oil/00054.tif,test/images/Oil/00054.tif,00054_segmentation.tif,Mask/Oil/00054_segmentation.tif,test/masks/Oil/00054_segmentation.tif,16bda20bf7058be73708e12b5ec63b4ebf10d4e44e081e7f892ab752876b5c0e,ccd8f48d07fbf5a49f56ee1b66cbbe02f48e4d191a2e55d0ac5bd6a37b3dbe9d,2048,2048,2,float32+float32,HARD_LINK,NO,
test,Oil,00055.tif,Test_Images/Oil/00055.tif,test/images/Oil/00055.tif,00055_segmentation.tif,Mask/Oil/00055_segmentation.tif,test/masks/Oil/00055_segmentation.tif,27c638db382718483dd64f579ca48240193d526b2790c3834591dbddb698ef18,c96fc2f7d755987624e8e5aa88675bfb82c630922ad07698dde5ff3c78cffdd1,2048,2048,2,float32+float32,HARD_LINK,NO,
test,Oil,00056.tif,Test_Images/Oil/00056.tif,test/images/Oil/00056.tif,00056_segmentation.tif,Mask/Oil/00056_segmentation.tif,test/masks/Oil/00056_segmentation.tif,be436d0a0e0c70e3287e1c7372e197f73944a131e51a785979964aa6c53b2269,4b30391a138b439de53d920176a964b301dea4fce573896ff8003bb54d3fb651,2048,2048,2,float32+float32,HARD_LINK,NO,
test,Oil,00057.tif,Test_Images/Oil/00057.tif,test/images/Oil/00057.tif,00057_segmentation.tif,Mask/Oil/00057_segmentation.tif,test/masks/Oil/00057_segmentation.tif,20578a6af951af4e55a10884da650ba72c3393f2daa79ce89894af7380f05a1f,05fdfb3ccc7547417bf1e6c08ee73839f05521260bab81a0f2e4c96176d39af5,2048,2048,2,float32+float32,HARD_LINK,NO,
test,Oil,00058.tif,Test_Images/Oil/00058.tif,test/images/Oil/00058.tif,00058_segmentation.tif,Mask/Oil/00058_segmentation.tif,test/masks/Oil/00058_segmentation.tif,600ce650c42b0a9c8d54c1924ce4614503d3705c453f75d5ef8bfdb594995c7b,85159ee9f64c5ae5426d4433bf20d467e48d21d14899da201c99e67052109f36,2048,2048,2,float32+float32,HARD_LINK,NO,
test,Oil,00059.tif,Test_Images/Oil/00059.tif,test/images/Oil/00059.tif,00059_segmentation.tif,Mask/Oil/00059_segmentation.tif,test/masks/Oil/00059_segmentation.tif,ca3e0b61f88b90eb8abdaae63552e28c78728196428880bafcf0787b99f3f097,1a515b62f0645e8050e07e888de94daf6ec45abd4e6334b8af8075e8a4cd75b3,2048,2048,2,float32+float32,HARD_LINK,NO,
test,Oil,00060.tif,Test_Images/Oil/00060.tif,test/images/Oil/00060.tif,00060_segmentation.tif,Mask/Oil/00060_segmentation.tif,test/masks/Oil/00060_segmentation.tif,dd1a7e21b8e5de933d90c0edd472f330511218630e4e4a4020e5fa1e819235e3,7b7b574f2171c8f08be73423dc3e8707eca6379370581ad09020403854d8926b,2048,2048,2,float32+float32,HARD_LINK,NO,
test,Oil,00061.tif,Test_Images/Oil/00061.tif,test/images/Oil/00061.tif,00061_segmentation.tif,Mask/Oil/00061_segmentation.tif,test/masks/Oil/00061_segmentation.tif,6daefb4b9edc3816bbdd620617df9a94c971573c56ac9eca5b77f982e5ec577e,79571ff4a15f62b070ea76a6ec5487a855fc2e353cd2a775c20f0d89fdf950bc,2048,2048,2,float32+float32,HARD_LINK,NO,
test,Oil,00062.tif,Test_Images/Oil/00062.tif,test/images/Oil/00062.tif,00062_segmentation.tif,Mask/Oil/00062_segmentation.tif,test/masks/Oil/00062_segmentation.tif,5839130bb966a1b6b2837c4b64ba99930792656f9b4907dc164464132e069708,98505af2b2b57439b15adf09a2505ca1951709c3438d68435f224051b3a9c67c,2048,2048,2,float32+float32,HARD_LINK,NO,
test,Oil,00063.tif,Test_Images/Oil/00063.tif,test/images/Oil/00063.tif,00063_segmentation.tif,Mask/Oil/00063_segmentation.tif,test/masks/Oil/00063_segmentation.tif,132837cf6d8e91c38054cb81b0e7b05bcd10b8ec7429e4933c1a1b57aa0ceafb,e8d5feb9afcc7cb886eba244dc70363aa5c5a586bd6201c7ef464dbabc5e8751,2048,2048,2,float32+float32,HARD_LINK,NO,
test,Oil,00064.tif,Test_Images/Oil/00064.tif,test/images/Oil/00064.tif,00064_segmentation.tif,Mask/Oil/00064_segmentation.tif,test/masks/Oil/00064_segmentation.tif,e453d38cd9d904460da0e018553e138eae825ef558a6d21fbaf63d89ec74cbe5,b3e60ed773d08abef3b0a82572ec671f9c052ae64cf5af11701edd7c254d7d0c,2048,2048,2,float32+float32,HARD_LINK,NO,
test,Oil,00065.tif,Test_Images/Oil/00065.tif,test/images/Oil/00065.tif,00065_segmentation.tif,Mask/Oil/00065_segmentation.tif,test/masks/Oil/00065_segmentation.tif,277eade6a7469d348f016bffbd8facfef9862a607d414c1ce7e613fc830186a4,aedfed38db44cf978dba60ee390bf27fcd9e5642159d8acbdd5e4094682cffd0,2048,2048,2,float32+float32,HARD_LINK,NO,
test,Oil,00066.tif,Test_Images/Oil/00066.tif,test/images/Oil/00066.tif,00066_segmentation.tif,Mask/Oil/00066_segmentation.tif,test/masks/Oil/00066_segmentation.tif,e7a3c8849f5fb0536307e55c6ef121c5fbadb96ac13811dd523a28075405944c,8ae7a705f561e6653f19904f447ee1594b52ff5c9be805c69c163d1f063243d2,2048,2048,2,float32+float32,HARD_LINK,NO,
test,Oil,00067.tif,Test_Images/Oil/00067.tif,test/images/Oil/00067.tif,00067_segmentation.tif,Mask/Oil/00067_segmentation.tif,test/masks/Oil/00067_segmentation.tif,1459f1819428a0b754624e19e54bd3d1d0c5e0b4ac829677bbe8e373d24269b6,cf25532f441e0e767740e205d00b7da8820cf69d0ab9ca723f42f2e25c4cf795,2048,2048,2,float32+float32,HARD_LINK,NO,
test,Oil,00068.tif,Test_Images/Oil/00068.tif,test/images/Oil/00068.tif,00068_segmentation.tif,Mask/Oil/00068_segmentation.tif,test/masks/Oil/00068_segmentation.tif,8013392a6ee020f5af75e7e4b004c21db5f9bcab2f9830f46e573b1e60174676,20ecef1ae41b9c12da8add75a04e09d788647bd23e69e0ea92ef143363be991e,2048,2048,2,float32+float32,HARD_LINK,NO,
test,Oil,00069.tif,Test_Images/Oil/00069.tif,test/images/Oil/00069.tif,00069_segmentation.tif,Mask/Oil/00069_segmentation.tif,test/masks/Oil/00069_segmentation.tif,52da5d359f8fea3c8de3a8449f2a7b3538c04c9e6895f45b40fcca1a5020f4c8,637f3eca06963d54caa356d771a56be1fad109bee2e6fe1ca7ddfbe2d5a92e12,2048,2048,2,float32+float32,HARD_LINK,NO,
test,Oil,00070.tif,Test_Images/Oil/00070.tif,test/images/Oil/00070.tif,00070_segmentation.tif,Mask/Oil/00070_segmentation.tif,test/masks/Oil/00070_segmentation.tif,d239e0cd3055b6206dcc98819694133a9bc540108065ca2a18a93688a3589095,6c5e73b8c0327a37b406ed64f8febe9c029b29bd4ae78e263d37d9c1ad110f2a,2048,2048,2,float32+float32,HARD_LINK,NO,
test,Oil,00071.tif,Test_Images/Oil/00071.tif,test/images/Oil/00071.tif,00071_segmentation.tif,Mask/Oil/00071_segmentation.tif,test/masks/Oil/00071_segmentation.tif,23180cd9af474abe6c11fba8e5b926b4c0ce6d299c856716cbbe225cb275cf67,0f575c4442389380068f982963d3715a89e6ec1e06cfa35f88677093a8ce66d0,2048,2048,2,float32+float32,HARD_LINK,NO,
test,Oil,00072.tif,Test_Images/Oil/00072.tif,test/images/Oil/00072.tif,00072_segmentation.tif,Mask/Oil/00072_segmentation.tif,test/masks/Oil/00072_segmentation.tif,75dfd8f187155e66abfdc4e1e6de69db87074bc07a0f9e7ebb3391a0f1bc8e88,f305a7f34dbcada96a0d6b1089b0eab9c8d3c452ca426f327f9029faec407028,2048,2048,2,float32+float32,HARD_LINK,NO,
test,Oil,00073.tif,Test_Images/Oil/00073.tif,test/images/Oil/00073.tif,00073_segmentation.tif,Mask/Oil/00073_segmentation.tif,test/masks/Oil/00073_segmentation.tif,da1fedea4801eb7f9f6620dda9db7e4a74b892fb600b1336b5c47814f2575f7a,200950fe6b96696b53e5c51c7567e76d82e963638b3862eb53b815470f3b92cb,2048,2048,2,float32+float32,HARD_LINK,NO,
test,Oil,00074.tif,Test_Images/Oil/00074.tif,test/images/Oil/00074.tif,00074_segmentation.tif,Mask/Oil/00074_segmentation.tif,test/masks/Oil/00074_segmentation.tif,f8d7213e55644d15b2fab18fbeef22916d94263cdd3e7db5819a02356302cc43,d367ba5e194934f42f8714917d023699f98b8db7aaf7586424ae783ae1144f9a,2048,2048,2,float32+float32,HARD_LINK,NO,
test,Oil,00075.tif,Test_Images/Oil/00075.tif,test/images/Oil/00075.tif,00075_segmentation.tif,Mask/Oil/00075_segmentation.tif,test/masks/Oil/00075_segmentation.tif,490cbf7cdbe3296965506866c90a484fc3f4db9dfb3b0d1a5293841159c4ef82,2e6b0e1d3688df6767d55435144edb279f5d44c41720133a139cd4d29c6e72b2,2048,2048,2,float32+float32,HARD_LINK,NO,
test,Oil,00076.tif,Test_Images/Oil/00076.tif,test/images/Oil/00076.tif,00076_segmentation.tif,Mask/Oil/00076_segmentation.tif,test/masks/Oil/00076_segmentation.tif,c201e917bf6e1138405aa286ca2b18077c06644450e4c2650454e55c64ba04a9,e0c136ba90603b0fd18df44bec45a391934fa2fcd56ba3c5e2aabfdac161b2b7,2048,2048,2,float32+float32,HARD_LINK,NO,
test,Oil,00077.tif,Test_Images/Oil/00077.tif,test/images/Oil/00077.tif,00077_segmentation.tif,Mask/Oil/00077_segmentation.tif,test/masks/Oil/00077_segmentation.tif,7291512d73529a3be95ac35fa8866a57caa6d211699e3a31e4b9ff64f0efedc7,7e397755ecd4eaef6a5b675da1a1f0d592573a864557272427caf321c51a68f8,2048,2048,2,float32+float32,HARD_LINK,NO,
test,Oil,00078.tif,Test_Images/Oil/00078.tif,test/images/Oil/00078.tif,00078_segmentation.tif,Mask/Oil/00078_segmentation.tif,test/masks/Oil/00078_segmentation.tif,dcf60f6c266ca122bdfbd7bf2c2d31315c1adf3e0bc3115662c454e78bb0b14c,6c01ba0b118ce9b732d0307335d211eb00ca6b61453e71ebf1cf923f730987ed,2048,2048,2,float32+float32,HARD_LINK,NO,
test,Oil,00079.tif,Test_Images/Oil/00079.tif,test/images/Oil/00079.tif,00079_segmentation.tif,Mask/Oil/00079_segmentation.tif,test/masks/Oil/00079_segmentation.tif,03ee191423edf2721cd3c9f156de76b18bdb7385061662a8766b4e6b4eb1d3c4,5c566b03b014804e4cfa4f0457ffe0964665736d2037cdbcbce77f2112453020,2048,2048,2,float32+float32,HARD_LINK,NO,
test,Oil,00080.tif,Test_Images/Oil/00080.tif,test/images/Oil/00080.tif,00080_segmentation.tif,Mask/Oil/00080_segmentation.tif,test/masks/Oil/00080_segmentation.tif,35ba4d9ba6597f83e46c61402426e324e5996a631821cf2d13037e35ef774525,2648929abed7bdbd1ee72283ba9a921a8921687b0a91bb24d12169739b5b4e1b,2048,2048,2,float32+float32,HARD_LINK,NO,
test,Oil,00081.tif,Test_Images/Oil/00081.tif,test/images/Oil/00081.tif,00081_segmentation.tif,Mask/Oil/00081_segmentation.tif,test/masks/Oil/00081_segmentation.tif,97f3d2b17d31e6a4c672224189dc99fd6b72c0fb4f77f785042675756792042d,4f612b8d5cb9d0571d9c123798bced2c8afc00e6e83cf5376142b618c4da4103,2048,2048,2,float32+float32,HARD_LINK,NO,
test,Oil,00082.tif,Test_Images/Oil/00082.tif,test/images/Oil/00082.tif,00082_segmentation.tif,Mask/Oil/00082_segmentation.tif,test/masks/Oil/00082_segmentation.tif,8d41e2e62f67e9469ae2897b44953ca201f5089d9be5b72d39f2ce912eb741b4,552e704c4c45dfc2aae0ca8f8acc9d66be11f8c4e748cfba0f8feb7fd73bdea7,2048,2048,2,float32+float32,HARD_LINK,NO,
test,Oil,00083.tif,Test_Images/Oil/00083.tif,test/images/Oil/00083.tif,00083_segmentation.tif,Mask/Oil/00083_segmentation.tif,test/masks/Oil/00083_segmentation.tif,96c98571ddb3a086e8a21ca61a6b514abb41911d4425e172b8872436b99a6a94,ffa3305130c3bba13a91b7f1ccebc767e101a263a4d921219d47b88fb01eb6b0,2048,2048,2,float32+float32,HARD_LINK,NO,
test,Oil,00084.tif,Test_Images/Oil/00084.tif,test/images/Oil/00084.tif,00084_segmentation.tif,Mask/Oil/00084_segmentation.tif,test/masks/Oil/00084_segmentation.tif,7f959d1a832eb75bd4e3227fdb08f9efb02b571ea3ff42ecffde4c025bcc7cce,bd225f499d5c5ee3c56fbc2e1aed4722bcdefd0111ebd70992c5e14f07b1502e,2048,2048,2,float32+float32,HARD_LINK,NO,
test,Oil,00085.tif,Test_Images/Oil/00085.tif,test/images/Oil/00085.tif,00085_segmentation.tif,Mask/Oil/00085_segmentation.tif,test/masks/Oil/00085_segmentation.tif,9b589579faeca1cab355ab892b763ba7cd9bd1df42942dfdc950dfe6bc25033d,eed92197b024c9d348a66acc1630e5c4ea263bdf573c51265e04ea01c2a9d692,2048,2048,2,float32+float32,HARD_LINK,NO,
test,Oil,00086.tif,Test_Images/Oil/00086.tif,test/images/Oil/00086.tif,00086_segmentation.tif,Mask/Oil/00086_segmentation.tif,test/masks/Oil/00086_segmentation.tif,7f9e9a0bf66be398d129be4cf72652a84a83c23b460bbb875333a98c94b29f54,9864fd277e2dd3dc7b8d515e8cfe139838293648f555b1b57e6817c1a0e732d1,2048,2048,2,float32+float32,HARD_LINK,NO,
test,Oil,00087.tif,Test_Images/Oil/00087.tif,test/images/Oil/00087.tif,00087_segmentation.tif,Mask/Oil/00087_segmentation.tif,test/masks/Oil/00087_segmentation.tif,930f1b962687e552c49791b5a18209171bad50e5ed2aff0f4ec81e01dacdaef7,11245b17f616eee064eb51cf368a0a1774dd1cc34338467eb1fe89762f13bcb5,2048,2048,2,float32+float32,HARD_LINK,NO,
test,Oil,00088.tif,Test_Images/Oil/00088.tif,test/images/Oil/00088.tif,00088_segmentation.tif,Mask/Oil/00088_segmentation.tif,test/masks/Oil/00088_segmentation.tif,71dce5ff2cce9fc2c03e6fd97cf422881d67bc4175ef4851fcf5037d62e891af,b54b1a4b179242c11a76b040ada3d5ec302ad8bfe1138f6bdca02deabe9c9415,2048,2048,2,float32+float32,HARD_LINK,NO,
test,Oil,00089.tif,Test_Images/Oil/00089.tif,test/images/Oil/00089.tif,00089_segmentation.tif,Mask/Oil/00089_segmentation.tif,test/masks/Oil/00089_segmentation.tif,935db6ab9b5cea9c764fc9191efb1aa391e71b9e8954f445fcebbf32ceeedc86,2ad18da9baa7f79a49ae8e5878d79be8f2c1b9def233c3606b9b246adb86c5dd,2048,2048,2,float32+float32,HARD_LINK,NO,
test,Oil,00090.tif,Test_Images/Oil/00090.tif,test/images/Oil/00090.tif,00090_segmentation.tif,Mask/Oil/00090_segmentation.tif,test/masks/Oil/00090_segmentation.tif,c6281749e9fe4832dab2cda4be0fbdc2b2014faa0c62877915059906e3d66523,c9dcbae8dfaf2e43c1a5bed2772b16b4fa6dc55b8415283aee8a46f382cad867,2048,2048,2,float32+float32,HARD_LINK,NO,
test,Oil,00091.tif,Test_Images/Oil/00091.tif,test/images/Oil/00091.tif,00091_segmentation.tif,Mask/Oil/00091_segmentation.tif,test/masks/Oil/00091_segmentation.tif,a53258dc7c1844562347882efe651ad1c66847f2b762f3af8d7da53335431200,b979b1efaea871b1e087de63c18388abddb230cc05ae3ed677fee2d71b5072bb,2048,2048,2,float32+float32,HARD_LINK,NO,
test,Oil,00092.tif,Test_Images/Oil/00092.tif,test/images/Oil/00092.tif,00092_segmentation.tif,Mask/Oil/00092_segmentation.tif,test/masks/Oil/00092_segmentation.tif,a085173e84e658d60cbf23b12523427d314dc1647c807a8ab96f47f77121dcac,1869532a4945bd2437dea16fe2b95146246db8baef513c6b724cb201851e0135,2048,2048,2,float32+float32,HARD_LINK,NO,
test,Oil,00093.tif,Test_Images/Oil/00093.tif,test/images/Oil/00093.tif,00093_segmentation.tif,Mask/Oil/00093_segmentation.tif,test/masks/Oil/00093_segmentation.tif,c58f5bf90c3e029d9d87f2769e041b70436b559cc1b2d60c19f8a603512d133d,830a922032fa0aaaea3a275a348e1d3f8beeeee1bcc5493f49a0e9b00cf75a33,2048,2048,2,float32+float32,HARD_LINK,NO,
test,Oil,00094.tif,Test_Images/Oil/00094.tif,test/images/Oil/00094.tif,00094_segmentation.tif,Mask/Oil/00094_segmentation.tif,test/masks/Oil/00094_segmentation.tif,3f10d017dc7231afa4dfeb1288762dff739b4c4d400dc5b888989652f5391d13,3cfc367d084c978ae80453396b4805b5aa6a57ff02db32e26d32d309674e85f2,2048,2048,2,float32+float32,HARD_LINK,NO,
test,Oil,00095.tif,Test_Images/Oil/00095.tif,test/images/Oil/00095.tif,00095_segmentation.tif,Mask/Oil/00095_segmentation.tif,test/masks/Oil/00095_segmentation.tif,d9495ba22ec0825042ab202cfe8a4c156ac36b47d3135bbd7f624020378795f4,3f2e6a2d459350d68ac55f10944cd2c2062107bd2ffad39a0bee9795d021ada9,2048,2048,2,float32+float32,HARD_LINK,NO,
test,Oil,00096.tif,Test_Images/Oil/00096.tif,test/images/Oil/00096.tif,00096_segmentation.tif,Mask/Oil/00096_segmentation.tif,test/masks/Oil/00096_segmentation.tif,be59cafee624f7fadd4d69591cfbf579139323e319793367f037acaee91f24c3,c907e97f2393972e0f811352dc6262f6590785b37c34b1f14d28e70dbef95747,2048,2048,2,float32+float32,HARD_LINK,NO,
test,Oil,00097.tif,Test_Images/Oil/00097.tif,test/images/Oil/00097.tif,00097_segmentation.tif,Mask/Oil/00097_segmentation.tif,test/masks/Oil/00097_segmentation.tif,7993ef80edbc7118dcae8b150a98f35d6186e63ddaf462cd2b58a08728d8cb56,106aad2dfea8fee58bae11d4abb1fa25b7ae4b36355edf370cb3bd58612a3708,2048,2048,2,float32+float32,HARD_LINK,NO,
test,Oil,00098.tif,Test_Images/Oil/00098.tif,test/images/Oil/00098.tif,00098_segmentation.tif,Mask/Oil/00098_segmentation.tif,test/masks/Oil/00098_segmentation.tif,6764b838792177065cad9141f869b114525a72b4da9e6882a08d8edaf2236880,1719671dd16877108adf4a22c1ccb724ef58af6203b0889f96941cc62292389a,2048,2048,2,float32+float32,HARD_LINK,NO,
test,Oil,00099.tif,Test_Images/Oil/00099.tif,test/images/Oil/00099.tif,00099_segmentation.tif,Mask/Oil/00099_segmentation.tif,test/masks/Oil/00099_segmentation.tif,95ad250fb6d0f1f3485aac38eef0e03289c2b3a85ce8ddc695c1f34850df91ed,2c465bd66e179bb8f5c39dc913f4dc930d2ac070ea6decbd76bf2f3ef361b555,2048,2048,2,float32+float32,HARD_LINK,NO,
test,Oil,00100.tif,Test_Images/Oil/00100.tif,test/images/Oil/00100.tif,00100_segmentation.tif,Mask/Oil/00100_segmentation.tif,test/masks/Oil/00100_segmentation.tif,d88fc61548c15ef7f1dcf0b34c09adbcaa53b6214213bde33cd0ee5f9490f494,d02e2d583152c60f349fa464aa23b462e580fa5d3860753e07f4aa20806c6856,2048,2048,2,float32+float32,HARD_LINK,NO,
test,Oil,00101.tif,Test_Images/Oil/00101.tif,test/images/Oil/00101.tif,00101_segmentation.tif,Mask/Oil/00101_segmentation.tif,test/masks/Oil/00101_segmentation.tif,0663102b0de1d888a98d618b4ebe3208469456f646f1b557a15f9879b20573e5,0114b0bb2d8610374113c52871efa7ee4cbec4537861d6cedbea2d0cc50aeffe,2048,2048,2,float32+float32,HARD_LINK,NO,
test,Oil,00102.tif,Test_Images/Oil/00102.tif,test/images/Oil/00102.tif,00102_segmentation.tif,Mask/Oil/00102_segmentation.tif,test/masks/Oil/00102_segmentation.tif,11b9f309e7d93c51b9fde5cb2e0213f2c4d7e1ff5e7503cc5e010153d12f020d,5659deda5cce59e4d76b6da64305f7d7c21619b59bdbce43beb8ac2b9662bfd3,2048,2048,2,float32+float32,HARD_LINK,NO,
test,Oil,00103.tif,Test_Images/Oil/00103.tif,test/images/Oil/00103.tif,00103_segmentation.tif,Mask/Oil/00103_segmentation.tif,test/masks/Oil/00103_segmentation.tif,e492cb6b65b0835b52d11db75d016e02f10f3171f35b6f2e3ab4df6640a89917,50ce15945518099f13796e9086b823eb6e4089ccc0cbc7622fdf102d63cce662,2048,2048,2,float32+float32,HARD_LINK,NO,
test,Oil,00104.tif,Test_Images/Oil/00104.tif,test/images/Oil/00104.tif,00104_segmentation.tif,Mask/Oil/00104_segmentation.tif,test/masks/Oil/00104_segmentation.tif,dead2d64da447817eee01ed59a42e9bb5ca28b83d2b4cfe8ad17959f2f2c7865,7fbe581918c113245249c553b9e19b14576a6bd4f1383e8ebf39118f2e4844c0,2048,2048,2,float32+float32,HARD_LINK,NO,
test,Oil,00105.tif,Test_Images/Oil/00105.tif,test/images/Oil/00105.tif,00105_segmentation.tif,Mask/Oil/00105_segmentation.tif,test/masks/Oil/00105_segmentation.tif,db046bff7b0be8c759c3a862b3fd65abdf19f5b12f87e3f99782ab21d61aa53b,49f602d3b004de2f7685bb6b1f199d507a09cbd0ef42364d9011261b2d0062df,2048,2048,2,float32+float32,HARD_LINK,NO,
test,Oil,00106.tif,Test_Images/Oil/00106.tif,test/images/Oil/00106.tif,00106_segmentation.tif,Mask/Oil/00106_segmentation.tif,test/masks/Oil/00106_segmentation.tif,9297cf7281587b7dbd05686ab8acd1319bc2b2a703383e616ba85dc4783d61d1,a8392a0ed1bccd009e4139b8a507b04efc036c4fc2ed35cb8c0521c854c09045,2048,2048,2,float32+float32,HARD_LINK,NO,
test,Oil,00107.tif,Test_Images/Oil/00107.tif,test/images/Oil/00107.tif,00107_segmentation.tif,Mask/Oil/00107_segmentation.tif,test/masks/Oil/00107_segmentation.tif,0f29836b9f6c7ce70c7222b1889a73ad4a507822a977e9465dc5b5c31472bdd1,2a806ba30d7849efbc1c8433f41c09dfb3057b16e33957c11cbe3de4404b1232,2048,2048,2,float32+float32,HARD_LINK,NO,
test,Oil,00108.tif,Test_Images/Oil/00108.tif,test/images/Oil/00108.tif,00108_segmentation.tif,Mask/Oil/00108_segmentation.tif,test/masks/Oil/00108_segmentation.tif,7983ea136e118d2d888ca47a490c878cb043167a56e693e32b86e85f1fe7d4f0,d69261cf90e1214b069e02a64123dbfc1456a9adae0c871b163cc55c416a46ac,2048,2048,2,float32+float32,HARD_LINK,NO,
test,Oil,00109.tif,Test_Images/Oil/00109.tif,test/images/Oil/00109.tif,00109_segmentation.tif,Mask/Oil/00109_segmentation.tif,test/masks/Oil/00109_segmentation.tif,7d853c34abd18ced656a0a565c2595dfc0184b7d20187b473d57f9a84589b75a,e0be248c40d9fae2c225fd04c61bee2d3fcc0009b719ce987c87bd27ab425e9f,2048,2048,2,float32+float32,HARD_LINK,NO,
test,Oil,00110.tif,Test_Images/Oil/00110.tif,test/images/Oil/00110.tif,00110_segmentation.tif,Mask/Oil/00110_segmentation.tif,test/masks/Oil/00110_segmentation.tif,44382555fd9def8ed3c43beac7b69c6c1677d673ef5399eaeb7d6ab56b737ffe,fb352c5ef17203a181742a7b37675cb3224c7c84ea66983bb574f8f756b48ad8,2048,2048,2,float32+float32,HARD_LINK,NO,
test,Oil,00111.tif,Test_Images/Oil/00111.tif,test/images/Oil/00111.tif,00111_segmentation.tif,Mask/Oil/00111_segmentation.tif,test/masks/Oil/00111_segmentation.tif,688bfe35f3828ecab6624b9974fceab052d8e7bb1dc0e98d0a9e6bcd41d9306d,73c53a67b159c3917031d6e8e763289f7d5261879615653e5c215788bf0d8ee8,2048,2048,2,float32+float32,HARD_LINK,NO,
test,Oil,00112.tif,Test_Images/Oil/00112.tif,test/images/Oil/00112.tif,00112_segmentation.tif,Mask/Oil/00112_segmentation.tif,test/masks/Oil/00112_segmentation.tif,ccf36bd024070937f3fe630337dc20826afd8439b2faeb609df8c7b02a17bbaf,105e42af865fe5a094fb8fa4096aaf45f55c9006483d34f25cdec723943c74c9,2048,2048,2,float32+float32,HARD_LINK,NO,
test,Oil,00113.tif,Test_Images/Oil/00113.tif,test/images/Oil/00113.tif,00113_segmentation.tif,Mask/Oil/00113_segmentation.tif,test/masks/Oil/00113_segmentation.tif,84eebe31fa5afbe2cf963d3a6ae276f7b0d04c138097710659e389d4eba029c9,94c1f9624772a1cff9dd51b65a1e823750fa48786770b2950d6ca6d134339eef,2048,2048,2,float32+float32,HARD_LINK,NO,
test,Oil,00114.tif,Test_Images/Oil/00114.tif,test/images/Oil/00114.tif,00114_segmentation.tif,Mask/Oil/00114_segmentation.tif,test/masks/Oil/00114_segmentation.tif,d9c371b205f6a2aa4abb99cb09659454a5a501cdd3dd6e8a3a0e1eef1d6d6b85,0e08ffedce2b5e3838f52bcacc9f8e2eb5fb9a4a65c9caa0a2e1402c9133ef18,2048,2048,2,float32+float32,HARD_LINK,NO,
test,Oil,00115.tif,Test_Images/Oil/00115.tif,test/images/Oil/00115.tif,00115_segmentation.tif,Mask/Oil/00115_segmentation.tif,test/masks/Oil/00115_segmentation.tif,08500d2589159fd115f914698a8d8769978a1bf75fa02fb80a3dd1511d0ba682,4fce5444b0253a47b5233f4e00a2fa8bafa5f2c03b991947018c6df4871ba605,2048,2048,2,float32+float32,HARD_LINK,NO,
test,Oil,00116.tif,Test_Images/Oil/00116.tif,test/images/Oil/00116.tif,00116_segmentation.tif,Mask/Oil/00116_segmentation.tif,test/masks/Oil/00116_segmentation.tif,de372ed12eb508fe66d5ef2b9ca132558b3478b71e7c035c6f7291b1a05723ec,2773dcec48b917b0deda23153fc722c4339d3f9d4166479995bf38715754ae67,2048,2048,2,float32+float32,HARD_LINK,NO,
test,Oil,00117.tif,Test_Images/Oil/00117.tif,test/images/Oil/00117.tif,00117_segmentation.tif,Mask/Oil/00117_segmentation.tif,test/masks/Oil/00117_segmentation.tif,c8adca1a508aea4e4c85ae9cf9ada55d9bd8c07a09727a408ad166eb598e6ce3,c1ae2a720f9136e790ff3703b1d6b13b63a04b0de86635d487873255809411e5,2048,2048,2,float32+float32,HARD_LINK,NO,
test,Oil,00118.tif,Test_Images/Oil/00118.tif,test/images/Oil/00118.tif,00118_segmentation.tif,Mask/Oil/00118_segmentation.tif,test/masks/Oil/00118_segmentation.tif,2ee1a1526cde821a5100a3d41226a52ce253f801ed0449bba165f358f6e50abf,8b79a00570a19bf633cecbb65b100e8f84e798518b4ba2109d2f8ee44c8b07bf,2048,2048,2,float32+float32,HARD_LINK,NO,
test,Oil,00119.tif,Test_Images/Oil/00119.tif,test/images/Oil/00119.tif,00119_segmentation.tif,Mask/Oil/00119_segmentation.tif,test/masks/Oil/00119_segmentation.tif,03095320f87469b37bcbb443db31532a6f3fbd09ca7e3b31054a4e128c94b30e,2c3d58ae587d0e4ec6720b055f455898f1c9d283cbf314c96210eb4d7dbe234c,2048,2048,2,float32+float32,HARD_LINK,NO,
test,Oil,00120.tif,Test_Images/Oil/00120.tif,test/images/Oil/00120.tif,00120_segmentation.tif,Mask/Oil/00120_segmentation.tif,test/masks/Oil/00120_segmentation.tif,2b718a64236a587466a172b730588705fc77812acf29799c31189d2e23c22290,dc86dfe6f844f5a0062a6eaf935627493fd257774f51af010cc9da95ead07bd9,2048,2048,2,float32+float32,HARD_LINK,NO,
test,Oil,00121.tif,Test_Images/Oil/00121.tif,test/images/Oil/00121.tif,00121_segmentation.tif,Mask/Oil/00121_segmentation.tif,test/masks/Oil/00121_segmentation.tif,592493ab08a1ef01c0c36ca6b353aefa654797089c73f7f657dff29ed7730ae0,e16364e108875333a00fb038e598cf6d5aee4d61dfdd0be695e2d357e081836f,2048,2048,2,float32+float32,HARD_LINK,NO,
test,Oil,00122.tif,Test_Images/Oil/00122.tif,test/images/Oil/00122.tif,00122_segmentation.tif,Mask/Oil/00122_segmentation.tif,test/masks/Oil/00122_segmentation.tif,7ae1a2b5f7cdd52f95c0396689c760344a52fb544e062f1b1d803e918bc6d323,bc01fcf7ac184be971e28a69ca76eb9d43a650167e2ae6199171fc9bc5f4b79b,2048,2048,2,float32+float32,HARD_LINK,NO,
test,Oil,00123.tif,Test_Images/Oil/00123.tif,test/images/Oil/00123.tif,00123_segmentation.tif,Mask/Oil/00123_segmentation.tif,test/masks/Oil/00123_segmentation.tif,c61a884d2b33357cda647c1ed607a581791c8d5d12494dac8b8a6a01d381a6d8,ecdee112ff14ebcd80c8c8b960c475b87b7f2a66eafefa27d9707a634b284cf0,2048,2048,2,float32+float32,HARD_LINK,NO,
test,Oil,00124.tif,Test_Images/Oil/00124.tif,test/images/Oil/00124.tif,00124_segmentation.tif,Mask/Oil/00124_segmentation.tif,test/masks/Oil/00124_segmentation.tif,dff244863907e33376e10594daae58b8d3b5a1ea91fbb3e72569fd34cc7d6326,a2545351ac2192521f65abcd547ba672886dac46d17e3bc7a73b6e21eff69921,2048,2048,2,float32+float32,HARD_LINK,NO,
test,Oil,00125.tif,Test_Images/Oil/00125.tif,test/images/Oil/00125.tif,00125_segmentation.tif,Mask/Oil/00125_segmentation.tif,test/masks/Oil/00125_segmentation.tif,7154b5278056ad61f975f7b2515bfc17a46fed07ca53c9004e545fcbe6f6e1fb,919b14d6eaad7cb7687285f8005d8ccb9cf62e79b330b2d0e6cf099f1e42e9d5,2048,2048,2,float32+float32,HARD_LINK,NO,
test,Oil,00126.tif,Test_Images/Oil/00126.tif,test/images/Oil/00126.tif,00126_segmentation.tif,Mask/Oil/00126_segmentation.tif,test/masks/Oil/00126_segmentation.tif,14301f67b6c441446410e3c3caa9e75d9f879455a942228925fa7c18349bd7e8,1170003cc7f4252fbba8f2e582ec9866b862b8e9d85bdd17ec80001614cc2f7d,2048,2048,2,float32+float32,HARD_LINK,NO,
test,Oil,00127.tif,Test_Images/Oil/00127.tif,test/images/Oil/00127.tif,00127_segmentation.tif,Mask/Oil/00127_segmentation.tif,test/masks/Oil/00127_segmentation.tif,91cf3c5d2fcb6f2fa415fc026b4ac2ffbf606df6d02a0937641dea5acf9769eb,e6295a6a8e9b86d8119b6aef57027f453338440c5775d943eb572a2e680cfbb1,2048,2048,2,float32+float32,HARD_LINK,NO,
test,Oil,00128.tif,Test_Images/Oil/00128.tif,test/images/Oil/00128.tif,00128_segmentation.tif,Mask/Oil/00128_segmentation.tif,test/masks/Oil/00128_segmentation.tif,f664f99cc56b0b1ad9338776bc4ee4631304a5453fe7b5657c3c55f36484eb94,f6abffa9411f148745384fd3766796f8a3cc54564fdf7df6a89907a2626475ad,2048,2048,2,float32+float32,HARD_LINK,NO,
test,Oil,00129.tif,Test_Images/Oil/00129.tif,test/images/Oil/00129.tif,00129_segmentation.tif,Mask/Oil/00129_segmentation.tif,test/masks/Oil/00129_segmentation.tif,bc76ee50721d19d8a9ad879754576485f579141c1168c4fbcec37f1e55f95548,9368e3025450538bf7de2f5184c8cfca93d26c0d089608aeede73d4a99ac1007,2048,2048,2,float32+float32,HARD_LINK,NO,
test,Oil,00130.tif,Test_Images/Oil/00130.tif,test/images/Oil/00130.tif,00130_segmentation.tif,Mask/Oil/00130_segmentation.tif,test/masks/Oil/00130_segmentation.tif,159c49430e957eebf93ffb8741661475a1a3b862cb1bad2e5068a7d1525e1025,61fe20c8d9dedc7f091bfec0a693294ab8800839500fe1bb56bdfc5b57f78335,2048,2048,2,float32+float32,HARD_LINK,NO,
test,Oil,00131.tif,Test_Images/Oil/00131.tif,test/images/Oil/00131.tif,00131_segmentation.tif,Mask/Oil/00131_segmentation.tif,test/masks/Oil/00131_segmentation.tif,e2ac75fe376a481b6aa62f0a39aa0fb8598c97d68d7a285b6f54b85760707ebe,f43975bb0af6ec7c0ddf6ab2ae7a9592e6f1e0e03c6add5be97fa06c7aebb74f,2048,2048,2,float32+float32,HARD_LINK,NO,
test,Oil,00132.tif,Test_Images/Oil/00132.tif,test/images/Oil/00132.tif,00132_segmentation.tif,Mask/Oil/00132_segmentation.tif,test/masks/Oil/00132_segmentation.tif,e9fb97387e1120de7bdf468515da2226dea78b5904b1909d6c3f88e9fad64a3b,27da89d04ecbdd2435a7a5a0a6fe2e2768a7e5a47fa7f34f5abf3eec96c61ac0,2048,2048,2,float32+float32,HARD_LINK,NO,
test,Oil,00133.tif,Test_Images/Oil/00133.tif,test/images/Oil/00133.tif,00133_segmentation.tif,Mask/Oil/00133_segmentation.tif,test/masks/Oil/00133_segmentation.tif,5b23c505f57f5866597adfecf9a7d1c338f7df782d1b946e788dd0b5b2e27694,eeee7213778fdf5b9bad5bd62fc2c584fb9c6afadd0bd3a6f3b8d66353c65d56,2048,2048,2,float32+float32,HARD_LINK,NO,
test,Oil,00134.tif,Test_Images/Oil/00134.tif,test/images/Oil/00134.tif,00134_segmentation.tif,Mask/Oil/00134_segmentation.tif,test/masks/Oil/00134_segmentation.tif,ac9fcfe7e0b3e466bc4ae7b2892b39d89b28a70284207a912292f39d1aa121f7,8288dd6557d195b0f55e91a11a043f3755300fb3f11fa680dbc5607630177e3a,2048,2048,2,float32+float32,HARD_LINK,NO,
test,Oil,00135.tif,Test_Images/Oil/00135.tif,test/images/Oil/00135.tif,00135_segmentation.tif,Mask/Oil/00135_segmentation.tif,test/masks/Oil/00135_segmentation.tif,0ac16da3b0a03556fb86356e82fabe1351fcb970c49cc5e4a903c67ddbd13690,b2faf68b1485fad266b360ce9541feb1f3ff11d1da089b52a9bb03bf8163b102,2048,2048,2,float32+float32,HARD_LINK,NO,
test,Oil,00136.tif,Test_Images/Oil/00136.tif,test/images/Oil/00136.tif,00136_segmentation.tif,Mask/Oil/00136_segmentation.tif,test/masks/Oil/00136_segmentation.tif,3896529d17499b9ba407273e0e71fd9aceea3822a13756ccc7fb833e4b76dd80,3b7f29605d3cc853c4065a12d8d06419d8307b433e3ed4d1fa1a3749063c6913,2048,2048,2,float32+float32,HARD_LINK,NO,
test,Oil,00137.tif,Test_Images/Oil/00137.tif,test/images/Oil/00137.tif,00137_segmentation.tif,Mask/Oil/00137_segmentation.tif,test/masks/Oil/00137_segmentation.tif,606a2539075abf67ef44dfb8759ef1d7a1c100474b10554fe5d60e2c32a67fab,a75901b01d7cfa18c0ebd07e93abe00bcaf48547958bd01ab387b058ea421af6,2048,2048,2,float32+float32,HARD_LINK,NO,
test,Oil,00138.tif,Test_Images/Oil/00138.tif,test/images/Oil/00138.tif,00138_segmentation.tif,Mask/Oil/00138_segmentation.tif,test/masks/Oil/00138_segmentation.tif,708060e83ad2abe5173a0e6b83ca5f122c1a9908f7aca5a0b20c89171d5ecc83,fcfda67dd2eb074691d7b964e8fd61fa38899cbb858c8f7064b096bb39e9ea57,2048,2048,2,float32+float32,HARD_LINK,NO,
test,Oil,00139.tif,Test_Images/Oil/00139.tif,test/images/Oil/00139.tif,00139_segmentation.tif,Mask/Oil/00139_segmentation.tif,test/masks/Oil/00139_segmentation.tif,191399b64e6d640b85980ac5345c7625a922edea9efb6c8c569e0dd351f8f430,8a94d33db9ea2a7db2ae2945d7657ff0c002b153d2ed7127f985f94b15088661,2048,2048,2,float32+float32,HARD_LINK,NO,
test,Oil,00140.tif,Test_Images/Oil/00140.tif,test/images/Oil/00140.tif,00140_segmentation.tif,Mask/Oil/00140_segmentation.tif,test/masks/Oil/00140_segmentation.tif,93fbc639ff37e5ffe068e04e9b18dfd31333330b2da334a6ea76965ab184aa8e,5ed5f0cf34cbea39abed270947f85c3b17176ee670a01448af209fb05845c5da,2048,2048,2,float32+float32,HARD_LINK,NO,
test,Oil,00141.tif,Test_Images/Oil/00141.tif,test/images/Oil/00141.tif,00141_segmentation.tif,Mask/Oil/00141_segmentation.tif,test/masks/Oil/00141_segmentation.tif,e30b9a523d429b8a662603974e388918d873cc2fe0c2f4a58a8c3fc14a9a6f06,b5ebfc9ce0353b355e56dd915385fcdb97188a79d9e836cffc996d2483412ab4,2048,2048,2,float32+float32,HARD_LINK,NO,
test,Oil,00142.tif,Test_Images/Oil/00142.tif,test/images/Oil/00142.tif,00142_segmentation.tif,Mask/Oil/00142_segmentation.tif,test/masks/Oil/00142_segmentation.tif,cd0e23096bb84570e28f426b76ecebd368c978ecd916e9b0a3faccac2422bc8a,365a2c0bb2231cc7cdd6c7eedf6b8ac670b948c070e8c14c3e107a24ee19f9c5,2048,2048,2,float32+float32,HARD_LINK,NO,
test,Oil,00143.tif,Test_Images/Oil/00143.tif,test/images/Oil/00143.tif,00143_segmentation.tif,Mask/Oil/00143_segmentation.tif,test/masks/Oil/00143_segmentation.tif,a39462b0d7e26e033c4efb6b82289578e075c9851a642383d740f8a59c3b0ad1,7a0c33605932ae106dec5e77c7f95d99c826cbaf79676adb9ebcac625f2f00ab,2048,2048,2,float32+float32,HARD_LINK,NO,
test,Oil,00144.tif,Test_Images/Oil/00144.tif,test/images/Oil/00144.tif,00144_segmentation.tif,Mask/Oil/00144_segmentation.tif,test/masks/Oil/00144_segmentation.tif,3308c1b1024408e13d003fbc45f4c36b93a1db2f827a039b57c65d987782227a,374f553de5c7d91e9c37429a36d1a5b9072cc0b79f023d341e381365bbd2f77f,2048,2048,2,float32+float32,HARD_LINK,NO,
test,Oil,00145.tif,Test_Images/Oil/00145.tif,test/images/Oil/00145.tif,00145_segmentation.tif,Mask/Oil/00145_segmentation.tif,test/masks/Oil/00145_segmentation.tif,41e59392a33b7257cb05219cb51b9badbb62b5b3aa8958c3e581d42f6a19d7cb,84a9b5836596cf0afe9f9e7f4e5cc2c2a0985b070c3f74470746f6c6cc193a3d,2048,2048,2,float32+float32,HARD_LINK,NO,
test,Oil,00146.tif,Test_Images/Oil/00146.tif,test/images/Oil/00146.tif,00146_segmentation.tif,Mask/Oil/00146_segmentation.tif,test/masks/Oil/00146_segmentation.tif,f62f8930717dd3d0ef974f223e6fb30be5d15cf1014d432b885eab3a7a9d99d5,cdf92382170d51f205a6f8b89fc7a36605c7fe3d3fd757b7391c812961c06c48,2048,2048,2,float32+float32,HARD_LINK,NO,
test,Oil,00147.tif,Test_Images/Oil/00147.tif,test/images/Oil/00147.tif,00147_segmentation.tif,Mask/Oil/00147_segmentation.tif,test/masks/Oil/00147_segmentation.tif,f3253c6cf7baa293400ca97ff9c821cf1191b70070ddac5015ae426dd0a62500,98f08a4335a205c3c34706f5c0bc17d22ef6a77517019209056f93a5ebd65a41,2048,2048,2,float32+float32,HARD_LINK,NO,
test,Oil,00148.tif,Test_Images/Oil/00148.tif,test/images/Oil/00148.tif,00148_segmentation.tif,Mask/Oil/00148_segmentation.tif,test/masks/Oil/00148_segmentation.tif,d87ea942695a559caa8f3d770ccda4a19167bc25c6717c1df0f2f9e9c6d7ab1e,5dcf2705bdbdddd98b641a415c4090ceed85714b40a4c4c7a06576b03122fc2a,2048,2048,2,float32+float32,HARD_LINK,NO,
test,Oil,00149.tif,Test_Images/Oil/00149.tif,test/images/Oil/00149.tif,00149_segmentation.tif,Mask/Oil/00149_segmentation.tif,test/masks/Oil/00149_segmentation.tif,fac85f49626f510c2137840d885d446d1f679e38aad9b944733eac5c5f61e70b,e32efaa7282e3c3485ba22ea2d4bf3c378bbef2b3c5329a4374fe6d1edea608d,2048,2048,2,float32+float32,HARD_LINK,NO,
test,No_oil,00000.tif,Test_Images/No oil/00000.tif,test/images/No_oil/00000.tif,00000_segmentation.tif,Mask/No oil/00000_segmentation.tif,test/masks/No_oil/00000_segmentation.tif,c4ca2c9e8f9c268fdfd294c50824b9d8f6ef5f277fa20cc2d08eed3597f0aa8b,f1aa0ad4cbbd93669d577a8d940448dcd5d4aacec3aa613c78b891af8752da34,2048,2048,2,float32+float32,HARD_LINK,NO,
test,No_oil,00001.tif,Test_Images/No oil/00001.tif,test/images/No_oil/00001.tif,00001_segmentation.tif,Mask/No oil/00001_segmentation.tif,test/masks/No_oil/00001_segmentation.tif,347b95dfaa91eec1b67576694aefd4fa0721cf35d266ba0f91bde4ea62ee75db,f1aa0ad4cbbd93669d577a8d940448dcd5d4aacec3aa613c78b891af8752da34,2048,2048,2,float32+float32,HARD_LINK,NO,
test,No_oil,00002.tif,Test_Images/No oil/00002.tif,test/images/No_oil/00002.tif,00002_segmentation.tif,Mask/No oil/00002_segmentation.tif,test/masks/No_oil/00002_segmentation.tif,99e4a6b2614b0c7d6afea5ccad9c9fba74b9220e8f051601e965c2cc0eb6190c,f1aa0ad4cbbd93669d577a8d940448dcd5d4aacec3aa613c78b891af8752da34,2048,2048,2,float32+float32,HARD_LINK,NO,
test,No_oil,00003.tif,Test_Images/No oil/00003.tif,test/images/No_oil/00003.tif,00003_segmentation.tif,Mask/No oil/00003_segmentation.tif,test/masks/No_oil/00003_segmentation.tif,4efaedddcd8f4c015309383a920d342ec8ccf36cd3a4601e275bad654fe5d29a,f1aa0ad4cbbd93669d577a8d940448dcd5d4aacec3aa613c78b891af8752da34,2048,2048,2,float32+float32,HARD_LINK,NO,
test,No_oil,00004.tif,Test_Images/No oil/00004.tif,test/images/No_oil/00004.tif,00004_segmentation.tif,Mask/No oil/00004_segmentation.tif,test/masks/No_oil/00004_segmentation.tif,6fab5b4384feb6e6c25ce5c30e8447a9c68c6d71aa1ad249b6219ea010565385,f1aa0ad4cbbd93669d577a8d940448dcd5d4aacec3aa613c78b891af8752da34,2048,2048,2,float32+float32,HARD_LINK,NO,
test,No_oil,00005.tif,Test_Images/No oil/00005.tif,test/images/No_oil/00005.tif,00005_segmentation.tif,Mask/No oil/00005_segmentation.tif,test/masks/No_oil/00005_segmentation.tif,6a6eaab1b647dc4a73122a1ce96ec3a1b80f095b5c43f7d38cb0ced8efa7ed73,f1aa0ad4cbbd93669d577a8d940448dcd5d4aacec3aa613c78b891af8752da34,2048,2048,2,float32+float32,HARD_LINK,NO,
test,No_oil,00006.tif,Test_Images/No oil/00006.tif,test/images/No_oil/00006.tif,00006_segmentation.tif,Mask/No oil/00006_segmentation.tif,test/masks/No_oil/00006_segmentation.tif,144f3c58079cd8e772cdd7a78818198da4dce1d2cf5c3dbbf74ca82c5452468c,f1aa0ad4cbbd93669d577a8d940448dcd5d4aacec3aa613c78b891af8752da34,2048,2048,2,float32+float32,HARD_LINK,NO,
test,No_oil,00007.tif,Test_Images/No oil/00007.tif,test/images/No_oil/00007.tif,00007_segmentation.tif,Mask/No oil/00007_segmentation.tif,test/masks/No_oil/00007_segmentation.tif,a27d3b7cd65cd18a8fb2c288622c6c3d36599944debab106f402275d1e066441,f1aa0ad4cbbd93669d577a8d940448dcd5d4aacec3aa613c78b891af8752da34,2048,2048,2,float32+float32,HARD_LINK,NO,
test,No_oil,00008.tif,Test_Images/No oil/00008.tif,test/images/No_oil/00008.tif,00008_segmentation.tif,Mask/No oil/00008_segmentation.tif,test/masks/No_oil/00008_segmentation.tif,79cdf0bd71756737f953b061a2af986ed69c506f6910d2cd9e4c606642640773,f1aa0ad4cbbd93669d577a8d940448dcd5d4aacec3aa613c78b891af8752da34,2048,2048,2,float32+float32,HARD_LINK,NO,
test,No_oil,00009.tif,Test_Images/No oil/00009.tif,test/images/No_oil/00009.tif,00009_segmentation.tif,Mask/No oil/00009_segmentation.tif,test/masks/No_oil/00009_segmentation.tif,c51a22635a605d70383b51af4962e661bf7e9f35afa97edcfc0944375573893a,f1aa0ad4cbbd93669d577a8d940448dcd5d4aacec3aa613c78b891af8752da34,2048,2048,2,float32+float32,HARD_LINK,NO,
test,No_oil,00010.tif,Test_Images/No oil/00010.tif,test/images/No_oil/00010.tif,00010_segmentation.tif,Mask/No oil/00010_segmentation.tif,test/masks/No_oil/00010_segmentation.tif,cc9a2aa868661c9ccc6bb11ce13388bc7f05879b8debe354fe272edbd7b355f6,f1aa0ad4cbbd93669d577a8d940448dcd5d4aacec3aa613c78b891af8752da34,2048,2048,2,float32+float32,HARD_LINK,NO,
test,No_oil,00011.tif,Test_Images/No oil/00011.tif,test/images/No_oil/00011.tif,00011_segmentation.tif,Mask/No oil/00011_segmentation.tif,test/masks/No_oil/00011_segmentation.tif,6825722c4b8c14214eb7a184d9548ea46e0bbf59feb1d42571e17a425daf98c2,f1aa0ad4cbbd93669d577a8d940448dcd5d4aacec3aa613c78b891af8752da34,2048,2048,2,float32+float32,HARD_LINK,NO,
test,No_oil,00012.tif,Test_Images/No oil/00012.tif,test/images/No_oil/00012.tif,00012_segmentation.tif,Mask/No oil/00012_segmentation.tif,test/masks/No_oil/00012_segmentation.tif,e08d4790bd52e36f6fcedad51d2430472604de1eca2881a5d402c210b49775ac,f1aa0ad4cbbd93669d577a8d940448dcd5d4aacec3aa613c78b891af8752da34,2048,2048,2,float32+float32,HARD_LINK,NO,
test,No_oil,00013.tif,Test_Images/No oil/00013.tif,test/images/No_oil/00013.tif,00013_segmentation.tif,Mask/No oil/00013_segmentation.tif,test/masks/No_oil/00013_segmentation.tif,8ee91dc19121f6225070c517a89d66ffee93cc884e3d0206878997d3763150a0,f1aa0ad4cbbd93669d577a8d940448dcd5d4aacec3aa613c78b891af8752da34,2048,2048,2,float32+float32,HARD_LINK,NO,
test,No_oil,00014.tif,Test_Images/No oil/00014.tif,test/images/No_oil/00014.tif,00014_segmentation.tif,Mask/No oil/00014_segmentation.tif,test/masks/No_oil/00014_segmentation.tif,4f3a68b34ee93847da4465e4772332cf2726d576ec0b92b535e5ab122acffcaa,f1aa0ad4cbbd93669d577a8d940448dcd5d4aacec3aa613c78b891af8752da34,2048,2048,2,float32+float32,HARD_LINK,NO,
test,No_oil,00015.tif,Test_Images/No oil/00015.tif,test/images/No_oil/00015.tif,00015_segmentation.tif,Mask/No oil/00015_segmentation.tif,test/masks/No_oil/00015_segmentation.tif,2d524950d86abfa6da274e6637c47d71173fbfe2af05ed6520d581e699e54056,f1aa0ad4cbbd93669d577a8d940448dcd5d4aacec3aa613c78b891af8752da34,2048,2048,2,float32+float32,HARD_LINK,NO,
test,No_oil,00016.tif,Test_Images/No oil/00016.tif,test/images/No_oil/00016.tif,00016_segmentation.tif,Mask/No oil/00016_segmentation.tif,test/masks/No_oil/00016_segmentation.tif,bdddfc2be66f4114724c3095d4895210eedd8f0b6c4197a7479e2477c604bc46,f1aa0ad4cbbd93669d577a8d940448dcd5d4aacec3aa613c78b891af8752da34,2048,2048,2,float32+float32,HARD_LINK,NO,
test,No_oil,00017.tif,Test_Images/No oil/00017.tif,test/images/No_oil/00017.tif,00017_segmentation.tif,Mask/No oil/00017_segmentation.tif,test/masks/No_oil/00017_segmentation.tif,72350d5d2b661a4176542288c0c9405013d986e9cededbe9c33a9c7d82b855a3,f1aa0ad4cbbd93669d577a8d940448dcd5d4aacec3aa613c78b891af8752da34,2048,2048,2,float32+float32,HARD_LINK,NO,
test,No_oil,00018.tif,Test_Images/No oil/00018.tif,test/images/No_oil/00018.tif,00018_segmentation.tif,Mask/No oil/00018_segmentation.tif,test/masks/No_oil/00018_segmentation.tif,259a0739a4697766919d45b44fd65efea041c338a8a9131fd3a54e2449180bf5,f1aa0ad4cbbd93669d577a8d940448dcd5d4aacec3aa613c78b891af8752da34,2048,2048,2,float32+float32,HARD_LINK,NO,
test,No_oil,00019.tif,Test_Images/No oil/00019.tif,test/images/No_oil/00019.tif,00019_segmentation.tif,Mask/No oil/00019_segmentation.tif,test/masks/No_oil/00019_segmentation.tif,62e2ed5581d93e328de09b542b1041df5bca54b424d5e2eb308278577a08afdd,f1aa0ad4cbbd93669d577a8d940448dcd5d4aacec3aa613c78b891af8752da34,2048,2048,2,float32+float32,HARD_LINK,NO,
test,No_oil,00020.tif,Test_Images/No oil/00020.tif,test/images/No_oil/00020.tif,00020_segmentation.tif,Mask/No oil/00020_segmentation.tif,test/masks/No_oil/00020_segmentation.tif,0abe6fc2aa4a19a81f7cc70e62a4bc87f870cbcb7b79bbc1623fa3281563a8a6,f1aa0ad4cbbd93669d577a8d940448dcd5d4aacec3aa613c78b891af8752da34,2048,2048,2,float32+float32,HARD_LINK,NO,
test,No_oil,00021.tif,Test_Images/No oil/00021.tif,test/images/No_oil/00021.tif,00021_segmentation.tif,Mask/No oil/00021_segmentation.tif,test/masks/No_oil/00021_segmentation.tif,534e75585d2f0cd9e9ce9f4b69a1609f2843890b9e20cdce3e92955e21a91642,f1aa0ad4cbbd93669d577a8d940448dcd5d4aacec3aa613c78b891af8752da34,2048,2048,2,float32+float32,HARD_LINK,NO,
test,No_oil,00022.tif,Test_Images/No oil/00022.tif,test/images/No_oil/00022.tif,00022_segmentation.tif,Mask/No oil/00022_segmentation.tif,test/masks/No_oil/00022_segmentation.tif,c014609f45c489b337e1b56cdb364f9b9866b359e07a9405aa4d6fcd28fc97c8,f1aa0ad4cbbd93669d577a8d940448dcd5d4aacec3aa613c78b891af8752da34,2048,2048,2,float32+float32,HARD_LINK,NO,
test,No_oil,00023.tif,Test_Images/No oil/00023.tif,test/images/No_oil/00023.tif,00023_segmentation.tif,Mask/No oil/00023_segmentation.tif,test/masks/No_oil/00023_segmentation.tif,a493065dff4431a2790545474b3e500ca4f8702648705c4eb52bef8230a208d1,f1aa0ad4cbbd93669d577a8d940448dcd5d4aacec3aa613c78b891af8752da34,2048,2048,2,float32+float32,HARD_LINK,NO,
test,No_oil,00024.tif,Test_Images/No oil/00024.tif,test/images/No_oil/00024.tif,00024_segmentation.tif,Mask/No oil/00024_segmentation.tif,test/masks/No_oil/00024_segmentation.tif,79d9127349ce306b42fa2f8a8ddda99240449afa1b4312ba5b502dbbe36ed375,f1aa0ad4cbbd93669d577a8d940448dcd5d4aacec3aa613c78b891af8752da34,2048,2048,2,float32+float32,HARD_LINK,NO,
test,No_oil,00025.tif,Test_Images/No oil/00025.tif,test/images/No_oil/00025.tif,00025_segmentation.tif,Mask/No oil/00025_segmentation.tif,test/masks/No_oil/00025_segmentation.tif,d53c5ccc9b5e7c421b2fcc3ac0b1f93a4c8f187d5fe00c3fe199322296eb5012,f1aa0ad4cbbd93669d577a8d940448dcd5d4aacec3aa613c78b891af8752da34,2048,2048,2,float32+float32,HARD_LINK,NO,
test,No_oil,00026.tif,Test_Images/No oil/00026.tif,test/images/No_oil/00026.tif,00026_segmentation.tif,Mask/No oil/00026_segmentation.tif,test/masks/No_oil/00026_segmentation.tif,8063797595de8560c21854e3be1100eccf47773c0038b404fe04febf0a50ea06,f1aa0ad4cbbd93669d577a8d940448dcd5d4aacec3aa613c78b891af8752da34,2048,2048,2,float32+float32,HARD_LINK,NO,
test,No_oil,00027.tif,Test_Images/No oil/00027.tif,test/images/No_oil/00027.tif,00027_segmentation.tif,Mask/No oil/00027_segmentation.tif,test/masks/No_oil/00027_segmentation.tif,b5539c7d7633b448378a8d57c9bb491e8e391f0b930c39b7a2ca080a75c017ec,f1aa0ad4cbbd93669d577a8d940448dcd5d4aacec3aa613c78b891af8752da34,2048,2048,2,float32+float32,HARD_LINK,NO,
test,No_oil,00028.tif,Test_Images/No oil/00028.tif,test/images/No_oil/00028.tif,00028_segmentation.tif,Mask/No oil/00028_segmentation.tif,test/masks/No_oil/00028_segmentation.tif,245e6973875eff32f5f0a7923f31b787af8419ee11a857d826cab322d787be19,f1aa0ad4cbbd93669d577a8d940448dcd5d4aacec3aa613c78b891af8752da34,2048,2048,2,float32+float32,HARD_LINK,NO,
test,No_oil,00029.tif,Test_Images/No oil/00029.tif,test/images/No_oil/00029.tif,00029_segmentation.tif,Mask/No oil/00029_segmentation.tif,test/masks/No_oil/00029_segmentation.tif,ce3279da97c1edcc1ba7df30615ea216b1d3698ed93e8ca1763e9599bd57c528,f1aa0ad4cbbd93669d577a8d940448dcd5d4aacec3aa613c78b891af8752da34,2048,2048,2,float32+float32,HARD_LINK,NO,
test,No_oil,00030.tif,Test_Images/No oil/00030.tif,test/images/No_oil/00030.tif,00030_segmentation.tif,Mask/No oil/00030_segmentation.tif,test/masks/No_oil/00030_segmentation.tif,34254c709740f3b45899c862556c1eff84efee0b25d23a0b220acf0190a5af59,f1aa0ad4cbbd93669d577a8d940448dcd5d4aacec3aa613c78b891af8752da34,2048,2048,2,float32+float32,HARD_LINK,NO,
test,No_oil,00031.tif,Test_Images/No oil/00031.tif,test/images/No_oil/00031.tif,00031_segmentation.tif,Mask/No oil/00031_segmentation.tif,test/masks/No_oil/00031_segmentation.tif,bb2fd548704bb5f72017ec06742e85785ae7f603ea1275d8d57ba374be01c957,f1aa0ad4cbbd93669d577a8d940448dcd5d4aacec3aa613c78b891af8752da34,2048,2048,2,float32+float32,HARD_LINK,NO,
test,No_oil,00032.tif,Test_Images/No oil/00032.tif,test/images/No_oil/00032.tif,00032_segmentation.tif,Mask/No oil/00032_segmentation.tif,test/masks/No_oil/00032_segmentation.tif,df19dc0e8502c438875c92a6c5a91293f7460dbaee26e681edb348f22411f447,f1aa0ad4cbbd93669d577a8d940448dcd5d4aacec3aa613c78b891af8752da34,2048,2048,2,float32+float32,HARD_LINK,NO,
test,No_oil,00033.tif,Test_Images/No oil/00033.tif,test/images/No_oil/00033.tif,00033_segmentation.tif,Mask/No oil/00033_segmentation.tif,test/masks/No_oil/00033_segmentation.tif,7ef272c972d93eaa4b2b4206122d8f560d8e3f018273bd572e60ca21ee2847ac,f1aa0ad4cbbd93669d577a8d940448dcd5d4aacec3aa613c78b891af8752da34,2048,2048,2,float32+float32,HARD_LINK,NO,
test,No_oil,00034.tif,Test_Images/No oil/00034.tif,test/images/No_oil/00034.tif,00034_segmentation.tif,Mask/No oil/00034_segmentation.tif,test/masks/No_oil/00034_segmentation.tif,5e5ab8d656a0f4d224d7158bc80a26194e654cd6569e2a871e386296af7f51c8,f1aa0ad4cbbd93669d577a8d940448dcd5d4aacec3aa613c78b891af8752da34,2048,2048,2,float32+float32,HARD_LINK,NO,
test,No_oil,00035.tif,Test_Images/No oil/00035.tif,test/images/No_oil/00035.tif,00035_segmentation.tif,Mask/No oil/00035_segmentation.tif,test/masks/No_oil/00035_segmentation.tif,9a3c03d70dec60d3fe85ff1ce1a387cdb5418f542e5b26792c8135829f8b9cf6,f1aa0ad4cbbd93669d577a8d940448dcd5d4aacec3aa613c78b891af8752da34,2048,2048,2,float32+float32,HARD_LINK,NO,
test,No_oil,00036.tif,Test_Images/No oil/00036.tif,test/images/No_oil/00036.tif,00036_segmentation.tif,Mask/No oil/00036_segmentation.tif,test/masks/No_oil/00036_segmentation.tif,53743a8428b82f12a9e0911908c57d78ac9a1045c2d2d759a4021f0051108063,f1aa0ad4cbbd93669d577a8d940448dcd5d4aacec3aa613c78b891af8752da34,2048,2048,2,float32+float32,HARD_LINK,NO,
test,No_oil,00037.tif,Test_Images/No oil/00037.tif,test/images/No_oil/00037.tif,00037_segmentation.tif,Mask/No oil/00037_segmentation.tif,test/masks/No_oil/00037_segmentation.tif,bb0b66952ae2e9f1d63ecd5cf88f4f2ce356da3aeba75db17b7dedf1c3db1ef2,f1aa0ad4cbbd93669d577a8d940448dcd5d4aacec3aa613c78b891af8752da34,2048,2048,2,float32+float32,HARD_LINK,NO,
test,No_oil,00038.tif,Test_Images/No oil/00038.tif,test/images/No_oil/00038.tif,00038_segmentation.tif,Mask/No oil/00038_segmentation.tif,test/masks/No_oil/00038_segmentation.tif,adc411e9ceefd7e781d2584041298b5d54e51624feec38c3d86527a1dd13dfd0,f1aa0ad4cbbd93669d577a8d940448dcd5d4aacec3aa613c78b891af8752da34,2048,2048,2,float32+float32,HARD_LINK,NO,
test,No_oil,00039.tif,Test_Images/No oil/00039.tif,test/images/No_oil/00039.tif,00039_segmentation.tif,Mask/No oil/00039_segmentation.tif,test/masks/No_oil/00039_segmentation.tif,8e70b5d260a6779a1848107288ae39f91c238667e2cf67e55ce8747da0071d77,f1aa0ad4cbbd93669d577a8d940448dcd5d4aacec3aa613c78b891af8752da34,2048,2048,2,float32+float32,HARD_LINK,NO,
test,No_oil,00040.tif,Test_Images/No oil/00040.tif,test/images/No_oil/00040.tif,00040_segmentation.tif,Mask/No oil/00040_segmentation.tif,test/masks/No_oil/00040_segmentation.tif,c6204412ed287ddcbaca900e142a21c137ac85ac92ae7f770edafb4491690c08,f1aa0ad4cbbd93669d577a8d940448dcd5d4aacec3aa613c78b891af8752da34,2048,2048,2,float32+float32,HARD_LINK,NO,
test,No_oil,00041.tif,Test_Images/No oil/00041.tif,test/images/No_oil/00041.tif,00041_segmentation.tif,Mask/No oil/00041_segmentation.tif,test/masks/No_oil/00041_segmentation.tif,2133629ca7b86255ad9599a3676e338a1eed6c08028dca2cbbef653d26f9f0d8,f1aa0ad4cbbd93669d577a8d940448dcd5d4aacec3aa613c78b891af8752da34,2048,2048,2,float32+float32,HARD_LINK,NO,
test,No_oil,00042.tif,Test_Images/No oil/00042.tif,test/images/No_oil/00042.tif,00042_segmentation.tif,Mask/No oil/00042_segmentation.tif,test/masks/No_oil/00042_segmentation.tif,af7c9ca9299e427f347338d8b0521745d616fa6e66338f13fc29c8810631f8b0,f1aa0ad4cbbd93669d577a8d940448dcd5d4aacec3aa613c78b891af8752da34,2048,2048,2,float32+float32,HARD_LINK,NO,
test,No_oil,00043.tif,Test_Images/No oil/00043.tif,test/images/No_oil/00043.tif,00043_segmentation.tif,Mask/No oil/00043_segmentation.tif,test/masks/No_oil/00043_segmentation.tif,3ebe6166248534903cef63da756a9e1bafac364a9256bb6c5693cbabc02c1539,f1aa0ad4cbbd93669d577a8d940448dcd5d4aacec3aa613c78b891af8752da34,2048,2048,2,float32+float32,HARD_LINK,NO,
test,No_oil,00044.tif,Test_Images/No oil/00044.tif,test/images/No_oil/00044.tif,00044_segmentation.tif,Mask/No oil/00044_segmentation.tif,test/masks/No_oil/00044_segmentation.tif,b27dbd687b111119bfce0043366a56153fdd9302fed61a56186a09f7b529dc4d,f1aa0ad4cbbd93669d577a8d940448dcd5d4aacec3aa613c78b891af8752da34,2048,2048,2,float32+float32,HARD_LINK,NO,
test,No_oil,00045.tif,Test_Images/No oil/00045.tif,test/images/No_oil/00045.tif,00045_segmentation.tif,Mask/No oil/00045_segmentation.tif,test/masks/No_oil/00045_segmentation.tif,20362457cbc706a4d2aaa5f9185e5ec05e331b00e64c65f29bc0d8099add1067,f1aa0ad4cbbd93669d577a8d940448dcd5d4aacec3aa613c78b891af8752da34,2048,2048,2,float32+float32,HARD_LINK,NO,
test,No_oil,00046.tif,Test_Images/No oil/00046.tif,test/images/No_oil/00046.tif,00046_segmentation.tif,Mask/No oil/00046_segmentation.tif,test/masks/No_oil/00046_segmentation.tif,a6a5d00b6c22b50f15c2f94809bd8e42f94affc54d09a0d5473eb6bf56b0087e,f1aa0ad4cbbd93669d577a8d940448dcd5d4aacec3aa613c78b891af8752da34,2048,2048,2,float32+float32,HARD_LINK,NO,
test,No_oil,00047.tif,Test_Images/No oil/00047.tif,test/images/No_oil/00047.tif,00047_segmentation.tif,Mask/No oil/00047_segmentation.tif,test/masks/No_oil/00047_segmentation.tif,675d4e96a06f2b04b5ba40e6fb1aa8180f76f8c98d4aadbcdcbebdb6061f0100,f1aa0ad4cbbd93669d577a8d940448dcd5d4aacec3aa613c78b891af8752da34,2048,2048,2,float32+float32,HARD_LINK,NO,
test,No_oil,00048.tif,Test_Images/No oil/00048.tif,test/images/No_oil/00048.tif,00048_segmentation.tif,Mask/No oil/00048_segmentation.tif,test/masks/No_oil/00048_segmentation.tif,fca64b24f24837ae4e71c0bc1132787f3d82ff4c305f5772acca5b167e974f15,f1aa0ad4cbbd93669d577a8d940448dcd5d4aacec3aa613c78b891af8752da34,2048,2048,2,float32+float32,HARD_LINK,NO,
test,No_oil,00049.tif,Test_Images/No oil/00049.tif,test/images/No_oil/00049.tif,00049_segmentation.tif,Mask/No oil/00049_segmentation.tif,test/masks/No_oil/00049_segmentation.tif,598fbd09c3c45d9172f643c4f2a13d5ad85a6ac017f165dd7047a42374660215,f1aa0ad4cbbd93669d577a8d940448dcd5d4aacec3aa613c78b891af8752da34,2048,2048,2,float32+float32,HARD_LINK,NO,
test,No_oil,00050.tif,Test_Images/No oil/00050.tif,test/images/No_oil/00050.tif,00050_segmentation.tif,Mask/No oil/00050_segmentation.tif,test/masks/No_oil/00050_segmentation.tif,d7b15e500d1fd698d043a6e0c881e2e4fbe1ff3b6c2b60a60ad9971aedd8c4f2,f1aa0ad4cbbd93669d577a8d940448dcd5d4aacec3aa613c78b891af8752da34,2048,2048,2,float32+float32,HARD_LINK,NO,
test,No_oil,00051.tif,Test_Images/No oil/00051.tif,test/images/No_oil/00051.tif,00051_segmentation.tif,Mask/No oil/00051_segmentation.tif,test/masks/No_oil/00051_segmentation.tif,6b5066cbfab30448589536746df61f99b5d44ff10a481b5138fff272100d24e9,f1aa0ad4cbbd93669d577a8d940448dcd5d4aacec3aa613c78b891af8752da34,2048,2048,2,float32+float32,HARD_LINK,NO,
test,No_oil,00052.tif,Test_Images/No oil/00052.tif,test/images/No_oil/00052.tif,00052_segmentation.tif,Mask/No oil/00052_segmentation.tif,test/masks/No_oil/00052_segmentation.tif,88a1c607f3852a3ddc2decf4a885f2aeba8986b7fae573b06c66d8b2a8b8b79e,f1aa0ad4cbbd93669d577a8d940448dcd5d4aacec3aa613c78b891af8752da34,2048,2048,2,float32+float32,HARD_LINK,NO,
test,No_oil,00053.tif,Test_Images/No oil/00053.tif,test/images/No_oil/00053.tif,00053_segmentation.tif,Mask/No oil/00053_segmentation.tif,test/masks/No_oil/00053_segmentation.tif,42fb60a842bb531b08a5e14c329c4d03942344d29cf9825daadbb1c78e21a1be,f1aa0ad4cbbd93669d577a8d940448dcd5d4aacec3aa613c78b891af8752da34,2048,2048,2,float32+float32,HARD_LINK,NO,
test,No_oil,00054.tif,Test_Images/No oil/00054.tif,test/images/No_oil/00054.tif,00054_segmentation.tif,Mask/No oil/00054_segmentation.tif,test/masks/No_oil/00054_segmentation.tif,85d883021d636fc8da6276c846e973543ca868cc8f34b53181d30d0005689b35,f1aa0ad4cbbd93669d577a8d940448dcd5d4aacec3aa613c78b891af8752da34,2048,2048,2,float32+float32,HARD_LINK,NO,
test,No_oil,00055.tif,Test_Images/No oil/00055.tif,test/images/No_oil/00055.tif,00055_segmentation.tif,Mask/No oil/00055_segmentation.tif,test/masks/No_oil/00055_segmentation.tif,7921d3b53d4bb4bef3dfcecfe6e0165e7dcb1e58a747e9c66c444932431f255a,f1aa0ad4cbbd93669d577a8d940448dcd5d4aacec3aa613c78b891af8752da34,2048,2048,2,float32+float32,HARD_LINK,NO,
test,No_oil,00056.tif,Test_Images/No oil/00056.tif,test/images/No_oil/00056.tif,00056_segmentation.tif,Mask/No oil/00056_segmentation.tif,test/masks/No_oil/00056_segmentation.tif,c5b677a5dfe3aaa500c34f2be3fda9f26bb6f27445628c7effd22209807867a8,f1aa0ad4cbbd93669d577a8d940448dcd5d4aacec3aa613c78b891af8752da34,2048,2048,2,float32+float32,HARD_LINK,NO,
test,No_oil,00057.tif,Test_Images/No oil/00057.tif,test/images/No_oil/00057.tif,00057_segmentation.tif,Mask/No oil/00057_segmentation.tif,test/masks/No_oil/00057_segmentation.tif,2b740f6afae0f2437d8b99d7cdba45f5dc6ee8a450cef8b0135b27c752d0c2fe,f1aa0ad4cbbd93669d577a8d940448dcd5d4aacec3aa613c78b891af8752da34,2048,2048,2,float32+float32,HARD_LINK,NO,
test,No_oil,00058.tif,Test_Images/No oil/00058.tif,test/images/No_oil/00058.tif,00058_segmentation.tif,Mask/No oil/00058_segmentation.tif,test/masks/No_oil/00058_segmentation.tif,0305649b849a911f2dd9d9ed975726b6d1f924f104a6c6c4e9dec4d4639cb192,f1aa0ad4cbbd93669d577a8d940448dcd5d4aacec3aa613c78b891af8752da34,2048,2048,2,float32+float32,HARD_LINK,NO,
test,No_oil,00059.tif,Test_Images/No oil/00059.tif,test/images/No_oil/00059.tif,00059_segmentation.tif,Mask/No oil/00059_segmentation.tif,test/masks/No_oil/00059_segmentation.tif,84736b87a101c6b91be82aa046cdbf7b01156c8702c67e70c0baaedcdb478cb0,f1aa0ad4cbbd93669d577a8d940448dcd5d4aacec3aa613c78b891af8752da34,2048,2048,2,float32+float32,HARD_LINK,NO,
test,No_oil,00060.tif,Test_Images/No oil/00060.tif,test/images/No_oil/00060.tif,00060_segmentation.tif,Mask/No oil/00060_segmentation.tif,test/masks/No_oil/00060_segmentation.tif,c078b1429dcd6fcf8192aabff0bcdebe2f795658cf75b723e301583722a1abae,f1aa0ad4cbbd93669d577a8d940448dcd5d4aacec3aa613c78b891af8752da34,2048,2048,2,float32+float32,HARD_LINK,NO,
test,No_oil,00061.tif,Test_Images/No oil/00061.tif,test/images/No_oil/00061.tif,00061_segmentation.tif,Mask/No oil/00061_segmentation.tif,test/masks/No_oil/00061_segmentation.tif,50e069bc1cb6ebead712b4de99e551f732431cbe1058f4a85da1f06fc37c2180,f1aa0ad4cbbd93669d577a8d940448dcd5d4aacec3aa613c78b891af8752da34,2048,2048,2,float32+float32,HARD_LINK,NO,
test,No_oil,00062.tif,Test_Images/No oil/00062.tif,test/images/No_oil/00062.tif,00062_segmentation.tif,Mask/No oil/00062_segmentation.tif,test/masks/No_oil/00062_segmentation.tif,f75ad7fece44dd6d75c7fb3d3412fee59e39b89cb5add6dcb620d3e3b3f99590,f1aa0ad4cbbd93669d577a8d940448dcd5d4aacec3aa613c78b891af8752da34,2048,2048,2,float32+float32,HARD_LINK,NO,
test,No_oil,00063.tif,Test_Images/No oil/00063.tif,test/images/No_oil/00063.tif,00063_segmentation.tif,Mask/No oil/00063_segmentation.tif,test/masks/No_oil/00063_segmentation.tif,b731df1d1ca76e2072d673e624c9283c22272b4d17ae36e59fca41e4ad06fec2,f1aa0ad4cbbd93669d577a8d940448dcd5d4aacec3aa613c78b891af8752da34,2048,2048,2,float32+float32,HARD_LINK,NO,
test,No_oil,00064.tif,Test_Images/No oil/00064.tif,test/images/No_oil/00064.tif,00064_segmentation.tif,Mask/No oil/00064_segmentation.tif,test/masks/No_oil/00064_segmentation.tif,1588022e7756cf637590b33c998aa85a5d452a259d085f21c005969361b7901b,f1aa0ad4cbbd93669d577a8d940448dcd5d4aacec3aa613c78b891af8752da34,2048,2048,2,float32+float32,HARD_LINK,NO,
test,No_oil,00065.tif,Test_Images/No oil/00065.tif,test/images/No_oil/00065.tif,00065_segmentation.tif,Mask/No oil/00065_segmentation.tif,test/masks/No_oil/00065_segmentation.tif,59f9d8c710639e3ca417a898bdff527b5ab1fc808d283cdea5da9054960a35b5,f1aa0ad4cbbd93669d577a8d940448dcd5d4aacec3aa613c78b891af8752da34,2048,2048,2,float32+float32,HARD_LINK,NO,
test,No_oil,00066.tif,Test_Images/No oil/00066.tif,test/images/No_oil/00066.tif,00066_segmentation.tif,Mask/No oil/00066_segmentation.tif,test/masks/No_oil/00066_segmentation.tif,bb3d1a02786cb135af6ba2b0a4261aa41fe87218135d159f8dc579e391e89c68,f1aa0ad4cbbd93669d577a8d940448dcd5d4aacec3aa613c78b891af8752da34,2048,2048,2,float32+float32,HARD_LINK,NO,
test,No_oil,00067.tif,Test_Images/No oil/00067.tif,test/images/No_oil/00067.tif,00067_segmentation.tif,Mask/No oil/00067_segmentation.tif,test/masks/No_oil/00067_segmentation.tif,22cf68bf6f91f18876fdfc399e612bfd7ad54b0d318a9f143e591364028d4cf6,f1aa0ad4cbbd93669d577a8d940448dcd5d4aacec3aa613c78b891af8752da34,2048,2048,2,float32+float32,HARD_LINK,NO,
test,No_oil,00068.tif,Test_Images/No oil/00068.tif,test/images/No_oil/00068.tif,00068_segmentation.tif,Mask/No oil/00068_segmentation.tif,test/masks/No_oil/00068_segmentation.tif,27d981c0ebb096a4fd8c4c2c489a7182b710cb7c102c7589f629368e7a674a61,f1aa0ad4cbbd93669d577a8d940448dcd5d4aacec3aa613c78b891af8752da34,2048,2048,2,float32+float32,HARD_LINK,NO,
test,No_oil,00069.tif,Test_Images/No oil/00069.tif,test/images/No_oil/00069.tif,00069_segmentation.tif,Mask/No oil/00069_segmentation.tif,test/masks/No_oil/00069_segmentation.tif,e8fb50f7005885fddbd8b509749b22428c8889fabf92d09b50783aeaa8d59ab0,f1aa0ad4cbbd93669d577a8d940448dcd5d4aacec3aa613c78b891af8752da34,2048,2048,2,float32+float32,HARD_LINK,NO,
test,No_oil,00070.tif,Test_Images/No oil/00070.tif,test/images/No_oil/00070.tif,00070_segmentation.tif,Mask/No oil/00070_segmentation.tif,test/masks/No_oil/00070_segmentation.tif,e6babbb978edd76ab323e684f6acc3532340e5bcd1d852de30da40179cef437b,f1aa0ad4cbbd93669d577a8d940448dcd5d4aacec3aa613c78b891af8752da34,2048,2048,2,float32+float32,HARD_LINK,NO,
test,No_oil,00071.tif,Test_Images/No oil/00071.tif,test/images/No_oil/00071.tif,00071_segmentation.tif,Mask/No oil/00071_segmentation.tif,test/masks/No_oil/00071_segmentation.tif,b25979d6a0a7219c19f6e56b1e51de5719e8a503645a3efa8980b76a7c6854cd,f1aa0ad4cbbd93669d577a8d940448dcd5d4aacec3aa613c78b891af8752da34,2048,2048,2,float32+float32,HARD_LINK,NO,
test,No_oil,00072.tif,Test_Images/No oil/00072.tif,test/images/No_oil/00072.tif,00072_segmentation.tif,Mask/No oil/00072_segmentation.tif,test/masks/No_oil/00072_segmentation.tif,4f7f8cce746465390726f160236f9940679ff716b76fc7970834a0f03156fa67,f1aa0ad4cbbd93669d577a8d940448dcd5d4aacec3aa613c78b891af8752da34,2048,2048,2,float32+float32,HARD_LINK,NO,
test,No_oil,00073.tif,Test_Images/No oil/00073.tif,test/images/No_oil/00073.tif,00073_segmentation.tif,Mask/No oil/00073_segmentation.tif,test/masks/No_oil/00073_segmentation.tif,6089f580bee7929c5289cc925427f9d16b44f98c01c3dd1270ca697638f4f0f3,f1aa0ad4cbbd93669d577a8d940448dcd5d4aacec3aa613c78b891af8752da34,2048,2048,2,float32+float32,HARD_LINK,NO,
test,No_oil,00074.tif,Test_Images/No oil/00074.tif,test/images/No_oil/00074.tif,00074_segmentation.tif,Mask/No oil/00074_segmentation.tif,test/masks/No_oil/00074_segmentation.tif,97358ef63e015632a233f933f1f64c9c72e18ad6d3408f668c261360d8a70991,f1aa0ad4cbbd93669d577a8d940448dcd5d4aacec3aa613c78b891af8752da34,2048,2048,2,float32+float32,HARD_LINK,NO,
test,No_oil,00075.tif,Test_Images/No oil/00075.tif,test/images/No_oil/00075.tif,00075_segmentation.tif,Mask/No oil/00075_segmentation.tif,test/masks/No_oil/00075_segmentation.tif,05c51023a416403870eef74f8dc8d2987015779bb4cc2f7e2b984b9a16f109ba,f1aa0ad4cbbd93669d577a8d940448dcd5d4aacec3aa613c78b891af8752da34,2048,2048,2,float32+float32,HARD_LINK,NO,
test,No_oil,00076.tif,Test_Images/No oil/00076.tif,test/images/No_oil/00076.tif,00076_segmentation.tif,Mask/No oil/00076_segmentation.tif,test/masks/No_oil/00076_segmentation.tif,180aad31d5c5fd8e1429ef02b7b2bad1cef55fcccbb7bc1f44e2862a668294c0,f1aa0ad4cbbd93669d577a8d940448dcd5d4aacec3aa613c78b891af8752da34,2048,2048,2,float32+float32,HARD_LINK,NO,
test,No_oil,00077.tif,Test_Images/No oil/00077.tif,test/images/No_oil/00077.tif,00077_segmentation.tif,Mask/No oil/00077_segmentation.tif,test/masks/No_oil/00077_segmentation.tif,25d21753c49fdd754a5b3bcd5ccfbbb76e0dc611d92c6ec6f9e995e136f7a0c3,f1aa0ad4cbbd93669d577a8d940448dcd5d4aacec3aa613c78b891af8752da34,2048,2048,2,float32+float32,HARD_LINK,NO,
test,No_oil,00078.tif,Test_Images/No oil/00078.tif,test/images/No_oil/00078.tif,00078_segmentation.tif,Mask/No oil/00078_segmentation.tif,test/masks/No_oil/00078_segmentation.tif,f11bcbbe985ca449ab3994d95840e1fa661ded7d138bcd38c460c02d59f6598b,f1aa0ad4cbbd93669d577a8d940448dcd5d4aacec3aa613c78b891af8752da34,2048,2048,2,float32+float32,HARD_LINK,NO,
test,No_oil,00079.tif,Test_Images/No oil/00079.tif,test/images/No_oil/00079.tif,00079_segmentation.tif,Mask/No oil/00079_segmentation.tif,test/masks/No_oil/00079_segmentation.tif,6a20bfa8167c16e762ba4d9a7b0e0ea28aeec523f1383c8e7b4242f429a15549,f1aa0ad4cbbd93669d577a8d940448dcd5d4aacec3aa613c78b891af8752da34,2048,2048,2,float32+float32,HARD_LINK,NO,
test,No_oil,00080.tif,Test_Images/No oil/00080.tif,test/images/No_oil/00080.tif,00080_segmentation.tif,Mask/No oil/00080_segmentation.tif,test/masks/No_oil/00080_segmentation.tif,daa120768877bb4d10e03c3f1d26a72d18f94278bbcebc63de8a240c563946df,f1aa0ad4cbbd93669d577a8d940448dcd5d4aacec3aa613c78b891af8752da34,2048,2048,2,float32+float32,HARD_LINK,NO,
test,No_oil,00081.tif,Test_Images/No oil/00081.tif,test/images/No_oil/00081.tif,00081_segmentation.tif,Mask/No oil/00081_segmentation.tif,test/masks/No_oil/00081_segmentation.tif,d7f9984a398d7051bc23e68d09250f155cb53f8bde840e3d17b06fa40b38bfb1,f1aa0ad4cbbd93669d577a8d940448dcd5d4aacec3aa613c78b891af8752da34,2048,2048,2,float32+float32,HARD_LINK,NO,
test,No_oil,00082.tif,Test_Images/No oil/00082.tif,test/images/No_oil/00082.tif,00082_segmentation.tif,Mask/No oil/00082_segmentation.tif,test/masks/No_oil/00082_segmentation.tif,0fc7333a7bba2c896be6bc30581a33b437bbf984c114f2a819a79bba6fc3fd69,f1aa0ad4cbbd93669d577a8d940448dcd5d4aacec3aa613c78b891af8752da34,2048,2048,2,float32+float32,HARD_LINK,NO,
test,No_oil,00083.tif,Test_Images/No oil/00083.tif,test/images/No_oil/00083.tif,00083_segmentation.tif,Mask/No oil/00083_segmentation.tif,test/masks/No_oil/00083_segmentation.tif,370e7e11e70fbdfbe1301725bcc7c730e240382418d2bb67273dafbea7b8c7a5,f1aa0ad4cbbd93669d577a8d940448dcd5d4aacec3aa613c78b891af8752da34,2048,2048,2,float32+float32,HARD_LINK,NO,
test,No_oil,00084.tif,Test_Images/No oil/00084.tif,test/images/No_oil/00084.tif,00084_segmentation.tif,Mask/No oil/00084_segmentation.tif,test/masks/No_oil/00084_segmentation.tif,06d41ca28680d1a9b71b88aa375cccd434f6084d336f76b9b12c1f303e413119,f1aa0ad4cbbd93669d577a8d940448dcd5d4aacec3aa613c78b891af8752da34,2048,2048,2,float32+float32,HARD_LINK,NO,
test,No_oil,00085.tif,Test_Images/No oil/00085.tif,test/images/No_oil/00085.tif,00085_segmentation.tif,Mask/No oil/00085_segmentation.tif,test/masks/No_oil/00085_segmentation.tif,41f8ea44634c7a2844203b43cdcbdc69901c7dd921ea12ae1f3f4464af77c32f,f1aa0ad4cbbd93669d577a8d940448dcd5d4aacec3aa613c78b891af8752da34,2048,2048,2,float32+float32,HARD_LINK,NO,
test,No_oil,00086.tif,Test_Images/No oil/00086.tif,test/images/No_oil/00086.tif,00086_segmentation.tif,Mask/No oil/00086_segmentation.tif,test/masks/No_oil/00086_segmentation.tif,fa0517ef991b528f39099e8a93a3834e1a6a7aa073aa655cbd2d4f8165fbfed4,f1aa0ad4cbbd93669d577a8d940448dcd5d4aacec3aa613c78b891af8752da34,2048,2048,2,float32+float32,HARD_LINK,NO,
test,No_oil,00087.tif,Test_Images/No oil/00087.tif,test/images/No_oil/00087.tif,00087_segmentation.tif,Mask/No oil/00087_segmentation.tif,test/masks/No_oil/00087_segmentation.tif,fae52177763cf7747993f90aa117a073b3b5ccb2de991abffe2ff2740da8d20f,f1aa0ad4cbbd93669d577a8d940448dcd5d4aacec3aa613c78b891af8752da34,2048,2048,2,float32+float32,HARD_LINK,NO,
test,No_oil,00088.tif,Test_Images/No oil/00088.tif,test/images/No_oil/00088.tif,00088_segmentation.tif,Mask/No oil/00088_segmentation.tif,test/masks/No_oil/00088_segmentation.tif,d854e112f1f156046b2f5b16e8e54897ec0dcdd1be89103cf967bb1ef6a73bd2,f1aa0ad4cbbd93669d577a8d940448dcd5d4aacec3aa613c78b891af8752da34,2048,2048,2,float32+float32,HARD_LINK,NO,
test,No_oil,00089.tif,Test_Images/No oil/00089.tif,test/images/No_oil/00089.tif,00089_segmentation.tif,Mask/No oil/00089_segmentation.tif,test/masks/No_oil/00089_segmentation.tif,8476b0a247d7c3e75393c0bcbdb88aeb73821c29ea769e48ec303137dde96ec8,f1aa0ad4cbbd93669d577a8d940448dcd5d4aacec3aa613c78b891af8752da34,2048,2048,2,float32+float32,HARD_LINK,NO,
test,No_oil,00090.tif,Test_Images/No oil/00090.tif,test/images/No_oil/00090.tif,00090_segmentation.tif,Mask/No oil/00090_segmentation.tif,test/masks/No_oil/00090_segmentation.tif,b11f2ad98cd1688057e10291ae2ba4af5a1570948af2953b0e607a8016ac4d37,f1aa0ad4cbbd93669d577a8d940448dcd5d4aacec3aa613c78b891af8752da34,2048,2048,2,float32+float32,HARD_LINK,NO,
test,No_oil,00091.tif,Test_Images/No oil/00091.tif,test/images/No_oil/00091.tif,00091_segmentation.tif,Mask/No oil/00091_segmentation.tif,test/masks/No_oil/00091_segmentation.tif,8df1d06cf58c9b9f7d5e90b8e1fcc91bbf7dee4d449f9411fc57d44e21df12b2,f1aa0ad4cbbd93669d577a8d940448dcd5d4aacec3aa613c78b891af8752da34,2048,2048,2,float32+float32,HARD_LINK,NO,
test,No_oil,00092.tif,Test_Images/No oil/00092.tif,test/images/No_oil/00092.tif,00092_segmentation.tif,Mask/No oil/00092_segmentation.tif,test/masks/No_oil/00092_segmentation.tif,984bdb8c08e9d46be2c05b2390faa7cffac10289e9226d23f88f4fbd54b0bfb5,f1aa0ad4cbbd93669d577a8d940448dcd5d4aacec3aa613c78b891af8752da34,2048,2048,2,float32+float32,HARD_LINK,NO,
test,No_oil,00093.tif,Test_Images/No oil/00093.tif,test/images/No_oil/00093.tif,00093_segmentation.tif,Mask/No oil/00093_segmentation.tif,test/masks/No_oil/00093_segmentation.tif,408b70b1e9151d60bfcd3a15845ec0d28c1934f4ba8f539072595d13bcd35705,f1aa0ad4cbbd93669d577a8d940448dcd5d4aacec3aa613c78b891af8752da34,2048,2048,2,float32+float32,HARD_LINK,NO,
test,No_oil,00094.tif,Test_Images/No oil/00094.tif,test/images/No_oil/00094.tif,00094_segmentation.tif,Mask/No oil/00094_segmentation.tif,test/masks/No_oil/00094_segmentation.tif,abfcb844835a84015e2a38aba237c0e55d3a9f6df31069cfc50b6478232a2274,f1aa0ad4cbbd93669d577a8d940448dcd5d4aacec3aa613c78b891af8752da34,2048,2048,2,float32+float32,HARD_LINK,NO,
test,No_oil,00095.tif,Test_Images/No oil/00095.tif,test/images/No_oil/00095.tif,00095_segmentation.tif,Mask/No oil/00095_segmentation.tif,test/masks/No_oil/00095_segmentation.tif,fe1d14085bc2a4a43b8829b35d99d399d1b619b5820d42ac9e1f93ce1a971fc0,f1aa0ad4cbbd93669d577a8d940448dcd5d4aacec3aa613c78b891af8752da34,2048,2048,2,float32+float32,HARD_LINK,NO,
test,No_oil,00096.tif,Test_Images/No oil/00096.tif,test/images/No_oil/00096.tif,00096_segmentation.tif,Mask/No oil/00096_segmentation.tif,test/masks/No_oil/00096_segmentation.tif,0f4463a9c47808280d1a701e2547bd360fc429e9cede478c53bac48c938e526e,f1aa0ad4cbbd93669d577a8d940448dcd5d4aacec3aa613c78b891af8752da34,2048,2048,2,float32+float32,HARD_LINK,NO,
test,No_oil,00097.tif,Test_Images/No oil/00097.tif,test/images/No_oil/00097.tif,00097_segmentation.tif,Mask/No oil/00097_segmentation.tif,test/masks/No_oil/00097_segmentation.tif,fc2e409af1449d5ba50c08fbf9993aadd8fab412346588a6fc3230f76b1faaa3,f1aa0ad4cbbd93669d577a8d940448dcd5d4aacec3aa613c78b891af8752da34,2048,2048,2,float32+float32,HARD_LINK,NO,
test,No_oil,00098.tif,Test_Images/No oil/00098.tif,test/images/No_oil/00098.tif,00098_segmentation.tif,Mask/No oil/00098_segmentation.tif,test/masks/No_oil/00098_segmentation.tif,468dfef6960bdfa3141569a08f838f8af8a2a8b65f683e657803b10224994d35,f1aa0ad4cbbd93669d577a8d940448dcd5d4aacec3aa613c78b891af8752da34,2048,2048,2,float32+float32,HARD_LINK,NO,
test,No_oil,00099.tif,Test_Images/No oil/00099.tif,test/images/No_oil/00099.tif,00099_segmentation.tif,Mask/No oil/00099_segmentation.tif,test/masks/No_oil/00099_segmentation.tif,e9802c05713412f69bf80fed4ac6fba455f244fe0be8f00b9e88b8cf9df1a0a9,f1aa0ad4cbbd93669d577a8d940448dcd5d4aacec3aa613c78b891af8752da34,2048,2048,2,float32+float32,HARD_LINK,NO,
test,No_oil,00100.tif,Test_Images/No oil/00100.tif,test/images/No_oil/00100.tif,00100_segmentation.tif,Mask/No oil/00100_segmentation.tif,test/masks/No_oil/00100_segmentation.tif,2467f131048d88b717b43d1e33a235746e1c506750e8c29fdd229fb22a45d16a,f1aa0ad4cbbd93669d577a8d940448dcd5d4aacec3aa613c78b891af8752da34,2048,2048,2,float32+float32,HARD_LINK,NO,
test,No_oil,00101.tif,Test_Images/No oil/00101.tif,test/images/No_oil/00101.tif,00101_segmentation.tif,Mask/No oil/00101_segmentation.tif,test/masks/No_oil/00101_segmentation.tif,8296ca04c48ed26e19ab3c867df90fc568902dcf1a2226a5cfa68c188e8df205,f1aa0ad4cbbd93669d577a8d940448dcd5d4aacec3aa613c78b891af8752da34,2048,2048,2,float32+float32,HARD_LINK,NO,
test,No_oil,00102.tif,Test_Images/No oil/00102.tif,test/images/No_oil/00102.tif,00102_segmentation.tif,Mask/No oil/00102_segmentation.tif,test/masks/No_oil/00102_segmentation.tif,ee43c738d83468d6bf41c114e283a00b0a0e5d9f2222294b609d217d75fbb36b,f1aa0ad4cbbd93669d577a8d940448dcd5d4aacec3aa613c78b891af8752da34,2048,2048,2,float32+float32,HARD_LINK,NO,
test,No_oil,00103.tif,Test_Images/No oil/00103.tif,test/images/No_oil/00103.tif,00103_segmentation.tif,Mask/No oil/00103_segmentation.tif,test/masks/No_oil/00103_segmentation.tif,c859ddac1ed48e94b6560047a6781b50d72b4196595b38703644eb953872027b,f1aa0ad4cbbd93669d577a8d940448dcd5d4aacec3aa613c78b891af8752da34,2048,2048,2,float32+float32,HARD_LINK,NO,
test,No_oil,00104.tif,Test_Images/No oil/00104.tif,test/images/No_oil/00104.tif,00104_segmentation.tif,Mask/No oil/00104_segmentation.tif,test/masks/No_oil/00104_segmentation.tif,c35015ae278968ad1cd08fc0ebe5e1cf3fdf007ed112ad7f9e763a71474f2c9c,f1aa0ad4cbbd93669d577a8d940448dcd5d4aacec3aa613c78b891af8752da34,2048,2048,2,float32+float32,HARD_LINK,NO,
test,No_oil,00105.tif,Test_Images/No oil/00105.tif,test/images/No_oil/00105.tif,00105_segmentation.tif,Mask/No oil/00105_segmentation.tif,test/masks/No_oil/00105_segmentation.tif,40e05f609e3c79138e462a370e4f454d9b33c5a9e3c7ce34006fd6aa68d5b936,f1aa0ad4cbbd93669d577a8d940448dcd5d4aacec3aa613c78b891af8752da34,2048,2048,2,float32+float32,HARD_LINK,NO,
test,No_oil,00106.tif,Test_Images/No oil/00106.tif,test/images/No_oil/00106.tif,00106_segmentation.tif,Mask/No oil/00106_segmentation.tif,test/masks/No_oil/00106_segmentation.tif,5c65dbee3ce5315700e68d5cfb882cb609c646453808f0fa18d5ba2b7ebbf458,f1aa0ad4cbbd93669d577a8d940448dcd5d4aacec3aa613c78b891af8752da34,2048,2048,2,float32+float32,HARD_LINK,NO,
test,No_oil,00107.tif,Test_Images/No oil/00107.tif,test/images/No_oil/00107.tif,00107_segmentation.tif,Mask/No oil/00107_segmentation.tif,test/masks/No_oil/00107_segmentation.tif,9554eab5980fa4091766e7f7c5e80f2bb93eb51281d6839febc3f211e4b61a6c,f1aa0ad4cbbd93669d577a8d940448dcd5d4aacec3aa613c78b891af8752da34,2048,2048,2,float32+float32,HARD_LINK,NO,
test,No_oil,00108.tif,Test_Images/No oil/00108.tif,test/images/No_oil/00108.tif,00108_segmentation.tif,Mask/No oil/00108_segmentation.tif,test/masks/No_oil/00108_segmentation.tif,df29cf0747e0856cd7cbed5126bcf433ea056be6ac7dc4350ef9f0194e8efcc6,f1aa0ad4cbbd93669d577a8d940448dcd5d4aacec3aa613c78b891af8752da34,2048,2048,2,float32+float32,HARD_LINK,NO,
test,No_oil,00109.tif,Test_Images/No oil/00109.tif,test/images/No_oil/00109.tif,00109_segmentation.tif,Mask/No oil/00109_segmentation.tif,test/masks/No_oil/00109_segmentation.tif,d705e3a85fc496e6087b64c55b15787b70353cdc230d45b1f95268eba8bf0166,f1aa0ad4cbbd93669d577a8d940448dcd5d4aacec3aa613c78b891af8752da34,2048,2048,2,float32+float32,HARD_LINK,NO,
test,No_oil,00110.tif,Test_Images/No oil/00110.tif,test/images/No_oil/00110.tif,00110_segmentation.tif,Mask/No oil/00110_segmentation.tif,test/masks/No_oil/00110_segmentation.tif,a7f48a3cc4cbf5fd11ea88cfe7baac4b2edb4811a332251be70649dc757f9ddd,f1aa0ad4cbbd93669d577a8d940448dcd5d4aacec3aa613c78b891af8752da34,2048,2048,2,float32+float32,HARD_LINK,NO,
test,No_oil,00111.tif,Test_Images/No oil/00111.tif,test/images/No_oil/00111.tif,00111_segmentation.tif,Mask/No oil/00111_segmentation.tif,test/masks/No_oil/00111_segmentation.tif,e5e1534ded95420ff81e9e94df3a8ecc2d44b61569157f189040fa7d1a253c23,f1aa0ad4cbbd93669d577a8d940448dcd5d4aacec3aa613c78b891af8752da34,2048,2048,2,float32+float32,HARD_LINK,NO,
test,No_oil,00112.tif,Test_Images/No oil/00112.tif,test/images/No_oil/00112.tif,00112_segmentation.tif,Mask/No oil/00112_segmentation.tif,test/masks/No_oil/00112_segmentation.tif,8abcc291ac883efb97f688a0cf5226a59a43220621a1834b4765b6f60d9e23e2,f1aa0ad4cbbd93669d577a8d940448dcd5d4aacec3aa613c78b891af8752da34,2048,2048,2,float32+float32,HARD_LINK,NO,
test,No_oil,00113.tif,Test_Images/No oil/00113.tif,test/images/No_oil/00113.tif,00113_segmentation.tif,Mask/No oil/00113_segmentation.tif,test/masks/No_oil/00113_segmentation.tif,1b88bc4ddc6423a877adbc4844fe62d1bb854cf020b69f9aa61a2f02b35cd894,f1aa0ad4cbbd93669d577a8d940448dcd5d4aacec3aa613c78b891af8752da34,2048,2048,2,float32+float32,HARD_LINK,NO,
test,No_oil,00114.tif,Test_Images/No oil/00114.tif,test/images/No_oil/00114.tif,00114_segmentation.tif,Mask/No oil/00114_segmentation.tif,test/masks/No_oil/00114_segmentation.tif,ab615c40c9f0310850cfab100b1c0d07dc21d7a5769e3b2ceab4918ccbcad333,f1aa0ad4cbbd93669d577a8d940448dcd5d4aacec3aa613c78b891af8752da34,2048,2048,2,float32+float32,HARD_LINK,NO,
test,No_oil,00115.tif,Test_Images/No oil/00115.tif,test/images/No_oil/00115.tif,00115_segmentation.tif,Mask/No oil/00115_segmentation.tif,test/masks/No_oil/00115_segmentation.tif,856db933f4d368eb83416e13d45f63d5cda04878f2063d8cf5f53e7c84c0f227,f1aa0ad4cbbd93669d577a8d940448dcd5d4aacec3aa613c78b891af8752da34,2048,2048,2,float32+float32,HARD_LINK,NO,
test,No_oil,00116.tif,Test_Images/No oil/00116.tif,test/images/No_oil/00116.tif,00116_segmentation.tif,Mask/No oil/00116_segmentation.tif,test/masks/No_oil/00116_segmentation.tif,c488d66afbcd3b22bda0817173ab7766e7de8e93e4780404a04033d4cca93e9c,f1aa0ad4cbbd93669d577a8d940448dcd5d4aacec3aa613c78b891af8752da34,2048,2048,2,float32+float32,HARD_LINK,NO,
test,No_oil,00117.tif,Test_Images/No oil/00117.tif,test/images/No_oil/00117.tif,00117_segmentation.tif,Mask/No oil/00117_segmentation.tif,test/masks/No_oil/00117_segmentation.tif,5cdce4539ed1b6436ecc2ed129506df4ac75050e41a2589c45a67794e27f4a2d,f1aa0ad4cbbd93669d577a8d940448dcd5d4aacec3aa613c78b891af8752da34,2048,2048,2,float32+float32,HARD_LINK,NO,
test,No_oil,00118.tif,Test_Images/No oil/00118.tif,test/images/No_oil/00118.tif,00118_segmentation.tif,Mask/No oil/00118_segmentation.tif,test/masks/No_oil/00118_segmentation.tif,b94db400f9ad58ff54c6d6776a6b411e40da3dcdc76b3d2cbd7d884b50ec7a73,f1aa0ad4cbbd93669d577a8d940448dcd5d4aacec3aa613c78b891af8752da34,2048,2048,2,float32+float32,HARD_LINK,NO,
test,No_oil,00119.tif,Test_Images/No oil/00119.tif,test/images/No_oil/00119.tif,00119_segmentation.tif,Mask/No oil/00119_segmentation.tif,test/masks/No_oil/00119_segmentation.tif,b6ebc9fc29fd8b2a3c1b29df3eea29a7127b5db8c59ec9a176a91e10a8c15b8b,f1aa0ad4cbbd93669d577a8d940448dcd5d4aacec3aa613c78b891af8752da34,2048,2048,2,float32+float32,HARD_LINK,NO,
test,No_oil,00120.tif,Test_Images/No oil/00120.tif,test/images/No_oil/00120.tif,00120_segmentation.tif,Mask/No oil/00120_segmentation.tif,test/masks/No_oil/00120_segmentation.tif,bf41839f5c133d10d6d22564cd851cc84f1db64cd5b4af9e70efdfa7ac0c47e2,f1aa0ad4cbbd93669d577a8d940448dcd5d4aacec3aa613c78b891af8752da34,2048,2048,2,float32+float32,HARD_LINK,NO,
test,No_oil,00121.tif,Test_Images/No oil/00121.tif,test/images/No_oil/00121.tif,00121_segmentation.tif,Mask/No oil/00121_segmentation.tif,test/masks/No_oil/00121_segmentation.tif,3a6d92bdd85f973aff3639ca13024dfb73a2768d554da42a5eee04f00a54ec69,f1aa0ad4cbbd93669d577a8d940448dcd5d4aacec3aa613c78b891af8752da34,2048,2048,2,float32+float32,HARD_LINK,NO,
test,No_oil,00122.tif,Test_Images/No oil/00122.tif,test/images/No_oil/00122.tif,00122_segmentation.tif,Mask/No oil/00122_segmentation.tif,test/masks/No_oil/00122_segmentation.tif,b3bac78d47171694a1532f55453070e41d2f34f55548ba254a1ad00a42e3db4e,f1aa0ad4cbbd93669d577a8d940448dcd5d4aacec3aa613c78b891af8752da34,2048,2048,2,float32+float32,HARD_LINK,NO,
test,No_oil,00123.tif,Test_Images/No oil/00123.tif,test/images/No_oil/00123.tif,00123_segmentation.tif,Mask/No oil/00123_segmentation.tif,test/masks/No_oil/00123_segmentation.tif,55b2338a87a1cf6785c970db8c43d97bde256ecb28f48bc7d52a3445a5e31cf1,f1aa0ad4cbbd93669d577a8d940448dcd5d4aacec3aa613c78b891af8752da34,2048,2048,2,float32+float32,HARD_LINK,NO,
test,No_oil,00124.tif,Test_Images/No oil/00124.tif,test/images/No_oil/00124.tif,00124_segmentation.tif,Mask/No oil/00124_segmentation.tif,test/masks/No_oil/00124_segmentation.tif,4bf533a478879f6dd2d9f767761330be03c741ba6a6130dea9359f1dfe80ccd0,f1aa0ad4cbbd93669d577a8d940448dcd5d4aacec3aa613c78b891af8752da34,2048,2048,2,float32+float32,HARD_LINK,NO,
test,No_oil,00125.tif,Test_Images/No oil/00125.tif,test/images/No_oil/00125.tif,00125_segmentation.tif,Mask/No oil/00125_segmentation.tif,test/masks/No_oil/00125_segmentation.tif,de8d17e79691d87b59b86effb575ca86e02d18a37d1cbefb24dd953f5d05a9e8,f1aa0ad4cbbd93669d577a8d940448dcd5d4aacec3aa613c78b891af8752da34,2048,2048,2,float32+float32,HARD_LINK,NO,
test,No_oil,00126.tif,Test_Images/No oil/00126.tif,test/images/No_oil/00126.tif,00126_segmentation.tif,Mask/No oil/00126_segmentation.tif,test/masks/No_oil/00126_segmentation.tif,3124061ca3c4358149abf7a681fa51f510c12a0af952283e9e46fdcb236b180d,f1aa0ad4cbbd93669d577a8d940448dcd5d4aacec3aa613c78b891af8752da34,2048,2048,2,float32+float32,HARD_LINK,NO,
test,No_oil,00127.tif,Test_Images/No oil/00127.tif,test/images/No_oil/00127.tif,00127_segmentation.tif,Mask/No oil/00127_segmentation.tif,test/masks/No_oil/00127_segmentation.tif,952e926ef82e751dc0d50fae2bccab7aedd177c76e6be3672be693313c4a9104,f1aa0ad4cbbd93669d577a8d940448dcd5d4aacec3aa613c78b891af8752da34,2048,2048,2,float32+float32,HARD_LINK,NO,
test,No_oil,00128.tif,Test_Images/No oil/00128.tif,test/images/No_oil/00128.tif,00128_segmentation.tif,Mask/No oil/00128_segmentation.tif,test/masks/No_oil/00128_segmentation.tif,0c51c49122921aa930ecf3a45cabbdee6d2273f01717a1c43e88a06e8894fd22,f1aa0ad4cbbd93669d577a8d940448dcd5d4aacec3aa613c78b891af8752da34,2048,2048,2,float32+float32,HARD_LINK,NO,
test,No_oil,00129.tif,Test_Images/No oil/00129.tif,test/images/No_oil/00129.tif,00129_segmentation.tif,Mask/No oil/00129_segmentation.tif,test/masks/No_oil/00129_segmentation.tif,7d385991c4792fec2558e0a4c9a0b71a4206d346d0cf2dfaa526e3dfbcc2698e,f1aa0ad4cbbd93669d577a8d940448dcd5d4aacec3aa613c78b891af8752da34,2048,2048,2,float32+float32,HARD_LINK,NO,
test,No_oil,00130.tif,Test_Images/No oil/00130.tif,test/images/No_oil/00130.tif,00130_segmentation.tif,Mask/No oil/00130_segmentation.tif,test/masks/No_oil/00130_segmentation.tif,f421e5b936afc748f968f3d772c8133f17231259f5ffc57704e97734cf0cf2cd,f1aa0ad4cbbd93669d577a8d940448dcd5d4aacec3aa613c78b891af8752da34,2048,2048,2,float32+float32,HARD_LINK,NO,
test,No_oil,00131.tif,Test_Images/No oil/00131.tif,test/images/No_oil/00131.tif,00131_segmentation.tif,Mask/No oil/00131_segmentation.tif,test/masks/No_oil/00131_segmentation.tif,cf228f982d79fa9702ec68cda9559179ef6e60ce7d0c550b6de168f4bd1e8abc,f1aa0ad4cbbd93669d577a8d940448dcd5d4aacec3aa613c78b891af8752da34,2048,2048,2,float32+float32,HARD_LINK,NO,
test,No_oil,00132.tif,Test_Images/No oil/00132.tif,test/images/No_oil/00132.tif,00132_segmentation.tif,Mask/No oil/00132_segmentation.tif,test/masks/No_oil/00132_segmentation.tif,e1b1afdb17fac4203d435d5aa16f38fffa1ba8dc3b312a65d6baf7bd2e68737f,f1aa0ad4cbbd93669d577a8d940448dcd5d4aacec3aa613c78b891af8752da34,2048,2048,2,float32+float32,HARD_LINK,NO,
test,No_oil,00133.tif,Test_Images/No oil/00133.tif,test/images/No_oil/00133.tif,00133_segmentation.tif,Mask/No oil/00133_segmentation.tif,test/masks/No_oil/00133_segmentation.tif,f5a039fa1694c56989902f0e1c3b51d0b816a8809ac2531fbe51cd68695b1b20,f1aa0ad4cbbd93669d577a8d940448dcd5d4aacec3aa613c78b891af8752da34,2048,2048,2,float32+float32,HARD_LINK,NO,
test,No_oil,00134.tif,Test_Images/No oil/00134.tif,test/images/No_oil/00134.tif,00134_segmentation.tif,Mask/No oil/00134_segmentation.tif,test/masks/No_oil/00134_segmentation.tif,756bf4418f80c613f7dfef343fb62f54a16ff13be6312c25a2ece2bc5dc837a5,f1aa0ad4cbbd93669d577a8d940448dcd5d4aacec3aa613c78b891af8752da34,2048,2048,2,float32+float32,HARD_LINK,NO,
test,No_oil,00135.tif,Test_Images/No oil/00135.tif,test/images/No_oil/00135.tif,00135_segmentation.tif,Mask/No oil/00135_segmentation.tif,test/masks/No_oil/00135_segmentation.tif,55c8b4f4bdd9d2059be567266aca2c8db3a2c8ae860aeb788fc1e8d94233e7f3,f1aa0ad4cbbd93669d577a8d940448dcd5d4aacec3aa613c78b891af8752da34,2048,2048,2,float32+float32,HARD_LINK,NO,
test,No_oil,00136.tif,Test_Images/No oil/00136.tif,test/images/No_oil/00136.tif,00136_segmentation.tif,Mask/No oil/00136_segmentation.tif,test/masks/No_oil/00136_segmentation.tif,9d4970848631eb2d205c7cb6c17a99d4e10f0760d769033f602dee54420ee0f2,f1aa0ad4cbbd93669d577a8d940448dcd5d4aacec3aa613c78b891af8752da34,2048,2048,2,float32+float32,HARD_LINK,NO,
test,No_oil,00137.tif,Test_Images/No oil/00137.tif,test/images/No_oil/00137.tif,00137_segmentation.tif,Mask/No oil/00137_segmentation.tif,test/masks/No_oil/00137_segmentation.tif,c8d469fdb86e1506c5070fd3f6d0cd80dd137a03416823e5f0d86c8fdc5ac718,f1aa0ad4cbbd93669d577a8d940448dcd5d4aacec3aa613c78b891af8752da34,2048,2048,2,float32+float32,HARD_LINK,NO,
test,No_oil,00138.tif,Test_Images/No oil/00138.tif,test/images/No_oil/00138.tif,00138_segmentation.tif,Mask/No oil/00138_segmentation.tif,test/masks/No_oil/00138_segmentation.tif,c6d886b682a30348eaddf1b2e0ff0565537e06d6b48d5381981c85f13cc03ba3,f1aa0ad4cbbd93669d577a8d940448dcd5d4aacec3aa613c78b891af8752da34,2048,2048,2,float32+float32,HARD_LINK,NO,
test,No_oil,00139.tif,Test_Images/No oil/00139.tif,test/images/No_oil/00139.tif,00139_segmentation.tif,Mask/No oil/00139_segmentation.tif,test/masks/No_oil/00139_segmentation.tif,83417addba2b532bde3d11c6a7a365b34c2b47b4b3149f96254c902dae699514,f1aa0ad4cbbd93669d577a8d940448dcd5d4aacec3aa613c78b891af8752da34,2048,2048,2,float32+float32,HARD_LINK,NO,
test,No_oil,00140.tif,Test_Images/No oil/00140.tif,test/images/No_oil/00140.tif,00140_segmentation.tif,Mask/No oil/00140_segmentation.tif,test/masks/No_oil/00140_segmentation.tif,3653d0affdf927c9e56dc2d61952668a0347d04b55515ab1f00336ef8ed2fe03,f1aa0ad4cbbd93669d577a8d940448dcd5d4aacec3aa613c78b891af8752da34,2048,2048,2,float32+float32,HARD_LINK,NO,
test,No_oil,00141.tif,Test_Images/No oil/00141.tif,test/images/No_oil/00141.tif,00141_segmentation.tif,Mask/No oil/00141_segmentation.tif,test/masks/No_oil/00141_segmentation.tif,f28bb8e64498a75ef4fe4d65cf8061ce61a492b824326de65d55217d2bd899fc,f1aa0ad4cbbd93669d577a8d940448dcd5d4aacec3aa613c78b891af8752da34,2048,2048,2,float32+float32,HARD_LINK,NO,
test,No_oil,00142.tif,Test_Images/No oil/00142.tif,test/images/No_oil/00142.tif,00142_segmentation.tif,Mask/No oil/00142_segmentation.tif,test/masks/No_oil/00142_segmentation.tif,7f98bb7edea2e2b34d9666445ada597ab4af0fd42b27a9454f27f0e8b36db930,f1aa0ad4cbbd93669d577a8d940448dcd5d4aacec3aa613c78b891af8752da34,2048,2048,2,float32+float32,HARD_LINK,NO,
test,No_oil,00143.tif,Test_Images/No oil/00143.tif,test/images/No_oil/00143.tif,00143_segmentation.tif,Mask/No oil/00143_segmentation.tif,test/masks/No_oil/00143_segmentation.tif,abdafcc32b3f2c47e9a3ffccdfb58ef94d850492ead606dde8fd8b87ae3f3db5,f1aa0ad4cbbd93669d577a8d940448dcd5d4aacec3aa613c78b891af8752da34,2048,2048,2,float32+float32,HARD_LINK,NO,
test,No_oil,00144.tif,Test_Images/No oil/00144.tif,test/images/No_oil/00144.tif,00144_segmentation.tif,Mask/No oil/00144_segmentation.tif,test/masks/No_oil/00144_segmentation.tif,0838c5266f17f0e146d6ce94f710243bbfb206971db9de24e5963838b9414e93,f1aa0ad4cbbd93669d577a8d940448dcd5d4aacec3aa613c78b891af8752da34,2048,2048,2,float32+float32,HARD_LINK,NO,
test,No_oil,00145.tif,Test_Images/No oil/00145.tif,test/images/No_oil/00145.tif,00145_segmentation.tif,Mask/No oil/00145_segmentation.tif,test/masks/No_oil/00145_segmentation.tif,a3bd12d24e64b086f8d78620366ef942f5ad60341a3131c7a2f8aa6957e3bedd,f1aa0ad4cbbd93669d577a8d940448dcd5d4aacec3aa613c78b891af8752da34,2048,2048,2,float32+float32,HARD_LINK,NO,
test,No_oil,00146.tif,Test_Images/No oil/00146.tif,test/images/No_oil/00146.tif,00146_segmentation.tif,Mask/No oil/00146_segmentation.tif,test/masks/No_oil/00146_segmentation.tif,330b0a063d373b17d1f06b8a8ee0032fb27187c81e1cb4f6ddf20a3c89957fd6,f1aa0ad4cbbd93669d577a8d940448dcd5d4aacec3aa613c78b891af8752da34,2048,2048,2,float32+float32,HARD_LINK,NO,
test,No_oil,00147.tif,Test_Images/No oil/00147.tif,test/images/No_oil/00147.tif,00147_segmentation.tif,Mask/No oil/00147_segmentation.tif,test/masks/No_oil/00147_segmentation.tif,6bc08ae490730749a911961b113d52bfd759949ded57ad731e036a1b8fda8d69,f1aa0ad4cbbd93669d577a8d940448dcd5d4aacec3aa613c78b891af8752da34,2048,2048,2,float32+float32,HARD_LINK,NO,
test,No_oil,00148.tif,Test_Images/No oil/00148.tif,test/images/No_oil/00148.tif,00148_segmentation.tif,Mask/No oil/00148_segmentation.tif,test/masks/No_oil/00148_segmentation.tif,7a40294ec40afcb50bdf13fb94c72b4b19d52601240927754bd94a54709c3bc3,f1aa0ad4cbbd93669d577a8d940448dcd5d4aacec3aa613c78b891af8752da34,2048,2048,2,float32+float32,HARD_LINK,NO,
test,No_oil,00149.tif,Test_Images/No oil/00149.tif,test/images/No_oil/00149.tif,00149_segmentation.tif,Mask/No oil/00149_segmentation.tif,test/masks/No_oil/00149_segmentation.tif,64db9116d1e6638045591de8516234c8ad5a3f232f39a1a3653503d13fc69a16,f1aa0ad4cbbd93669d577a8d940448dcd5d4aacec3aa613c78b891af8752da34,2048,2048,2,float32+float32,HARD_LINK,NO,
test,Lookalike,00000.tif,Test_Images/Lookalike/00000.tif,test/images/Lookalike/00000.tif,00000_segmentation.tif,Mask/Lookalike/00000_segmentation.tif,test/masks/Lookalike/00000_segmentation.tif,50f6c42768d449038e506d94b6a7986053148dabdb01f824621d2e24e50bf2f7,f1aa0ad4cbbd93669d577a8d940448dcd5d4aacec3aa613c78b891af8752da34,2048,2048,2,float32+float32,HARD_LINK,NO,
test,Lookalike,00001.tif,Test_Images/Lookalike/00001.tif,test/images/Lookalike/00001.tif,00001_segmentation.tif,Mask/Lookalike/00001_segmentation.tif,test/masks/Lookalike/00001_segmentation.tif,99a8c4318e31e46aede6bbb28bcb9c9b4883fce42d213cd6a3d9e4ef0cb56ed4,f1aa0ad4cbbd93669d577a8d940448dcd5d4aacec3aa613c78b891af8752da34,2048,2048,2,float32+float32,HARD_LINK,NO,
test,Lookalike,00002.tif,Test_Images/Lookalike/00002.tif,test/images/Lookalike/00002.tif,00002_segmentation.tif,Mask/Lookalike/00002_segmentation.tif,test/masks/Lookalike/00002_segmentation.tif,ed7bb413abed729198bad395dbde80af669bee848b2bc07b533f4a58323efdf5,f1aa0ad4cbbd93669d577a8d940448dcd5d4aacec3aa613c78b891af8752da34,2048,2048,2,float32+float32,HARD_LINK,NO,
test,Lookalike,00003.tif,Test_Images/Lookalike/00003.tif,test/images/Lookalike/00003.tif,00003_segmentation.tif,Mask/Lookalike/00003_segmentation.tif,test/masks/Lookalike/00003_segmentation.tif,de74340c8d244325b7eccf3e759d038e6df0ff7cec355ffe83be5f095da71e93,f1aa0ad4cbbd93669d577a8d940448dcd5d4aacec3aa613c78b891af8752da34,2048,2048,2,float32+float32,HARD_LINK,NO,
test,Lookalike,00004.tif,Test_Images/Lookalike/00004.tif,test/images/Lookalike/00004.tif,00004_segmentation.tif,Mask/Lookalike/00004_segmentation.tif,test/masks/Lookalike/00004_segmentation.tif,16256d327fe5d3fd4f95c8dcb155d1ad62831887a3d3af415ed880a6ebb5e577,f1aa0ad4cbbd93669d577a8d940448dcd5d4aacec3aa613c78b891af8752da34,2048,2048,2,float32+float32,HARD_LINK,NO,
test,Lookalike,00005.tif,Test_Images/Lookalike/00005.tif,test/images/Lookalike/00005.tif,00005_segmentation.tif,Mask/Lookalike/00005_segmentation.tif,test/masks/Lookalike/00005_segmentation.tif,d4b2911a964b51a91bbe9a1acb9b80bd55edc9431d4f3f36ebc30ee73c70b688,f1aa0ad4cbbd93669d577a8d940448dcd5d4aacec3aa613c78b891af8752da34,2048,2048,2,float32+float32,HARD_LINK,NO,
test,Lookalike,00006.tif,Test_Images/Lookalike/00006.tif,test/images/Lookalike/00006.tif,00006_segmentation.tif,Mask/Lookalike/00006_segmentation.tif,test/masks/Lookalike/00006_segmentation.tif,e2001cd575833bebdaa19d682b721b0f64c2c2f7de7e202c49312670f75036f0,f1aa0ad4cbbd93669d577a8d940448dcd5d4aacec3aa613c78b891af8752da34,2048,2048,2,float32+float32,HARD_LINK,NO,
test,Lookalike,00007.tif,Test_Images/Lookalike/00007.tif,test/images/Lookalike/00007.tif,00007_segmentation.tif,Mask/Lookalike/00007_segmentation.tif,test/masks/Lookalike/00007_segmentation.tif,4bf70eaafb7074a6d5b1b3cb6386046719f0e1509cacaedb10526accf506dc90,f1aa0ad4cbbd93669d577a8d940448dcd5d4aacec3aa613c78b891af8752da34,2048,2048,2,float32+float32,HARD_LINK,NO,
test,Lookalike,00008.tif,Test_Images/Lookalike/00008.tif,test/images/Lookalike/00008.tif,00008_segmentation.tif,Mask/Lookalike/00008_segmentation.tif,test/masks/Lookalike/00008_segmentation.tif,706c5befdf0831a85587db7159e6d040bef90e11a6f419394c5d21f40bdd0422,f1aa0ad4cbbd93669d577a8d940448dcd5d4aacec3aa613c78b891af8752da34,2048,2048,2,float32+float32,HARD_LINK,NO,
test,Lookalike,00009.tif,Test_Images/Lookalike/00009.tif,test/images/Lookalike/00009.tif,00009_segmentation.tif,Mask/Lookalike/00009_segmentation.tif,test/masks/Lookalike/00009_segmentation.tif,3c8597d7de45f94efbc6497a7f3cac08eb56fa77c07e98db0bd9ea6e43866f96,f1aa0ad4cbbd93669d577a8d940448dcd5d4aacec3aa613c78b891af8752da34,2048,2048,2,float32+float32,HARD_LINK,NO,
test,Lookalike,00010.tif,Test_Images/Lookalike/00010.tif,test/images/Lookalike/00010.tif,00010_segmentation.tif,Mask/Lookalike/00010_segmentation.tif,test/masks/Lookalike/00010_segmentation.tif,e89f41cc11e884c6476a6a0bf4f57acb7cb2eabf23b4fa885b8310f020122772,f1aa0ad4cbbd93669d577a8d940448dcd5d4aacec3aa613c78b891af8752da34,2048,2048,2,float32+float32,HARD_LINK,NO,
test,Lookalike,00011.tif,Test_Images/Lookalike/00011.tif,test/images/Lookalike/00011.tif,00011_segmentation.tif,Mask/Lookalike/00011_segmentation.tif,test/masks/Lookalike/00011_segmentation.tif,9ae21b52807a90bd4ae911ed8ed20e9475bff6dda6e4c8d2b9c25b1c389de360,f1aa0ad4cbbd93669d577a8d940448dcd5d4aacec3aa613c78b891af8752da34,2048,2048,2,float32+float32,HARD_LINK,NO,
test,Lookalike,00012.tif,Test_Images/Lookalike/00012.tif,test/images/Lookalike/00012.tif,00012_segmentation.tif,Mask/Lookalike/00012_segmentation.tif,test/masks/Lookalike/00012_segmentation.tif,239d0e3d5803156656e09baaf8fef7e44655fc7cd80bb67a3e9a05d1b1507227,f1aa0ad4cbbd93669d577a8d940448dcd5d4aacec3aa613c78b891af8752da34,2048,2048,2,float32+float32,HARD_LINK,NO,
test,Lookalike,00013.tif,Test_Images/Lookalike/00013.tif,test/images/Lookalike/00013.tif,00013_segmentation.tif,Mask/Lookalike/00013_segmentation.tif,test/masks/Lookalike/00013_segmentation.tif,b45ef76266208d34ab0024e3571976b4c615c3c350f226875274e717e2555fb5,f1aa0ad4cbbd93669d577a8d940448dcd5d4aacec3aa613c78b891af8752da34,2048,2048,2,float32+float32,HARD_LINK,NO,
test,Lookalike,00014.tif,Test_Images/Lookalike/00014.tif,test/images/Lookalike/00014.tif,00014_segmentation.tif,Mask/Lookalike/00014_segmentation.tif,test/masks/Lookalike/00014_segmentation.tif,0ac359b347a4eb9d76386245261704785f6a0e810ac4c5341b96b0121c40c242,f1aa0ad4cbbd93669d577a8d940448dcd5d4aacec3aa613c78b891af8752da34,2048,2048,2,float32+float32,HARD_LINK,NO,
test,Lookalike,00015.tif,Test_Images/Lookalike/00015.tif,test/images/Lookalike/00015.tif,00015_segmentation.tif,Mask/Lookalike/00015_segmentation.tif,test/masks/Lookalike/00015_segmentation.tif,352316b97d84011f0e8f45c96cf53bb13bb998eb2fad448e01f775480a66d785,f1aa0ad4cbbd93669d577a8d940448dcd5d4aacec3aa613c78b891af8752da34,2048,2048,2,float32+float32,HARD_LINK,NO,
test,Lookalike,00016.tif,Test_Images/Lookalike/00016.tif,test/images/Lookalike/00016.tif,00016_segmentation.tif,Mask/Lookalike/00016_segmentation.tif,test/masks/Lookalike/00016_segmentation.tif,de7ee33a5be79d2d97c621390738ba375864467eb2dda30f2e31cbf831e83b28,f1aa0ad4cbbd93669d577a8d940448dcd5d4aacec3aa613c78b891af8752da34,2048,2048,2,float32+float32,HARD_LINK,NO,
test,Lookalike,00017.tif,Test_Images/Lookalike/00017.tif,test/images/Lookalike/00017.tif,00017_segmentation.tif,Mask/Lookalike/00017_segmentation.tif,test/masks/Lookalike/00017_segmentation.tif,cd880031b3a28b7eb7fd985f448249427a628402560b3a9edebedcebfc55c12c,f1aa0ad4cbbd93669d577a8d940448dcd5d4aacec3aa613c78b891af8752da34,2048,2048,2,float32+float32,HARD_LINK,NO,
test,Lookalike,00018.tif,Test_Images/Lookalike/00018.tif,test/images/Lookalike/00018.tif,00018_segmentation.tif,Mask/Lookalike/00018_segmentation.tif,test/masks/Lookalike/00018_segmentation.tif,74f36abcb95c2f8bce72d41374d6b0d8011e0460fc40498cba6c8208165db6f8,f1aa0ad4cbbd93669d577a8d940448dcd5d4aacec3aa613c78b891af8752da34,2048,2048,2,float32+float32,HARD_LINK,NO,
test,Lookalike,00019.tif,Test_Images/Lookalike/00019.tif,test/images/Lookalike/00019.tif,00019_segmentation.tif,Mask/Lookalike/00019_segmentation.tif,test/masks/Lookalike/00019_segmentation.tif,4fc65d707191359d2fea0a772e3ed82f89ac143d152fcdc83a67bba17473713a,f1aa0ad4cbbd93669d577a8d940448dcd5d4aacec3aa613c78b891af8752da34,2048,2048,2,float32+float32,HARD_LINK,NO,
test,Lookalike,00020.tif,Test_Images/Lookalike/00020.tif,test/images/Lookalike/00020.tif,00020_segmentation.tif,Mask/Lookalike/00020_segmentation.tif,test/masks/Lookalike/00020_segmentation.tif,cb4f0343faba6c59fc3728bba63c6a842207a2b58e0f287a3d460f8ed6b0e5c3,f1aa0ad4cbbd93669d577a8d940448dcd5d4aacec3aa613c78b891af8752da34,2048,2048,2,float32+float32,HARD_LINK,NO,
test,Lookalike,00021.tif,Test_Images/Lookalike/00021.tif,test/images/Lookalike/00021.tif,00021_segmentation.tif,Mask/Lookalike/00021_segmentation.tif,test/masks/Lookalike/00021_segmentation.tif,48130e99b891335bc4fa5995156b976a4bbfc86dd971d8a1863a1d0075acc25e,f1aa0ad4cbbd93669d577a8d940448dcd5d4aacec3aa613c78b891af8752da34,2048,2048,2,float32+float32,HARD_LINK,NO,
test,Lookalike,00022.tif,Test_Images/Lookalike/00022.tif,test/images/Lookalike/00022.tif,00022_segmentation.tif,Mask/Lookalike/00022_segmentation.tif,test/masks/Lookalike/00022_segmentation.tif,3633f49f674032209890b503c31e4bbf34766c89fa364648ee146749cae1a1b7,f1aa0ad4cbbd93669d577a8d940448dcd5d4aacec3aa613c78b891af8752da34,2048,2048,2,float32+float32,HARD_LINK,NO,
test,Lookalike,00023.tif,Test_Images/Lookalike/00023.tif,test/images/Lookalike/00023.tif,00023_segmentation.tif,Mask/Lookalike/00023_segmentation.tif,test/masks/Lookalike/00023_segmentation.tif,efec6312f11a0d492505a8f2d51a5a4a1b2b47dd550d693aa23b22811f57b4bb,f1aa0ad4cbbd93669d577a8d940448dcd5d4aacec3aa613c78b891af8752da34,2048,2048,2,float32+float32,HARD_LINK,NO,
test,Lookalike,00024.tif,Test_Images/Lookalike/00024.tif,test/images/Lookalike/00024.tif,00024_segmentation.tif,Mask/Lookalike/00024_segmentation.tif,test/masks/Lookalike/00024_segmentation.tif,762bec5ad7ca60ec3e9817602c430e571c62f61012681d5f48ba3f6a60de858a,f1aa0ad4cbbd93669d577a8d940448dcd5d4aacec3aa613c78b891af8752da34,2048,2048,2,float32+float32,HARD_LINK,NO,
test,Lookalike,00025.tif,Test_Images/Lookalike/00025.tif,test/images/Lookalike/00025.tif,00025_segmentation.tif,Mask/Lookalike/00025_segmentation.tif,test/masks/Lookalike/00025_segmentation.tif,d5ee499eea18bfde4bc5d3237d5707ca58542a708ba009c5a81159283e91423b,f1aa0ad4cbbd93669d577a8d940448dcd5d4aacec3aa613c78b891af8752da34,2048,2048,2,float32+float32,HARD_LINK,NO,
test,Lookalike,00026.tif,Test_Images/Lookalike/00026.tif,test/images/Lookalike/00026.tif,00026_segmentation.tif,Mask/Lookalike/00026_segmentation.tif,test/masks/Lookalike/00026_segmentation.tif,2ad0097a217e2337aa2e6d76a3f8c083d6807a32078a75b2a80f96f86692cbec,f1aa0ad4cbbd93669d577a8d940448dcd5d4aacec3aa613c78b891af8752da34,2048,2048,2,float32+float32,HARD_LINK,NO,
test,Lookalike,00027.tif,Test_Images/Lookalike/00027.tif,test/images/Lookalike/00027.tif,00027_segmentation.tif,Mask/Lookalike/00027_segmentation.tif,test/masks/Lookalike/00027_segmentation.tif,980c1e09f279bf0e6e60072a001f5f24267025c37c4cc1b41e2cab22c005a8b9,f1aa0ad4cbbd93669d577a8d940448dcd5d4aacec3aa613c78b891af8752da34,2048,2048,2,float32+float32,HARD_LINK,NO,
test,Lookalike,00028.tif,Test_Images/Lookalike/00028.tif,test/images/Lookalike/00028.tif,00028_segmentation.tif,Mask/Lookalike/00028_segmentation.tif,test/masks/Lookalike/00028_segmentation.tif,418dc8385f2bd05b252500ee260abd7dcff4b0f23f5949f43f284aad5a8aa3b3,f1aa0ad4cbbd93669d577a8d940448dcd5d4aacec3aa613c78b891af8752da34,2048,2048,2,float32+float32,HARD_LINK,NO,
test,Lookalike,00029.tif,Test_Images/Lookalike/00029.tif,test/images/Lookalike/00029.tif,00029_segmentation.tif,Mask/Lookalike/00029_segmentation.tif,test/masks/Lookalike/00029_segmentation.tif,36a24f9c02b981f8ab4da6c23c16d51984725418ebe77a6dd9b0198c09ee6320,f1aa0ad4cbbd93669d577a8d940448dcd5d4aacec3aa613c78b891af8752da34,2048,2048,2,float32+float32,HARD_LINK,NO,
test,Lookalike,00030.tif,Test_Images/Lookalike/00030.tif,test/images/Lookalike/00030.tif,00030_segmentation.tif,Mask/Lookalike/00030_segmentation.tif,test/masks/Lookalike/00030_segmentation.tif,0738e93f8b0501b8fe8492efce1dec0825b7b093e6398b06af86c8114494601e,f1aa0ad4cbbd93669d577a8d940448dcd5d4aacec3aa613c78b891af8752da34,2048,2048,2,float32+float32,HARD_LINK,NO,
test,Lookalike,00031.tif,Test_Images/Lookalike/00031.tif,test/images/Lookalike/00031.tif,00031_segmentation.tif,Mask/Lookalike/00031_segmentation.tif,test/masks/Lookalike/00031_segmentation.tif,966e51f1a001dbab319e88c691cd3eb5817fa12ddccd28922d67e3a529487b56,f1aa0ad4cbbd93669d577a8d940448dcd5d4aacec3aa613c78b891af8752da34,2048,2048,2,float32+float32,HARD_LINK,NO,
test,Lookalike,00032.tif,Test_Images/Lookalike/00032.tif,test/images/Lookalike/00032.tif,00032_segmentation.tif,Mask/Lookalike/00032_segmentation.tif,test/masks/Lookalike/00032_segmentation.tif,5ed474a95079344bbe55b11c2826f4a1050dcbbeb1edcfda97c34738b9dc4090,f1aa0ad4cbbd93669d577a8d940448dcd5d4aacec3aa613c78b891af8752da34,2048,2048,2,float32+float32,HARD_LINK,NO,
test,Lookalike,00033.tif,Test_Images/Lookalike/00033.tif,test/images/Lookalike/00033.tif,00033_segmentation.tif,Mask/Lookalike/00033_segmentation.tif,test/masks/Lookalike/00033_segmentation.tif,cdfbbd9163d86b390b88f6b31e577713983019d873c7941e4eb7d95fe066e13c,f1aa0ad4cbbd93669d577a8d940448dcd5d4aacec3aa613c78b891af8752da34,2048,2048,2,float32+float32,HARD_LINK,NO,
test,Lookalike,00034.tif,Test_Images/Lookalike/00034.tif,test/images/Lookalike/00034.tif,00034_segmentation.tif,Mask/Lookalike/00034_segmentation.tif,test/masks/Lookalike/00034_segmentation.tif,b63a1d740032baf45a4a7c9d746c85e6551d13fdcbc87a2a691cba5c538fd6cb,f1aa0ad4cbbd93669d577a8d940448dcd5d4aacec3aa613c78b891af8752da34,2048,2048,2,float32+float32,HARD_LINK,NO,
test,Lookalike,00035.tif,Test_Images/Lookalike/00035.tif,test/images/Lookalike/00035.tif,00035_segmentation.tif,Mask/Lookalike/00035_segmentation.tif,test/masks/Lookalike/00035_segmentation.tif,8611c3f3bc6beae857180c427195f03fdb2c258abd0cbd39086a9986aee3a757,f1aa0ad4cbbd93669d577a8d940448dcd5d4aacec3aa613c78b891af8752da34,2048,2048,2,float32+float32,HARD_LINK,NO,
test,Lookalike,00036.tif,Test_Images/Lookalike/00036.tif,test/images/Lookalike/00036.tif,00036_segmentation.tif,Mask/Lookalike/00036_segmentation.tif,test/masks/Lookalike/00036_segmentation.tif,b563f42af268805a15e908a9548562cbe6f51a05f6c97ccb8eb68946ddd5e48d,f1aa0ad4cbbd93669d577a8d940448dcd5d4aacec3aa613c78b891af8752da34,2048,2048,2,float32+float32,HARD_LINK,NO,
test,Lookalike,00037.tif,Test_Images/Lookalike/00037.tif,test/images/Lookalike/00037.tif,00037_segmentation.tif,Mask/Lookalike/00037_segmentation.tif,test/masks/Lookalike/00037_segmentation.tif,524f62d3a543da189c1ea0451b774a538e6f05e42bc1fad6e7ca2269cec4f96e,f1aa0ad4cbbd93669d577a8d940448dcd5d4aacec3aa613c78b891af8752da34,2048,2048,2,float32+float32,HARD_LINK,NO,
test,Lookalike,00038.tif,Test_Images/Lookalike/00038.tif,test/images/Lookalike/00038.tif,00038_segmentation.tif,Mask/Lookalike/00038_segmentation.tif,test/masks/Lookalike/00038_segmentation.tif,92fb639af18dabb18bbb277086f1638467a47ff14444f51a672b9e3fa64c63a4,f1aa0ad4cbbd93669d577a8d940448dcd5d4aacec3aa613c78b891af8752da34,2048,2048,2,float32+float32,HARD_LINK,NO,
test,Lookalike,00039.tif,Test_Images/Lookalike/00039.tif,test/images/Lookalike/00039.tif,00039_segmentation.tif,Mask/Lookalike/00039_segmentation.tif,test/masks/Lookalike/00039_segmentation.tif,8ed99a4145219e02570789906d340cb7d10b55f2c31263d28dd2d67700741240,f1aa0ad4cbbd93669d577a8d940448dcd5d4aacec3aa613c78b891af8752da34,2048,2048,2,float32+float32,HARD_LINK,NO,
test,Lookalike,00040.tif,Test_Images/Lookalike/00040.tif,test/images/Lookalike/00040.tif,00040_segmentation.tif,Mask/Lookalike/00040_segmentation.tif,test/masks/Lookalike/00040_segmentation.tif,35bc4c2ae261d0ccfaba6d55b766bb0b12dadd2c43f16dac337287d7b64f305b,f1aa0ad4cbbd93669d577a8d940448dcd5d4aacec3aa613c78b891af8752da34,2048,2048,2,float32+float32,HARD_LINK,NO,
test,Lookalike,00041.tif,Test_Images/Lookalike/00041.tif,test/images/Lookalike/00041.tif,00041_segmentation.tif,Mask/Lookalike/00041_segmentation.tif,test/masks/Lookalike/00041_segmentation.tif,82f5bab6aabd6b1d917684785b2c56a7028f0424ca1c3f52aced11500d172a59,f1aa0ad4cbbd93669d577a8d940448dcd5d4aacec3aa613c78b891af8752da34,2048,2048,2,float32+float32,HARD_LINK,NO,
test,Lookalike,00042.tif,Test_Images/Lookalike/00042.tif,test/images/Lookalike/00042.tif,00042_segmentation.tif,Mask/Lookalike/00042_segmentation.tif,test/masks/Lookalike/00042_segmentation.tif,cf9b98a61b018cae06008056c2cc760cdf2028c215dda8de792197720c6dd5e8,f1aa0ad4cbbd93669d577a8d940448dcd5d4aacec3aa613c78b891af8752da34,2048,2048,2,float32+float32,HARD_LINK,NO,
test,Lookalike,00043.tif,Test_Images/Lookalike/00043.tif,test/images/Lookalike/00043.tif,00043_segmentation.tif,Mask/Lookalike/00043_segmentation.tif,test/masks/Lookalike/00043_segmentation.tif,025b0095277ab45259f20dacdb2c07809cc729ceb0280bc1f9f95cbab9eb49e1,f1aa0ad4cbbd93669d577a8d940448dcd5d4aacec3aa613c78b891af8752da34,2048,2048,2,float32+float32,HARD_LINK,NO,
test,Lookalike,00044.tif,Test_Images/Lookalike/00044.tif,test/images/Lookalike/00044.tif,00044_segmentation.tif,Mask/Lookalike/00044_segmentation.tif,test/masks/Lookalike/00044_segmentation.tif,f5b303c3cbe4e11ef4ceee4f2cf4549c8c0c8b67d658984efe59242c8f868828,f1aa0ad4cbbd93669d577a8d940448dcd5d4aacec3aa613c78b891af8752da34,2048,2048,2,float32+float32,HARD_LINK,NO,
test,Lookalike,00045.tif,Test_Images/Lookalike/00045.tif,test/images/Lookalike/00045.tif,00045_segmentation.tif,Mask/Lookalike/00045_segmentation.tif,test/masks/Lookalike/00045_segmentation.tif,70ea1ad31f4b92400d527cdda29770ebde400f48455de45cf1ce6169b4443907,f1aa0ad4cbbd93669d577a8d940448dcd5d4aacec3aa613c78b891af8752da34,2048,2048,2,float32+float32,HARD_LINK,NO,
test,Lookalike,00046.tif,Test_Images/Lookalike/00046.tif,test/images/Lookalike/00046.tif,00046_segmentation.tif,Mask/Lookalike/00046_segmentation.tif,test/masks/Lookalike/00046_segmentation.tif,172f9aa25111ffa5765a30e1c242f0f87bffa3b13c3052a15ac88c977ab3dd67,f1aa0ad4cbbd93669d577a8d940448dcd5d4aacec3aa613c78b891af8752da34,2048,2048,2,float32+float32,HARD_LINK,NO,
test,Lookalike,00047.tif,Test_Images/Lookalike/00047.tif,test/images/Lookalike/00047.tif,00047_segmentation.tif,Mask/Lookalike/00047_segmentation.tif,test/masks/Lookalike/00047_segmentation.tif,8b5ed94a3268efe4a4d1468a2d5304d06df205308c0a415f2e5610708e1b7872,f1aa0ad4cbbd93669d577a8d940448dcd5d4aacec3aa613c78b891af8752da34,2048,2048,2,float32+float32,HARD_LINK,NO,
test,Lookalike,00048.tif,Test_Images/Lookalike/00048.tif,test/images/Lookalike/00048.tif,00048_segmentation.tif,Mask/Lookalike/00048_segmentation.tif,test/masks/Lookalike/00048_segmentation.tif,11a80ff736a9b938142f0b44f7d8abcd461a4947364eb7012ac227cfc8ee4d30,f1aa0ad4cbbd93669d577a8d940448dcd5d4aacec3aa613c78b891af8752da34,2048,2048,2,float32+float32,HARD_LINK,NO,
test,Lookalike,00049.tif,Test_Images/Lookalike/00049.tif,test/images/Lookalike/00049.tif,00049_segmentation.tif,Mask/Lookalike/00049_segmentation.tif,test/masks/Lookalike/00049_segmentation.tif,33b49900bbc17606bd37ac46008eb9f9f16f4426fba3f508bc5f74db58fd6bda,f1aa0ad4cbbd93669d577a8d940448dcd5d4aacec3aa613c78b891af8752da34,2048,2048,2,float32+float32,HARD_LINK,NO,
test,Lookalike,00050.tif,Test_Images/Lookalike/00050.tif,test/images/Lookalike/00050.tif,00050_segmentation.tif,Mask/Lookalike/00050_segmentation.tif,test/masks/Lookalike/00050_segmentation.tif,7b9ff6729c5de3add8e4d2445ad5b7c1d714eae5355b611593dad6582cc917f2,f1aa0ad4cbbd93669d577a8d940448dcd5d4aacec3aa613c78b891af8752da34,2048,2048,2,float32+float32,HARD_LINK,NO,
test,Lookalike,00051.tif,Test_Images/Lookalike/00051.tif,test/images/Lookalike/00051.tif,00051_segmentation.tif,Mask/Lookalike/00051_segmentation.tif,test/masks/Lookalike/00051_segmentation.tif,b8aafc351ed1c73502e9a00d2364eb44a3672835dd5e2c4c3cc11edbe50ffd03,f1aa0ad4cbbd93669d577a8d940448dcd5d4aacec3aa613c78b891af8752da34,2048,2048,2,float32+float32,HARD_LINK,NO,
test,Lookalike,00052.tif,Test_Images/Lookalike/00052.tif,test/images/Lookalike/00052.tif,00052_segmentation.tif,Mask/Lookalike/00052_segmentation.tif,test/masks/Lookalike/00052_segmentation.tif,ad1346d1d4951f3c2a5128d37f2f48278d13ed891d289c3cb655427cea4dd7f9,f1aa0ad4cbbd93669d577a8d940448dcd5d4aacec3aa613c78b891af8752da34,2048,2048,2,float32+float32,HARD_LINK,NO,
test,Lookalike,00053.tif,Test_Images/Lookalike/00053.tif,test/images/Lookalike/00053.tif,00053_segmentation.tif,Mask/Lookalike/00053_segmentation.tif,test/masks/Lookalike/00053_segmentation.tif,696596790b0d46aed9385101930aba2009edf7f90a48f1dc31959f6a8e7fac0f,f1aa0ad4cbbd93669d577a8d940448dcd5d4aacec3aa613c78b891af8752da34,2048,2048,2,float32+float32,HARD_LINK,NO,
test,Lookalike,00054.tif,Test_Images/Lookalike/00054.tif,test/images/Lookalike/00054.tif,00054_segmentation.tif,Mask/Lookalike/00054_segmentation.tif,test/masks/Lookalike/00054_segmentation.tif,e3abe6dd1690a198cd7342c44e0314c2f9a4232b1413438cb7c987ef876fe2fe,f1aa0ad4cbbd93669d577a8d940448dcd5d4aacec3aa613c78b891af8752da34,2048,2048,2,float32+float32,HARD_LINK,NO,
test,Lookalike,00055.tif,Test_Images/Lookalike/00055.tif,test/images/Lookalike/00055.tif,00055_segmentation.tif,Mask/Lookalike/00055_segmentation.tif,test/masks/Lookalike/00055_segmentation.tif,021ed9319edc54c9e4f6499b3a1446e3ff5bcc69a4c3d8bdad815a2cd3863c11,f1aa0ad4cbbd93669d577a8d940448dcd5d4aacec3aa613c78b891af8752da34,2048,2048,2,float32+float32,HARD_LINK,NO,
test,Lookalike,00056.tif,Test_Images/Lookalike/00056.tif,test/images/Lookalike/00056.tif,00056_segmentation.tif,Mask/Lookalike/00056_segmentation.tif,test/masks/Lookalike/00056_segmentation.tif,c481a9bcae0262141429c5b0a67e78538d64cb7f0cd8120f45fdb2604df3dc2f,f1aa0ad4cbbd93669d577a8d940448dcd5d4aacec3aa613c78b891af8752da34,2048,2048,2,float32+float32,HARD_LINK,NO,
test,Lookalike,00057.tif,Test_Images/Lookalike/00057.tif,test/images/Lookalike/00057.tif,00057_segmentation.tif,Mask/Lookalike/00057_segmentation.tif,test/masks/Lookalike/00057_segmentation.tif,067e8920a7e8b3af210a6fb39ed17344f96b11fcaaa7951a50ae65991dc8cf61,f1aa0ad4cbbd93669d577a8d940448dcd5d4aacec3aa613c78b891af8752da34,2048,2048,2,float32+float32,HARD_LINK,NO,
test,Lookalike,00058.tif,Test_Images/Lookalike/00058.tif,test/images/Lookalike/00058.tif,00058_segmentation.tif,Mask/Lookalike/00058_segmentation.tif,test/masks/Lookalike/00058_segmentation.tif,c9a1f6c46304d548342b08d977b14bb9726323ac3f38bb41d9032fdc7212a44c,f1aa0ad4cbbd93669d577a8d940448dcd5d4aacec3aa613c78b891af8752da34,2048,2048,2,float32+float32,HARD_LINK,NO,
test,Lookalike,00059.tif,Test_Images/Lookalike/00059.tif,test/images/Lookalike/00059.tif,00059_segmentation.tif,Mask/Lookalike/00059_segmentation.tif,test/masks/Lookalike/00059_segmentation.tif,8c93499723768ed8af5b73a287fcefc76a71fec3d1961c6ed6545576b9605765,f1aa0ad4cbbd93669d577a8d940448dcd5d4aacec3aa613c78b891af8752da34,2048,2048,2,float32+float32,HARD_LINK,NO,
test,Lookalike,00060.tif,Test_Images/Lookalike/00060.tif,test/images/Lookalike/00060.tif,00060_segmentation.tif,Mask/Lookalike/00060_segmentation.tif,test/masks/Lookalike/00060_segmentation.tif,93bb12267e18e3b68278733f640f26cc78c0ae7df31080575d12fb7fac95dd06,f1aa0ad4cbbd93669d577a8d940448dcd5d4aacec3aa613c78b891af8752da34,2048,2048,2,float32+float32,HARD_LINK,NO,
test,Lookalike,00061.tif,Test_Images/Lookalike/00061.tif,test/images/Lookalike/00061.tif,00061_segmentation.tif,Mask/Lookalike/00061_segmentation.tif,test/masks/Lookalike/00061_segmentation.tif,bb3b3c660de52320ed7165cc94debbf02a0288f6f1cde89da54295f01420a3f1,f1aa0ad4cbbd93669d577a8d940448dcd5d4aacec3aa613c78b891af8752da34,2048,2048,2,float32+float32,HARD_LINK,NO,
test,Lookalike,00062.tif,Test_Images/Lookalike/00062.tif,test/images/Lookalike/00062.tif,00062_segmentation.tif,Mask/Lookalike/00062_segmentation.tif,test/masks/Lookalike/00062_segmentation.tif,de6f97541e6601fd25089745bc963fb1f18a8a08bd0e2ca8083de5ddeff1c6e9,f1aa0ad4cbbd93669d577a8d940448dcd5d4aacec3aa613c78b891af8752da34,2048,2048,2,float32+float32,HARD_LINK,NO,
test,Lookalike,00063.tif,Test_Images/Lookalike/00063.tif,test/images/Lookalike/00063.tif,00063_segmentation.tif,Mask/Lookalike/00063_segmentation.tif,test/masks/Lookalike/00063_segmentation.tif,37bdcf84c6e53116ab208b22662f80aaa6012e4100ad147c41a21e5090809988,f1aa0ad4cbbd93669d577a8d940448dcd5d4aacec3aa613c78b891af8752da34,2048,2048,2,float32+float32,HARD_LINK,NO,
test,Lookalike,00064.tif,Test_Images/Lookalike/00064.tif,test/images/Lookalike/00064.tif,00064_segmentation.tif,Mask/Lookalike/00064_segmentation.tif,test/masks/Lookalike/00064_segmentation.tif,27103a3bc30f4e6876e0b3ae675becf1e6a77ba188e00e466b76e8392a0baff5,f1aa0ad4cbbd93669d577a8d940448dcd5d4aacec3aa613c78b891af8752da34,2048,2048,2,float32+float32,HARD_LINK,NO,
test,Lookalike,00065.tif,Test_Images/Lookalike/00065.tif,test/images/Lookalike/00065.tif,00065_segmentation.tif,Mask/Lookalike/00065_segmentation.tif,test/masks/Lookalike/00065_segmentation.tif,0609dd60cca4ea5b787f24103d2db59583f2ddf83742f0976768d12bb30b054b,f1aa0ad4cbbd93669d577a8d940448dcd5d4aacec3aa613c78b891af8752da34,2048,2048,2,float32+float32,HARD_LINK,NO,
test,Lookalike,00066.tif,Test_Images/Lookalike/00066.tif,test/images/Lookalike/00066.tif,00066_segmentation.tif,Mask/Lookalike/00066_segmentation.tif,test/masks/Lookalike/00066_segmentation.tif,6727639cd427a04887329057e43da69c62c4f20aa96a8c45772bfdd0226b8ee4,f1aa0ad4cbbd93669d577a8d940448dcd5d4aacec3aa613c78b891af8752da34,2048,2048,2,float32+float32,HARD_LINK,NO,
test,Lookalike,00067.tif,Test_Images/Lookalike/00067.tif,test/images/Lookalike/00067.tif,00067_segmentation.tif,Mask/Lookalike/00067_segmentation.tif,test/masks/Lookalike/00067_segmentation.tif,12b17c895426a1aec8e6a92cbe46d994d37a420bf3f54d9274c3283f6711e3c4,f1aa0ad4cbbd93669d577a8d940448dcd5d4aacec3aa613c78b891af8752da34,2048,2048,2,float32+float32,HARD_LINK,NO,
test,Lookalike,00068.tif,Test_Images/Lookalike/00068.tif,test/images/Lookalike/00068.tif,00068_segmentation.tif,Mask/Lookalike/00068_segmentation.tif,test/masks/Lookalike/00068_segmentation.tif,59d38895a856ad38ac629178dc4ea3244c0fad570a92d8c9d806e04b40e72b6f,f1aa0ad4cbbd93669d577a8d940448dcd5d4aacec3aa613c78b891af8752da34,2048,2048,2,float32+float32,HARD_LINK,NO,
test,Lookalike,00069.tif,Test_Images/Lookalike/00069.tif,test/images/Lookalike/00069.tif,00069_segmentation.tif,Mask/Lookalike/00069_segmentation.tif,test/masks/Lookalike/00069_segmentation.tif,fa380844b6073f8c60c2d0d6ab9621c4071f1d1e071e5b9ed4ebd3d10ec63a05,f1aa0ad4cbbd93669d577a8d940448dcd5d4aacec3aa613c78b891af8752da34,2048,2048,2,float32+float32,HARD_LINK,NO,
test,Lookalike,00070.tif,Test_Images/Lookalike/00070.tif,test/images/Lookalike/00070.tif,00070_segmentation.tif,Mask/Lookalike/00070_segmentation.tif,test/masks/Lookalike/00070_segmentation.tif,13cf4770b4f0daa3dbf6ad921d41dc99285c1251f090b5f41aeb1d796444d969,f1aa0ad4cbbd93669d577a8d940448dcd5d4aacec3aa613c78b891af8752da34,2048,2048,2,float32+float32,HARD_LINK,NO,
test,Lookalike,00071.tif,Test_Images/Lookalike/00071.tif,test/images/Lookalike/00071.tif,00071_segmentation.tif,Mask/Lookalike/00071_segmentation.tif,test/masks/Lookalike/00071_segmentation.tif,d832a0bb644ce4d6ef16bedcedafd76e065b41c79084d4451e769e1391ca0d22,f1aa0ad4cbbd93669d577a8d940448dcd5d4aacec3aa613c78b891af8752da34,2048,2048,2,float32+float32,HARD_LINK,NO,
test,Lookalike,00072.tif,Test_Images/Lookalike/00072.tif,test/images/Lookalike/00072.tif,00072_segmentation.tif,Mask/Lookalike/00072_segmentation.tif,test/masks/Lookalike/00072_segmentation.tif,af1e7e180df99db00496caa6fe228955929219b90e72b734756644de89649b16,f1aa0ad4cbbd93669d577a8d940448dcd5d4aacec3aa613c78b891af8752da34,2048,2048,2,float32+float32,HARD_LINK,NO,
test,Lookalike,00073.tif,Test_Images/Lookalike/00073.tif,test/images/Lookalike/00073.tif,00073_segmentation.tif,Mask/Lookalike/00073_segmentation.tif,test/masks/Lookalike/00073_segmentation.tif,8deb34cd986f202c8ee342b17f914e6aa849205aa2223aa5e5d108fb71bbddc6,f1aa0ad4cbbd93669d577a8d940448dcd5d4aacec3aa613c78b891af8752da34,2048,2048,2,float32+float32,HARD_LINK,NO,
test,Lookalike,00074.tif,Test_Images/Lookalike/00074.tif,test/images/Lookalike/00074.tif,00074_segmentation.tif,Mask/Lookalike/00074_segmentation.tif,test/masks/Lookalike/00074_segmentation.tif,40cdab3044019b6c84bf675eeb7c14d06ef386d44013178bc833f9bc43030502,f1aa0ad4cbbd93669d577a8d940448dcd5d4aacec3aa613c78b891af8752da34,2048,2048,2,float32+float32,HARD_LINK,NO,
test,Lookalike,00075.tif,Test_Images/Lookalike/00075.tif,test/images/Lookalike/00075.tif,00075_segmentation.tif,Mask/Lookalike/00075_segmentation.tif,test/masks/Lookalike/00075_segmentation.tif,4e0da58fc9348ad243269e161bd6e8d017267a8f5705ea9c217ba9f8566db1f7,f1aa0ad4cbbd93669d577a8d940448dcd5d4aacec3aa613c78b891af8752da34,2048,2048,2,float32+float32,HARD_LINK,NO,
test,Lookalike,00076.tif,Test_Images/Lookalike/00076.tif,test/images/Lookalike/00076.tif,00076_segmentation.tif,Mask/Lookalike/00076_segmentation.tif,test/masks/Lookalike/00076_segmentation.tif,ea25de9d38826f932cd9e813bd9c73a8a3e16f3a06e020b765beb6c1be49a4d5,f1aa0ad4cbbd93669d577a8d940448dcd5d4aacec3aa613c78b891af8752da34,2048,2048,2,float32+float32,HARD_LINK,NO,
test,Lookalike,00077.tif,Test_Images/Lookalike/00077.tif,test/images/Lookalike/00077.tif,00077_segmentation.tif,Mask/Lookalike/00077_segmentation.tif,test/masks/Lookalike/00077_segmentation.tif,ecd77365b89e6a8856bb837f26dc9bc8f6eedf50ed1a53927bad60ea7b6a10be,f1aa0ad4cbbd93669d577a8d940448dcd5d4aacec3aa613c78b891af8752da34,2048,2048,2,float32+float32,HARD_LINK,NO,
test,Lookalike,00078.tif,Test_Images/Lookalike/00078.tif,test/images/Lookalike/00078.tif,00078_segmentation.tif,Mask/Lookalike/00078_segmentation.tif,test/masks/Lookalike/00078_segmentation.tif,fde1af7a292f5b875701eb263fa426075d54265f88a75018d5a21e1e8406777d,f1aa0ad4cbbd93669d577a8d940448dcd5d4aacec3aa613c78b891af8752da34,2048,2048,2,float32+float32,HARD_LINK,NO,
test,Lookalike,00079.tif,Test_Images/Lookalike/00079.tif,test/images/Lookalike/00079.tif,00079_segmentation.tif,Mask/Lookalike/00079_segmentation.tif,test/masks/Lookalike/00079_segmentation.tif,a31f43f51f1066a3197a9cee88e6010f9df1b9d02d6f504c57d860614c80946f,f1aa0ad4cbbd93669d577a8d940448dcd5d4aacec3aa613c78b891af8752da34,2048,2048,2,float32+float32,HARD_LINK,NO,
test,Lookalike,00080.tif,Test_Images/Lookalike/00080.tif,test/images/Lookalike/00080.tif,00080_segmentation.tif,Mask/Lookalike/00080_segmentation.tif,test/masks/Lookalike/00080_segmentation.tif,3d4464a01ab0ddb16359e23d097b89559cce83fe69b84f8f2fdf551195da52b3,f1aa0ad4cbbd93669d577a8d940448dcd5d4aacec3aa613c78b891af8752da34,2048,2048,2,float32+float32,HARD_LINK,NO,
test,Lookalike,00081.tif,Test_Images/Lookalike/00081.tif,test/images/Lookalike/00081.tif,00081_segmentation.tif,Mask/Lookalike/00081_segmentation.tif,test/masks/Lookalike/00081_segmentation.tif,b6e5404c4c2f24a1dce0c0676c8a886845f88455a093bac78317b76ba03d089e,f1aa0ad4cbbd93669d577a8d940448dcd5d4aacec3aa613c78b891af8752da34,2048,2048,2,float32+float32,HARD_LINK,NO,
test,Lookalike,00082.tif,Test_Images/Lookalike/00082.tif,test/images/Lookalike/00082.tif,00082_segmentation.tif,Mask/Lookalike/00082_segmentation.tif,test/masks/Lookalike/00082_segmentation.tif,74fe8425a12fd57d97f5fbf9d1f5c378e42292d17343dcd692b23c8dc6139fb6,f1aa0ad4cbbd93669d577a8d940448dcd5d4aacec3aa613c78b891af8752da34,2048,2048,2,float32+float32,HARD_LINK,NO,
test,Lookalike,00083.tif,Test_Images/Lookalike/00083.tif,test/images/Lookalike/00083.tif,00083_segmentation.tif,Mask/Lookalike/00083_segmentation.tif,test/masks/Lookalike/00083_segmentation.tif,d3a0cf51d7a4f484a515d7c474e4a0529bae64d68a7eebfaf6d30571fb3ed479,f1aa0ad4cbbd93669d577a8d940448dcd5d4aacec3aa613c78b891af8752da34,2048,2048,2,float32+float32,HARD_LINK,NO,
test,Lookalike,00084.tif,Test_Images/Lookalike/00084.tif,test/images/Lookalike/00084.tif,00084_segmentation.tif,Mask/Lookalike/00084_segmentation.tif,test/masks/Lookalike/00084_segmentation.tif,4fe183fbcd3f6832b010d640e7034a9ae0bc93e37bb27a15544e06cc79034740,f1aa0ad4cbbd93669d577a8d940448dcd5d4aacec3aa613c78b891af8752da34,2048,2048,2,float32+float32,HARD_LINK,NO,
test,Lookalike,00085.tif,Test_Images/Lookalike/00085.tif,test/images/Lookalike/00085.tif,00085_segmentation.tif,Mask/Lookalike/00085_segmentation.tif,test/masks/Lookalike/00085_segmentation.tif,17d77ca30fa6b4dde33c355f9ddad2297ab3b96e993e2bfb08419f88b78f2068,f1aa0ad4cbbd93669d577a8d940448dcd5d4aacec3aa613c78b891af8752da34,2048,2048,2,float32+float32,HARD_LINK,NO,
test,Lookalike,00086.tif,Test_Images/Lookalike/00086.tif,test/images/Lookalike/00086.tif,00086_segmentation.tif,Mask/Lookalike/00086_segmentation.tif,test/masks/Lookalike/00086_segmentation.tif,75fb10e688e14749c88a4c0e939687b2057b79c8e866d63c0cfae3062fc8990c,f1aa0ad4cbbd93669d577a8d940448dcd5d4aacec3aa613c78b891af8752da34,2048,2048,2,float32+float32,HARD_LINK,NO,
test,Lookalike,00087.tif,Test_Images/Lookalike/00087.tif,test/images/Lookalike/00087.tif,00087_segmentation.tif,Mask/Lookalike/00087_segmentation.tif,test/masks/Lookalike/00087_segmentation.tif,d482e6df54d9be08a8d7b9a9cbfd6a3cf8e9b15285915cd6bd72565de40825c6,f1aa0ad4cbbd93669d577a8d940448dcd5d4aacec3aa613c78b891af8752da34,2048,2048,2,float32+float32,HARD_LINK,NO,
test,Lookalike,00088.tif,Test_Images/Lookalike/00088.tif,test/images/Lookalike/00088.tif,00088_segmentation.tif,Mask/Lookalike/00088_segmentation.tif,test/masks/Lookalike/00088_segmentation.tif,4856d97f5b4588bce7ec71b5c55e1c0dfda4a474d6eec4320581834b3353e839,f1aa0ad4cbbd93669d577a8d940448dcd5d4aacec3aa613c78b891af8752da34,2048,2048,2,float32+float32,HARD_LINK,NO,
test,Lookalike,00089.tif,Test_Images/Lookalike/00089.tif,test/images/Lookalike/00089.tif,00089_segmentation.tif,Mask/Lookalike/00089_segmentation.tif,test/masks/Lookalike/00089_segmentation.tif,4de79d2ba5325828d51307ab6fb6f09170bfd115f99a2702bb299e9cd6d8031c,f1aa0ad4cbbd93669d577a8d940448dcd5d4aacec3aa613c78b891af8752da34,2048,2048,2,float32+float32,HARD_LINK,NO,
test,Lookalike,00090.tif,Test_Images/Lookalike/00090.tif,test/images/Lookalike/00090.tif,00090_segmentation.tif,Mask/Lookalike/00090_segmentation.tif,test/masks/Lookalike/00090_segmentation.tif,34e05a3357a1cdb08af5f8ade9e8974d2de851b2c3f8cb31a69ce3a60f4c7df3,f1aa0ad4cbbd93669d577a8d940448dcd5d4aacec3aa613c78b891af8752da34,2048,2048,2,float32+float32,HARD_LINK,NO,
test,Lookalike,00091.tif,Test_Images/Lookalike/00091.tif,test/images/Lookalike/00091.tif,00091_segmentation.tif,Mask/Lookalike/00091_segmentation.tif,test/masks/Lookalike/00091_segmentation.tif,1bfde5d16693c0be4cdaeaa6a7b58de5336843a2dffffce1a2f862f5799d9562,f1aa0ad4cbbd93669d577a8d940448dcd5d4aacec3aa613c78b891af8752da34,2048,2048,2,float32+float32,HARD_LINK,NO,
test,Lookalike,00092.tif,Test_Images/Lookalike/00092.tif,test/images/Lookalike/00092.tif,00092_segmentation.tif,Mask/Lookalike/00092_segmentation.tif,test/masks/Lookalike/00092_segmentation.tif,fea517ae8c56d2f069b6d56ef802da5f57f96ee21d6c152af02da1a7fbe9c5c8,f1aa0ad4cbbd93669d577a8d940448dcd5d4aacec3aa613c78b891af8752da34,2048,2048,2,float32+float32,HARD_LINK,NO,
test,Lookalike,00093.tif,Test_Images/Lookalike/00093.tif,test/images/Lookalike/00093.tif,00093_segmentation.tif,Mask/Lookalike/00093_segmentation.tif,test/masks/Lookalike/00093_segmentation.tif,605ea50661e1ec1e801c6279e7647eb4a06270f4eb8a641628f1d247a8f7b6ab,f1aa0ad4cbbd93669d577a8d940448dcd5d4aacec3aa613c78b891af8752da34,2048,2048,2,float32+float32,HARD_LINK,NO,
test,Lookalike,00094.tif,Test_Images/Lookalike/00094.tif,test/images/Lookalike/00094.tif,00094_segmentation.tif,Mask/Lookalike/00094_segmentation.tif,test/masks/Lookalike/00094_segmentation.tif,6bc9e1a23920ca2380103d52645c236cb8c1d8d0461f91e1f053381e3f17d3f6,f1aa0ad4cbbd93669d577a8d940448dcd5d4aacec3aa613c78b891af8752da34,2048,2048,2,float32+float32,HARD_LINK,NO,
test,Lookalike,00095.tif,Test_Images/Lookalike/00095.tif,test/images/Lookalike/00095.tif,00095_segmentation.tif,Mask/Lookalike/00095_segmentation.tif,test/masks/Lookalike/00095_segmentation.tif,f7da51bfa47138465f5b285375195064c27f12cade24cde4b2c8a30f2c3a1e6f,f1aa0ad4cbbd93669d577a8d940448dcd5d4aacec3aa613c78b891af8752da34,2048,2048,2,float32+float32,HARD_LINK,NO,
test,Lookalike,00096.tif,Test_Images/Lookalike/00096.tif,test/images/Lookalike/00096.tif,00096_segmentation.tif,Mask/Lookalike/00096_segmentation.tif,test/masks/Lookalike/00096_segmentation.tif,aa70ef4d127304e64382e88db09bae06856cd7eb60fc4e0195580d88aae6ec72,f1aa0ad4cbbd93669d577a8d940448dcd5d4aacec3aa613c78b891af8752da34,2048,2048,2,float32+float32,HARD_LINK,NO,
test,Lookalike,00097.tif,Test_Images/Lookalike/00097.tif,test/images/Lookalike/00097.tif,00097_segmentation.tif,Mask/Lookalike/00097_segmentation.tif,test/masks/Lookalike/00097_segmentation.tif,3f6541dc69f90f0d4052326916e65612a705c2f97185dc1bbd22e42caa41e285,f1aa0ad4cbbd93669d577a8d940448dcd5d4aacec3aa613c78b891af8752da34,2048,2048,2,float32+float32,HARD_LINK,NO,
test,Lookalike,00098.tif,Test_Images/Lookalike/00098.tif,test/images/Lookalike/00098.tif,00098_segmentation.tif,Mask/Lookalike/00098_segmentation.tif,test/masks/Lookalike/00098_segmentation.tif,6adb4cfa6cc4705129c439b69c2e1cf3755b1ff09a984b6f8e51fbc179994e46,f1aa0ad4cbbd93669d577a8d940448dcd5d4aacec3aa613c78b891af8752da34,2048,2048,2,float32+float32,HARD_LINK,NO,
test,Lookalike,00099.tif,Test_Images/Lookalike/00099.tif,test/images/Lookalike/00099.tif,00099_segmentation.tif,Mask/Lookalike/00099_segmentation.tif,test/masks/Lookalike/00099_segmentation.tif,7ed557429d69adc13844ab32172306c26bb024fa7bd7ca61b8d6c534097203e4,f1aa0ad4cbbd93669d577a8d940448dcd5d4aacec3aa613c78b891af8752da34,2048,2048,2,float32+float32,HARD_LINK,NO,
test,Lookalike,00100.tif,Test_Images/Lookalike/00100.tif,test/images/Lookalike/00100.tif,00100_segmentation.tif,Mask/Lookalike/00100_segmentation.tif,test/masks/Lookalike/00100_segmentation.tif,faf04ee59890dfd5672510927759602c9fe9091c7106aeb768d0486a50bb090b,f1aa0ad4cbbd93669d577a8d940448dcd5d4aacec3aa613c78b891af8752da34,2048,2048,2,float32+float32,HARD_LINK,NO,
test,Lookalike,00101.tif,Test_Images/Lookalike/00101.tif,test/images/Lookalike/00101.tif,00101_segmentation.tif,Mask/Lookalike/00101_segmentation.tif,test/masks/Lookalike/00101_segmentation.tif,5b0af1ad6b3cbfc8329d3c1693c6b7d83e489ccfd2c939b7f495c0fce04634b9,f1aa0ad4cbbd93669d577a8d940448dcd5d4aacec3aa613c78b891af8752da34,2048,2048,2,float32+float32,HARD_LINK,NO,
test,Lookalike,00102.tif,Test_Images/Lookalike/00102.tif,test/images/Lookalike/00102.tif,00102_segmentation.tif,Mask/Lookalike/00102_segmentation.tif,test/masks/Lookalike/00102_segmentation.tif,0d94495b2a04ae70a0c87ddcf8dba2b75f98b6b89181097911224e97faf4e7e6,f1aa0ad4cbbd93669d577a8d940448dcd5d4aacec3aa613c78b891af8752da34,2048,2048,2,float32+float32,HARD_LINK,NO,
test,Lookalike,00103.tif,Test_Images/Lookalike/00103.tif,test/images/Lookalike/00103.tif,00103_segmentation.tif,Mask/Lookalike/00103_segmentation.tif,test/masks/Lookalike/00103_segmentation.tif,56fddb84fbba5e71990f759763ffaa4f7e2efeaccd319d77998801b092704ea4,f1aa0ad4cbbd93669d577a8d940448dcd5d4aacec3aa613c78b891af8752da34,2048,2048,2,float32+float32,HARD_LINK,NO,
test,Lookalike,00104.tif,Test_Images/Lookalike/00104.tif,test/images/Lookalike/00104.tif,00104_segmentation.tif,Mask/Lookalike/00104_segmentation.tif,test/masks/Lookalike/00104_segmentation.tif,fc322480af3a0791f956895e63180bd82b99cb88e77a2b922e8df14874a951fd,f1aa0ad4cbbd93669d577a8d940448dcd5d4aacec3aa613c78b891af8752da34,2048,2048,2,float32+float32,HARD_LINK,NO,
test,Lookalike,00105.tif,Test_Images/Lookalike/00105.tif,test/images/Lookalike/00105.tif,00105_segmentation.tif,Mask/Lookalike/00105_segmentation.tif,test/masks/Lookalike/00105_segmentation.tif,76fe2387d1405733416dd191933a4a5f607e17dcab0fdec9485e6bada3c88a74,f1aa0ad4cbbd93669d577a8d940448dcd5d4aacec3aa613c78b891af8752da34,2048,2048,2,float32+float32,HARD_LINK,NO,
test,Lookalike,00106.tif,Test_Images/Lookalike/00106.tif,test/images/Lookalike/00106.tif,00106_segmentation.tif,Mask/Lookalike/00106_segmentation.tif,test/masks/Lookalike/00106_segmentation.tif,2ce3e59d385790e0ef1530cb774a13dec5028727021043f641852ba2cb49458d,f1aa0ad4cbbd93669d577a8d940448dcd5d4aacec3aa613c78b891af8752da34,2048,2048,2,float32+float32,HARD_LINK,NO,
test,Lookalike,00107.tif,Test_Images/Lookalike/00107.tif,test/images/Lookalike/00107.tif,00107_segmentation.tif,Mask/Lookalike/00107_segmentation.tif,test/masks/Lookalike/00107_segmentation.tif,b4d925a165052454200a442f1ab441e3c4e6afac9041b74d711448aab415375f,f1aa0ad4cbbd93669d577a8d940448dcd5d4aacec3aa613c78b891af8752da34,2048,2048,2,float32+float32,HARD_LINK,NO,
test,Lookalike,00108.tif,Test_Images/Lookalike/00108.tif,test/images/Lookalike/00108.tif,00108_segmentation.tif,Mask/Lookalike/00108_segmentation.tif,test/masks/Lookalike/00108_segmentation.tif,8858bf6da1941e5f0c4d716883c19838ec797062d311e590603d5aa4285772ee,f1aa0ad4cbbd93669d577a8d940448dcd5d4aacec3aa613c78b891af8752da34,2048,2048,2,float32+float32,HARD_LINK,NO,
test,Lookalike,00109.tif,Test_Images/Lookalike/00109.tif,test/images/Lookalike/00109.tif,00109_segmentation.tif,Mask/Lookalike/00109_segmentation.tif,test/masks/Lookalike/00109_segmentation.tif,b3cde8995e5a574dda15e7a155f9f4c1c96b6cca3e2b6ecd7fa3ad413969b5ec,f1aa0ad4cbbd93669d577a8d940448dcd5d4aacec3aa613c78b891af8752da34,2048,2048,2,float32+float32,HARD_LINK,NO,
test,Lookalike,00110.tif,Test_Images/Lookalike/00110.tif,test/images/Lookalike/00110.tif,00110_segmentation.tif,Mask/Lookalike/00110_segmentation.tif,test/masks/Lookalike/00110_segmentation.tif,ab9e7f29628aa9a7809a9e5978be9eb04f8df2b4b58de6c04ff5326f3df86731,f1aa0ad4cbbd93669d577a8d940448dcd5d4aacec3aa613c78b891af8752da34,2048,2048,2,float32+float32,HARD_LINK,NO,
test,Lookalike,00111.tif,Test_Images/Lookalike/00111.tif,test/images/Lookalike/00111.tif,00111_segmentation.tif,Mask/Lookalike/00111_segmentation.tif,test/masks/Lookalike/00111_segmentation.tif,15cc2ee33530692c85333e1d6888eba1af83783f288b3303d46caf8edce90e57,f1aa0ad4cbbd93669d577a8d940448dcd5d4aacec3aa613c78b891af8752da34,2048,2048,2,float32+float32,HARD_LINK,NO,
test,Lookalike,00112.tif,Test_Images/Lookalike/00112.tif,test/images/Lookalike/00112.tif,00112_segmentation.tif,Mask/Lookalike/00112_segmentation.tif,test/masks/Lookalike/00112_segmentation.tif,747437d82198aed1ca762c8cacc71ded696f645c3810c8d11ae33fb25a634c72,f1aa0ad4cbbd93669d577a8d940448dcd5d4aacec3aa613c78b891af8752da34,2048,2048,2,float32+float32,HARD_LINK,NO,
test,Lookalike,00113.tif,Test_Images/Lookalike/00113.tif,test/images/Lookalike/00113.tif,00113_segmentation.tif,Mask/Lookalike/00113_segmentation.tif,test/masks/Lookalike/00113_segmentation.tif,91a7b686da4899f651030bd7a66403231f53d4828a5a7aedab6396c12bff4405,f1aa0ad4cbbd93669d577a8d940448dcd5d4aacec3aa613c78b891af8752da34,2048,2048,2,float32+float32,HARD_LINK,NO,
test,Lookalike,00114.tif,Test_Images/Lookalike/00114.tif,test/images/Lookalike/00114.tif,00114_segmentation.tif,Mask/Lookalike/00114_segmentation.tif,test/masks/Lookalike/00114_segmentation.tif,2d9523efc38c3b9eed4c27c2d335bf604ff41bea5528b04e7a5b5a2168e9c1ed,f1aa0ad4cbbd93669d577a8d940448dcd5d4aacec3aa613c78b891af8752da34,2048,2048,2,float32+float32,HARD_LINK,NO,
test,Lookalike,00115.tif,Test_Images/Lookalike/00115.tif,test/images/Lookalike/00115.tif,00115_segmentation.tif,Mask/Lookalike/00115_segmentation.tif,test/masks/Lookalike/00115_segmentation.tif,428572a49cbf6d59d48ebbe2db9e997c19113911220807ce5c69044c52c5a75d,f1aa0ad4cbbd93669d577a8d940448dcd5d4aacec3aa613c78b891af8752da34,2048,2048,2,float32+float32,HARD_LINK,NO,
test,Lookalike,00116.tif,Test_Images/Lookalike/00116.tif,test/images/Lookalike/00116.tif,00116_segmentation.tif,Mask/Lookalike/00116_segmentation.tif,test/masks/Lookalike/00116_segmentation.tif,afa5c2c95ae01ca69a58d4b358f72d14afe3c49e6cd0b25564b7b1f5fa73b907,f1aa0ad4cbbd93669d577a8d940448dcd5d4aacec3aa613c78b891af8752da34,2048,2048,2,float32+float32,HARD_LINK,NO,
test,Lookalike,00117.tif,Test_Images/Lookalike/00117.tif,test/images/Lookalike/00117.tif,00117_segmentation.tif,Mask/Lookalike/00117_segmentation.tif,test/masks/Lookalike/00117_segmentation.tif,3368ac02a311d8e369bb79ee63cb3a492275a0b7793913a68fa2b5b5374dd10c,f1aa0ad4cbbd93669d577a8d940448dcd5d4aacec3aa613c78b891af8752da34,2048,2048,2,float32+float32,HARD_LINK,NO,
test,Lookalike,00118.tif,Test_Images/Lookalike/00118.tif,test/images/Lookalike/00118.tif,00118_segmentation.tif,Mask/Lookalike/00118_segmentation.tif,test/masks/Lookalike/00118_segmentation.tif,e5ba23ba8ffae5ffe5d882f4d9b542df5c40d2843b6f4f3ce55eb811bc071394,f1aa0ad4cbbd93669d577a8d940448dcd5d4aacec3aa613c78b891af8752da34,2048,2048,2,float32+float32,HARD_LINK,NO,
test,Lookalike,00119.tif,Test_Images/Lookalike/00119.tif,test/images/Lookalike/00119.tif,00119_segmentation.tif,Mask/Lookalike/00119_segmentation.tif,test/masks/Lookalike/00119_segmentation.tif,3200b5f0c659212d85184ee24ca37146deba2d4d453a2ca741fbd8d2dc9bad58,f1aa0ad4cbbd93669d577a8d940448dcd5d4aacec3aa613c78b891af8752da34,2048,2048,2,float32+float32,HARD_LINK,NO,
test,Lookalike,00120.tif,Test_Images/Lookalike/00120.tif,test/images/Lookalike/00120.tif,00120_segmentation.tif,Mask/Lookalike/00120_segmentation.tif,test/masks/Lookalike/00120_segmentation.tif,45dc9d8a82acaae9dbea2d5ad1d19472b4435e25f7dc1c69f0a74867a5064d5a,f1aa0ad4cbbd93669d577a8d940448dcd5d4aacec3aa613c78b891af8752da34,2048,2048,2,float32+float32,HARD_LINK,NO,
test,Lookalike,00121.tif,Test_Images/Lookalike/00121.tif,test/images/Lookalike/00121.tif,00121_segmentation.tif,Mask/Lookalike/00121_segmentation.tif,test/masks/Lookalike/00121_segmentation.tif,3c8094be4ab257518cd0c3c55a5646bd1338c21acd2ae5a4e4e596f672153342,f1aa0ad4cbbd93669d577a8d940448dcd5d4aacec3aa613c78b891af8752da34,2048,2048,2,float32+float32,HARD_LINK,NO,
test,Lookalike,00122.tif,Test_Images/Lookalike/00122.tif,test/images/Lookalike/00122.tif,00122_segmentation.tif,Mask/Lookalike/00122_segmentation.tif,test/masks/Lookalike/00122_segmentation.tif,c9aa4793fd438ecc22987a149681e03f58cdeee6bc28eb669ad4c1e25c65db5c,f1aa0ad4cbbd93669d577a8d940448dcd5d4aacec3aa613c78b891af8752da34,2048,2048,2,float32+float32,HARD_LINK,NO,
test,Lookalike,00123.tif,Test_Images/Lookalike/00123.tif,test/images/Lookalike/00123.tif,00123_segmentation.tif,Mask/Lookalike/00123_segmentation.tif,test/masks/Lookalike/00123_segmentation.tif,e362c43236fac30f2b5d796370eb5b6073977b8c5a8ce05be4eb4da56337356e,f1aa0ad4cbbd93669d577a8d940448dcd5d4aacec3aa613c78b891af8752da34,2048,2048,2,float32+float32,HARD_LINK,NO,
test,Lookalike,00124.tif,Test_Images/Lookalike/00124.tif,test/images/Lookalike/00124.tif,00124_segmentation.tif,Mask/Lookalike/00124_segmentation.tif,test/masks/Lookalike/00124_segmentation.tif,484d53a3070741972bab6cdca771fe2f0f43450f5e2ef123649e02fb92ff3c44,f1aa0ad4cbbd93669d577a8d940448dcd5d4aacec3aa613c78b891af8752da34,2048,2048,2,float32+float32,HARD_LINK,NO,
test,Lookalike,00125.tif,Test_Images/Lookalike/00125.tif,test/images/Lookalike/00125.tif,00125_segmentation.tif,Mask/Lookalike/00125_segmentation.tif,test/masks/Lookalike/00125_segmentation.tif,e1f8b5dc4028e0bf029f51a49df2a6224907aa6949bb280491790757244acd9b,f1aa0ad4cbbd93669d577a8d940448dcd5d4aacec3aa613c78b891af8752da34,2048,2048,2,float32+float32,HARD_LINK,NO,
test,Lookalike,00126.tif,Test_Images/Lookalike/00126.tif,test/images/Lookalike/00126.tif,00126_segmentation.tif,Mask/Lookalike/00126_segmentation.tif,test/masks/Lookalike/00126_segmentation.tif,0dfa1b5361e6c137e87d4486e290cf899cffd767e923869b70a2e28acdeae73f,f1aa0ad4cbbd93669d577a8d940448dcd5d4aacec3aa613c78b891af8752da34,2048,2048,2,float32+float32,HARD_LINK,NO,
test,Lookalike,00127.tif,Test_Images/Lookalike/00127.tif,test/images/Lookalike/00127.tif,00127_segmentation.tif,Mask/Lookalike/00127_segmentation.tif,test/masks/Lookalike/00127_segmentation.tif,c090061e02402bdaa7ae4cf5d3771cf1cb8ee6b82a6675b65d09a747a97e4c13,f1aa0ad4cbbd93669d577a8d940448dcd5d4aacec3aa613c78b891af8752da34,2048,2048,2,float32+float32,HARD_LINK,NO,
test,Lookalike,00128.tif,Test_Images/Lookalike/00128.tif,test/images/Lookalike/00128.tif,00128_segmentation.tif,Mask/Lookalike/00128_segmentation.tif,test/masks/Lookalike/00128_segmentation.tif,f7de1cce88708087434a6684123b7eb7e1887384f35e82b821ed3e7b2875740f,f1aa0ad4cbbd93669d577a8d940448dcd5d4aacec3aa613c78b891af8752da34,2048,2048,2,float32+float32,HARD_LINK,NO,
test,Lookalike,00129.tif,Test_Images/Lookalike/00129.tif,test/images/Lookalike/00129.tif,00129_segmentation.tif,Mask/Lookalike/00129_segmentation.tif,test/masks/Lookalike/00129_segmentation.tif,648a57c06a4366187a6061e0d2d26d611ca50f930db278bbb5c26b634b128d86,f1aa0ad4cbbd93669d577a8d940448dcd5d4aacec3aa613c78b891af8752da34,2048,2048,2,float32+float32,HARD_LINK,NO,
test,Lookalike,00130.tif,Test_Images/Lookalike/00130.tif,test/images/Lookalike/00130.tif,00130_segmentation.tif,Mask/Lookalike/00130_segmentation.tif,test/masks/Lookalike/00130_segmentation.tif,c5963778358d137a8602fe4aca5a4262b4e4da217015db252aa66cc6f0dba4b1,f1aa0ad4cbbd93669d577a8d940448dcd5d4aacec3aa613c78b891af8752da34,2048,2048,2,float32+float32,HARD_LINK,NO,
test,Lookalike,00131.tif,Test_Images/Lookalike/00131.tif,test/images/Lookalike/00131.tif,00131_segmentation.tif,Mask/Lookalike/00131_segmentation.tif,test/masks/Lookalike/00131_segmentation.tif,c9bb92225b11a4327275cac8dd1c5f356b844f13705fe147c0787a41121fe467,f1aa0ad4cbbd93669d577a8d940448dcd5d4aacec3aa613c78b891af8752da34,2048,2048,2,float32+float32,HARD_LINK,NO,
test,Lookalike,00132.tif,Test_Images/Lookalike/00132.tif,test/images/Lookalike/00132.tif,00132_segmentation.tif,Mask/Lookalike/00132_segmentation.tif,test/masks/Lookalike/00132_segmentation.tif,3decaca09c7ac3148a5811c059ce912c920c5dfb3eee793068148ad4dc8715cc,f1aa0ad4cbbd93669d577a8d940448dcd5d4aacec3aa613c78b891af8752da34,2048,2048,2,float32+float32,HARD_LINK,NO,
test,Lookalike,00133.tif,Test_Images/Lookalike/00133.tif,test/images/Lookalike/00133.tif,00133_segmentation.tif,Mask/Lookalike/00133_segmentation.tif,test/masks/Lookalike/00133_segmentation.tif,335457f42b99e7a0424426529f5cce48fff8dff9b97d4523cef38c8a1e20bc97,f1aa0ad4cbbd93669d577a8d940448dcd5d4aacec3aa613c78b891af8752da34,2048,2048,2,float32+float32,HARD_LINK,NO,
test,Lookalike,00134.tif,Test_Images/Lookalike/00134.tif,test/images/Lookalike/00134.tif,00134_segmentation.tif,Mask/Lookalike/00134_segmentation.tif,test/masks/Lookalike/00134_segmentation.tif,5ad05ceba77b598640b341fa2f109dcb1d1df5445ee9461dc8c1c1461843d976,f1aa0ad4cbbd93669d577a8d940448dcd5d4aacec3aa613c78b891af8752da34,2048,2048,2,float32+float32,HARD_LINK,NO,
test,Lookalike,00135.tif,Test_Images/Lookalike/00135.tif,test/images/Lookalike/00135.tif,00135_segmentation.tif,Mask/Lookalike/00135_segmentation.tif,test/masks/Lookalike/00135_segmentation.tif,be384b6a72978597757d51e68d0b78b7fb0114b8d09431fca1246424dc33490f,f1aa0ad4cbbd93669d577a8d940448dcd5d4aacec3aa613c78b891af8752da34,2048,2048,2,float32+float32,HARD_LINK,NO,
test,Lookalike,00136.tif,Test_Images/Lookalike/00136.tif,test/images/Lookalike/00136.tif,00136_segmentation.tif,Mask/Lookalike/00136_segmentation.tif,test/masks/Lookalike/00136_segmentation.tif,5e034d0e826d03099802259605c424e0bf8dbb99a4ecf77a7c65ac85b73e3231,f1aa0ad4cbbd93669d577a8d940448dcd5d4aacec3aa613c78b891af8752da34,2048,2048,2,float32+float32,HARD_LINK,NO,
test,Lookalike,00137.tif,Test_Images/Lookalike/00137.tif,test/images/Lookalike/00137.tif,00137_segmentation.tif,Mask/Lookalike/00137_segmentation.tif,test/masks/Lookalike/00137_segmentation.tif,b5c462e2c2491e51dd9d2d8c2971116636a5ab66dcbadcaf375d2bd1098060cb,f1aa0ad4cbbd93669d577a8d940448dcd5d4aacec3aa613c78b891af8752da34,2048,2048,2,float32+float32,HARD_LINK,NO,
test,Lookalike,00138.tif,Test_Images/Lookalike/00138.tif,test/images/Lookalike/00138.tif,00138_segmentation.tif,Mask/Lookalike/00138_segmentation.tif,test/masks/Lookalike/00138_segmentation.tif,2e8314782ec95e2d5811b14d19c95cf6b8cd8cf9221658e0db18c6838f44b6b3,f1aa0ad4cbbd93669d577a8d940448dcd5d4aacec3aa613c78b891af8752da34,2048,2048,2,float32+float32,HARD_LINK,NO,
test,Lookalike,00139.tif,Test_Images/Lookalike/00139.tif,test/images/Lookalike/00139.tif,00139_segmentation.tif,Mask/Lookalike/00139_segmentation.tif,test/masks/Lookalike/00139_segmentation.tif,5d2a7acbe80dda379c4738dc25a2e39241ea1644b65cfd73626cb36aef2fde6f,f1aa0ad4cbbd93669d577a8d940448dcd5d4aacec3aa613c78b891af8752da34,2048,2048,2,float32+float32,HARD_LINK,NO,
test,Lookalike,00140.tif,Test_Images/Lookalike/00140.tif,test/images/Lookalike/00140.tif,00140_segmentation.tif,Mask/Lookalike/00140_segmentation.tif,test/masks/Lookalike/00140_segmentation.tif,fc693fe6180460dbd01ee47c819c9c5ac67ac94f4f6b3a5a098501a6572f56ac,f1aa0ad4cbbd93669d577a8d940448dcd5d4aacec3aa613c78b891af8752da34,2048,2048,2,float32+float32,HARD_LINK,NO,
test,Lookalike,00141.tif,Test_Images/Lookalike/00141.tif,test/images/Lookalike/00141.tif,00141_segmentation.tif,Mask/Lookalike/00141_segmentation.tif,test/masks/Lookalike/00141_segmentation.tif,88d19000a675b91a3345646d92e12937444bb1d5fcbe4b7945de1d1254465cd8,f1aa0ad4cbbd93669d577a8d940448dcd5d4aacec3aa613c78b891af8752da34,2048,2048,2,float32+float32,HARD_LINK,NO,
test,Lookalike,00142.tif,Test_Images/Lookalike/00142.tif,test/images/Lookalike/00142.tif,00142_segmentation.tif,Mask/Lookalike/00142_segmentation.tif,test/masks/Lookalike/00142_segmentation.tif,23adfd5006e0c1b1ae30a4ba62b5b29331d682b95a2bb1fe38899b7d181d0e75,f1aa0ad4cbbd93669d577a8d940448dcd5d4aacec3aa613c78b891af8752da34,2048,2048,2,float32+float32,HARD_LINK,NO,
test,Lookalike,00143.tif,Test_Images/Lookalike/00143.tif,test/images/Lookalike/00143.tif,00143_segmentation.tif,Mask/Lookalike/00143_segmentation.tif,test/masks/Lookalike/00143_segmentation.tif,cb8e0ae6dfadbf295f12c7aff65acafec8e4e8ac496ae69a4d9cc8faf9d061b1,f1aa0ad4cbbd93669d577a8d940448dcd5d4aacec3aa613c78b891af8752da34,2048,2048,2,float32+float32,HARD_LINK,NO,
test,Lookalike,00144.tif,Test_Images/Lookalike/00144.tif,test/images/Lookalike/00144.tif,00144_segmentation.tif,Mask/Lookalike/00144_segmentation.tif,test/masks/Lookalike/00144_segmentation.tif,a1c3cb9cf3323999272b8ed5123d144c6d3cba2acff717cfec897ff4cfcf4748,f1aa0ad4cbbd93669d577a8d940448dcd5d4aacec3aa613c78b891af8752da34,2048,2048,2,float32+float32,HARD_LINK,NO,
test,Lookalike,00145.tif,Test_Images/Lookalike/00145.tif,test/images/Lookalike/00145.tif,00145_segmentation.tif,Mask/Lookalike/00145_segmentation.tif,test/masks/Lookalike/00145_segmentation.tif,654fc48163539a02cfb6e9101530f976474c67d990921fd2d009664c62f72cf8,f1aa0ad4cbbd93669d577a8d940448dcd5d4aacec3aa613c78b891af8752da34,2048,2048,2,float32+float32,HARD_LINK,NO,
test,Lookalike,00146.tif,Test_Images/Lookalike/00146.tif,test/images/Lookalike/00146.tif,00146_segmentation.tif,Mask/Lookalike/00146_segmentation.tif,test/masks/Lookalike/00146_segmentation.tif,3628e2bab72c30bc2a1473d12fb75546853c961cfd46d480c7632cd4fc0daa26,f1aa0ad4cbbd93669d577a8d940448dcd5d4aacec3aa613c78b891af8752da34,2048,2048,2,float32+float32,HARD_LINK,NO,
test,Lookalike,00147.tif,Test_Images/Lookalike/00147.tif,test/images/Lookalike/00147.tif,00147_segmentation.tif,Mask/Lookalike/00147_segmentation.tif,test/masks/Lookalike/00147_segmentation.tif,6df943fa743ef89fafb9c40f510bb0b269f8baed5b43f2a8959adfc5d8691c72,f1aa0ad4cbbd93669d577a8d940448dcd5d4aacec3aa613c78b891af8752da34,2048,2048,2,float32+float32,HARD_LINK,NO,
test,Lookalike,00148.tif,Test_Images/Lookalike/00148.tif,test/images/Lookalike/00148.tif,00148_segmentation.tif,Mask/Lookalike/00148_segmentation.tif,test/masks/Lookalike/00148_segmentation.tif,1a9dd2498ece3bcaf80b59ff355ba49d7a0b8d684f242543adf5831dc4f9bf93,f1aa0ad4cbbd93669d577a8d940448dcd5d4aacec3aa613c78b891af8752da34,2048,2048,2,float32+float32,HARD_LINK,NO,
test,Lookalike,00149.tif,Test_Images/Lookalike/00149.tif,test/images/Lookalike/00149.tif,00149_segmentation.tif,Mask/Lookalike/00149_segmentation.tif,test/masks/Lookalike/00149_segmentation.tif,21a2d31a2c9385e5b23101aa15b0f33071a4b25b08fcb7d68b3a84a9b2b29f17,f1aa0ad4cbbd93669d577a8d940448dcd5d4aacec3aa613c78b891af8752da34,2048,2048,2,float32+float32,HARD_LINK,NO,
quarantined,Oil,Oil/00007.tif,Oil/00007.tif,,Mask_oil/00007.tif,Mask_oil/00007.tif,,927b382ebffc2f84447a17b80b30e6c3f1f6758fcb8d6e7a13e7c4de70932405,4d2638e21b23f84e733fd1fcd7ee43290297a01dc8d7523407a0b2c765ab4866,,,,,NOT_LINKED,YES,"G1 contradictory labels (dup of Oil/01339, masks differ)"
quarantined,Oil,Oil/00357.tif,Oil/00357.tif,,Mask_oil/00357.tif,Mask_oil/00357.tif,,87148351174fb8cb77c1a3f9f05e0d635ec275ec6b73bce82fe6ec1fc01e7c35,6da04149726a3ec5a55714c76b1dbce8f93b4c71db5c78bfde028971ff458a5c,,,,,NOT_LINKED,YES,exact duplicate of Oil/00356 (keep first copy)
quarantined,Oil,Oil/01339.tif,Oil/01339.tif,,Mask_oil/01339.tif,Mask_oil/01339.tif,,927b382ebffc2f84447a17b80b30e6c3f1f6758fcb8d6e7a13e7c4de70932405,81ed3665ce12bb82bc269a4d57cb8488a513efe17d8e6b9586c5058b2dff76d8,,,,,NOT_LINKED,YES,"G1 contradictory labels (dup of Oil/00007, masks differ)"
quarantined,No_oil,No_oil/00543.tif,No_oil/00543.tif,,Mask_no_oil/00543.tif,Mask_no_oil/00543.tif,,b9d0a8db9ef71320b1c662e17c6b8ccc83e3147f9db4b5bb391af806bc5e2a19,f1aa0ad4cbbd93669d577a8d940448dcd5d4aacec3aa613c78b891af8752da34,,,,,NOT_LINKED,YES,exact duplicate of No_oil/00542 (keep first copy)
