split,class,image_source,mask_source,width,height,bands,dtype,mask_width,mask_height,mask_unique,nan,posinf,neginf,status,issues
train,Oil,Oil/00501.tif,Mask_oil/00501.tif,2048,2048,2,float32+float32,2048,2048,"[0, 1]",0,0,0,valid,
train,Oil,Oil/00889.tif,Mask_oil/00889.tif,2048,2048,2,float32+float32,2048,2048,"[0, 1]",0,0,0,valid,
train,Oil,Oil/01183.tif,Mask_oil/01183.tif,2048,2048,2,float32+float32,2048,2048,"[0, 1]",0,0,0,valid,
train,Oil,Oil/01236.tif,Mask_oil/01236.tif,2048,2048,2,float32+float32,2048,2048,"[0, 1]",0,0,0,valid,
train,Oil,Oil/00897.tif,Mask_oil/00897.tif,2048,2048,2,float32+float32,2048,2048,"[0, 1]",0,0,0,valid,
train,Oil,Oil/00096.tif,Mask_oil/00096.tif,2048,2048,2,float32+float32,2048,2048,"[0, 1]",0,0,0,valid,
train,Oil,Oil/01076.tif,Mask_oil/01076.tif,2048,2048,2,float32+float32,2048,2048,"[0, 1]",0,0,0,valid,
train,Oil,Oil/00560.tif,Mask_oil/00560.tif,2048,2048,2,float32+float32,2048,2048,"[0, 1]",0,0,0,valid,
train,Oil,Oil/00866.tif,Mask_oil/00866.tif,2048,2048,2,float32+float32,2048,2048,"[0, 1]",0,0,0,valid,
train,Oil,Oil/00374.tif,Mask_oil/00374.tif,2048,2048,2,float32+float32,2048,2048,"[0, 1]",0,0,0,valid,
train,Oil,Oil/01195.tif,Mask_oil/01195.tif,2048,2048,2,float32+float32,2048,2048,"[0, 1]",0,0,0,valid,
train,Oil,Oil/00820.tif,Mask_oil/00820.tif,2048,2048,2,float32+float32,2048,2048,"[0, 1]",0,0,0,valid,
train,Oil,Oil/00079.tif,Mask_oil/00079.tif,2048,2048,2,float32+float32,2048,2048,"[0, 1]",0,0,0,valid,
train,Oil,Oil/00807.tif,Mask_oil/00807.tif,2048,2048,2,float32+float32,2048,2048,"[0, 1]",0,0,0,valid,
train,Oil,Oil/00950.tif,Mask_oil/00950.tif,2048,2048,2,float32+float32,2048,2048,"[0, 1]",0,0,0,valid,
train,Oil,Oil/00840.tif,Mask_oil/00840.tif,2048,2048,2,float32+float32,2048,2048,"[0, 1]",0,0,0,valid,
train,Oil,Oil/00478.tif,Mask_oil/00478.tif,2048,2048,2,float32+float32,2048,2048,"[0, 1]",0,0,0,valid,
train,Oil,Oil/00188.tif,Mask_oil/00188.tif,2048,2048,2,float32+float32,2048,2048,"[0, 1]",0,0,0,valid,
train,Oil,Oil/01165.tif,Mask_oil/01165.tif,2048,2048,2,float32+float32,2048,2048,"[0, 1]",0,0,0,valid,
train,Oil,Oil/00197.tif,Mask_oil/00197.tif,2048,2048,2,float32+float32,2048,2048,"[0, 1]",0,0,0,valid,
train,Oil,Oil/00846.tif,Mask_oil/00846.tif,2048,2048,2,float32+float32,2048,2048,"[0, 1]",0,0,0,valid,
train,Oil,Oil/00012.tif,Mask_oil/00012.tif,2048,2048,2,float32+float32,2048,2048,"[0, 1]",0,0,0,valid,
train,Oil,Oil/00845.tif,Mask_oil/00845.tif,2048,2048,2,float32+float32,2048,2048,"[0, 1]",0,0,0,valid,
train,Oil,Oil/00412.tif,Mask_oil/00412.tif,2048,2048,2,float32+float32,2048,2048,"[0, 1]",0,0,0,valid,
train,Oil,Oil/00461.tif,Mask_oil/00461.tif,2048,2048,2,float32+float32,2048,2048,"[0, 1]",0,0,0,valid,
train,Oil,Oil/00915.tif,Mask_oil/00915.tif,2048,2048,2,float32+float32,2048,2048,"[0, 1]",0,0,0,valid,
train,Oil,Oil/00772.tif,Mask_oil/00772.tif,2048,2048,2,float32+float32,2048,2048,"[0, 1]",0,0,0,valid,
train,Oil,Oil/01027.tif,Mask_oil/01027.tif,2048,2048,2,float32+float32,2048,2048,"[0, 1]",0,0,0,valid,
train,Oil,Oil/01179.tif,Mask_oil/01179.tif,2048,2048,2,float32+float32,2048,2048,"[0, 1]",0,0,0,valid,
train,Oil,Oil/00080.tif,Mask_oil/00080.tif,2048,2048,2,float32+float32,2048,2048,"[0, 1]",0,0,0,valid,
train,Oil,Oil/00871.tif,Mask_oil/00871.tif,2048,2048,2,float32+float32,2048,2048,"[0, 1]",0,0,0,valid,
train,Oil,Oil/01147.tif,Mask_oil/01147.tif,2048,2048,2,float32+float32,2048,2048,"[0, 1]",0,0,0,valid,
train,Oil,Oil/01158.tif,Mask_oil/01158.tif,2048,2048,2,float32+float32,2048,2048,"[0, 1]",0,0,0,valid,
train,Oil,Oil/00785.tif,Mask_oil/00785.tif,2048,2048,2,float32+float32,2048,2048,"[0, 1]",0,0,0,valid,
train,Oil,Oil/00133.tif,Mask_oil/00133.tif,2048,2048,2,float32+float32,2048,2048,"[0, 1]",0,0,0,valid,
train,Oil,Oil/00978.tif,Mask_oil/00978.tif,2048,2048,2,float32+float32,2048,2048,"[0, 1]",0,0,0,valid,
train,Oil,Oil/00570.tif,Mask_oil/00570.tif,2048,2048,2,float32+float32,2048,2048,"[0, 1]",0,0,0,valid,
train,Oil,Oil/00577.tif,Mask_oil/00577.tif,2048,2048,2,float32+float32,2048,2048,"[0, 1]",0,0,0,valid,
train,Oil,Oil/00294.tif,Mask_oil/00294.tif,2048,2048,2,float32+float32,2048,2048,"[0, 1]",0,0,0,valid,
train,Oil,Oil/00919.tif,Mask_oil/00919.tif,2048,2048,2,float32+float32,2048,2048,"[0, 1]",0,0,0,valid,
train,Oil,Oil/01046.tif,Mask_oil/01046.tif,2048,2048,2,float32+float32,2048,2048,"[0, 1]",0,0,0,valid,
train,Oil,Oil/00778.tif,Mask_oil/00778.tif,2048,2048,2,float32+float32,2048,2048,"[0, 1]",0,0,0,valid,
train,Oil,Oil/01299.tif,Mask_oil/01299.tif,2048,2048,2,float32+float32,2048,2048,"[0, 1]",0,0,0,valid,
train,Oil,Oil/01123.tif,Mask_oil/01123.tif,2048,2048,2,float32+float32,2048,2048,"[0, 1]",0,0,0,valid,
train,Oil,Oil/00452.tif,Mask_oil/00452.tif,2048,2048,2,float32+float32,2048,2048,"[0, 1]",0,0,0,valid,
train,Oil,Oil/01008.tif,Mask_oil/01008.tif,2048,2048,2,float32+float32,2048,2048,"[0, 1]",0,0,0,valid,
train,Oil,Oil/00788.tif,Mask_oil/00788.tif,2048,2048,2,float32+float32,2048,2048,"[0, 1]",0,0,0,valid,
train,Oil,Oil/01297.tif,Mask_oil/01297.tif,2048,2048,2,float32+float32,2048,2048,"[0, 1]",0,0,0,valid,
train,Oil,Oil/00521.tif,Mask_oil/00521.tif,2048,2048,2,float32+float32,2048,2048,"[0, 1]",0,0,0,valid,
train,Oil,Oil/00949.tif,Mask_oil/00949.tif,2048,2048,2,float32+float32,2048,2048,"[0, 1]",0,0,0,valid,
train,Oil,Oil/01169.tif,Mask_oil/01169.tif,2048,2048,2,float32+float32,2048,2048,"[0, 1]",0,0,0,valid,
train,Oil,Oil/00738.tif,Mask_oil/00738.tif,2048,2048,2,float32+float32,2048,2048,"[0, 1]",0,0,0,valid,
train,Oil,Oil/00675.tif,Mask_oil/00675.tif,2048,2048,2,float32+float32,2048,2048,"[0, 1]",0,0,0,valid,
train,Oil,Oil/00325.tif,Mask_oil/00325.tif,2048,2048,2,float32+float32,2048,2048,"[0, 1]",0,0,0,valid,
train,Oil,Oil/01334.tif,Mask_oil/01334.tif,2048,2048,2,float32+float32,2048,2048,"[0, 1]",0,0,0,valid,
train,Oil,Oil/00251.tif,Mask_oil/00251.tif,2048,2048,2,float32+float32,2048,2048,"[0, 1]",0,0,0,valid,
train,Oil,Oil/01107.tif,Mask_oil/01107.tif,2048,2048,2,float32+float32,2048,2048,"[0, 1]",0,0,0,valid,
train,Oil,Oil/00154.tif,Mask_oil/00154.tif,2048,2048,2,float32+float32,2048,2048,"[0, 1]",0,0,0,valid,
train,Oil,Oil/01144.tif,Mask_oil/01144.tif,2048,2048,2,float32+float32,2048,2048,"[0, 1]",0,0,0,valid,
train,Oil,Oil/00864.tif,Mask_oil/00864.tif,2048,2048,2,float32+float32,2048,2048,"[0, 1]",0,0,0,valid,
train,Oil,Oil/00753.tif,Mask_oil/00753.tif,2048,2048,2,float32+float32,2048,2048,"[0, 1]",0,0,0,valid,
train,Oil,Oil/00568.tif,Mask_oil/00568.tif,2048,2048,2,float32+float32,2048,2048,"[0, 1]",0,0,0,valid,
train,Oil,Oil/01081.tif,Mask_oil/01081.tif,2048,2048,2,float32+float32,2048,2048,"[0, 1]",0,0,0,valid,
train,Oil,Oil/00524.tif,Mask_oil/00524.tif,2048,2048,2,float32+float32,2048,2048,"[0, 1]",0,0,0,valid,
train,Oil,Oil/00761.tif,Mask_oil/00761.tif,2048,2048,2,float32+float32,2048,2048,"[0, 1]",0,0,0,valid,
train,Oil,Oil/00102.tif,Mask_oil/00102.tif,2048,2048,2,float32+float32,2048,2048,"[0, 1]",0,0,0,valid,
train,Oil,Oil/00725.tif,Mask_oil/00725.tif,2048,2048,2,float32+float32,2048,2048,"[0, 1]",0,0,0,valid,
train,Oil,Oil/00064.tif,Mask_oil/00064.tif,2048,2048,2,float32+float32,2048,2048,"[0, 1]",0,0,0,valid,
train,Oil,Oil/00013.tif,Mask_oil/00013.tif,2048,2048,2,float32+float32,2048,2048,"[0, 1]",0,0,0,valid,
train,Oil,Oil/00407.tif,Mask_oil/00407.tif,2048,2048,2,float32+float32,2048,2048,"[0, 1]",0,0,0,valid,
train,Oil,Oil/00927.tif,Mask_oil/00927.tif,2048,2048,2,float32+float32,2048,2048,"[0, 1]",0,0,0,valid,
train,Oil,Oil/01025.tif,Mask_oil/01025.tif,2048,2048,2,float32+float32,2048,2048,"[0, 1]",0,0,0,valid,
train,Oil,Oil/00004.tif,Mask_oil/00004.tif,2048,2048,2,float32+float32,2048,2048,"[0, 1]",0,0,0,valid,
train,Oil,Oil/00713.tif,Mask_oil/00713.tif,2048,2048,2,float32+float32,2048,2048,"[0, 1]",0,0,0,valid,
train,Oil,Oil/01117.tif,Mask_oil/01117.tif,2048,2048,2,float32+float32,2048,2048,"[0, 1]",0,0,0,valid,
train,Oil,Oil/00264.tif,Mask_oil/00264.tif,2048,2048,2,float32+float32,2048,2048,"[0, 1]",0,0,0,valid,
train,Oil,Oil/00341.tif,Mask_oil/00341.tif,2048,2048,2,float32+float32,2048,2048,"[0, 1]",0,0,0,valid,
train,Oil,Oil/01109.tif,Mask_oil/01109.tif,2048,2048,2,float32+float32,2048,2048,"[0, 1]",0,0,0,valid,
train,Oil,Oil/01265.tif,Mask_oil/01265.tif,2048,2048,2,float32+float32,2048,2048,"[0, 1]",0,0,0,valid,
train,Oil,Oil/01290.tif,Mask_oil/01290.tif,2048,2048,2,float32+float32,2048,2048,"[0, 1]",0,0,0,valid,
train,Oil,Oil/00563.tif,Mask_oil/00563.tif,2048,2048,2,float32+float32,2048,2048,"[0, 1]",0,0,0,valid,
train,Oil,Oil/00208.tif,Mask_oil/00208.tif,2048,2048,2,float32+float32,2048,2048,"[0, 1]",0,0,0,valid,
train,Oil,Oil/00691.tif,Mask_oil/00691.tif,2048,2048,2,float32+float32,2048,2048,"[0, 1]",0,0,0,valid,
train,Oil,Oil/00681.tif,Mask_oil/00681.tif,2048,2048,2,float32+float32,2048,2048,"[0, 1]",0,0,0,valid,
train,Oil,Oil/00712.tif,Mask_oil/00712.tif,2048,2048,2,float32+float32,2048,2048,"[0, 1]",0,0,0,valid,
train,Oil,Oil/00342.tif,Mask_oil/00342.tif,2048,2048,2,float32+float32,2048,2048,"[0, 1]",0,0,0,valid,
train,Oil,Oil/00627.tif,Mask_oil/00627.tif,2048,2048,2,float32+float32,2048,2048,"[0, 1]",0,0,0,valid,
train,Oil,Oil/00826.tif,Mask_oil/00826.tif,2048,2048,2,float32+float32,2048,2048,"[0, 1]",0,0,0,valid,
train,Oil,Oil/01037.tif,Mask_oil/01037.tif,2048,2048,2,float32+float32,2048,2048,"[0, 1]",0,0,0,valid,
train,Oil,Oil/00958.tif,Mask_oil/00958.tif,2048,2048,2,float32+float32,2048,2048,"[0, 1]",0,0,0,valid,
train,Oil,Oil/00447.tif,Mask_oil/00447.tif,2048,2048,2,float32+float32,2048,2048,"[0, 1]",0,0,0,valid,
train,Oil,Oil/00542.tif,Mask_oil/00542.tif,2048,2048,2,float32+float32,2048,2048,"[0, 1]",0,0,0,valid,
train,Oil,Oil/00941.tif,Mask_oil/00941.tif,2048,2048,2,float32+float32,2048,2048,"[0, 1]",0,0,0,valid,
train,Oil,Oil/00535.tif,Mask_oil/00535.tif,2048,2048,2,float32+float32,2048,2048,"[0, 1]",0,0,0,valid,
train,Oil,Oil/00368.tif,Mask_oil/00368.tif,2048,2048,2,float32+float32,2048,2048,"[0, 1]",0,0,0,valid,
train,Oil,Oil/00176.tif,Mask_oil/00176.tif,2048,2048,2,float32+float32,2048,2048,"[0, 1]",0,0,0,valid,
train,Oil,Oil/00611.tif,Mask_oil/00611.tif,2048,2048,2,float32+float32,2048,2048,"[0, 1]",0,0,0,valid,
train,Oil,Oil/01229.tif,Mask_oil/01229.tif,2048,2048,2,float32+float32,2048,2048,"[0, 1]",0,0,0,valid,
train,Oil,Oil/00766.tif,Mask_oil/00766.tif,2048,2048,2,float32+float32,2048,2048,"[0, 1]",0,0,0,valid,
train,Oil,Oil/00909.tif,Mask_oil/00909.tif,2048,2048,2,float32+float32,2048,2048,"[0, 1]",0,0,0,valid,
train,Oil,Oil/00964.tif,Mask_oil/00964.tif,2048,2048,2,float32+float32,2048,2048,"[0, 1]",0,0,0,valid,
train,Oil,Oil/00504.tif,Mask_oil/00504.tif,2048,2048,2,float32+float32,2048,2048,"[0, 1]",0,0,0,valid,
train,Oil,Oil/00425.tif,Mask_oil/00425.tif,2048,2048,2,float32+float32,2048,2048,"[0, 1]",0,0,0,valid,
train,Oil,Oil/00480.tif,Mask_oil/00480.tif,2048,2048,2,float32+float32,2048,2048,"[0, 1]",0,0,0,valid,
train,Oil,Oil/01048.tif,Mask_oil/01048.tif,2048,2048,2,float32+float32,2048,2048,"[0, 1]",0,0,0,valid,
train,Oil,Oil/00038.tif,Mask_oil/00038.tif,2048,2048,2,float32+float32,2048,2048,"[0, 1]",0,0,0,valid,
train,Oil,Oil/00907.tif,Mask_oil/00907.tif,2048,2048,2,float32+float32,2048,2048,"[0, 1]",0,0,0,valid,
train,Oil,Oil/01069.tif,Mask_oil/01069.tif,2048,2048,2,float32+float32,2048,2048,"[0, 1]",0,0,0,valid,
train,Oil,Oil/01005.tif,Mask_oil/01005.tif,2048,2048,2,float32+float32,2048,2048,"[0, 1]",0,0,0,valid,
train,Oil,Oil/00834.tif,Mask_oil/00834.tif,2048,2048,2,float32+float32,2048,2048,"[0, 1]",0,0,0,valid,
train,Oil,Oil/00720.tif,Mask_oil/00720.tif,2048,2048,2,float32+float32,2048,2048,"[0, 1]",0,0,0,valid,
train,Oil,Oil/00808.tif,Mask_oil/00808.tif,2048,2048,2,float32+float32,2048,2048,"[0, 1]",0,0,0,valid,
train,Oil,Oil/00618.tif,Mask_oil/00618.tif,2048,2048,2,float32+float32,2048,2048,"[0, 1]",0,0,0,valid,
train,Oil,Oil/01155.tif,Mask_oil/01155.tif,2048,2048,2,float32+float32,2048,2048,"[0, 1]",0,0,0,valid,
train,Oil,Oil/01082.tif,Mask_oil/01082.tif,2048,2048,2,float32+float32,2048,2048,"[0, 1]",0,0,0,valid,
train,Oil,Oil/00369.tif,Mask_oil/00369.tif,2048,2048,2,float32+float32,2048,2048,"[0, 1]",0,0,0,valid,
train,Oil,Oil/00018.tif,Mask_oil/00018.tif,2048,2048,2,float32+float32,2048,2048,"[0, 1]",0,0,0,valid,
train,Oil,Oil/00890.tif,Mask_oil/00890.tif,2048,2048,2,float32+float32,2048,2048,"[0, 1]",0,0,0,valid,
train,Oil,Oil/00745.tif,Mask_oil/00745.tif,2048,2048,2,float32+float32,2048,2048,"[0, 1]",0,0,0,valid,
train,Oil,Oil/00667.tif,Mask_oil/00667.tif,2048,2048,2,float32+float32,2048,2048,"[0, 1]",0,0,0,valid,
train,Oil,Oil/00320.tif,Mask_oil/00320.tif,2048,2048,2,float32+float32,2048,2048,"[0, 1]",0,0,0,valid,
train,Oil,Oil/00150.tif,Mask_oil/00150.tif,2048,2048,2,float32+float32,2048,2048,"[0, 1]",0,0,0,valid,
train,Oil,Oil/01033.tif,Mask_oil/01033.tif,2048,2048,2,float32+float32,2048,2048,"[0, 1]",0,0,0,valid,
train,Oil,Oil/00055.tif,Mask_oil/00055.tif,2048,2048,2,float32+float32,2048,2048,"[0, 1]",0,0,0,valid,
train,Oil,Oil/00997.tif,Mask_oil/00997.tif,2048,2048,2,float32+float32,2048,2048,"[0, 1]",0,0,0,valid,
train,Oil,Oil/00961.tif,Mask_oil/00961.tif,2048,2048,2,float32+float32,2048,2048,"[0, 1]",0,0,0,valid,
train,Oil,Oil/00352.tif,Mask_oil/00352.tif,2048,2048,2,float32+float32,2048,2048,"[0, 1]",0,0,0,valid,
train,Oil,Oil/01023.tif,Mask_oil/01023.tif,2048,2048,2,float32+float32,2048,2048,"[0, 1]",0,0,0,valid,
train,Oil,Oil/01275.tif,Mask_oil/01275.tif,2048,2048,2,float32+float32,2048,2048,"[0, 1]",0,0,0,valid,
train,Oil,Oil/00575.tif,Mask_oil/00575.tif,2048,2048,2,float32+float32,2048,2048,"[0, 1]",0,0,0,valid,
train,Oil,Oil/00348.tif,Mask_oil/00348.tif,2048,2048,2,float32+float32,2048,2048,"[0, 1]",0,0,0,valid,
train,Oil,Oil/01214.tif,Mask_oil/01214.tif,2048,2048,2,float32+float32,2048,2048,"[0, 1]",0,0,0,valid,
train,Oil,Oil/00635.tif,Mask_oil/00635.tif,2048,2048,2,float32+float32,2048,2048,"[0, 1]",0,0,0,valid,
train,Oil,Oil/00749.tif,Mask_oil/00749.tif,2048,2048,2,float32+float32,2048,2048,"[0, 1]",0,0,0,valid,
train,Oil,Oil/00200.tif,Mask_oil/00200.tif,2048,2048,2,float32+float32,2048,2048,"[0, 1]",0,0,0,valid,
train,Oil,Oil/00823.tif,Mask_oil/00823.tif,2048,2048,2,float32+float32,2048,2048,"[0, 1]",0,0,0,valid,
train,Oil,Oil/00459.tif,Mask_oil/00459.tif,2048,2048,2,float32+float32,2048,2048,"[0, 1]",0,0,0,valid,
train,Oil,Oil/00477.tif,Mask_oil/00477.tif,2048,2048,2,float32+float32,2048,2048,"[0, 1]",0,0,0,valid,
train,Oil,Oil/00387.tif,Mask_oil/00387.tif,2048,2048,2,float32+float32,2048,2048,"[0, 1]",0,0,0,valid,
train,Oil,Oil/00065.tif,Mask_oil/00065.tif,2048,2048,2,float32+float32,2048,2048,"[0, 1]",0,0,0,valid,
train,Oil,Oil/00752.tif,Mask_oil/00752.tif,2048,2048,2,float32+float32,2048,2048,"[0, 1]",0,0,0,valid,
train,Oil,Oil/00303.tif,Mask_oil/00303.tif,2048,2048,2,float32+float32,2048,2048,"[0, 1]",0,0,0,valid,
train,Oil,Oil/00695.tif,Mask_oil/00695.tif,2048,2048,2,float32+float32,2048,2048,"[0, 1]",0,0,0,valid,
train,Oil,Oil/00912.tif,Mask_oil/00912.tif,2048,2048,2,float32+float32,2048,2048,"[0, 1]",0,0,0,valid,
train,Oil,Oil/00841.tif,Mask_oil/00841.tif,2048,2048,2,float32+float32,2048,2048,"[0, 1]",0,0,0,valid,
train,Oil,Oil/00686.tif,Mask_oil/00686.tif,2048,2048,2,float32+float32,2048,2048,"[0, 1]",0,0,0,valid,
train,Oil,Oil/00882.tif,Mask_oil/00882.tif,2048,2048,2,float32+float32,2048,2048,"[0, 1]",0,0,0,valid,
train,Oil,Oil/00424.tif,Mask_oil/00424.tif,2048,2048,2,float32+float32,2048,2048,"[0, 1]",0,0,0,valid,
train,Oil,Oil/00455.tif,Mask_oil/00455.tif,2048,2048,2,float32+float32,2048,2048,"[0, 1]",0,0,0,valid,
train,Oil,Oil/00922.tif,Mask_oil/00922.tif,2048,2048,2,float32+float32,2048,2048,"[0, 1]",0,0,0,valid,
train,Oil,Oil/00445.tif,Mask_oil/00445.tif,2048,2048,2,float32+float32,2048,2048,"[0, 1]",0,0,0,valid,
train,Oil,Oil/00701.tif,Mask_oil/00701.tif,2048,2048,2,float32+float32,2048,2048,"[0, 1]",0,0,0,valid,
train,Oil,Oil/00650.tif,Mask_oil/00650.tif,2048,2048,2,float32+float32,2048,2048,"[0, 1]",0,0,0,valid,
train,Oil,Oil/00543.tif,Mask_oil/00543.tif,2048,2048,2,float32+float32,2048,2048,"[0, 1]",0,0,0,valid,
train,Oil,Oil/00779.tif,Mask_oil/00779.tif,2048,2048,2,float32+float32,2048,2048,"[0, 1]",0,0,0,valid,
train,Oil,Oil/00506.tif,Mask_oil/00506.tif,2048,2048,2,float32+float32,2048,2048,"[0, 1]",0,0,0,valid,
train,Oil,Oil/00394.tif,Mask_oil/00394.tif,2048,2048,2,float32+float32,2048,2048,"[0, 1]",0,0,0,valid,
train,Oil,Oil/00204.tif,Mask_oil/00204.tif,2048,2048,2,float32+float32,2048,2048,"[0, 1]",0,0,0,valid,
train,Oil,Oil/00801.tif,Mask_oil/00801.tif,2048,2048,2,float32+float32,2048,2048,"[0, 1]",0,0,0,valid,
train,Oil,Oil/01210.tif,Mask_oil/01210.tif,2048,2048,2,float32+float32,2048,2048,"[0, 1]",0,0,0,valid,
train,Oil,Oil/00564.tif,Mask_oil/00564.tif,2048,2048,2,float32+float32,2048,2048,"[0, 1]",0,0,0,valid,
train,Oil,Oil/00112.tif,Mask_oil/00112.tif,2048,2048,2,float32+float32,2048,2048,"[0, 1]",0,0,0,valid,
train,Oil,Oil/01213.tif,Mask_oil/01213.tif,2048,2048,2,float32+float32,2048,2048,"[0, 1]",0,0,0,valid,
train,Oil,Oil/00054.tif,Mask_oil/00054.tif,2048,2048,2,float32+float32,2048,2048,"[0, 1]",0,0,0,valid,
train,Oil,Oil/01237.tif,Mask_oil/01237.tif,2048,2048,2,float32+float32,2048,2048,"[0, 1]",0,0,0,valid,
train,Oil,Oil/00658.tif,Mask_oil/00658.tif,2048,2048,2,float32+float32,2048,2048,"[0, 1]",0,0,0,valid,
train,Oil,Oil/01242.tif,Mask_oil/01242.tif,2048,2048,2,float32+float32,2048,2048,"[0, 1]",0,0,0,valid,
train,Oil,Oil/00466.tif,Mask_oil/00466.tif,2048,2048,2,float32+float32,2048,2048,"[0, 1]",0,0,0,valid,
train,Oil,Oil/00770.tif,Mask_oil/00770.tif,2048,2048,2,float32+float32,2048,2048,"[0, 1]",0,0,0,valid,
train,Oil,Oil/01262.tif,Mask_oil/01262.tif,2048,2048,2,float32+float32,2048,2048,"[0, 1]",0,0,0,valid,
train,Oil,Oil/00456.tif,Mask_oil/00456.tif,2048,2048,2,float32+float32,2048,2048,"[0, 1]",0,0,0,valid,
train,Oil,Oil/00893.tif,Mask_oil/00893.tif,2048,2048,2,float32+float32,2048,2048,"[0, 1]",0,0,0,valid,
train,Oil,Oil/00835.tif,Mask_oil/00835.tif,2048,2048,2,float32+float32,2048,2048,"[0, 1]",0,0,0,valid,
train,Oil,Oil/00679.tif,Mask_oil/00679.tif,2048,2048,2,float32+float32,2048,2048,"[0, 1]",0,0,0,valid,
train,Oil,Oil/01095.tif,Mask_oil/01095.tif,2048,2048,2,float32+float32,2048,2048,"[0, 1]",0,0,0,valid,
train,Oil,Oil/00023.tif,Mask_oil/00023.tif,2048,2048,2,float32+float32,2048,2048,"[0, 1]",0,0,0,valid,
train,Oil,Oil/00929.tif,Mask_oil/00929.tif,2048,2048,2,float32+float32,2048,2048,"[0, 1]",0,0,0,valid,
train,Oil,Oil/01220.tif,Mask_oil/01220.tif,2048,2048,2,float32+float32,2048,2048,"[0, 1]",0,0,0,valid,
train,Oil,Oil/00680.tif,Mask_oil/00680.tif,2048,2048,2,float32+float32,2048,2048,"[0, 1]",0,0,0,valid,
train,Oil,Oil/00965.tif,Mask_oil/00965.tif,2048,2048,2,float32+float32,2048,2048,"[0, 1]",0,0,0,valid,
train,Oil,Oil/00586.tif,Mask_oil/00586.tif,2048,2048,2,float32+float32,2048,2048,"[0, 1]",0,0,0,valid,
train,Oil,Oil/01219.tif,Mask_oil/01219.tif,2048,2048,2,float32+float32,2048,2048,"[0, 1]",0,0,0,valid,
train,Oil,Oil/00285.tif,Mask_oil/00285.tif,2048,2048,2,float32+float32,2048,2048,"[0, 1]",0,0,0,valid,
train,Oil,Oil/00699.tif,Mask_oil/00699.tif,2048,2048,2,float32+float32,2048,2048,"[0, 1]",0,0,0,valid,
train,Oil,Oil/00876.tif,Mask_oil/00876.tif,2048,2048,2,float32+float32,2048,2048,"[0, 1]",0,0,0,valid,
train,Oil,Oil/00099.tif,Mask_oil/00099.tif,2048,2048,2,float32+float32,2048,2048,"[0, 1]",0,0,0,valid,
train,Oil,Oil/00644.tif,Mask_oil/00644.tif,2048,2048,2,float32+float32,2048,2048,"[0, 1]",0,0,0,valid,
train,Oil,Oil/00769.tif,Mask_oil/00769.tif,2048,2048,2,float32+float32,2048,2048,"[0, 1]",0,0,0,valid,
train,Oil,Oil/00213.tif,Mask_oil/00213.tif,2048,2048,2,float32+float32,2048,2048,"[0, 1]",0,0,0,valid,
train,Oil,Oil/01166.tif,Mask_oil/01166.tif,2048,2048,2,float32+float32,2048,2048,"[0, 1]",0,0,0,valid,
train,Oil,Oil/01032.tif,Mask_oil/01032.tif,2048,2048,2,float32+float32,2048,2048,"[0, 1]",0,0,0,valid,
train,Oil,Oil/00130.tif,Mask_oil/00130.tif,2048,2048,2,float32+float32,2048,2048,"[0, 1]",0,0,0,valid,
train,Oil,Oil/00104.tif,Mask_oil/00104.tif,2048,2048,2,float32+float32,2048,2048,"[0, 1]",0,0,0,valid,
train,Oil,Oil/01016.tif,Mask_oil/01016.tif,2048,2048,2,float32+float32,2048,2048,"[0, 1]",0,0,0,valid,
train,Oil,Oil/00274.tif,Mask_oil/00274.tif,2048,2048,2,float32+float32,2048,2048,"[0, 1]",0,0,0,valid,
train,Oil,Oil/00665.tif,Mask_oil/00665.tif,2048,2048,2,float32+float32,2048,2048,"[0, 1]",0,0,0,valid,
train,Oil,Oil/00698.tif,Mask_oil/00698.tif,2048,2048,2,float32+float32,2048,2048,"[0, 1]",0,0,0,valid,
train,Oil,Oil/00592.tif,Mask_oil/00592.tif,2048,2048,2,float32+float32,2048,2048,"[0, 1]",0,0,0,valid,
train,Oil,Oil/00333.tif,Mask_oil/00333.tif,2048,2048,2,float32+float32,2048,2048,"[0, 1]",0,0,0,valid,
train,Oil,Oil/00052.tif,Mask_oil/00052.tif,2048,2048,2,float32+float32,2048,2048,"[0, 1]",0,0,0,valid,
train,Oil,Oil/01003.tif,Mask_oil/01003.tif,2048,2048,2,float32+float32,2048,2048,"[0, 1]",0,0,0,valid,
train,Oil,Oil/00800.tif,Mask_oil/00800.tif,2048,2048,2,float32+float32,2048,2048,"[0, 1]",0,0,0,valid,
train,Oil,Oil/00821.tif,Mask_oil/00821.tif,2048,2048,2,float32+float32,2048,2048,"[0, 1]",0,0,0,valid,
train,Oil,Oil/00572.tif,Mask_oil/00572.tif,2048,2048,2,float32+float32,2048,2048,"[0, 1]",0,0,0,valid,
train,Oil,Oil/01203.tif,Mask_oil/01203.tif,2048,2048,2,float32+float32,2048,2048,"[0, 1]",0,0,0,valid,
train,Oil,Oil/00873.tif,Mask_oil/00873.tif,2048,2048,2,float32+float32,2048,2048,"[0, 1]",0,0,0,valid,
train,Oil,Oil/00244.tif,Mask_oil/00244.tif,2048,2048,2,float32+float32,2048,2048,"[0, 1]",0,0,0,valid,
train,Oil,Oil/01306.tif,Mask_oil/01306.tif,2048,2048,2,float32+float32,2048,2048,"[0, 1]",0,0,0,valid,
train,Oil,Oil/00851.tif,Mask_oil/00851.tif,2048,2048,2,float32+float32,2048,2048,"[0, 1]",0,0,0,valid,
train,Oil,Oil/00804.tif,Mask_oil/00804.tif,2048,2048,2,float32+float32,2048,2048,"[0, 1]",0,0,0,valid,
train,Oil,Oil/00082.tif,Mask_oil/00082.tif,2048,2048,2,float32+float32,2048,2048,"[0, 1]",0,0,0,valid,
train,Oil,Oil/00261.tif,Mask_oil/00261.tif,2048,2048,2,float32+float32,2048,2048,"[0, 1]",0,0,0,valid,
train,Oil,Oil/00757.tif,Mask_oil/00757.tif,2048,2048,2,float32+float32,2048,2048,"[0, 1]",0,0,0,valid,
train,Oil,Oil/00246.tif,Mask_oil/00246.tif,2048,2048,2,float32+float32,2048,2048,"[0, 1]",0,0,0,valid,
train,Oil,Oil/01096.tif,Mask_oil/01096.tif,2048,2048,2,float32+float32,2048,2048,"[0, 1]",0,0,0,valid,
train,Oil,Oil/00883.tif,Mask_oil/00883.tif,2048,2048,2,float32+float32,2048,2048,"[0, 1]",0,0,0,valid,
train,Oil,Oil/01218.tif,Mask_oil/01218.tif,2048,2048,2,float32+float32,2048,2048,"[0, 1]",0,0,0,valid,
train,Oil,Oil/00266.tif,Mask_oil/00266.tif,2048,2048,2,float32+float32,2048,2048,"[0, 1]",0,0,0,valid,
train,Oil,Oil/00484.tif,Mask_oil/00484.tif,2048,2048,2,float32+float32,2048,2048,"[0, 1]",0,0,0,valid,
train,Oil,Oil/00614.tif,Mask_oil/00614.tif,2048,2048,2,float32+float32,2048,2048,"[0, 1]",0,0,0,valid,
train,Oil,Oil/01310.tif,Mask_oil/01310.tif,2048,2048,2,float32+float32,2048,2048,"[0, 1]",0,0,0,valid,
train,Oil,Oil/00393.tif,Mask_oil/00393.tif,2048,2048,2,float32+float32,2048,2048,"[0, 1]",0,0,0,valid,
train,Oil,Oil/00396.tif,Mask_oil/00396.tif,2048,2048,2,float32+float32,2048,2048,"[0, 1]",0,0,0,valid,
train,Oil,Oil/01231.tif,Mask_oil/01231.tif,2048,2048,2,float32+float32,2048,2048,"[0, 1]",0,0,0,valid,
train,Oil,Oil/01126.tif,Mask_oil/01126.tif,2048,2048,2,float32+float32,2048,2048,"[0, 1]",0,0,0,valid,
train,Oil,Oil/01202.tif,Mask_oil/01202.tif,2048,2048,2,float32+float32,2048,2048,"[0, 1]",0,0,0,valid,
train,Oil,Oil/00901.tif,Mask_oil/00901.tif,2048,2048,2,float32+float32,2048,2048,"[0, 1]",0,0,0,valid,
train,Oil,Oil/00011.tif,Mask_oil/00011.tif,2048,2048,2,float32+float32,2048,2048,"[0, 1]",0,0,0,valid,
train,Oil,Oil/00193.tif,Mask_oil/00193.tif,2048,2048,2,float32+float32,2048,2048,"[0, 1]",0,0,0,valid,
train,Oil,Oil/00601.tif,Mask_oil/00601.tif,2048,2048,2,float32+float32,2048,2048,"[0, 1]",0,0,0,valid,
train,Oil,Oil/00296.tif,Mask_oil/00296.tif,2048,2048,2,float32+float32,2048,2048,"[0, 1]",0,0,0,valid,
train,Oil,Oil/00160.tif,Mask_oil/00160.tif,2048,2048,2,float32+float32,2048,2048,"[0, 1]",0,0,0,valid,
train,Oil,Oil/00431.tif,Mask_oil/00431.tif,2048,2048,2,float32+float32,2048,2048,"[0, 1]",0,0,0,valid,
train,Oil,Oil/00457.tif,Mask_oil/00457.tif,2048,2048,2,float32+float32,2048,2048,"[0, 1]",0,0,0,valid,
train,Oil,Oil/01004.tif,Mask_oil/01004.tif,2048,2048,2,float32+float32,2048,2048,"[0, 1]",0,0,0,valid,
train,Oil,Oil/00127.tif,Mask_oil/00127.tif,2048,2048,2,float32+float32,2048,2048,"[0, 1]",0,0,0,valid,
train,Oil,Oil/00223.tif,Mask_oil/00223.tif,2048,2048,2,float32+float32,2048,2048,"[0, 1]",0,0,0,valid,
train,Oil,Oil/00911.tif,Mask_oil/00911.tif,2048,2048,2,float32+float32,2048,2048,"[0, 1]",0,0,0,valid,
train,Oil,Oil/00437.tif,Mask_oil/00437.tif,2048,2048,2,float32+float32,2048,2048,"[0, 1]",0,0,0,valid,
train,Oil,Oil/01175.tif,Mask_oil/01175.tif,2048,2048,2,float32+float32,2048,2048,"[0, 1]",0,0,0,valid,
train,Oil,Oil/00703.tif,Mask_oil/00703.tif,2048,2048,2,float32+float32,2048,2048,"[0, 1]",0,0,0,valid,
train,Oil,Oil/00143.tif,Mask_oil/00143.tif,2048,2048,2,float32+float32,2048,2048,"[0, 1]",0,0,0,valid,
train,Oil,Oil/00088.tif,Mask_oil/00088.tif,2048,2048,2,float32+float32,2048,2048,"[0, 1]",0,0,0,valid,
train,Oil,Oil/00900.tif,Mask_oil/00900.tif,2048,2048,2,float32+float32,2048,2048,"[0, 1]",0,0,0,valid,
train,Oil,Oil/00743.tif,Mask_oil/00743.tif,2048,2048,2,float32+float32,2048,2048,"[0, 1]",0,0,0,valid,
train,Oil,Oil/00859.tif,Mask_oil/00859.tif,2048,2048,2,float32+float32,2048,2048,"[0, 1]",0,0,0,valid,
train,Oil,Oil/01325.tif,Mask_oil/01325.tif,2048,2048,2,float32+float32,2048,2048,"[0, 1]",0,0,0,valid,
train,Oil,Oil/00353.tif,Mask_oil/00353.tif,2048,2048,2,float32+float32,2048,2048,"[0, 1]",0,0,0,valid,
train,Oil,Oil/00620.tif,Mask_oil/00620.tif,2048,2048,2,float32+float32,2048,2048,"[0, 1]",0,0,0,valid,
train,Oil,Oil/00253.tif,Mask_oil/00253.tif,2048,2048,2,float32+float32,2048,2048,"[0, 1]",0,0,0,valid,
train,Oil,Oil/01287.tif,Mask_oil/01287.tif,2048,2048,2,float32+float32,2048,2048,"[0, 1]",0,0,0,valid,
train,Oil,Oil/01064.tif,Mask_oil/01064.tif,2048,2048,2,float32+float32,2048,2048,"[0, 1]",0,0,0,valid,
train,Oil,Oil/00019.tif,Mask_oil/00019.tif,2048,2048,2,float32+float32,2048,2048,"[0, 1]",0,0,0,valid,
train,Oil,Oil/00327.tif,Mask_oil/00327.tif,2048,2048,2,float32+float32,2048,2048,"[0, 1]",0,0,0,valid,
train,Oil,Oil/01035.tif,Mask_oil/01035.tif,2048,2048,2,float32+float32,2048,2048,"[0, 1]",0,0,0,valid,
train,Oil,Oil/00709.tif,Mask_oil/00709.tif,2048,2048,2,float32+float32,2048,2048,"[0, 1]",0,0,0,valid,
train,Oil,Oil/00370.tif,Mask_oil/00370.tif,2048,2048,2,float32+float32,2048,2048,"[0, 1]",0,0,0,valid,
train,Oil,Oil/00924.tif,Mask_oil/00924.tif,2048,2048,2,float32+float32,2048,2048,"[0, 1]",0,0,0,valid,
train,Oil,Oil/00946.tif,Mask_oil/00946.tif,2048,2048,2,float32+float32,2048,2048,"[0, 1]",0,0,0,valid,
train,Oil,Oil/00652.tif,Mask_oil/00652.tif,2048,2048,2,float32+float32,2048,2048,"[0, 1]",0,0,0,valid,
train,Oil,Oil/00760.tif,Mask_oil/00760.tif,2048,2048,2,float32+float32,2048,2048,"[0, 1]",0,0,0,valid,
train,Oil,Oil/00346.tif,Mask_oil/00346.tif,2048,2048,2,float32+float32,2048,2048,"[0, 1]",0,0,0,valid,
train,Oil,Oil/00152.tif,Mask_oil/00152.tif,2048,2048,2,float32+float32,2048,2048,"[0, 1]",0,0,0,valid,
train,Oil,Oil/00892.tif,Mask_oil/00892.tif,2048,2048,2,float32+float32,2048,2048,"[0, 1]",0,0,0,valid,
train,Oil,Oil/00973.tif,Mask_oil/00973.tif,2048,2048,2,float32+float32,2048,2048,"[0, 1]",0,0,0,valid,
train,Oil,Oil/00704.tif,Mask_oil/00704.tif,2048,2048,2,float32+float32,2048,2048,"[0, 1]",0,0,0,valid,
train,Oil,Oil/00186.tif,Mask_oil/00186.tif,2048,2048,2,float32+float32,2048,2048,"[0, 1]",0,0,0,valid,
train,Oil,Oil/00428.tif,Mask_oil/00428.tif,2048,2048,2,float32+float32,2048,2048,"[0, 1]",0,0,0,valid,
train,Oil,Oil/00017.tif,Mask_oil/00017.tif,2048,2048,2,float32+float32,2048,2048,"[0, 1]",0,0,0,valid,
train,Oil,Oil/00972.tif,Mask_oil/00972.tif,2048,2048,2,float32+float32,2048,2048,"[0, 1]",0,0,0,valid,
train,Oil,Oil/00877.tif,Mask_oil/00877.tif,2048,2048,2,float32+float32,2048,2048,"[0, 1]",0,0,0,valid,
train,Oil,Oil/01084.tif,Mask_oil/01084.tif,2048,2048,2,float32+float32,2048,2048,"[0, 1]",0,0,0,valid,
train,Oil,Oil/01129.tif,Mask_oil/01129.tif,2048,2048,2,float32+float32,2048,2048,"[0, 1]",0,0,0,valid,
train,Oil,Oil/00971.tif,Mask_oil/00971.tif,2048,2048,2,float32+float32,2048,2048,"[0, 1]",0,0,0,valid,
train,Oil,Oil/00682.tif,Mask_oil/00682.tif,2048,2048,2,float32+float32,2048,2048,"[0, 1]",0,0,0,valid,
train,Oil,Oil/00755.tif,Mask_oil/00755.tif,2048,2048,2,float32+float32,2048,2048,"[0, 1]",0,0,0,valid,
train,Oil,Oil/01295.tif,Mask_oil/01295.tif,2048,2048,2,float32+float32,2048,2048,"[0, 1]",0,0,0,valid,
train,Oil,Oil/00999.tif,Mask_oil/00999.tif,2048,2048,2,float32+float32,2048,2048,"[0, 1]",0,0,0,valid,
train,Oil,Oil/00095.tif,Mask_oil/00095.tif,2048,2048,2,float32+float32,2048,2048,"[0, 1]",0,0,0,valid,
train,Oil,Oil/01243.tif,Mask_oil/01243.tif,2048,2048,2,float32+float32,2048,2048,"[0, 1]",0,0,0,valid,
train,Oil,Oil/00959.tif,Mask_oil/00959.tif,2048,2048,2,float32+float32,2048,2048,"[0, 1]",0,0,0,valid,
train,Oil,Oil/00538.tif,Mask_oil/00538.tif,2048,2048,2,float32+float32,2048,2048,"[0, 1]",0,0,0,valid,
train,Oil,Oil/00939.tif,Mask_oil/00939.tif,2048,2048,2,float32+float32,2048,2048,"[0, 1]",0,0,0,valid,
train,Oil,Oil/00056.tif,Mask_oil/00056.tif,2048,2048,2,float32+float32,2048,2048,"[0, 1]",0,0,0,valid,
train,Oil,Oil/00031.tif,Mask_oil/00031.tif,2048,2048,2,float32+float32,2048,2048,"[0, 1]",0,0,0,valid,
train,Oil,Oil/00446.tif,Mask_oil/00446.tif,2048,2048,2,float32+float32,2048,2048,"[0, 1]",0,0,0,valid,
train,Oil,Oil/00534.tif,Mask_oil/00534.tif,2048,2048,2,float32+float32,2048,2048,"[0, 1]",0,0,0,valid,
train,Oil,Oil/00894.tif,Mask_oil/00894.tif,2048,2048,2,float32+float32,2048,2048,"[0, 1]",0,0,0,valid,
train,Oil,Oil/00280.tif,Mask_oil/00280.tif,2048,2048,2,float32+float32,2048,2048,"[0, 1]",0,0,0,valid,
train,Oil,Oil/01316.tif,Mask_oil/01316.tif,2048,2048,2,float32+float32,2048,2048,"[0, 1]",0,0,0,valid,
train,Oil,Oil/01284.tif,Mask_oil/01284.tif,2048,2048,2,float32+float32,2048,2048,"[0, 1]",0,0,0,valid,
train,Oil,Oil/01143.tif,Mask_oil/01143.tif,2048,2048,2,float32+float32,2048,2048,"[0, 1]",0,0,0,valid,
train,Oil,Oil/00148.tif,Mask_oil/00148.tif,2048,2048,2,float32+float32,2048,2048,"[0, 1]",0,0,0,valid,
train,Oil,Oil/00265.tif,Mask_oil/00265.tif,2048,2048,2,float32+float32,2048,2048,"[0, 1]",0,0,0,valid,
train,Oil,Oil/00837.tif,Mask_oil/00837.tif,2048,2048,2,float32+float32,2048,2048,"[0, 1]",0,0,0,valid,
train,Oil,Oil/01049.tif,Mask_oil/01049.tif,2048,2048,2,float32+float32,2048,2048,"[0, 1]",0,0,0,valid,
train,Oil,Oil/00860.tif,Mask_oil/00860.tif,2048,2048,2,float32+float32,2048,2048,"[0, 1]",0,0,0,valid,
train,Oil,Oil/00617.tif,Mask_oil/00617.tif,2048,2048,2,float32+float32,2048,2048,"[0, 1]",0,0,0,valid,
train,Oil,Oil/00195.tif,Mask_oil/00195.tif,2048,2048,2,float32+float32,2048,2048,"[0, 1]",0,0,0,valid,
train,Oil,Oil/00726.tif,Mask_oil/00726.tif,2048,2048,2,float32+float32,2048,2048,"[0, 1]",0,0,0,valid,
train,Oil,Oil/00091.tif,Mask_oil/00091.tif,2048,2048,2,float32+float32,2048,2048,"[0, 1]",0,0,0,valid,
train,Oil,Oil/00896.tif,Mask_oil/00896.tif,2048,2048,2,float32+float32,2048,2048,"[0, 1]",0,0,0,valid,
train,Oil,Oil/00518.tif,Mask_oil/00518.tif,2048,2048,2,float32+float32,2048,2048,"[0, 1]",0,0,0,valid,
train,Oil,Oil/00364.tif,Mask_oil/00364.tif,2048,2048,2,float32+float32,2048,2048,"[0, 1]",0,0,0,valid,
train,Oil,Oil/00041.tif,Mask_oil/00041.tif,2048,2048,2,float32+float32,2048,2048,"[0, 1]",0,0,0,valid,
train,Oil,Oil/01134.tif,Mask_oil/01134.tif,2048,2048,2,float32+float32,2048,2048,"[0, 1]",0,0,0,valid,
train,Oil,Oil/00256.tif,Mask_oil/00256.tif,2048,2048,2,float32+float32,2048,2048,"[0, 1]",0,0,0,valid,
train,Oil,Oil/00037.tif,Mask_oil/00037.tif,2048,2048,2,float32+float32,2048,2048,"[0, 1]",0,0,0,valid,
train,Oil,Oil/01054.tif,Mask_oil/01054.tif,2048,2048,2,float32+float32,2048,2048,"[0, 1]",0,0,0,valid,
train,Oil,Oil/00599.tif,Mask_oil/00599.tif,2048,2048,2,float32+float32,2048,2048,"[0, 1]",0,0,0,valid,
train,Oil,Oil/00164.tif,Mask_oil/00164.tif,2048,2048,2,float32+float32,2048,2048,"[0, 1]",0,0,0,valid,
train,Oil,Oil/00027.tif,Mask_oil/00027.tif,2048,2048,2,float32+float32,2048,2048,"[0, 1]",0,0,0,valid,
train,Oil,Oil/00756.tif,Mask_oil/00756.tif,2048,2048,2,float32+float32,2048,2048,"[0, 1]",0,0,0,valid,
train,Oil,Oil/00473.tif,Mask_oil/00473.tif,2048,2048,2,float32+float32,2048,2048,"[0, 1]",0,0,0,valid,
train,Oil,Oil/00647.tif,Mask_oil/00647.tif,2048,2048,2,float32+float32,2048,2048,"[0, 1]",0,0,0,valid,
train,Oil,Oil/00302.tif,Mask_oil/00302.tif,2048,2048,2,float32+float32,2048,2048,"[0, 1]",0,0,0,valid,
train,Oil,Oil/00729.tif,Mask_oil/00729.tif,2048,2048,2,float32+float32,2048,2048,"[0, 1]",0,0,0,valid,
train,Oil,Oil/01153.tif,Mask_oil/01153.tif,2048,2048,2,float32+float32,2048,2048,"[0, 1]",0,0,0,valid,
train,Oil,Oil/01256.tif,Mask_oil/01256.tif,2048,2048,2,float32+float32,2048,2048,"[0, 1]",0,0,0,valid,
train,Oil,Oil/01324.tif,Mask_oil/01324.tif,2048,2048,2,float32+float32,2048,2048,"[0, 1]",0,0,0,valid,
train,Oil,Oil/00968.tif,Mask_oil/00968.tif,2048,2048,2,float32+float32,2048,2048,"[0, 1]",0,0,0,valid,
train,Oil,Oil/00453.tif,Mask_oil/00453.tif,2048,2048,2,float32+float32,2048,2048,"[0, 1]",0,0,0,valid,
train,Oil,Oil/00403.tif,Mask_oil/00403.tif,2048,2048,2,float32+float32,2048,2048,"[0, 1]",0,0,0,valid,
train,Oil,Oil/00189.tif,Mask_oil/00189.tif,2048,2048,2,float32+float32,2048,2048,"[0, 1]",0,0,0,valid,
train,Oil,Oil/00439.tif,Mask_oil/00439.tif,2048,2048,2,float32+float32,2048,2048,"[0, 1]",0,0,0,valid,
train,Oil,Oil/01172.tif,Mask_oil/01172.tif,2048,2048,2,float32+float32,2048,2048,"[0, 1]",0,0,0,valid,
train,Oil,Oil/01217.tif,Mask_oil/01217.tif,2048,2048,2,float32+float32,2048,2048,"[0, 1]",0,0,0,valid,
train,Oil,Oil/00177.tif,Mask_oil/00177.tif,2048,2048,2,float32+float32,2048,2048,"[0, 1]",0,0,0,valid,
train,Oil,Oil/00598.tif,Mask_oil/00598.tif,2048,2048,2,float32+float32,2048,2048,"[0, 1]",0,0,0,valid,
train,Oil,Oil/00858.tif,Mask_oil/00858.tif,2048,2048,2,float32+float32,2048,2048,"[0, 1]",0,0,0,valid,
train,Oil,Oil/00008.tif,Mask_oil/00008.tif,2048,2048,2,float32+float32,2048,2048,"[0, 1]",0,0,0,valid,
train,Oil,Oil/00731.tif,Mask_oil/00731.tif,2048,2048,2,float32+float32,2048,2048,"[0, 1]",0,0,0,valid,
train,Oil,Oil/00111.tif,Mask_oil/00111.tif,2048,2048,2,float32+float32,2048,2048,"[0, 1]",0,0,0,valid,
train,Oil,Oil/00232.tif,Mask_oil/00232.tif,2048,2048,2,float32+float32,2048,2048,"[0, 1]",0,0,0,valid,
train,Oil,Oil/00149.tif,Mask_oil/00149.tif,2048,2048,2,float32+float32,2048,2048,"[0, 1]",0,0,0,valid,
train,Oil,Oil/00872.tif,Mask_oil/00872.tif,2048,2048,2,float32+float32,2048,2048,"[0, 1]",0,0,0,valid,
train,Oil,Oil/01116.tif,Mask_oil/01116.tif,2048,2048,2,float32+float32,2048,2048,"[0, 1]",0,0,0,valid,
train,Oil,Oil/00626.tif,Mask_oil/00626.tif,2048,2048,2,float32+float32,2048,2048,"[0, 1]",0,0,0,valid,
train,Oil,Oil/00183.tif,Mask_oil/00183.tif,2048,2048,2,float32+float32,2048,2048,"[0, 1]",0,0,0,valid,
train,Oil,Oil/00710.tif,Mask_oil/00710.tif,2048,2048,2,float32+float32,2048,2048,"[0, 1]",0,0,0,valid,
train,Oil,Oil/00906.tif,Mask_oil/00906.tif,2048,2048,2,float32+float32,2048,2048,"[0, 1]",0,0,0,valid,
train,Oil,Oil/00371.tif,Mask_oil/00371.tif,2048,2048,2,float32+float32,2048,2048,"[0, 1]",0,0,0,valid,
train,Oil,Oil/01184.tif,Mask_oil/01184.tif,2048,2048,2,float32+float32,2048,2048,"[0, 1]",0,0,0,valid,
train,Oil,Oil/00630.tif,Mask_oil/00630.tif,2048,2048,2,float32+float32,2048,2048,"[0, 1]",0,0,0,valid,
train,Oil,Oil/01104.tif,Mask_oil/01104.tif,2048,2048,2,float32+float32,2048,2048,"[0, 1]",0,0,0,valid,
train,Oil,Oil/00561.tif,Mask_oil/00561.tif,2048,2048,2,float32+float32,2048,2048,"[0, 1]",0,0,0,valid,
train,Oil,Oil/00917.tif,Mask_oil/00917.tif,2048,2048,2,float32+float32,2048,2048,"[0, 1]",0,0,0,valid,
train,Oil,Oil/00339.tif,Mask_oil/00339.tif,2048,2048,2,float32+float32,2048,2048,"[0, 1]",0,0,0,valid,
train,Oil,Oil/00926.tif,Mask_oil/00926.tif,2048,2048,2,float32+float32,2048,2048,"[0, 1]",0,0,0,valid,
train,Oil,Oil/00953.tif,Mask_oil/00953.tif,2048,2048,2,float32+float32,2048,2048,"[0, 1]",0,0,0,valid,
train,Oil,Oil/00118.tif,Mask_oil/00118.tif,2048,2048,2,float32+float32,2048,2048,"[0, 1]",0,0,0,valid,
train,Oil,Oil/00541.tif,Mask_oil/00541.tif,2048,2048,2,float32+float32,2048,2048,"[0, 1]",0,0,0,valid,
train,Oil,Oil/00812.tif,Mask_oil/00812.tif,2048,2048,2,float32+float32,2048,2048,"[0, 1]",0,0,0,valid,
train,Oil,Oil/00162.tif,Mask_oil/00162.tif,2048,2048,2,float32+float32,2048,2048,"[0, 1]",0,0,0,valid,
train,Oil,Oil/00462.tif,Mask_oil/00462.tif,2048,2048,2,float32+float32,2048,2048,"[0, 1]",0,0,0,valid,
train,Oil,Oil/00649.tif,Mask_oil/00649.tif,2048,2048,2,float32+float32,2048,2048,"[0, 1]",0,0,0,valid,
train,Oil,Oil/00286.tif,Mask_oil/00286.tif,2048,2048,2,float32+float32,2048,2048,"[0, 1]",0,0,0,valid,
train,Oil,Oil/00895.tif,Mask_oil/00895.tif,2048,2048,2,float32+float32,2048,2048,"[0, 1]",0,0,0,valid,
train,Oil,Oil/00637.tif,Mask_oil/00637.tif,2048,2048,2,float32+float32,2048,2048,"[0, 1]",0,0,0,valid,
train,Oil,Oil/01100.tif,Mask_oil/01100.tif,2048,2048,2,float32+float32,2048,2048,"[0, 1]",0,0,0,valid,
train,Oil,Oil/01200.tif,Mask_oil/01200.tif,2048,2048,2,float32+float32,2048,2048,"[0, 1]",0,0,0,valid,
train,Oil,Oil/00218.tif,Mask_oil/00218.tif,2048,2048,2,float32+float32,2048,2048,"[0, 1]",0,0,0,valid,
train,Oil,Oil/00824.tif,Mask_oil/00824.tif,2048,2048,2,float32+float32,2048,2048,"[0, 1]",0,0,0,valid,
train,Oil,Oil/00989.tif,Mask_oil/00989.tif,2048,2048,2,float32+float32,2048,2048,"[0, 1]",0,0,0,valid,
train,Oil,Oil/00597.tif,Mask_oil/00597.tif,2048,2048,2,float32+float32,2048,2048,"[0, 1]",0,0,0,valid,
train,Oil,Oil/00951.tif,Mask_oil/00951.tif,2048,2048,2,float32+float32,2048,2048,"[0, 1]",0,0,0,valid,
train,Oil,Oil/00366.tif,Mask_oil/00366.tif,2048,2048,2,float32+float32,2048,2048,"[0, 1]",0,0,0,valid,
train,Oil,Oil/00830.tif,Mask_oil/00830.tif,2048,2048,2,float32+float32,2048,2048,"[0, 1]",0,0,0,valid,
train,Oil,Oil/00600.tif,Mask_oil/00600.tif,2048,2048,2,float32+float32,2048,2048,"[0, 1]",0,0,0,valid,
train,Oil,Oil/00505.tif,Mask_oil/00505.tif,2048,2048,2,float32+float32,2048,2048,"[0, 1]",0,0,0,valid,
train,Oil,Oil/00430.tif,Mask_oil/00430.tif,2048,2048,2,float32+float32,2048,2048,"[0, 1]",0,0,0,valid,
train,Oil,Oil/00258.tif,Mask_oil/00258.tif,2048,2048,2,float32+float32,2048,2048,"[0, 1]",0,0,0,valid,
train,Oil,Oil/00145.tif,Mask_oil/00145.tif,2048,2048,2,float32+float32,2048,2048,"[0, 1]",0,0,0,valid,
train,Oil,Oil/00739.tif,Mask_oil/00739.tif,2048,2048,2,float32+float32,2048,2048,"[0, 1]",0,0,0,valid,
train,Oil,Oil/00795.tif,Mask_oil/00795.tif,2048,2048,2,float32+float32,2048,2048,"[0, 1]",0,0,0,valid,
train,Oil,Oil/00944.tif,Mask_oil/00944.tif,2048,2048,2,float32+float32,2048,2048,"[0, 1]",0,0,0,valid,
train,Oil,Oil/00943.tif,Mask_oil/00943.tif,2048,2048,2,float32+float32,2048,2048,"[0, 1]",0,0,0,valid,
train,Oil,Oil/00308.tif,Mask_oil/00308.tif,2048,2048,2,float32+float32,2048,2048,"[0, 1]",0,0,0,valid,
train,Oil,Oil/00440.tif,Mask_oil/00440.tif,2048,2048,2,float32+float32,2048,2048,"[0, 1]",0,0,0,valid,
train,Oil,Oil/01193.tif,Mask_oil/01193.tif,2048,2048,2,float32+float32,2048,2048,"[0, 1]",0,0,0,valid,
train,Oil,Oil/01142.tif,Mask_oil/01142.tif,2048,2048,2,float32+float32,2048,2048,"[0, 1]",0,0,0,valid,
train,Oil,Oil/01079.tif,Mask_oil/01079.tif,2048,2048,2,float32+float32,2048,2048,"[0, 1]",0,0,0,valid,
train,Oil,Oil/00463.tif,Mask_oil/00463.tif,2048,2048,2,float32+float32,2048,2048,"[0, 1]",0,0,0,valid,
train,Oil,Oil/00920.tif,Mask_oil/00920.tif,2048,2048,2,float32+float32,2048,2048,"[0, 1]",0,0,0,valid,
train,Oil,Oil/00522.tif,Mask_oil/00522.tif,2048,2048,2,float32+float32,2048,2048,"[0, 1]",0,0,0,valid,
train,Oil,Oil/00925.tif,Mask_oil/00925.tif,2048,2048,2,float32+float32,2048,2048,"[0, 1]",0,0,0,valid,
train,Oil,Oil/00444.tif,Mask_oil/00444.tif,2048,2048,2,float32+float32,2048,2048,"[0, 1]",0,0,0,valid,
train,Oil,Oil/00156.tif,Mask_oil/00156.tif,2048,2048,2,float32+float32,2048,2048,"[0, 1]",0,0,0,valid,
train,Oil,Oil/01157.tif,Mask_oil/01157.tif,2048,2048,2,float32+float32,2048,2048,"[0, 1]",0,0,0,valid,
train,Oil,Oil/00117.tif,Mask_oil/00117.tif,2048,2048,2,float32+float32,2048,2048,"[0, 1]",0,0,0,valid,
train,Oil,Oil/00328.tif,Mask_oil/00328.tif,2048,2048,2,float32+float32,2048,2048,"[0, 1]",0,0,0,valid,
train,Oil,Oil/00722.tif,Mask_oil/00722.tif,2048,2048,2,float32+float32,2048,2048,"[0, 1]",0,0,0,valid,
train,Oil,Oil/00916.tif,Mask_oil/00916.tif,2048,2048,2,float32+float32,2048,2048,"[0, 1]",0,0,0,valid,
train,Oil,Oil/00998.tif,Mask_oil/00998.tif,2048,2048,2,float32+float32,2048,2048,"[0, 1]",0,0,0,valid,
train,Oil,Oil/01268.tif,Mask_oil/01268.tif,2048,2048,2,float32+float32,2048,2048,"[0, 1]",0,0,0,valid,
train,Oil,Oil/00700.tif,Mask_oil/00700.tif,2048,2048,2,float32+float32,2048,2048,"[0, 1]",0,0,0,valid,
train,Oil,Oil/01083.tif,Mask_oil/01083.tif,2048,2048,2,float32+float32,2048,2048,"[0, 1]",0,0,0,valid,
train,Oil,Oil/00952.tif,Mask_oil/00952.tif,2048,2048,2,float32+float32,2048,2048,"[0, 1]",0,0,0,valid,
train,Oil,Oil/00168.tif,Mask_oil/00168.tif,2048,2048,2,float32+float32,2048,2048,"[0, 1]",0,0,0,valid,
train,Oil,Oil/01269.tif,Mask_oil/01269.tif,2048,2048,2,float32+float32,2048,2048,"[0, 1]",0,0,0,valid,
train,Oil,Oil/00134.tif,Mask_oil/00134.tif,2048,2048,2,float32+float32,2048,2048,"[0, 1]",0,0,0,valid,
train,Oil,Oil/00948.tif,Mask_oil/00948.tif,2048,2048,2,float32+float32,2048,2048,"[0, 1]",0,0,0,valid,
train,Oil,Oil/01280.tif,Mask_oil/01280.tif,2048,2048,2,float32+float32,2048,2048,"[0, 1]",0,0,0,valid,
train,Oil,Oil/00904.tif,Mask_oil/00904.tif,2048,2048,2,float32+float32,2048,2048,"[0, 1]",0,0,0,valid,
train,Oil,Oil/00604.tif,Mask_oil/00604.tif,2048,2048,2,float32+float32,2048,2048,"[0, 1]",0,0,0,valid,
train,Oil,Oil/01154.tif,Mask_oil/01154.tif,2048,2048,2,float32+float32,2048,2048,"[0, 1]",0,0,0,valid,
train,Oil,Oil/00214.tif,Mask_oil/00214.tif,2048,2048,2,float32+float32,2048,2048,"[0, 1]",0,0,0,valid,
train,Oil,Oil/00809.tif,Mask_oil/00809.tif,2048,2048,2,float32+float32,2048,2048,"[0, 1]",0,0,0,valid,
train,Oil,Oil/00596.tif,Mask_oil/00596.tif,2048,2048,2,float32+float32,2048,2048,"[0, 1]",0,0,0,valid,
train,Oil,Oil/00847.tif,Mask_oil/00847.tif,2048,2048,2,float32+float32,2048,2048,"[0, 1]",0,0,0,valid,
train,Oil,Oil/00954.tif,Mask_oil/00954.tif,2048,2048,2,float32+float32,2048,2048,"[0, 1]",0,0,0,valid,
train,Oil,Oil/00291.tif,Mask_oil/00291.tif,2048,2048,2,float32+float32,2048,2048,"[0, 1]",0,0,0,valid,
train,Oil,Oil/00460.tif,Mask_oil/00460.tif,2048,2048,2,float32+float32,2048,2048,"[0, 1]",0,0,0,valid,
train,Oil,Oil/00551.tif,Mask_oil/00551.tif,2048,2048,2,float32+float32,2048,2048,"[0, 1]",0,0,0,valid,
train,Oil,Oil/00742.tif,Mask_oil/00742.tif,2048,2048,2,float32+float32,2048,2048,"[0, 1]",0,0,0,valid,
train,Oil,Oil/01281.tif,Mask_oil/01281.tif,2048,2048,2,float32+float32,2048,2048,"[0, 1]",0,0,0,valid,
train,Oil,Oil/00050.tif,Mask_oil/00050.tif,2048,2048,2,float32+float32,2048,2048,"[0, 1]",0,0,0,valid,
train,Oil,Oil/00158.tif,Mask_oil/00158.tif,2048,2048,2,float32+float32,2048,2048,"[0, 1]",0,0,0,valid,
train,Oil,Oil/00905.tif,Mask_oil/00905.tif,2048,2048,2,float32+float32,2048,2048,"[0, 1]",0,0,0,valid,
train,Oil,Oil/01073.tif,Mask_oil/01073.tif,2048,2048,2,float32+float32,2048,2048,"[0, 1]",0,0,0,valid,
train,Oil,Oil/00555.tif,Mask_oil/00555.tif,2048,2048,2,float32+float32,2048,2048,"[0, 1]",0,0,0,valid,
train,Oil,Oil/00450.tif,Mask_oil/00450.tif,2048,2048,2,float32+float32,2048,2048,"[0, 1]",0,0,0,valid,
train,Oil,Oil/00277.tif,Mask_oil/00277.tif,2048,2048,2,float32+float32,2048,2048,"[0, 1]",0,0,0,valid,
train,Oil,Oil/00591.tif,Mask_oil/00591.tif,2048,2048,2,float32+float32,2048,2048,"[0, 1]",0,0,0,valid,
train,Oil,Oil/01163.tif,Mask_oil/01163.tif,2048,2048,2,float32+float32,2048,2048,"[0, 1]",0,0,0,valid,
train,Oil,Oil/00472.tif,Mask_oil/00472.tif,2048,2048,2,float32+float32,2048,2048,"[0, 1]",0,0,0,valid,
train,Oil,Oil/00340.tif,Mask_oil/00340.tif,2048,2048,2,float32+float32,2048,2048,"[0, 1]",0,0,0,valid,
train,Oil,Oil/01000.tif,Mask_oil/01000.tif,2048,2048,2,float32+float32,2048,2048,"[0, 1]",0,0,0,valid,
train,Oil,Oil/00884.tif,Mask_oil/00884.tif,2048,2048,2,float32+float32,2048,2048,"[0, 1]",0,0,0,valid,
train,Oil,Oil/01204.tif,Mask_oil/01204.tif,2048,2048,2,float32+float32,2048,2048,"[0, 1]",0,0,0,valid,
train,Oil,Oil/01270.tif,Mask_oil/01270.tif,2048,2048,2,float32+float32,2048,2048,"[0, 1]",0,0,0,valid,
train,Oil,Oil/01271.tif,Mask_oil/01271.tif,2048,2048,2,float32+float32,2048,2048,"[0, 1]",0,0,0,valid,
train,Oil,Oil/00451.tif,Mask_oil/00451.tif,2048,2048,2,float32+float32,2048,2048,"[0, 1]",0,0,0,valid,
train,Oil,Oil/00108.tif,Mask_oil/00108.tif,2048,2048,2,float32+float32,2048,2048,"[0, 1]",0,0,0,valid,
train,Oil,Oil/01028.tif,Mask_oil/01028.tif,2048,2048,2,float32+float32,2048,2048,"[0, 1]",0,0,0,valid,
train,Oil,Oil/00093.tif,Mask_oil/00093.tif,2048,2048,2,float32+float32,2048,2048,"[0, 1]",0,0,0,valid,
train,Oil,Oil/01022.tif,Mask_oil/01022.tif,2048,2048,2,float32+float32,2048,2048,"[0, 1]",0,0,0,valid,
train,Oil,Oil/00289.tif,Mask_oil/00289.tif,2048,2048,2,float32+float32,2048,2048,"[0, 1]",0,0,0,valid,
train,Oil,Oil/00966.tif,Mask_oil/00966.tif,2048,2048,2,float32+float32,2048,2048,"[0, 1]",0,0,0,valid,
train,Oil,Oil/00400.tif,Mask_oil/00400.tif,2048,2048,2,float32+float32,2048,2048,"[0, 1]",0,0,0,valid,
train,Oil,Oil/00233.tif,Mask_oil/00233.tif,2048,2048,2,float32+float32,2048,2048,"[0, 1]",0,0,0,valid,
train,Oil,Oil/00275.tif,Mask_oil/00275.tif,2048,2048,2,float32+float32,2048,2048,"[0, 1]",0,0,0,valid,
train,Oil,Oil/01321.tif,Mask_oil/01321.tif,2048,2048,2,float32+float32,2048,2048,"[0, 1]",0,0,0,valid,
train,Oil,Oil/00736.tif,Mask_oil/00736.tif,2048,2048,2,float32+float32,2048,2048,"[0, 1]",0,0,0,valid,
train,Oil,Oil/00861.tif,Mask_oil/00861.tif,2048,2048,2,float32+float32,2048,2048,"[0, 1]",0,0,0,valid,
train,Oil,Oil/01191.tif,Mask_oil/01191.tif,2048,2048,2,float32+float32,2048,2048,"[0, 1]",0,0,0,valid,
train,Oil,Oil/00513.tif,Mask_oil/00513.tif,2048,2048,2,float32+float32,2048,2048,"[0, 1]",0,0,0,valid,
train,Oil,Oil/01130.tif,Mask_oil/01130.tif,2048,2048,2,float32+float32,2048,2048,"[0, 1]",0,0,0,valid,
train,Oil,Oil/00216.tif,Mask_oil/00216.tif,2048,2048,2,float32+float32,2048,2048,"[0, 1]",0,0,0,valid,
train,Oil,Oil/00406.tif,Mask_oil/00406.tif,2048,2048,2,float32+float32,2048,2048,"[0, 1]",0,0,0,valid,
train,Oil,Oil/00323.tif,Mask_oil/00323.tif,2048,2048,2,float32+float32,2048,2048,"[0, 1]",0,0,0,valid,
train,Oil,Oil/00039.tif,Mask_oil/00039.tif,2048,2048,2,float32+float32,2048,2048,"[0, 1]",0,0,0,valid,
train,Oil,Oil/01301.tif,Mask_oil/01301.tif,2048,2048,2,float32+float32,2048,2048,"[0, 1]",0,0,0,valid,
train,Oil,Oil/00910.tif,Mask_oil/00910.tif,2048,2048,2,float32+float32,2048,2048,"[0, 1]",0,0,0,valid,
train,Oil,Oil/01234.tif,Mask_oil/01234.tif,2048,2048,2,float32+float32,2048,2048,"[0, 1]",0,0,0,valid,
train,Oil,Oil/00336.tif,Mask_oil/00336.tif,2048,2048,2,float32+float32,2048,2048,"[0, 1]",0,0,0,valid,
train,Oil,Oil/00219.tif,Mask_oil/00219.tif,2048,2048,2,float32+float32,2048,2048,"[0, 1]",0,0,0,valid,
train,Oil,Oil/00022.tif,Mask_oil/00022.tif,2048,2048,2,float32+float32,2048,2048,"[0, 1]",0,0,0,valid,
train,Oil,Oil/00476.tif,Mask_oil/00476.tif,2048,2048,2,float32+float32,2048,2048,"[0, 1]",0,0,0,valid,
train,Oil,Oil/00355.tif,Mask_oil/00355.tif,2048,2048,2,float32+float32,2048,2048,"[0, 1]",0,0,0,valid,
train,Oil,Oil/01196.tif,Mask_oil/01196.tif,2048,2048,2,float32+float32,2048,2048,"[0, 1]",0,0,0,valid,
train,Oil,Oil/01326.tif,Mask_oil/01326.tif,2048,2048,2,float32+float32,2048,2048,"[0, 1]",0,0,0,valid,
train,Oil,Oil/00832.tif,Mask_oil/00832.tif,2048,2048,2,float32+float32,2048,2048,"[0, 1]",0,0,0,valid,
train,Oil,Oil/00791.tif,Mask_oil/00791.tif,2048,2048,2,float32+float32,2048,2048,"[0, 1]",0,0,0,valid,
train,Oil,Oil/01285.tif,Mask_oil/01285.tif,2048,2048,2,float32+float32,2048,2048,"[0, 1]",0,0,0,valid,
train,Oil,Oil/00719.tif,Mask_oil/00719.tif,2048,2048,2,float32+float32,2048,2048,"[0, 1]",0,0,0,valid,
train,Oil,Oil/00777.tif,Mask_oil/00777.tif,2048,2048,2,float32+float32,2048,2048,"[0, 1]",0,0,0,valid,
train,Oil,Oil/00471.tif,Mask_oil/00471.tif,2048,2048,2,float32+float32,2048,2048,"[0, 1]",0,0,0,valid,
train,Oil,Oil/00432.tif,Mask_oil/00432.tif,2048,2048,2,float32+float32,2048,2048,"[0, 1]",0,0,0,valid,
train,Oil,Oil/00918.tif,Mask_oil/00918.tif,2048,2048,2,float32+float32,2048,2048,"[0, 1]",0,0,0,valid,
train,Oil,Oil/00711.tif,Mask_oil/00711.tif,2048,2048,2,float32+float32,2048,2048,"[0, 1]",0,0,0,valid,
train,Oil,Oil/01309.tif,Mask_oil/01309.tif,2048,2048,2,float32+float32,2048,2048,"[0, 1]",0,0,0,valid,
train,Oil,Oil/00661.tif,Mask_oil/00661.tif,2048,2048,2,float32+float32,2048,2048,"[0, 1]",0,0,0,valid,
train,Oil,Oil/00818.tif,Mask_oil/00818.tif,2048,2048,2,float32+float32,2048,2048,"[0, 1]",0,0,0,valid,
train,Oil,Oil/01029.tif,Mask_oil/01029.tif,2048,2048,2,float32+float32,2048,2048,"[0, 1]",0,0,0,valid,
train,Oil,Oil/00042.tif,Mask_oil/00042.tif,2048,2048,2,float32+float32,2048,2048,"[0, 1]",0,0,0,valid,
train,Oil,Oil/00123.tif,Mask_oil/00123.tif,2048,2048,2,float32+float32,2048,2048,"[0, 1]",0,0,0,valid,
train,Oil,Oil/01062.tif,Mask_oil/01062.tif,2048,2048,2,float32+float32,2048,2048,"[0, 1]",0,0,0,valid,
train,Oil,Oil/00740.tif,Mask_oil/00740.tif,2048,2048,2,float32+float32,2048,2048,"[0, 1]",0,0,0,valid,
train,Oil,Oil/00241.tif,Mask_oil/00241.tif,2048,2048,2,float32+float32,2048,2048,"[0, 1]",0,0,0,valid,
train,Oil,Oil/00544.tif,Mask_oil/00544.tif,2048,2048,2,float32+float32,2048,2048,"[0, 1]",0,0,0,valid,
train,Oil,Oil/00422.tif,Mask_oil/00422.tif,2048,2048,2,float32+float32,2048,2048,"[0, 1]",0,0,0,valid,
train,Oil,Oil/00363.tif,Mask_oil/00363.tif,2048,2048,2,float32+float32,2048,2048,"[0, 1]",0,0,0,valid,
train,Oil,Oil/00902.tif,Mask_oil/00902.tif,2048,2048,2,float32+float32,2048,2048,"[0, 1]",0,0,0,valid,
train,Oil,Oil/01199.tif,Mask_oil/01199.tif,2048,2048,2,float32+float32,2048,2048,"[0, 1]",0,0,0,valid,
train,Oil,Oil/01311.tif,Mask_oil/01311.tif,2048,2048,2,float32+float32,2048,2048,"[0, 1]",0,0,0,valid,
train,Oil,Oil/00365.tif,Mask_oil/00365.tif,2048,2048,2,float32+float32,2048,2048,"[0, 1]",0,0,0,valid,
train,Oil,Oil/01103.tif,Mask_oil/01103.tif,2048,2048,2,float32+float32,2048,2048,"[0, 1]",0,0,0,valid,
train,Oil,Oil/01251.tif,Mask_oil/01251.tif,2048,2048,2,float32+float32,2048,2048,"[0, 1]",0,0,0,valid,
train,Oil,Oil/00613.tif,Mask_oil/00613.tif,2048,2048,2,float32+float32,2048,2048,"[0, 1]",0,0,0,valid,
train,Oil,Oil/00497.tif,Mask_oil/00497.tif,2048,2048,2,float32+float32,2048,2048,"[0, 1]",0,0,0,valid,
train,Oil,Oil/00963.tif,Mask_oil/00963.tif,2048,2048,2,float32+float32,2048,2048,"[0, 1]",0,0,0,valid,
train,Oil,Oil/01322.tif,Mask_oil/01322.tif,2048,2048,2,float32+float32,2048,2048,"[0, 1]",0,0,0,valid,
train,Oil,Oil/00443.tif,Mask_oil/00443.tif,2048,2048,2,float32+float32,2048,2048,"[0, 1]",0,0,0,valid,
train,Oil,Oil/00458.tif,Mask_oil/00458.tif,2048,2048,2,float32+float32,2048,2048,"[0, 1]",0,0,0,valid,
train,Oil,Oil/01181.tif,Mask_oil/01181.tif,2048,2048,2,float32+float32,2048,2048,"[0, 1]",0,0,0,valid,
train,Oil,Oil/01137.tif,Mask_oil/01137.tif,2048,2048,2,float32+float32,2048,2048,"[0, 1]",0,0,0,valid,
train,Oil,Oil/00382.tif,Mask_oil/00382.tif,2048,2048,2,float32+float32,2048,2048,"[0, 1]",0,0,0,valid,
train,Oil,Oil/00945.tif,Mask_oil/00945.tif,2048,2048,2,float32+float32,2048,2048,"[0, 1]",0,0,0,valid,
train,Oil,Oil/00236.tif,Mask_oil/00236.tif,2048,2048,2,float32+float32,2048,2048,"[0, 1]",0,0,0,valid,
train,Oil,Oil/00674.tif,Mask_oil/00674.tif,2048,2048,2,float32+float32,2048,2048,"[0, 1]",0,0,0,valid,
train,Oil,Oil/01159.tif,Mask_oil/01159.tif,2048,2048,2,float32+float32,2048,2048,"[0, 1]",0,0,0,valid,
train,Oil,Oil/01011.tif,Mask_oil/01011.tif,2048,2048,2,float32+float32,2048,2048,"[0, 1]",0,0,0,valid,
train,Oil,Oil/00293.tif,Mask_oil/00293.tif,2048,2048,2,float32+float32,2048,2048,"[0, 1]",0,0,0,valid,
train,Oil,Oil/01038.tif,Mask_oil/01038.tif,2048,2048,2,float32+float32,2048,2048,"[0, 1]",0,0,0,valid,
train,Oil,Oil/00566.tif,Mask_oil/00566.tif,2048,2048,2,float32+float32,2048,2048,"[0, 1]",0,0,0,valid,
train,Oil,Oil/01093.tif,Mask_oil/01093.tif,2048,2048,2,float32+float32,2048,2048,"[0, 1]",0,0,0,valid,
train,Oil,Oil/01012.tif,Mask_oil/01012.tif,2048,2048,2,float32+float32,2048,2048,"[0, 1]",0,0,0,valid,
train,Oil,Oil/00417.tif,Mask_oil/00417.tif,2048,2048,2,float32+float32,2048,2048,"[0, 1]",0,0,0,valid,
train,Oil,Oil/00934.tif,Mask_oil/00934.tif,2048,2048,2,float32+float32,2048,2048,"[0, 1]",0,0,0,valid,
train,Oil,Oil/00077.tif,Mask_oil/00077.tif,2048,2048,2,float32+float32,2048,2048,"[0, 1]",0,0,0,valid,
train,Oil,Oil/00825.tif,Mask_oil/00825.tif,2048,2048,2,float32+float32,2048,2048,"[0, 1]",0,0,0,valid,
train,Oil,Oil/00670.tif,Mask_oil/00670.tif,2048,2048,2,float32+float32,2048,2048,"[0, 1]",0,0,0,valid,
train,Oil,Oil/00933.tif,Mask_oil/00933.tif,2048,2048,2,float32+float32,2048,2048,"[0, 1]",0,0,0,valid,
train,Oil,Oil/01232.tif,Mask_oil/01232.tif,2048,2048,2,float32+float32,2048,2048,"[0, 1]",0,0,0,valid,
train,Oil,Oil/01018.tif,Mask_oil/01018.tif,2048,2048,2,float32+float32,2048,2048,"[0, 1]",0,0,0,valid,
train,Oil,Oil/00032.tif,Mask_oil/00032.tif,2048,2048,2,float32+float32,2048,2048,"[0, 1]",0,0,0,valid,
train,Oil,Oil/00046.tif,Mask_oil/00046.tif,2048,2048,2,float32+float32,2048,2048,"[0, 1]",0,0,0,valid,
train,Oil,Oil/00957.tif,Mask_oil/00957.tif,2048,2048,2,float32+float32,2048,2048,"[0, 1]",0,0,0,valid,
train,Oil,Oil/01188.tif,Mask_oil/01188.tif,2048,2048,2,float32+float32,2048,2048,"[0, 1]",0,0,0,valid,
train,Oil,Oil/00848.tif,Mask_oil/00848.tif,2048,2048,2,float32+float32,2048,2048,"[0, 1]",0,0,0,valid,
train,Oil,Oil/00059.tif,Mask_oil/00059.tif,2048,2048,2,float32+float32,2048,2048,"[0, 1]",0,0,0,valid,
train,Oil,Oil/00020.tif,Mask_oil/00020.tif,2048,2048,2,float32+float32,2048,2048,"[0, 1]",0,0,0,valid,
train,Oil,Oil/01185.tif,Mask_oil/01185.tif,2048,2048,2,float32+float32,2048,2048,"[0, 1]",0,0,0,valid,
train,Oil,Oil/00992.tif,Mask_oil/00992.tif,2048,2048,2,float32+float32,2048,2048,"[0, 1]",0,0,0,valid,
train,Oil,Oil/00322.tif,Mask_oil/00322.tif,2048,2048,2,float32+float32,2048,2048,"[0, 1]",0,0,0,valid,
train,Oil,Oil/00509.tif,Mask_oil/00509.tif,2048,2048,2,float32+float32,2048,2048,"[0, 1]",0,0,0,valid,
train,Oil,Oil/00350.tif,Mask_oil/00350.tif,2048,2048,2,float32+float32,2048,2048,"[0, 1]",0,0,0,valid,
train,Oil,Oil/00624.tif,Mask_oil/00624.tif,2048,2048,2,float32+float32,2048,2048,"[0, 1]",0,0,0,valid,
train,Oil,Oil/00421.tif,Mask_oil/00421.tif,2048,2048,2,float32+float32,2048,2048,"[0, 1]",0,0,0,valid,
train,Oil,Oil/00797.tif,Mask_oil/00797.tif,2048,2048,2,float32+float32,2048,2048,"[0, 1]",0,0,0,valid,
train,Oil,Oil/01207.tif,Mask_oil/01207.tif,2048,2048,2,float32+float32,2048,2048,"[0, 1]",0,0,0,valid,
train,Oil,Oil/00268.tif,Mask_oil/00268.tif,2048,2048,2,float32+float32,2048,2048,"[0, 1]",0,0,0,valid,
train,Oil,Oil/00410.tif,Mask_oil/00410.tif,2048,2048,2,float32+float32,2048,2048,"[0, 1]",0,0,0,valid,
train,Oil,Oil/00990.tif,Mask_oil/00990.tif,2048,2048,2,float32+float32,2048,2048,"[0, 1]",0,0,0,valid,
train,Oil,Oil/00330.tif,Mask_oil/00330.tif,2048,2048,2,float32+float32,2048,2048,"[0, 1]",0,0,0,valid,
train,Oil,Oil/00714.tif,Mask_oil/00714.tif,2048,2048,2,float32+float32,2048,2048,"[0, 1]",0,0,0,valid,
train,Oil,Oil/01227.tif,Mask_oil/01227.tif,2048,2048,2,float32+float32,2048,2048,"[0, 1]",0,0,0,valid,
train,Oil,Oil/00553.tif,Mask_oil/00553.tif,2048,2048,2,float32+float32,2048,2048,"[0, 1]",0,0,0,valid,
train,Oil,Oil/01150.tif,Mask_oil/01150.tif,2048,2048,2,float32+float32,2048,2048,"[0, 1]",0,0,0,valid,
train,Oil,Oil/00517.tif,Mask_oil/00517.tif,2048,2048,2,float32+float32,2048,2048,"[0, 1]",0,0,0,valid,
train,Oil,Oil/00100.tif,Mask_oil/00100.tif,2048,2048,2,float32+float32,2048,2048,"[0, 1]",0,0,0,valid,
train,Oil,Oil/00634.tif,Mask_oil/00634.tif,2048,2048,2,float32+float32,2048,2048,"[0, 1]",0,0,0,valid,
train,Oil,Oil/00479.tif,Mask_oil/00479.tif,2048,2048,2,float32+float32,2048,2048,"[0, 1]",0,0,0,valid,
train,Oil,Oil/00028.tif,Mask_oil/00028.tif,2048,2048,2,float32+float32,2048,2048,"[0, 1]",0,0,0,valid,
train,Oil,Oil/00783.tif,Mask_oil/00783.tif,2048,2048,2,float32+float32,2048,2048,"[0, 1]",0,0,0,valid,
train,Oil,Oil/01108.tif,Mask_oil/01108.tif,2048,2048,2,float32+float32,2048,2048,"[0, 1]",0,0,0,valid,
train,Oil,Oil/00211.tif,Mask_oil/00211.tif,2048,2048,2,float32+float32,2048,2048,"[0, 1]",0,0,0,valid,
train,Oil,Oil/00492.tif,Mask_oil/00492.tif,2048,2048,2,float32+float32,2048,2048,"[0, 1]",0,0,0,valid,
train,Oil,Oil/00419.tif,Mask_oil/00419.tif,2048,2048,2,float32+float32,2048,2048,"[0, 1]",0,0,0,valid,
train,Oil,Oil/01034.tif,Mask_oil/01034.tif,2048,2048,2,float32+float32,2048,2048,"[0, 1]",0,0,0,valid,
train,Oil,Oil/00030.tif,Mask_oil/00030.tif,2048,2048,2,float32+float32,2048,2048,"[0, 1]",0,0,0,valid,
train,Oil,Oil/01055.tif,Mask_oil/01055.tif,2048,2048,2,float32+float32,2048,2048,"[0, 1]",0,0,0,valid,
train,Oil,Oil/00806.tif,Mask_oil/00806.tif,2048,2048,2,float32+float32,2048,2048,"[0, 1]",0,0,0,valid,
train,Oil,Oil/00345.tif,Mask_oil/00345.tif,2048,2048,2,float32+float32,2048,2048,"[0, 1]",0,0,0,valid,
train,Oil,Oil/01222.tif,Mask_oil/01222.tif,2048,2048,2,float32+float32,2048,2048,"[0, 1]",0,0,0,valid,
train,Oil,Oil/00583.tif,Mask_oil/00583.tif,2048,2048,2,float32+float32,2048,2048,"[0, 1]",0,0,0,valid,
train,Oil,Oil/00279.tif,Mask_oil/00279.tif,2048,2048,2,float32+float32,2048,2048,"[0, 1]",0,0,0,valid,
train,Oil,Oil/01212.tif,Mask_oil/01212.tif,2048,2048,2,float32+float32,2048,2048,"[0, 1]",0,0,0,valid,
train,Oil,Oil/01146.tif,Mask_oil/01146.tif,2048,2048,2,float32+float32,2048,2048,"[0, 1]",0,0,0,valid,
train,Oil,Oil/01045.tif,Mask_oil/01045.tif,2048,2048,2,float32+float32,2048,2048,"[0, 1]",0,0,0,valid,
train,Oil,Oil/00375.tif,Mask_oil/00375.tif,2048,2048,2,float32+float32,2048,2048,"[0, 1]",0,0,0,valid,
train,Oil,Oil/00436.tif,Mask_oil/00436.tif,2048,2048,2,float32+float32,2048,2048,"[0, 1]",0,0,0,valid,
train,Oil,Oil/01205.tif,Mask_oil/01205.tif,2048,2048,2,float32+float32,2048,2048,"[0, 1]",0,0,0,valid,
train,Oil,Oil/01017.tif,Mask_oil/01017.tif,2048,2048,2,float32+float32,2048,2048,"[0, 1]",0,0,0,valid,
train,Oil,Oil/00465.tif,Mask_oil/00465.tif,2048,2048,2,float32+float32,2048,2048,"[0, 1]",0,0,0,valid,
train,Oil,Oil/00021.tif,Mask_oil/00021.tif,2048,2048,2,float32+float32,2048,2048,"[0, 1]",0,0,0,valid,
train,Oil,Oil/00474.tif,Mask_oil/00474.tif,2048,2048,2,float32+float32,2048,2048,"[0, 1]",0,0,0,valid,
train,Oil,Oil/01178.tif,Mask_oil/01178.tif,2048,2048,2,float32+float32,2048,2048,"[0, 1]",0,0,0,valid,
train,Oil,Oil/00263.tif,Mask_oil/00263.tif,2048,2048,2,float32+float32,2048,2048,"[0, 1]",0,0,0,valid,
train,Oil,Oil/00076.tif,Mask_oil/00076.tif,2048,2048,2,float32+float32,2048,2048,"[0, 1]",0,0,0,valid,
train,Oil,Oil/00503.tif,Mask_oil/00503.tif,2048,2048,2,float32+float32,2048,2048,"[0, 1]",0,0,0,valid,
train,Oil,Oil/00558.tif,Mask_oil/00558.tif,2048,2048,2,float32+float32,2048,2048,"[0, 1]",0,0,0,valid,
train,Oil,Oil/01024.tif,Mask_oil/01024.tif,2048,2048,2,float32+float32,2048,2048,"[0, 1]",0,0,0,valid,
train,Oil,Oil/01102.tif,Mask_oil/01102.tif,2048,2048,2,float32+float32,2048,2048,"[0, 1]",0,0,0,valid,
train,Oil,Oil/00495.tif,Mask_oil/00495.tif,2048,2048,2,float32+float32,2048,2048,"[0, 1]",0,0,0,valid,
train,Oil,Oil/00730.tif,Mask_oil/00730.tif,2048,2048,2,float32+float32,2048,2048,"[0, 1]",0,0,0,valid,
train,Oil,Oil/01253.tif,Mask_oil/01253.tif,2048,2048,2,float32+float32,2048,2048,"[0, 1]",0,0,0,valid,
train,Oil,Oil/01138.tif,Mask_oil/01138.tif,2048,2048,2,float32+float32,2048,2048,"[0, 1]",0,0,0,valid,
train,Oil,Oil/00196.tif,Mask_oil/00196.tif,2048,2048,2,float32+float32,2048,2048,"[0, 1]",0,0,0,valid,
train,Oil,Oil/00468.tif,Mask_oil/00468.tif,2048,2048,2,float32+float32,2048,2048,"[0, 1]",0,0,0,valid,
train,Oil,Oil/00290.tif,Mask_oil/00290.tif,2048,2048,2,float32+float32,2048,2048,"[0, 1]",0,0,0,valid,
train,Oil,Oil/00194.tif,Mask_oil/00194.tif,2048,2048,2,float32+float32,2048,2048,"[0, 1]",0,0,0,valid,
train,Oil,Oil/01177.tif,Mask_oil/01177.tif,2048,2048,2,float32+float32,2048,2048,"[0, 1]",0,0,0,valid,
train,Oil,Oil/01010.tif,Mask_oil/01010.tif,2048,2048,2,float32+float32,2048,2048,"[0, 1]",0,0,0,valid,
train,Oil,Oil/01066.tif,Mask_oil/01066.tif,2048,2048,2,float32+float32,2048,2048,"[0, 1]",0,0,0,valid,
train,Oil,Oil/01223.tif,Mask_oil/01223.tif,2048,2048,2,float32+float32,2048,2048,"[0, 1]",0,0,0,valid,
train,Oil,Oil/01252.tif,Mask_oil/01252.tif,2048,2048,2,float32+float32,2048,2048,"[0, 1]",0,0,0,valid,
train,Oil,Oil/00931.tif,Mask_oil/00931.tif,2048,2048,2,float32+float32,2048,2048,"[0, 1]",0,0,0,valid,
train,Oil,Oil/01246.tif,Mask_oil/01246.tif,2048,2048,2,float32+float32,2048,2048,"[0, 1]",0,0,0,valid,
train,Oil,Oil/01272.tif,Mask_oil/01272.tif,2048,2048,2,float32+float32,2048,2048,"[0, 1]",0,0,0,valid,
train,Oil,Oil/00094.tif,Mask_oil/00094.tif,2048,2048,2,float32+float32,2048,2048,"[0, 1]",0,0,0,valid,
train,Oil,Oil/00530.tif,Mask_oil/00530.tif,2048,2048,2,float32+float32,2048,2048,"[0, 1]",0,0,0,valid,
train,Oil,Oil/00347.tif,Mask_oil/00347.tif,2048,2048,2,float32+float32,2048,2048,"[0, 1]",0,0,0,valid,
train,Oil,Oil/01060.tif,Mask_oil/01060.tif,2048,2048,2,float32+float32,2048,2048,"[0, 1]",0,0,0,valid,
train,Oil,Oil/00579.tif,Mask_oil/00579.tif,2048,2048,2,float32+float32,2048,2048,"[0, 1]",0,0,0,valid,
train,Oil,Oil/00622.tif,Mask_oil/00622.tif,2048,2048,2,float32+float32,2048,2048,"[0, 1]",0,0,0,valid,
train,Oil,Oil/01042.tif,Mask_oil/01042.tif,2048,2048,2,float32+float32,2048,2048,"[0, 1]",0,0,0,valid,
train,Oil,Oil/00317.tif,Mask_oil/00317.tif,2048,2048,2,float32+float32,2048,2048,"[0, 1]",0,0,0,valid,
train,Oil,Oil/00329.tif,Mask_oil/00329.tif,2048,2048,2,float32+float32,2048,2048,"[0, 1]",0,0,0,valid,
train,Oil,Oil/01160.tif,Mask_oil/01160.tif,2048,2048,2,float32+float32,2048,2048,"[0, 1]",0,0,0,valid,
train,Oil,Oil/01065.tif,Mask_oil/01065.tif,2048,2048,2,float32+float32,2048,2048,"[0, 1]",0,0,0,valid,
train,Oil,Oil/00202.tif,Mask_oil/00202.tif,2048,2048,2,float32+float32,2048,2048,"[0, 1]",0,0,0,valid,
train,Oil,Oil/00536.tif,Mask_oil/00536.tif,2048,2048,2,float32+float32,2048,2048,"[0, 1]",0,0,0,valid,
train,Oil,Oil/01067.tif,Mask_oil/01067.tif,2048,2048,2,float32+float32,2048,2048,"[0, 1]",0,0,0,valid,
train,Oil,Oil/00515.tif,Mask_oil/00515.tif,2048,2048,2,float32+float32,2048,2048,"[0, 1]",0,0,0,valid,
train,Oil,Oil/00605.tif,Mask_oil/00605.tif,2048,2048,2,float32+float32,2048,2048,"[0, 1]",0,0,0,valid,
train,Oil,Oil/01074.tif,Mask_oil/01074.tif,2048,2048,2,float32+float32,2048,2048,"[0, 1]",0,0,0,valid,
train,Oil,Oil/00399.tif,Mask_oil/00399.tif,2048,2048,2,float32+float32,2048,2048,"[0, 1]",0,0,0,valid,
train,Oil,Oil/00662.tif,Mask_oil/00662.tif,2048,2048,2,float32+float32,2048,2048,"[0, 1]",0,0,0,valid,
train,Oil,Oil/01014.tif,Mask_oil/01014.tif,2048,2048,2,float32+float32,2048,2048,"[0, 1]",0,0,0,valid,
train,Oil,Oil/00715.tif,Mask_oil/00715.tif,2048,2048,2,float32+float32,2048,2048,"[0, 1]",0,0,0,valid,
train,Oil,Oil/00173.tif,Mask_oil/00173.tif,2048,2048,2,float32+float32,2048,2048,"[0, 1]",0,0,0,valid,
train,Oil,Oil/00548.tif,Mask_oil/00548.tif,2048,2048,2,float32+float32,2048,2048,"[0, 1]",0,0,0,valid,
train,Oil,Oil/00157.tif,Mask_oil/00157.tif,2048,2048,2,float32+float32,2048,2048,"[0, 1]",0,0,0,valid,
train,Oil,Oil/00878.tif,Mask_oil/00878.tif,2048,2048,2,float32+float32,2048,2048,"[0, 1]",0,0,0,valid,
train,Oil,Oil/00660.tif,Mask_oil/00660.tif,2048,2048,2,float32+float32,2048,2048,"[0, 1]",0,0,0,valid,
train,Oil,Oil/01019.tif,Mask_oil/01019.tif,2048,2048,2,float32+float32,2048,2048,"[0, 1]",0,0,0,valid,
train,Oil,Oil/00556.tif,Mask_oil/00556.tif,2048,2048,2,float32+float32,2048,2048,"[0, 1]",0,0,0,valid,
train,Oil,Oil/00619.tif,Mask_oil/00619.tif,2048,2048,2,float32+float32,2048,2048,"[0, 1]",0,0,0,valid,
train,Oil,Oil/00224.tif,Mask_oil/00224.tif,2048,2048,2,float32+float32,2048,2048,"[0, 1]",0,0,0,valid,
train,Oil,Oil/01263.tif,Mask_oil/01263.tif,2048,2048,2,float32+float32,2048,2048,"[0, 1]",0,0,0,valid,
train,Oil,Oil/01245.tif,Mask_oil/01245.tif,2048,2048,2,float32+float32,2048,2048,"[0, 1]",0,0,0,valid,
train,Oil,Oil/00935.tif,Mask_oil/00935.tif,2048,2048,2,float32+float32,2048,2048,"[0, 1]",0,0,0,valid,
train,Oil,Oil/00005.tif,Mask_oil/00005.tif,2048,2048,2,float32+float32,2048,2048,"[0, 1]",0,0,0,valid,
train,Oil,Oil/01274.tif,Mask_oil/01274.tif,2048,2048,2,float32+float32,2048,2048,"[0, 1]",0,0,0,valid,
train,Oil,Oil/00306.tif,Mask_oil/00306.tif,2048,2048,2,float32+float32,2048,2048,"[0, 1]",0,0,0,valid,
train,Oil,Oil/00833.tif,Mask_oil/00833.tif,2048,2048,2,float32+float32,2048,2048,"[0, 1]",0,0,0,valid,
train,Oil,Oil/00594.tif,Mask_oil/00594.tif,2048,2048,2,float32+float32,2048,2048,"[0, 1]",0,0,0,valid,
train,Oil,Oil/01282.tif,Mask_oil/01282.tif,2048,2048,2,float32+float32,2048,2048,"[0, 1]",0,0,0,valid,
train,Oil,Oil/00250.tif,Mask_oil/00250.tif,2048,2048,2,float32+float32,2048,2048,"[0, 1]",0,0,0,valid,
train,Oil,Oil/00684.tif,Mask_oil/00684.tif,2048,2048,2,float32+float32,2048,2048,"[0, 1]",0,0,0,valid,
train,Oil,Oil/00502.tif,Mask_oil/00502.tif,2048,2048,2,float32+float32,2048,2048,"[0, 1]",0,0,0,valid,
train,Oil,Oil/01279.tif,Mask_oil/01279.tif,2048,2048,2,float32+float32,2048,2048,"[0, 1]",0,0,0,valid,
train,Oil,Oil/01315.tif,Mask_oil/01315.tif,2048,2048,2,float32+float32,2048,2048,"[0, 1]",0,0,0,valid,
train,Oil,Oil/00723.tif,Mask_oil/00723.tif,2048,2048,2,float32+float32,2048,2048,"[0, 1]",0,0,0,valid,
train,Oil,Oil/00567.tif,Mask_oil/00567.tif,2048,2048,2,float32+float32,2048,2048,"[0, 1]",0,0,0,valid,
train,Oil,Oil/00956.tif,Mask_oil/00956.tif,2048,2048,2,float32+float32,2048,2048,"[0, 1]",0,0,0,valid,
train,Oil,Oil/00053.tif,Mask_oil/00053.tif,2048,2048,2,float32+float32,2048,2048,"[0, 1]",0,0,0,valid,
train,Oil,Oil/00865.tif,Mask_oil/00865.tif,2048,2048,2,float32+float32,2048,2048,"[0, 1]",0,0,0,valid,
train,Oil,Oil/00190.tif,Mask_oil/00190.tif,2048,2048,2,float32+float32,2048,2048,"[0, 1]",0,0,0,valid,
train,Oil,Oil/00254.tif,Mask_oil/00254.tif,2048,2048,2,float32+float32,2048,2048,"[0, 1]",0,0,0,valid,
train,Oil,Oil/00284.tif,Mask_oil/00284.tif,2048,2048,2,float32+float32,2048,2048,"[0, 1]",0,0,0,valid,
train,Oil,Oil/00391.tif,Mask_oil/00391.tif,2048,2048,2,float32+float32,2048,2048,"[0, 1]",0,0,0,valid,
train,Oil,Oil/01209.tif,Mask_oil/01209.tif,2048,2048,2,float32+float32,2048,2048,"[0, 1]",0,0,0,valid,
train,Oil,Oil/01063.tif,Mask_oil/01063.tif,2048,2048,2,float32+float32,2048,2048,"[0, 1]",0,0,0,valid,
train,Oil,Oil/00418.tif,Mask_oil/00418.tif,2048,2048,2,float32+float32,2048,2048,"[0, 1]",0,0,0,valid,
train,Oil,Oil/01002.tif,Mask_oil/01002.tif,2048,2048,2,float32+float32,2048,2048,"[0, 1]",0,0,0,valid,
train,Oil,Oil/00750.tif,Mask_oil/00750.tif,2048,2048,2,float32+float32,2048,2048,"[0, 1]",0,0,0,valid,
train,Oil,Oil/00616.tif,Mask_oil/00616.tif,2048,2048,2,float32+float32,2048,2048,"[0, 1]",0,0,0,valid,
train,Oil,Oil/00356.tif,Mask_oil/00356.tif,2048,2048,2,float32+float32,2048,2048,"[0, 1]",0,0,0,valid,
train,Oil,Oil/00101.tif,Mask_oil/00101.tif,2048,2048,2,float32+float32,2048,2048,"[0, 1]",0,0,0,valid,
train,Oil,Oil/00215.tif,Mask_oil/00215.tif,2048,2048,2,float32+float32,2048,2048,"[0, 1]",0,0,0,valid,
train,Oil,Oil/01121.tif,Mask_oil/01121.tif,2048,2048,2,float32+float32,2048,2048,"[0, 1]",0,0,0,valid,
train,Oil,Oil/00813.tif,Mask_oil/00813.tif,2048,2048,2,float32+float32,2048,2048,"[0, 1]",0,0,0,valid,
train,Oil,Oil/00962.tif,Mask_oil/00962.tif,2048,2048,2,float32+float32,2048,2048,"[0, 1]",0,0,0,valid,
train,Oil,Oil/00759.tif,Mask_oil/00759.tif,2048,2048,2,float32+float32,2048,2048,"[0, 1]",0,0,0,valid,
train,Oil,Oil/00903.tif,Mask_oil/00903.tif,2048,2048,2,float32+float32,2048,2048,"[0, 1]",0,0,0,valid,
train,Oil,Oil/01276.tif,Mask_oil/01276.tif,2048,2048,2,float32+float32,2048,2048,"[0, 1]",0,0,0,valid,
train,Oil,Oil/00404.tif,Mask_oil/00404.tif,2048,2048,2,float32+float32,2048,2048,"[0, 1]",0,0,0,valid,
train,Oil,Oil/00718.tif,Mask_oil/00718.tif,2048,2048,2,float32+float32,2048,2048,"[0, 1]",0,0,0,valid,
train,Oil,Oil/01026.tif,Mask_oil/01026.tif,2048,2048,2,float32+float32,2048,2048,"[0, 1]",0,0,0,valid,
train,Oil,Oil/01259.tif,Mask_oil/01259.tif,2048,2048,2,float32+float32,2048,2048,"[0, 1]",0,0,0,valid,
train,Oil,Oil/00880.tif,Mask_oil/00880.tif,2048,2048,2,float32+float32,2048,2048,"[0, 1]",0,0,0,valid,
train,Oil,Oil/00362.tif,Mask_oil/00362.tif,2048,2048,2,float32+float32,2048,2048,"[0, 1]",0,0,0,valid,
train,Oil,Oil/00384.tif,Mask_oil/00384.tif,2048,2048,2,float32+float32,2048,2048,"[0, 1]",0,0,0,valid,
train,Oil,Oil/00000.tif,Mask_oil/00000.tif,2048,2048,2,float32+float32,2048,2048,"[0, 1]",0,0,0,valid,
train,Oil,Oil/00651.tif,Mask_oil/00651.tif,2048,2048,2,float32+float32,2048,2048,"[0, 1]",0,0,0,valid,
train,Oil,Oil/00493.tif,Mask_oil/00493.tif,2048,2048,2,float32+float32,2048,2048,"[0, 1]",0,0,0,valid,
train,Oil,Oil/00378.tif,Mask_oil/00378.tif,2048,2048,2,float32+float32,2048,2048,"[0, 1]",0,0,0,valid,
train,Oil,Oil/00676.tif,Mask_oil/00676.tif,2048,2048,2,float32+float32,2048,2048,"[0, 1]",0,0,0,valid,
train,Oil,Oil/00728.tif,Mask_oil/00728.tif,2048,2048,2,float32+float32,2048,2048,"[0, 1]",0,0,0,valid,
train,Oil,Oil/01330.tif,Mask_oil/01330.tif,2048,2048,2,float32+float32,2048,2048,"[0, 1]",0,0,0,valid,
train,Oil,Oil/01047.tif,Mask_oil/01047.tif,2048,2048,2,float32+float32,2048,2048,"[0, 1]",0,0,0,valid,
train,Oil,Oil/00508.tif,Mask_oil/00508.tif,2048,2048,2,float32+float32,2048,2048,"[0, 1]",0,0,0,valid,
train,Oil,Oil/01087.tif,Mask_oil/01087.tif,2048,2048,2,float32+float32,2048,2048,"[0, 1]",0,0,0,valid,
train,Oil,Oil/00886.tif,Mask_oil/00886.tif,2048,2048,2,float32+float32,2048,2048,"[0, 1]",0,0,0,valid,
train,Oil,Oil/00942.tif,Mask_oil/00942.tif,2048,2048,2,float32+float32,2048,2048,"[0, 1]",0,0,0,valid,
train,Oil,Oil/00372.tif,Mask_oil/00372.tif,2048,2048,2,float32+float32,2048,2048,"[0, 1]",0,0,0,valid,
train,Oil,Oil/01097.tif,Mask_oil/01097.tif,2048,2048,2,float32+float32,2048,2048,"[0, 1]",0,0,0,valid,
train,Oil,Oil/01261.tif,Mask_oil/01261.tif,2048,2048,2,float32+float32,2048,2048,"[0, 1]",0,0,0,valid,
train,Oil,Oil/00496.tif,Mask_oil/00496.tif,2048,2048,2,float32+float32,2048,2048,"[0, 1]",0,0,0,valid,
train,Oil,Oil/00389.tif,Mask_oil/00389.tif,2048,2048,2,float32+float32,2048,2048,"[0, 1]",0,0,0,valid,
train,Oil,Oil/00608.tif,Mask_oil/00608.tif,2048,2048,2,float32+float32,2048,2048,"[0, 1]",0,0,0,valid,
train,Oil,Oil/00974.tif,Mask_oil/00974.tif,2048,2048,2,float32+float32,2048,2048,"[0, 1]",0,0,0,valid,
train,Oil,Oil/00161.tif,Mask_oil/00161.tif,2048,2048,2,float32+float32,2048,2048,"[0, 1]",0,0,0,valid,
train,Oil,Oil/00940.tif,Mask_oil/00940.tif,2048,2048,2,float32+float32,2048,2048,"[0, 1]",0,0,0,valid,
train,Oil,Oil/00817.tif,Mask_oil/00817.tif,2048,2048,2,float32+float32,2048,2048,"[0, 1]",0,0,0,valid,
train,Oil,Oil/01168.tif,Mask_oil/01168.tif,2048,2048,2,float32+float32,2048,2048,"[0, 1]",0,0,0,valid,
train,Oil,Oil/01145.tif,Mask_oil/01145.tif,2048,2048,2,float32+float32,2048,2048,"[0, 1]",0,0,0,valid,
train,Oil,Oil/00787.tif,Mask_oil/00787.tif,2048,2048,2,float32+float32,2048,2048,"[0, 1]",0,0,0,valid,
train,Oil,Oil/00838.tif,Mask_oil/00838.tif,2048,2048,2,float32+float32,2048,2048,"[0, 1]",0,0,0,valid,
train,Oil,Oil/01114.tif,Mask_oil/01114.tif,2048,2048,2,float32+float32,2048,2048,"[0, 1]",0,0,0,valid,
train,Oil,Oil/00448.tif,Mask_oil/00448.tif,2048,2048,2,float32+float32,2048,2048,"[0, 1]",0,0,0,valid,
train,Oil,Oil/00252.tif,Mask_oil/00252.tif,2048,2048,2,float32+float32,2048,2048,"[0, 1]",0,0,0,valid,
train,Oil,Oil/00793.tif,Mask_oil/00793.tif,2048,2048,2,float32+float32,2048,2048,"[0, 1]",0,0,0,valid,
train,Oil,Oil/00641.tif,Mask_oil/00641.tif,2048,2048,2,float32+float32,2048,2048,"[0, 1]",0,0,0,valid,
train,Oil,Oil/00621.tif,Mask_oil/00621.tif,2048,2048,2,float32+float32,2048,2048,"[0, 1]",0,0,0,valid,
train,Oil,Oil/01192.tif,Mask_oil/01192.tif,2048,2048,2,float32+float32,2048,2048,"[0, 1]",0,0,0,valid,
train,Oil,Oil/00816.tif,Mask_oil/00816.tif,2048,2048,2,float32+float32,2048,2048,"[0, 1]",0,0,0,valid,
train,Oil,Oil/01050.tif,Mask_oil/01050.tif,2048,2048,2,float32+float32,2048,2048,"[0, 1]",0,0,0,valid,
train,Oil,Oil/00324.tif,Mask_oil/00324.tif,2048,2048,2,float32+float32,2048,2048,"[0, 1]",0,0,0,valid,
train,Oil,Oil/01030.tif,Mask_oil/01030.tif,2048,2048,2,float32+float32,2048,2048,"[0, 1]",0,0,0,valid,
train,Oil,Oil/01125.tif,Mask_oil/01125.tif,2048,2048,2,float32+float32,2048,2048,"[0, 1]",0,0,0,valid,
train,Oil,Oil/00470.tif,Mask_oil/00470.tif,2048,2048,2,float32+float32,2048,2048,"[0, 1]",0,0,0,valid,
train,Oil,Oil/00828.tif,Mask_oil/00828.tif,2048,2048,2,float32+float32,2048,2048,"[0, 1]",0,0,0,valid,
train,Oil,Oil/00612.tif,Mask_oil/00612.tif,2048,2048,2,float32+float32,2048,2048,"[0, 1]",0,0,0,valid,
train,Oil,Oil/00717.tif,Mask_oil/00717.tif,2048,2048,2,float32+float32,2048,2048,"[0, 1]",0,0,0,valid,
train,Oil,Oil/00525.tif,Mask_oil/00525.tif,2048,2048,2,float32+float32,2048,2048,"[0, 1]",0,0,0,valid,
train,Oil,Oil/00981.tif,Mask_oil/00981.tif,2048,2048,2,float32+float32,2048,2048,"[0, 1]",0,0,0,valid,
train,Oil,Oil/00429.tif,Mask_oil/00429.tif,2048,2048,2,float32+float32,2048,2048,"[0, 1]",0,0,0,valid,
train,Oil,Oil/00523.tif,Mask_oil/00523.tif,2048,2048,2,float32+float32,2048,2048,"[0, 1]",0,0,0,valid,
train,Oil,Oil/00707.tif,Mask_oil/00707.tif,2048,2048,2,float32+float32,2048,2048,"[0, 1]",0,0,0,valid,
train,Oil,Oil/01090.tif,Mask_oil/01090.tif,2048,2048,2,float32+float32,2048,2048,"[0, 1]",0,0,0,valid,
train,Oil,Oil/00853.tif,Mask_oil/00853.tif,2048,2048,2,float32+float32,2048,2048,"[0, 1]",0,0,0,valid,
train,Oil,Oil/00960.tif,Mask_oil/00960.tif,2048,2048,2,float32+float32,2048,2048,"[0, 1]",0,0,0,valid,
train,Oil,Oil/00689.tif,Mask_oil/00689.tif,2048,2048,2,float32+float32,2048,2048,"[0, 1]",0,0,0,valid,
train,Oil,Oil/00228.tif,Mask_oil/00228.tif,2048,2048,2,float32+float32,2048,2048,"[0, 1]",0,0,0,valid,
train,Oil,Oil/00985.tif,Mask_oil/00985.tif,2048,2048,2,float32+float32,2048,2048,"[0, 1]",0,0,0,valid,
train,Oil,Oil/00936.tif,Mask_oil/00936.tif,2048,2048,2,float32+float32,2048,2048,"[0, 1]",0,0,0,valid,
train,Oil,Oil/00029.tif,Mask_oil/00029.tif,2048,2048,2,float32+float32,2048,2048,"[0, 1]",0,0,0,valid,
train,Oil,Oil/00414.tif,Mask_oil/00414.tif,2048,2048,2,float32+float32,2048,2048,"[0, 1]",0,0,0,valid,
train,Oil,Oil/01085.tif,Mask_oil/01085.tif,2048,2048,2,float32+float32,2048,2048,"[0, 1]",0,0,0,valid,
train,Oil,Oil/00802.tif,Mask_oil/00802.tif,2048,2048,2,float32+float32,2048,2048,"[0, 1]",0,0,0,valid,
train,Oil,Oil/00487.tif,Mask_oil/00487.tif,2048,2048,2,float32+float32,2048,2048,"[0, 1]",0,0,0,valid,
train,Oil,Oil/00610.tif,Mask_oil/00610.tif,2048,2048,2,float32+float32,2048,2048,"[0, 1]",0,0,0,valid,
train,Oil,Oil/00758.tif,Mask_oil/00758.tif,2048,2048,2,float32+float32,2048,2048,"[0, 1]",0,0,0,valid,
train,Oil,Oil/00435.tif,Mask_oil/00435.tif,2048,2048,2,float32+float32,2048,2048,"[0, 1]",0,0,0,valid,
train,Oil,Oil/00839.tif,Mask_oil/00839.tif,2048,2048,2,float32+float32,2048,2048,"[0, 1]",0,0,0,valid,
train,Oil,Oil/00086.tif,Mask_oil/00086.tif,2048,2048,2,float32+float32,2048,2048,"[0, 1]",0,0,0,valid,
train,Oil,Oil/01080.tif,Mask_oil/01080.tif,2048,2048,2,float32+float32,2048,2048,"[0, 1]",0,0,0,valid,
train,Oil,Oil/00411.tif,Mask_oil/00411.tif,2048,2048,2,float32+float32,2048,2048,"[0, 1]",0,0,0,valid,
train,Oil,Oil/00486.tif,Mask_oil/00486.tif,2048,2048,2,float32+float32,2048,2048,"[0, 1]",0,0,0,valid,
train,Oil,Oil/00248.tif,Mask_oil/00248.tif,2048,2048,2,float32+float32,2048,2048,"[0, 1]",0,0,0,valid,
train,Oil,Oil/00782.tif,Mask_oil/00782.tif,2048,2048,2,float32+float32,2048,2048,"[0, 1]",0,0,0,valid,
train,Oil,Oil/00025.tif,Mask_oil/00025.tif,2048,2048,2,float32+float32,2048,2048,"[0, 1]",0,0,0,valid,
train,Oil,Oil/01211.tif,Mask_oil/01211.tif,2048,2048,2,float32+float32,2048,2048,"[0, 1]",0,0,0,valid,
train,Oil,Oil/00287.tif,Mask_oil/00287.tif,2048,2048,2,float32+float32,2048,2048,"[0, 1]",0,0,0,valid,
train,Oil,Oil/00385.tif,Mask_oil/00385.tif,2048,2048,2,float32+float32,2048,2048,"[0, 1]",0,0,0,valid,
train,Oil,Oil/00434.tif,Mask_oil/00434.tif,2048,2048,2,float32+float32,2048,2048,"[0, 1]",0,0,0,valid,
train,Oil,Oil/01156.tif,Mask_oil/01156.tif,2048,2048,2,float32+float32,2048,2048,"[0, 1]",0,0,0,valid,
train,Oil,Oil/00255.tif,Mask_oil/00255.tif,2048,2048,2,float32+float32,2048,2048,"[0, 1]",0,0,0,valid,
train,Oil,Oil/00281.tif,Mask_oil/00281.tif,2048,2048,2,float32+float32,2048,2048,"[0, 1]",0,0,0,valid,
train,Oil,Oil/00562.tif,Mask_oil/00562.tif,2048,2048,2,float32+float32,2048,2048,"[0, 1]",0,0,0,valid,
train,Oil,Oil/01189.tif,Mask_oil/01189.tif,2048,2048,2,float32+float32,2048,2048,"[0, 1]",0,0,0,valid,
train,Oil,Oil/00467.tif,Mask_oil/00467.tif,2048,2048,2,float32+float32,2048,2048,"[0, 1]",0,0,0,valid,
train,Oil,Oil/00140.tif,Mask_oil/00140.tif,2048,2048,2,float32+float32,2048,2048,"[0, 1]",0,0,0,valid,
train,Oil,Oil/00827.tif,Mask_oil/00827.tif,2048,2048,2,float32+float32,2048,2048,"[0, 1]",0,0,0,valid,
train,Oil,Oil/01277.tif,Mask_oil/01277.tif,2048,2048,2,float32+float32,2048,2048,"[0, 1]",0,0,0,valid,
train,Oil,Oil/00337.tif,Mask_oil/00337.tif,2048,2048,2,float32+float32,2048,2048,"[0, 1]",0,0,0,valid,
train,Oil,Oil/01088.tif,Mask_oil/01088.tif,2048,2048,2,float32+float32,2048,2048,"[0, 1]",0,0,0,valid,
train,Oil,Oil/00983.tif,Mask_oil/00983.tif,2048,2048,2,float32+float32,2048,2048,"[0, 1]",0,0,0,valid,
train,Oil,Oil/00499.tif,Mask_oil/00499.tif,2048,2048,2,float32+float32,2048,2048,"[0, 1]",0,0,0,valid,
train,Oil,Oil/00415.tif,Mask_oil/00415.tif,2048,2048,2,float32+float32,2048,2048,"[0, 1]",0,0,0,valid,
train,Oil,Oil/00863.tif,Mask_oil/00863.tif,2048,2048,2,float32+float32,2048,2048,"[0, 1]",0,0,0,valid,
train,Oil,Oil/00231.tif,Mask_oil/00231.tif,2048,2048,2,float32+float32,2048,2048,"[0, 1]",0,0,0,valid,
train,Oil,Oil/00026.tif,Mask_oil/00026.tif,2048,2048,2,float32+float32,2048,2048,"[0, 1]",0,0,0,valid,
train,Oil,Oil/00500.tif,Mask_oil/00500.tif,2048,2048,2,float32+float32,2048,2048,"[0, 1]",0,0,0,valid,
train,Oil,Oil/00227.tif,Mask_oil/00227.tif,2048,2048,2,float32+float32,2048,2048,"[0, 1]",0,0,0,valid,
train,Oil,Oil/00207.tif,Mask_oil/00207.tif,2048,2048,2,float32+float32,2048,2048,"[0, 1]",0,0,0,valid,
train,Oil,Oil/01260.tif,Mask_oil/01260.tif,2048,2048,2,float32+float32,2048,2048,"[0, 1]",0,0,0,valid,
train,Oil,Oil/01313.tif,Mask_oil/01313.tif,2048,2048,2,float32+float32,2048,2048,"[0, 1]",0,0,0,valid,
train,Oil,Oil/00734.tif,Mask_oil/00734.tif,2048,2048,2,float32+float32,2048,2048,"[0, 1]",0,0,0,valid,
train,Oil,Oil/01057.tif,Mask_oil/01057.tif,2048,2048,2,float32+float32,2048,2048,"[0, 1]",0,0,0,valid,
train,Oil,Oil/00663.tif,Mask_oil/00663.tif,2048,2048,2,float32+float32,2048,2048,"[0, 1]",0,0,0,valid,
train,Oil,Oil/01113.tif,Mask_oil/01113.tif,2048,2048,2,float32+float32,2048,2048,"[0, 1]",0,0,0,valid,
train,Oil,Oil/00131.tif,Mask_oil/00131.tif,2048,2048,2,float32+float32,2048,2048,"[0, 1]",0,0,0,valid,
train,Oil,Oil/00789.tif,Mask_oil/00789.tif,2048,2048,2,float32+float32,2048,2048,"[0, 1]",0,0,0,valid,
train,Oil,Oil/01078.tif,Mask_oil/01078.tif,2048,2048,2,float32+float32,2048,2048,"[0, 1]",0,0,0,valid,
train,Oil,Oil/00805.tif,Mask_oil/00805.tif,2048,2048,2,float32+float32,2048,2048,"[0, 1]",0,0,0,valid,
train,Oil,Oil/01197.tif,Mask_oil/01197.tif,2048,2048,2,float32+float32,2048,2048,"[0, 1]",0,0,0,valid,
train,Oil,Oil/00442.tif,Mask_oil/00442.tif,2048,2048,2,float32+float32,2048,2048,"[0, 1]",0,0,0,valid,
train,Oil,Oil/00994.tif,Mask_oil/00994.tif,2048,2048,2,float32+float32,2048,2048,"[0, 1]",0,0,0,valid,
train,Oil,Oil/00449.tif,Mask_oil/00449.tif,2048,2048,2,float32+float32,2048,2048,"[0, 1]",0,0,0,valid,
train,Oil,Oil/00388.tif,Mask_oil/00388.tif,2048,2048,2,float32+float32,2048,2048,"[0, 1]",0,0,0,valid,
train,Oil,Oil/00047.tif,Mask_oil/00047.tif,2048,2048,2,float32+float32,2048,2048,"[0, 1]",0,0,0,valid,
train,Oil,Oil/01221.tif,Mask_oil/01221.tif,2048,2048,2,float32+float32,2048,2048,"[0, 1]",0,0,0,valid,
train,Oil,Oil/01305.tif,Mask_oil/01305.tif,2048,2048,2,float32+float32,2048,2048,"[0, 1]",0,0,0,valid,
train,Oil,Oil/00191.tif,Mask_oil/00191.tif,2048,2048,2,float32+float32,2048,2048,"[0, 1]",0,0,0,valid,
train,Oil,Oil/00655.tif,Mask_oil/00655.tif,2048,2048,2,float32+float32,2048,2048,"[0, 1]",0,0,0,valid,
train,Oil,Oil/00692.tif,Mask_oil/00692.tif,2048,2048,2,float32+float32,2048,2048,"[0, 1]",0,0,0,valid,
train,Oil,Oil/00955.tif,Mask_oil/00955.tif,2048,2048,2,float32+float32,2048,2048,"[0, 1]",0,0,0,valid,
train,Oil,Oil/00040.tif,Mask_oil/00040.tif,2048,2048,2,float32+float32,2048,2048,"[0, 1]",0,0,0,valid,
train,Oil,Oil/00648.tif,Mask_oil/00648.tif,2048,2048,2,float32+float32,2048,2048,"[0, 1]",0,0,0,valid,
train,Oil,Oil/00192.tif,Mask_oil/00192.tif,2048,2048,2,float32+float32,2048,2048,"[0, 1]",0,0,0,valid,
train,Oil,Oil/00815.tif,Mask_oil/00815.tif,2048,2048,2,float32+float32,2048,2048,"[0, 1]",0,0,0,valid,
train,Oil,Oil/01075.tif,Mask_oil/01075.tif,2048,2048,2,float32+float32,2048,2048,"[0, 1]",0,0,0,valid,
train,Oil,Oil/01255.tif,Mask_oil/01255.tif,2048,2048,2,float32+float32,2048,2048,"[0, 1]",0,0,0,valid,
train,Oil,Oil/00969.tif,Mask_oil/00969.tif,2048,2048,2,float32+float32,2048,2048,"[0, 1]",0,0,0,valid,
train,Oil,Oil/00664.tif,Mask_oil/00664.tif,2048,2048,2,float32+float32,2048,2048,"[0, 1]",0,0,0,valid,
train,Oil,Oil/00516.tif,Mask_oil/00516.tif,2048,2048,2,float32+float32,2048,2048,"[0, 1]",0,0,0,valid,
train,Oil,Oil/00831.tif,Mask_oil/00831.tif,2048,2048,2,float32+float32,2048,2048,"[0, 1]",0,0,0,valid,
train,Oil,Oil/00654.tif,Mask_oil/00654.tif,2048,2048,2,float32+float32,2048,2048,"[0, 1]",0,0,0,valid,
train,Oil,Oil/00532.tif,Mask_oil/00532.tif,2048,2048,2,float32+float32,2048,2048,"[0, 1]",0,0,0,valid,
train,Oil,Oil/00869.tif,Mask_oil/00869.tif,2048,2048,2,float32+float32,2048,2048,"[0, 1]",0,0,0,valid,
train,Oil,Oil/00206.tif,Mask_oil/00206.tif,2048,2048,2,float32+float32,2048,2048,"[0, 1]",0,0,0,valid,
train,Oil,Oil/00332.tif,Mask_oil/00332.tif,2048,2048,2,float32+float32,2048,2048,"[0, 1]",0,0,0,valid,
train,Oil,Oil/00754.tif,Mask_oil/00754.tif,2048,2048,2,float32+float32,2048,2048,"[0, 1]",0,0,0,valid,
train,Oil,Oil/00169.tif,Mask_oil/00169.tif,2048,2048,2,float32+float32,2048,2048,"[0, 1]",0,0,0,valid,
train,Oil,Oil/00899.tif,Mask_oil/00899.tif,2048,2048,2,float32+float32,2048,2048,"[0, 1]",0,0,0,valid,
train,Oil,Oil/00416.tif,Mask_oil/00416.tif,2048,2048,2,float32+float32,2048,2048,"[0, 1]",0,0,0,valid,
train,Oil,Oil/00003.tif,Mask_oil/00003.tif,2048,2048,2,float32+float32,2048,2048,"[0, 1]",0,0,0,valid,
train,Oil,Oil/00051.tif,Mask_oil/00051.tif,2048,2048,2,float32+float32,2048,2048,"[0, 1]",0,0,0,valid,
train,Oil,Oil/01289.tif,Mask_oil/01289.tif,2048,2048,2,float32+float32,2048,2048,"[0, 1]",0,0,0,valid,
train,Oil,Oil/01244.tif,Mask_oil/01244.tif,2048,2048,2,float32+float32,2048,2048,"[0, 1]",0,0,0,valid,
train,Oil,Oil/00923.tif,Mask_oil/00923.tif,2048,2048,2,float32+float32,2048,2048,"[0, 1]",0,0,0,valid,
train,Oil,Oil/00114.tif,Mask_oil/00114.tif,2048,2048,2,float32+float32,2048,2048,"[0, 1]",0,0,0,valid,
train,Oil,Oil/00058.tif,Mask_oil/00058.tif,2048,2048,2,float32+float32,2048,2048,"[0, 1]",0,0,0,valid,
train,Oil,Oil/01176.tif,Mask_oil/01176.tif,2048,2048,2,float32+float32,2048,2048,"[0, 1]",0,0,0,valid,
train,Oil,Oil/00584.tif,Mask_oil/00584.tif,2048,2048,2,float32+float32,2048,2048,"[0, 1]",0,0,0,valid,
train,Oil,Oil/00606.tif,Mask_oil/00606.tif,2048,2048,2,float32+float32,2048,2048,"[0, 1]",0,0,0,valid,
train,Oil,Oil/00947.tif,Mask_oil/00947.tif,2048,2048,2,float32+float32,2048,2048,"[0, 1]",0,0,0,valid,
train,Oil,Oil/00751.tif,Mask_oil/00751.tif,2048,2048,2,float32+float32,2048,2048,"[0, 1]",0,0,0,valid,
train,Oil,Oil/00810.tif,Mask_oil/00810.tif,2048,2048,2,float32+float32,2048,2048,"[0, 1]",0,0,0,valid,
train,Oil,Oil/00259.tif,Mask_oil/00259.tif,2048,2048,2,float32+float32,2048,2048,"[0, 1]",0,0,0,valid,
train,Oil,Oil/00427.tif,Mask_oil/00427.tif,2048,2048,2,float32+float32,2048,2048,"[0, 1]",0,0,0,valid,
train,Oil,Oil/00843.tif,Mask_oil/00843.tif,2048,2048,2,float32+float32,2048,2048,"[0, 1]",0,0,0,valid,
train,Oil,Oil/00267.tif,Mask_oil/00267.tif,2048,2048,2,float32+float32,2048,2048,"[0, 1]",0,0,0,valid,
train,Oil,Oil/00716.tif,Mask_oil/00716.tif,2048,2048,2,float32+float32,2048,2048,"[0, 1]",0,0,0,valid,
train,Oil,Oil/00354.tif,Mask_oil/00354.tif,2048,2048,2,float32+float32,2048,2048,"[0, 1]",0,0,0,valid,
train,Oil,Oil/00344.tif,Mask_oil/00344.tif,2048,2048,2,float32+float32,2048,2048,"[0, 1]",0,0,0,valid,
train,Oil,Oil/00199.tif,Mask_oil/00199.tif,2048,2048,2,float32+float32,2048,2048,"[0, 1]",0,0,0,valid,
train,Oil,Oil/00656.tif,Mask_oil/00656.tif,2048,2048,2,float32+float32,2048,2048,"[0, 1]",0,0,0,valid,
train,Oil,Oil/00870.tif,Mask_oil/00870.tif,2048,2048,2,float32+float32,2048,2048,"[0, 1]",0,0,0,valid,
train,Oil,Oil/00135.tif,Mask_oil/00135.tif,2048,2048,2,float32+float32,2048,2048,"[0, 1]",0,0,0,valid,
train,Oil,Oil/01182.tif,Mask_oil/01182.tif,2048,2048,2,float32+float32,2048,2048,"[0, 1]",0,0,0,valid,
train,Oil,Oil/00334.tif,Mask_oil/00334.tif,2048,2048,2,float32+float32,2048,2048,"[0, 1]",0,0,0,valid,
train,Oil,Oil/00174.tif,Mask_oil/00174.tif,2048,2048,2,float32+float32,2048,2048,"[0, 1]",0,0,0,valid,
train,Oil,Oil/00132.tif,Mask_oil/00132.tif,2048,2048,2,float32+float32,2048,2048,"[0, 1]",0,0,0,valid,
train,Oil,Oil/00786.tif,Mask_oil/00786.tif,2048,2048,2,float32+float32,2048,2048,"[0, 1]",0,0,0,valid,
train,Oil,Oil/00376.tif,Mask_oil/00376.tif,2048,2048,2,float32+float32,2048,2048,"[0, 1]",0,0,0,valid,
train,Oil,Oil/00657.tif,Mask_oil/00657.tif,2048,2048,2,float32+float32,2048,2048,"[0, 1]",0,0,0,valid,
train,Oil,Oil/00790.tif,Mask_oil/00790.tif,2048,2048,2,float32+float32,2048,2048,"[0, 1]",0,0,0,valid,
train,Oil,Oil/00009.tif,Mask_oil/00009.tif,2048,2048,2,float32+float32,2048,2048,"[0, 1]",0,0,0,valid,
train,Oil,Oil/01296.tif,Mask_oil/01296.tif,2048,2048,2,float32+float32,2048,2048,"[0, 1]",0,0,0,valid,
train,Oil,Oil/01101.tif,Mask_oil/01101.tif,2048,2048,2,float32+float32,2048,2048,"[0, 1]",0,0,0,valid,
train,Oil,Oil/01190.tif,Mask_oil/01190.tif,2048,2048,2,float32+float32,2048,2048,"[0, 1]",0,0,0,valid,
train,Oil,Oil/00724.tif,Mask_oil/00724.tif,2048,2048,2,float32+float32,2048,2048,"[0, 1]",0,0,0,valid,
train,Oil,Oil/00379.tif,Mask_oil/00379.tif,2048,2048,2,float32+float32,2048,2048,"[0, 1]",0,0,0,valid,
train,Oil,Oil/00829.tif,Mask_oil/00829.tif,2048,2048,2,float32+float32,2048,2048,"[0, 1]",0,0,0,valid,
train,Oil,Oil/00646.tif,Mask_oil/00646.tif,2048,2048,2,float32+float32,2048,2048,"[0, 1]",0,0,0,valid,
train,Oil,Oil/00527.tif,Mask_oil/00527.tif,2048,2048,2,float32+float32,2048,2048,"[0, 1]",0,0,0,valid,
train,Oil,Oil/01013.tif,Mask_oil/01013.tif,2048,2048,2,float32+float32,2048,2048,"[0, 1]",0,0,0,valid,
train,Oil,Oil/00358.tif,Mask_oil/00358.tif,2048,2048,2,float32+float32,2048,2048,"[0, 1]",0,0,0,valid,
train,Oil,Oil/00454.tif,Mask_oil/00454.tif,2048,2048,2,float32+float32,2048,2048,"[0, 1]",0,0,0,valid,
train,Oil,Oil/00307.tif,Mask_oil/00307.tif,2048,2048,2,float32+float32,2048,2048,"[0, 1]",0,0,0,valid,
train,Oil,Oil/01077.tif,Mask_oil/01077.tif,2048,2048,2,float32+float32,2048,2048,"[0, 1]",0,0,0,valid,
train,Oil,Oil/00433.tif,Mask_oil/00433.tif,2048,2048,2,float32+float32,2048,2048,"[0, 1]",0,0,0,valid,
train,Oil,Oil/01228.tif,Mask_oil/01228.tif,2048,2048,2,float32+float32,2048,2048,"[0, 1]",0,0,0,valid,
train,Oil,Oil/00979.tif,Mask_oil/00979.tif,2048,2048,2,float32+float32,2048,2048,"[0, 1]",0,0,0,valid,
train,Oil,Oil/00607.tif,Mask_oil/00607.tif,2048,2048,2,float32+float32,2048,2048,"[0, 1]",0,0,0,valid,
train,Oil,Oil/01053.tif,Mask_oil/01053.tif,2048,2048,2,float32+float32,2048,2048,"[0, 1]",0,0,0,valid,
train,Oil,Oil/00640.tif,Mask_oil/00640.tif,2048,2048,2,float32+float32,2048,2048,"[0, 1]",0,0,0,valid,
train,Oil,Oil/00090.tif,Mask_oil/00090.tif,2048,2048,2,float32+float32,2048,2048,"[0, 1]",0,0,0,valid,
train,Oil,Oil/00126.tif,Mask_oil/00126.tif,2048,2048,2,float32+float32,2048,2048,"[0, 1]",0,0,0,valid,
train,Oil,Oil/00666.tif,Mask_oil/00666.tif,2048,2048,2,float32+float32,2048,2048,"[0, 1]",0,0,0,valid,
train,Oil,Oil/00735.tif,Mask_oil/00735.tif,2048,2048,2,float32+float32,2048,2048,"[0, 1]",0,0,0,valid,
train,Oil,Oil/01254.tif,Mask_oil/01254.tif,2048,2048,2,float32+float32,2048,2048,"[0, 1]",0,0,0,valid,
train,Oil,Oil/00010.tif,Mask_oil/00010.tif,2048,2048,2,float32+float32,2048,2048,"[0, 1]",0,0,0,valid,
train,Oil,Oil/00089.tif,Mask_oil/00089.tif,2048,2048,2,float32+float32,2048,2048,"[0, 1]",0,0,0,valid,
train,Oil,Oil/00879.tif,Mask_oil/00879.tif,2048,2048,2,float32+float32,2048,2048,"[0, 1]",0,0,0,valid,
train,Oil,Oil/00986.tif,Mask_oil/00986.tif,2048,2048,2,float32+float32,2048,2048,"[0, 1]",0,0,0,valid,
train,Oil,Oil/01151.tif,Mask_oil/01151.tif,2048,2048,2,float32+float32,2048,2048,"[0, 1]",0,0,0,valid,
train,Oil,Oil/00377.tif,Mask_oil/00377.tif,2048,2048,2,float32+float32,2048,2048,"[0, 1]",0,0,0,valid,
train,Oil,Oil/00764.tif,Mask_oil/00764.tif,2048,2048,2,float32+float32,2048,2048,"[0, 1]",0,0,0,valid,
train,Oil,Oil/00794.tif,Mask_oil/00794.tif,2048,2048,2,float32+float32,2048,2048,"[0, 1]",0,0,0,valid,
train,Oil,Oil/00171.tif,Mask_oil/00171.tif,2048,2048,2,float32+float32,2048,2048,"[0, 1]",0,0,0,valid,
train,Oil,Oil/00481.tif,Mask_oil/00481.tif,2048,2048,2,float32+float32,2048,2048,"[0, 1]",0,0,0,valid,
train,Oil,Oil/01044.tif,Mask_oil/01044.tif,2048,2048,2,float32+float32,2048,2048,"[0, 1]",0,0,0,valid,
train,Oil,Oil/00300.tif,Mask_oil/00300.tif,2048,2048,2,float32+float32,2048,2048,"[0, 1]",0,0,0,valid,
train,Oil,Oil/01021.tif,Mask_oil/01021.tif,2048,2048,2,float32+float32,2048,2048,"[0, 1]",0,0,0,valid,
train,Oil,Oil/00842.tif,Mask_oil/00842.tif,2048,2048,2,float32+float32,2048,2048,"[0, 1]",0,0,0,valid,
train,Oil,Oil/01140.tif,Mask_oil/01140.tif,2048,2048,2,float32+float32,2048,2048,"[0, 1]",0,0,0,valid,
train,Oil,Oil/01302.tif,Mask_oil/01302.tif,2048,2048,2,float32+float32,2048,2048,"[0, 1]",0,0,0,valid,
train,Oil,Oil/00331.tif,Mask_oil/00331.tif,2048,2048,2,float32+float32,2048,2048,"[0, 1]",0,0,0,valid,
train,Oil,Oil/01208.tif,Mask_oil/01208.tif,2048,2048,2,float32+float32,2048,2048,"[0, 1]",0,0,0,valid,
train,Oil,Oil/00625.tif,Mask_oil/00625.tif,2048,2048,2,float32+float32,2048,2048,"[0, 1]",0,0,0,valid,
train,Oil,Oil/00668.tif,Mask_oil/00668.tif,2048,2048,2,float32+float32,2048,2048,"[0, 1]",0,0,0,valid,
train,Oil,Oil/00693.tif,Mask_oil/00693.tif,2048,2048,2,float32+float32,2048,2048,"[0, 1]",0,0,0,valid,
train,Oil,Oil/00780.tif,Mask_oil/00780.tif,2048,2048,2,float32+float32,2048,2048,"[0, 1]",0,0,0,valid,
train,Oil,Oil/01267.tif,Mask_oil/01267.tif,2048,2048,2,float32+float32,2048,2048,"[0, 1]",0,0,0,valid,
train,Oil,Oil/00098.tif,Mask_oil/00098.tif,2048,2048,2,float32+float32,2048,2048,"[0, 1]",0,0,0,valid,
train,Oil,Oil/00732.tif,Mask_oil/00732.tif,2048,2048,2,float32+float32,2048,2048,"[0, 1]",0,0,0,valid,
train,Oil,Oil/00045.tif,Mask_oil/00045.tif,2048,2048,2,float32+float32,2048,2048,"[0, 1]",0,0,0,valid,
train,Oil,Oil/00705.tif,Mask_oil/00705.tif,2048,2048,2,float32+float32,2048,2048,"[0, 1]",0,0,0,valid,
train,Oil,Oil/01278.tif,Mask_oil/01278.tif,2048,2048,2,float32+float32,2048,2048,"[0, 1]",0,0,0,valid,
train,Oil,Oil/00309.tif,Mask_oil/00309.tif,2048,2048,2,float32+float32,2048,2048,"[0, 1]",0,0,0,valid,
train,Oil,Oil/00677.tif,Mask_oil/00677.tif,2048,2048,2,float32+float32,2048,2048,"[0, 1]",0,0,0,valid,
train,Oil,Oil/00155.tif,Mask_oil/00155.tif,2048,2048,2,float32+float32,2048,2048,"[0, 1]",0,0,0,valid,
train,Oil,Oil/00491.tif,Mask_oil/00491.tif,2048,2048,2,float32+float32,2048,2048,"[0, 1]",0,0,0,valid,
train,Oil,Oil/00295.tif,Mask_oil/00295.tif,2048,2048,2,float32+float32,2048,2048,"[0, 1]",0,0,0,valid,
train,Oil,Oil/01072.tif,Mask_oil/01072.tif,2048,2048,2,float32+float32,2048,2048,"[0, 1]",0,0,0,valid,
train,Oil,Oil/00798.tif,Mask_oil/00798.tif,2048,2048,2,float32+float32,2048,2048,"[0, 1]",0,0,0,valid,
train,Oil,Oil/00084.tif,Mask_oil/00084.tif,2048,2048,2,float32+float32,2048,2048,"[0, 1]",0,0,0,valid,
train,Oil,Oil/00706.tif,Mask_oil/00706.tif,2048,2048,2,float32+float32,2048,2048,"[0, 1]",0,0,0,valid,
train,Oil,Oil/00085.tif,Mask_oil/00085.tif,2048,2048,2,float32+float32,2048,2048,"[0, 1]",0,0,0,valid,
train,Oil,Oil/00238.tif,Mask_oil/00238.tif,2048,2048,2,float32+float32,2048,2048,"[0, 1]",0,0,0,valid,
train,Oil,Oil/00982.tif,Mask_oil/00982.tif,2048,2048,2,float32+float32,2048,2048,"[0, 1]",0,0,0,valid,
train,Oil,Oil/00097.tif,Mask_oil/00097.tif,2048,2048,2,float32+float32,2048,2048,"[0, 1]",0,0,0,valid,
train,Oil,Oil/00609.tif,Mask_oil/00609.tif,2048,2048,2,float32+float32,2048,2048,"[0, 1]",0,0,0,valid,
train,Oil,Oil/01020.tif,Mask_oil/01020.tif,2048,2048,2,float32+float32,2048,2048,"[0, 1]",0,0,0,valid,
train,Oil,Oil/01180.tif,Mask_oil/01180.tif,2048,2048,2,float32+float32,2048,2048,"[0, 1]",0,0,0,valid,
train,Oil,Oil/00633.tif,Mask_oil/00633.tif,2048,2048,2,float32+float32,2048,2048,"[0, 1]",0,0,0,valid,
train,Oil,Oil/00984.tif,Mask_oil/00984.tif,2048,2048,2,float32+float32,2048,2048,"[0, 1]",0,0,0,valid,
train,Oil,Oil/01216.tif,Mask_oil/01216.tif,2048,2048,2,float32+float32,2048,2048,"[0, 1]",0,0,0,valid,
train,Oil,Oil/00569.tif,Mask_oil/00569.tif,2048,2048,2,float32+float32,2048,2048,"[0, 1]",0,0,0,valid,
train,Oil,Oil/00694.tif,Mask_oil/00694.tif,2048,2048,2,float32+float32,2048,2048,"[0, 1]",0,0,0,valid,
train,Oil,Oil/01068.tif,Mask_oil/01068.tif,2048,2048,2,float32+float32,2048,2048,"[0, 1]",0,0,0,valid,
train,Oil,Oil/00067.tif,Mask_oil/00067.tif,2048,2048,2,float32+float32,2048,2048,"[0, 1]",0,0,0,valid,
train,Oil,Oil/00395.tif,Mask_oil/00395.tif,2048,2048,2,float32+float32,2048,2048,"[0, 1]",0,0,0,valid,
train,Oil,Oil/01194.tif,Mask_oil/01194.tif,2048,2048,2,float32+float32,2048,2048,"[0, 1]",0,0,0,valid,
train,Oil,Oil/01098.tif,Mask_oil/01098.tif,2048,2048,2,float32+float32,2048,2048,"[0, 1]",0,0,0,valid,
train,Oil,Oil/00645.tif,Mask_oil/00645.tif,2048,2048,2,float32+float32,2048,2048,"[0, 1]",0,0,0,valid,
train,Oil,Oil/00862.tif,Mask_oil/00862.tif,2048,2048,2,float32+float32,2048,2048,"[0, 1]",0,0,0,valid,
train,Oil,Oil/00688.tif,Mask_oil/00688.tif,2048,2048,2,float32+float32,2048,2048,"[0, 1]",0,0,0,valid,
train,Oil,Oil/00069.tif,Mask_oil/00069.tif,2048,2048,2,float32+float32,2048,2048,"[0, 1]",0,0,0,valid,
train,Oil,Oil/00276.tif,Mask_oil/00276.tif,2048,2048,2,float32+float32,2048,2048,"[0, 1]",0,0,0,valid,
train,Oil,Oil/00373.tif,Mask_oil/00373.tif,2048,2048,2,float32+float32,2048,2048,"[0, 1]",0,0,0,valid,
train,Oil,Oil/01174.tif,Mask_oil/01174.tif,2048,2048,2,float32+float32,2048,2048,"[0, 1]",0,0,0,valid,
train,Oil,Oil/00198.tif,Mask_oil/00198.tif,2048,2048,2,float32+float32,2048,2048,"[0, 1]",0,0,0,valid,
train,Oil,Oil/00582.tif,Mask_oil/00582.tif,2048,2048,2,float32+float32,2048,2048,"[0, 1]",0,0,0,valid,
train,Oil,Oil/01298.tif,Mask_oil/01298.tif,2048,2048,2,float32+float32,2048,2048,"[0, 1]",0,0,0,valid,
train,Oil,Oil/00784.tif,Mask_oil/00784.tif,2048,2048,2,float32+float32,2048,2048,"[0, 1]",0,0,0,valid,
train,Oil,Oil/01273.tif,Mask_oil/01273.tif,2048,2048,2,float32+float32,2048,2048,"[0, 1]",0,0,0,valid,
train,Oil,Oil/01043.tif,Mask_oil/01043.tif,2048,2048,2,float32+float32,2048,2048,"[0, 1]",0,0,0,valid,
train,Oil,Oil/00857.tif,Mask_oil/00857.tif,2048,2048,2,float32+float32,2048,2048,"[0, 1]",0,0,0,valid,
train,Oil,Oil/00822.tif,Mask_oil/00822.tif,2048,2048,2,float32+float32,2048,2048,"[0, 1]",0,0,0,valid,
train,Oil,Oil/01111.tif,Mask_oil/01111.tif,2048,2048,2,float32+float32,2048,2048,"[0, 1]",0,0,0,valid,
train,Oil,Oil/01240.tif,Mask_oil/01240.tif,2048,2048,2,float32+float32,2048,2048,"[0, 1]",0,0,0,valid,
train,Oil,Oil/00545.tif,Mask_oil/00545.tif,2048,2048,2,float32+float32,2048,2048,"[0, 1]",0,0,0,valid,
train,Oil,Oil/01122.tif,Mask_oil/01122.tif,2048,2048,2,float32+float32,2048,2048,"[0, 1]",0,0,0,valid,
train,Oil,Oil/00913.tif,Mask_oil/00913.tif,2048,2048,2,float32+float32,2048,2048,"[0, 1]",0,0,0,valid,
train,Oil,Oil/00335.tif,Mask_oil/00335.tif,2048,2048,2,float32+float32,2048,2048,"[0, 1]",0,0,0,valid,
train,Oil,Oil/00475.tif,Mask_oil/00475.tif,2048,2048,2,float32+float32,2048,2048,"[0, 1]",0,0,0,valid,
train,Oil,Oil/00002.tif,Mask_oil/00002.tif,2048,2048,2,float32+float32,2048,2048,"[0, 1]",0,0,0,valid,
train,Oil,Oil/00464.tif,Mask_oil/00464.tif,2048,2048,2,float32+float32,2048,2048,"[0, 1]",0,0,0,valid,
train,Oil,Oil/00210.tif,Mask_oil/00210.tif,2048,2048,2,float32+float32,2048,2048,"[0, 1]",0,0,0,valid,
train,Oil,Oil/00073.tif,Mask_oil/00073.tif,2048,2048,2,float32+float32,2048,2048,"[0, 1]",0,0,0,valid,
train,Oil,Oil/01164.tif,Mask_oil/01164.tif,2048,2048,2,float32+float32,2048,2048,"[0, 1]",0,0,0,valid,
train,Oil,Oil/00488.tif,Mask_oil/00488.tif,2048,2048,2,float32+float32,2048,2048,"[0, 1]",0,0,0,valid,
train,Oil,Oil/00996.tif,Mask_oil/00996.tif,2048,2048,2,float32+float32,2048,2048,"[0, 1]",0,0,0,valid,
train,Oil,Oil/00270.tif,Mask_oil/00270.tif,2048,2048,2,float32+float32,2048,2048,"[0, 1]",0,0,0,valid,
train,Oil,Oil/00573.tif,Mask_oil/00573.tif,2048,2048,2,float32+float32,2048,2048,"[0, 1]",0,0,0,valid,
train,Oil,Oil/01139.tif,Mask_oil/01139.tif,2048,2048,2,float32+float32,2048,2048,"[0, 1]",0,0,0,valid,
train,Oil,Oil/01119.tif,Mask_oil/01119.tif,2048,2048,2,float32+float32,2048,2048,"[0, 1]",0,0,0,valid,
train,Oil,Oil/00212.tif,Mask_oil/00212.tif,2048,2048,2,float32+float32,2048,2048,"[0, 1]",0,0,0,valid,
train,Oil,Oil/00297.tif,Mask_oil/00297.tif,2048,2048,2,float32+float32,2048,2048,"[0, 1]",0,0,0,valid,
train,Oil,Oil/00980.tif,Mask_oil/00980.tif,2048,2048,2,float32+float32,2048,2048,"[0, 1]",0,0,0,valid,
train,Oil,Oil/00881.tif,Mask_oil/00881.tif,2048,2048,2,float32+float32,2048,2048,"[0, 1]",0,0,0,valid,
train,Oil,Oil/01061.tif,Mask_oil/01061.tif,2048,2048,2,float32+float32,2048,2048,"[0, 1]",0,0,0,valid,
train,Oil,Oil/00115.tif,Mask_oil/00115.tif,2048,2048,2,float32+float32,2048,2048,"[0, 1]",0,0,0,valid,
train,Oil,Oil/00016.tif,Mask_oil/00016.tif,2048,2048,2,float32+float32,2048,2048,"[0, 1]",0,0,0,valid,
train,Oil,Oil/00967.tif,Mask_oil/00967.tif,2048,2048,2,float32+float32,2048,2048,"[0, 1]",0,0,0,valid,
train,Oil,Oil/00643.tif,Mask_oil/00643.tif,2048,2048,2,float32+float32,2048,2048,"[0, 1]",0,0,0,valid,
train,Oil,Oil/00771.tif,Mask_oil/00771.tif,2048,2048,2,float32+float32,2048,2048,"[0, 1]",0,0,0,valid,
train,Oil,Oil/01337.tif,Mask_oil/01337.tif,2048,2048,2,float32+float32,2048,2048,"[0, 1]",0,0,0,valid,
train,Oil,Oil/01099.tif,Mask_oil/01099.tif,2048,2048,2,float32+float32,2048,2048,"[0, 1]",0,0,0,valid,
train,Oil,Oil/01336.tif,Mask_oil/01336.tif,2048,2048,2,float32+float32,2048,2048,"[0, 1]",0,0,0,valid,
val,Oil,Oil/00987.tif,Mask_oil/00987.tif,2048,2048,2,float32+float32,2048,2048,"[0, 1]",0,0,0,valid,
val,Oil,Oil/01091.tif,Mask_oil/01091.tif,2048,2048,2,float32+float32,2048,2048,"[0, 1]",0,0,0,valid,
val,Oil,Oil/00938.tif,Mask_oil/00938.tif,2048,2048,2,float32+float32,2048,2048,"[0, 1]",0,0,0,valid,
val,Oil,Oil/00533.tif,Mask_oil/00533.tif,2048,2048,2,float32+float32,2048,2048,"[0, 1]",0,0,0,valid,
val,Oil,Oil/00092.tif,Mask_oil/00092.tif,2048,2048,2,float32+float32,2048,2048,"[0, 1]",0,0,0,valid,
val,Oil,Oil/01058.tif,Mask_oil/01058.tif,2048,2048,2,float32+float32,2048,2048,"[0, 1]",0,0,0,valid,
val,Oil,Oil/01007.tif,Mask_oil/01007.tif,2048,2048,2,float32+float32,2048,2048,"[0, 1]",0,0,0,valid,
val,Oil,Oil/01288.tif,Mask_oil/01288.tif,2048,2048,2,float32+float32,2048,2048,"[0, 1]",0,0,0,valid,
val,Oil,Oil/00554.tif,Mask_oil/00554.tif,2048,2048,2,float32+float32,2048,2048,"[0, 1]",0,0,0,valid,
val,Oil,Oil/01141.tif,Mask_oil/01141.tif,2048,2048,2,float32+float32,2048,2048,"[0, 1]",0,0,0,valid,
val,Oil,Oil/00235.tif,Mask_oil/00235.tif,2048,2048,2,float32+float32,2048,2048,"[0, 1]",0,0,0,valid,
val,Oil,Oil/01247.tif,Mask_oil/01247.tif,2048,2048,2,float32+float32,2048,2048,"[0, 1]",0,0,0,valid,
val,Oil,Oil/00181.tif,Mask_oil/00181.tif,2048,2048,2,float32+float32,2048,2048,"[0, 1]",0,0,0,valid,
val,Oil,Oil/00539.tif,Mask_oil/00539.tif,2048,2048,2,float32+float32,2048,2048,"[0, 1]",0,0,0,valid,
val,Oil,Oil/00639.tif,Mask_oil/00639.tif,2048,2048,2,float32+float32,2048,2048,"[0, 1]",0,0,0,valid,
val,Oil,Oil/01118.tif,Mask_oil/01118.tif,2048,2048,2,float32+float32,2048,2048,"[0, 1]",0,0,0,valid,
val,Oil,Oil/00247.tif,Mask_oil/00247.tif,2048,2048,2,float32+float32,2048,2048,"[0, 1]",0,0,0,valid,
val,Oil,Oil/00318.tif,Mask_oil/00318.tif,2048,2048,2,float32+float32,2048,2048,"[0, 1]",0,0,0,valid,
val,Oil,Oil/00142.tif,Mask_oil/00142.tif,2048,2048,2,float32+float32,2048,2048,"[0, 1]",0,0,0,valid,
val,Oil,Oil/00993.tif,Mask_oil/00993.tif,2048,2048,2,float32+float32,2048,2048,"[0, 1]",0,0,0,valid,
val,Oil,Oil/00930.tif,Mask_oil/00930.tif,2048,2048,2,float32+float32,2048,2048,"[0, 1]",0,0,0,valid,
val,Oil,Oil/00423.tif,Mask_oil/00423.tif,2048,2048,2,float32+float32,2048,2048,"[0, 1]",0,0,0,valid,
val,Oil,Oil/00854.tif,Mask_oil/00854.tif,2048,2048,2,float32+float32,2048,2048,"[0, 1]",0,0,0,valid,
val,Oil,Oil/00490.tif,Mask_oil/00490.tif,2048,2048,2,float32+float32,2048,2048,"[0, 1]",0,0,0,valid,
val,Oil,Oil/00075.tif,Mask_oil/00075.tif,2048,2048,2,float32+float32,2048,2048,"[0, 1]",0,0,0,valid,
val,Oil,Oil/00121.tif,Mask_oil/00121.tif,2048,2048,2,float32+float32,2048,2048,"[0, 1]",0,0,0,valid,
val,Oil,Oil/00765.tif,Mask_oil/00765.tif,2048,2048,2,float32+float32,2048,2048,"[0, 1]",0,0,0,valid,
val,Oil,Oil/00776.tif,Mask_oil/00776.tif,2048,2048,2,float32+float32,2048,2048,"[0, 1]",0,0,0,valid,
val,Oil,Oil/01303.tif,Mask_oil/01303.tif,2048,2048,2,float32+float32,2048,2048,"[0, 1]",0,0,0,valid,
val,Oil,Oil/00062.tif,Mask_oil/00062.tif,2048,2048,2,float32+float32,2048,2048,"[0, 1]",0,0,0,valid,
val,Oil,Oil/00855.tif,Mask_oil/00855.tif,2048,2048,2,float32+float32,2048,2048,"[0, 1]",0,0,0,valid,
val,Oil,Oil/00995.tif,Mask_oil/00995.tif,2048,2048,2,float32+float32,2048,2048,"[0, 1]",0,0,0,valid,
val,Oil,Oil/00559.tif,Mask_oil/00559.tif,2048,2048,2,float32+float32,2048,2048,"[0, 1]",0,0,0,valid,
val,Oil,Oil/00498.tif,Mask_oil/00498.tif,2048,2048,2,float32+float32,2048,2048,"[0, 1]",0,0,0,valid,
val,Oil,Oil/01170.tif,Mask_oil/01170.tif,2048,2048,2,float32+float32,2048,2048,"[0, 1]",0,0,0,valid,
val,Oil,Oil/00438.tif,Mask_oil/00438.tif,2048,2048,2,float32+float32,2048,2048,"[0, 1]",0,0,0,valid,
val,Oil,Oil/00520.tif,Mask_oil/00520.tif,2048,2048,2,float32+float32,2048,2048,"[0, 1]",0,0,0,valid,
val,Oil,Oil/00781.tif,Mask_oil/00781.tif,2048,2048,2,float32+float32,2048,2048,"[0, 1]",0,0,0,valid,
val,Oil,Oil/00119.tif,Mask_oil/00119.tif,2048,2048,2,float32+float32,2048,2048,"[0, 1]",0,0,0,valid,
val,Oil,Oil/01226.tif,Mask_oil/01226.tif,2048,2048,2,float32+float32,2048,2048,"[0, 1]",0,0,0,valid,
val,Oil,Oil/00245.tif,Mask_oil/00245.tif,2048,2048,2,float32+float32,2048,2048,"[0, 1]",0,0,0,valid,
val,Oil,Oil/00494.tif,Mask_oil/00494.tif,2048,2048,2,float32+float32,2048,2048,"[0, 1]",0,0,0,valid,
val,Oil,Oil/00937.tif,Mask_oil/00937.tif,2048,2048,2,float32+float32,2048,2048,"[0, 1]",0,0,0,valid,
val,Oil,Oil/01124.tif,Mask_oil/01124.tif,2048,2048,2,float32+float32,2048,2048,"[0, 1]",0,0,0,valid,
val,Oil,Oil/00914.tif,Mask_oil/00914.tif,2048,2048,2,float32+float32,2048,2048,"[0, 1]",0,0,0,valid,
val,Oil,Oil/00305.tif,Mask_oil/00305.tif,2048,2048,2,float32+float32,2048,2048,"[0, 1]",0,0,0,valid,
val,Oil,Oil/00565.tif,Mask_oil/00565.tif,2048,2048,2,float32+float32,2048,2048,"[0, 1]",0,0,0,valid,
val,Oil,Oil/00685.tif,Mask_oil/00685.tif,2048,2048,2,float32+float32,2048,2048,"[0, 1]",0,0,0,valid,
val,Oil,Oil/00678.tif,Mask_oil/00678.tif,2048,2048,2,float32+float32,2048,2048,"[0, 1]",0,0,0,valid,
val,Oil,Oil/01015.tif,Mask_oil/01015.tif,2048,2048,2,float32+float32,2048,2048,"[0, 1]",0,0,0,valid,
val,Oil,Oil/01070.tif,Mask_oil/01070.tif,2048,2048,2,float32+float32,2048,2048,"[0, 1]",0,0,0,valid,
val,Oil,Oil/01320.tif,Mask_oil/01320.tif,2048,2048,2,float32+float32,2048,2048,"[0, 1]",0,0,0,valid,
val,Oil,Oil/01248.tif,Mask_oil/01248.tif,2048,2048,2,float32+float32,2048,2048,"[0, 1]",0,0,0,valid,
val,Oil,Oil/01258.tif,Mask_oil/01258.tif,2048,2048,2,float32+float32,2048,2048,"[0, 1]",0,0,0,valid,
val,Oil,Oil/00273.tif,Mask_oil/00273.tif,2048,2048,2,float32+float32,2048,2048,"[0, 1]",0,0,0,valid,
val,Oil,Oil/00580.tif,Mask_oil/00580.tif,2048,2048,2,float32+float32,2048,2048,"[0, 1]",0,0,0,valid,
val,Oil,Oil/00792.tif,Mask_oil/00792.tif,2048,2048,2,float32+float32,2048,2048,"[0, 1]",0,0,0,valid,
val,Oil,Oil/01238.tif,Mask_oil/01238.tif,2048,2048,2,float32+float32,2048,2048,"[0, 1]",0,0,0,valid,
val,Oil,Oil/00299.tif,Mask_oil/00299.tif,2048,2048,2,float32+float32,2048,2048,"[0, 1]",0,0,0,valid,
val,Oil,Oil/00615.tif,Mask_oil/00615.tif,2048,2048,2,float32+float32,2048,2048,"[0, 1]",0,0,0,valid,
val,Oil,Oil/00087.tif,Mask_oil/00087.tif,2048,2048,2,float32+float32,2048,2048,"[0, 1]",0,0,0,valid,
val,Oil,Oil/01173.tif,Mask_oil/01173.tif,2048,2048,2,float32+float32,2048,2048,"[0, 1]",0,0,0,valid,
val,Oil,Oil/00991.tif,Mask_oil/00991.tif,2048,2048,2,float32+float32,2048,2048,"[0, 1]",0,0,0,valid,
val,Oil,Oil/00036.tif,Mask_oil/00036.tif,2048,2048,2,float32+float32,2048,2048,"[0, 1]",0,0,0,valid,
val,Oil,Oil/01039.tif,Mask_oil/01039.tif,2048,2048,2,float32+float32,2048,2048,"[0, 1]",0,0,0,valid,
val,Oil,Oil/00175.tif,Mask_oil/00175.tif,2048,2048,2,float32+float32,2048,2048,"[0, 1]",0,0,0,valid,
val,Oil,Oil/00549.tif,Mask_oil/00549.tif,2048,2048,2,float32+float32,2048,2048,"[0, 1]",0,0,0,valid,
val,Oil,Oil/00153.tif,Mask_oil/00153.tif,2048,2048,2,float32+float32,2048,2048,"[0, 1]",0,0,0,valid,
val,Oil,Oil/00184.tif,Mask_oil/00184.tif,2048,2048,2,float32+float32,2048,2048,"[0, 1]",0,0,0,valid,
val,Oil,Oil/00015.tif,Mask_oil/00015.tif,2048,2048,2,float32+float32,2048,2048,"[0, 1]",0,0,0,valid,
val,Oil,Oil/01314.tif,Mask_oil/01314.tif,2048,2048,2,float32+float32,2048,2048,"[0, 1]",0,0,0,valid,
val,Oil,Oil/00552.tif,Mask_oil/00552.tif,2048,2048,2,float32+float32,2048,2048,"[0, 1]",0,0,0,valid,
val,Oil,Oil/00048.tif,Mask_oil/00048.tif,2048,2048,2,float32+float32,2048,2048,"[0, 1]",0,0,0,valid,
val,Oil,Oil/00799.tif,Mask_oil/00799.tif,2048,2048,2,float32+float32,2048,2048,"[0, 1]",0,0,0,valid,
val,Oil,Oil/00167.tif,Mask_oil/00167.tif,2048,2048,2,float32+float32,2048,2048,"[0, 1]",0,0,0,valid,
val,Oil,Oil/00540.tif,Mask_oil/00540.tif,2048,2048,2,float32+float32,2048,2048,"[0, 1]",0,0,0,valid,
val,Oil,Oil/00595.tif,Mask_oil/00595.tif,2048,2048,2,float32+float32,2048,2048,"[0, 1]",0,0,0,valid,
val,Oil,Oil/00304.tif,Mask_oil/00304.tif,2048,2048,2,float32+float32,2048,2048,"[0, 1]",0,0,0,valid,
val,Oil,Oil/01036.tif,Mask_oil/01036.tif,2048,2048,2,float32+float32,2048,2048,"[0, 1]",0,0,0,valid,
val,Oil,Oil/01009.tif,Mask_oil/01009.tif,2048,2048,2,float32+float32,2048,2048,"[0, 1]",0,0,0,valid,
val,Oil,Oil/00874.tif,Mask_oil/00874.tif,2048,2048,2,float32+float32,2048,2048,"[0, 1]",0,0,0,valid,
val,Oil,Oil/01233.tif,Mask_oil/01233.tif,2048,2048,2,float32+float32,2048,2048,"[0, 1]",0,0,0,valid,
val,Oil,Oil/00737.tif,Mask_oil/00737.tif,2048,2048,2,float32+float32,2048,2048,"[0, 1]",0,0,0,valid,
val,Oil,Oil/00489.tif,Mask_oil/00489.tif,2048,2048,2,float32+float32,2048,2048,"[0, 1]",0,0,0,valid,
val,Oil,Oil/00512.tif,Mask_oil/00512.tif,2048,2048,2,float32+float32,2048,2048,"[0, 1]",0,0,0,valid,
val,Oil,Oil/00977.tif,Mask_oil/00977.tif,2048,2048,2,float32+float32,2048,2048,"[0, 1]",0,0,0,valid,
val,Oil,Oil/01239.tif,Mask_oil/01239.tif,2048,2048,2,float32+float32,2048,2048,"[0, 1]",0,0,0,valid,
val,Oil,Oil/00413.tif,Mask_oil/00413.tif,2048,2048,2,float32+float32,2048,2048,"[0, 1]",0,0,0,valid,
val,Oil,Oil/01086.tif,Mask_oil/01086.tif,2048,2048,2,float32+float32,2048,2048,"[0, 1]",0,0,0,valid,
val,Oil,Oil/00326.tif,Mask_oil/00326.tif,2048,2048,2,float32+float32,2048,2048,"[0, 1]",0,0,0,valid,
val,Oil,Oil/00321.tif,Mask_oil/00321.tif,2048,2048,2,float32+float32,2048,2048,"[0, 1]",0,0,0,valid,
val,Oil,Oil/00178.tif,Mask_oil/00178.tif,2048,2048,2,float32+float32,2048,2048,"[0, 1]",0,0,0,valid,
val,Oil,Oil/01115.tif,Mask_oil/01115.tif,2048,2048,2,float32+float32,2048,2048,"[0, 1]",0,0,0,valid,
val,Oil,Oil/00217.tif,Mask_oil/00217.tif,2048,2048,2,float32+float32,2048,2048,"[0, 1]",0,0,0,valid,
val,Oil,Oil/01286.tif,Mask_oil/01286.tif,2048,2048,2,float32+float32,2048,2048,"[0, 1]",0,0,0,valid,
val,Oil,Oil/00574.tif,Mask_oil/00574.tif,2048,2048,2,float32+float32,2048,2048,"[0, 1]",0,0,0,valid,
val,Oil,Oil/00151.tif,Mask_oil/00151.tif,2048,2048,2,float32+float32,2048,2048,"[0, 1]",0,0,0,valid,
val,Oil,Oil/00571.tif,Mask_oil/00571.tif,2048,2048,2,float32+float32,2048,2048,"[0, 1]",0,0,0,valid,
val,Oil,Oil/00727.tif,Mask_oil/00727.tif,2048,2048,2,float32+float32,2048,2048,"[0, 1]",0,0,0,valid,
val,Oil,Oil/00852.tif,Mask_oil/00852.tif,2048,2048,2,float32+float32,2048,2048,"[0, 1]",0,0,0,valid,
val,Oil,Oil/00283.tif,Mask_oil/00283.tif,2048,2048,2,float32+float32,2048,2048,"[0, 1]",0,0,0,valid,
val,Oil,Oil/00043.tif,Mask_oil/00043.tif,2048,2048,2,float32+float32,2048,2048,"[0, 1]",0,0,0,valid,
val,Oil,Oil/01120.tif,Mask_oil/01120.tif,2048,2048,2,float32+float32,2048,2048,"[0, 1]",0,0,0,valid,
val,Oil,Oil/00767.tif,Mask_oil/00767.tif,2048,2048,2,float32+float32,2048,2048,"[0, 1]",0,0,0,valid,
val,Oil,Oil/00001.tif,Mask_oil/00001.tif,2048,2048,2,float32+float32,2048,2048,"[0, 1]",0,0,0,valid,
val,Oil,Oil/00405.tif,Mask_oil/00405.tif,2048,2048,2,float32+float32,2048,2048,"[0, 1]",0,0,0,valid,
val,Oil,Oil/00875.tif,Mask_oil/00875.tif,2048,2048,2,float32+float32,2048,2048,"[0, 1]",0,0,0,valid,
val,Oil,Oil/01224.tif,Mask_oil/01224.tif,2048,2048,2,float32+float32,2048,2048,"[0, 1]",0,0,0,valid,
val,Oil,Oil/01319.tif,Mask_oil/01319.tif,2048,2048,2,float32+float32,2048,2048,"[0, 1]",0,0,0,valid,
val,Oil,Oil/01201.tif,Mask_oil/01201.tif,2048,2048,2,float32+float32,2048,2048,"[0, 1]",0,0,0,valid,
val,Oil,Oil/00708.tif,Mask_oil/00708.tif,2048,2048,2,float32+float32,2048,2048,"[0, 1]",0,0,0,valid,
val,Oil,Oil/00269.tif,Mask_oil/00269.tif,2048,2048,2,float32+float32,2048,2048,"[0, 1]",0,0,0,valid,
val,Oil,Oil/01167.tif,Mask_oil/01167.tif,2048,2048,2,float32+float32,2048,2048,"[0, 1]",0,0,0,valid,
val,Oil,Oil/00441.tif,Mask_oil/00441.tif,2048,2048,2,float32+float32,2048,2048,"[0, 1]",0,0,0,valid,
val,Oil,Oil/01152.tif,Mask_oil/01152.tif,2048,2048,2,float32+float32,2048,2048,"[0, 1]",0,0,0,valid,
val,Oil,Oil/00629.tif,Mask_oil/00629.tif,2048,2048,2,float32+float32,2048,2048,"[0, 1]",0,0,0,valid,
val,Oil,Oil/00006.tif,Mask_oil/00006.tif,2048,2048,2,float32+float32,2048,2048,"[0, 1]",0,0,0,valid,
val,Oil,Oil/01041.tif,Mask_oil/01041.tif,2048,2048,2,float32+float32,2048,2048,"[0, 1]",0,0,0,valid,
val,Oil,Oil/00398.tif,Mask_oil/00398.tif,2048,2048,2,float32+float32,2048,2048,"[0, 1]",0,0,0,valid,
val,Oil,Oil/01001.tif,Mask_oil/01001.tif,2048,2048,2,float32+float32,2048,2048,"[0, 1]",0,0,0,valid,
val,Oil,Oil/00697.tif,Mask_oil/00697.tif,2048,2048,2,float32+float32,2048,2048,"[0, 1]",0,0,0,valid,
val,Oil,Oil/01338.tif,Mask_oil/01338.tif,2048,2048,2,float32+float32,2048,2048,"[0, 1]",0,0,0,valid,
val,Oil,Oil/01308.tif,Mask_oil/01308.tif,2048,2048,2,float32+float32,2048,2048,"[0, 1]",0,0,0,valid,
val,Oil,Oil/01266.tif,Mask_oil/01266.tif,2048,2048,2,float32+float32,2048,2048,"[0, 1]",0,0,0,valid,
val,Oil,Oil/00288.tif,Mask_oil/00288.tif,2048,2048,2,float32+float32,2048,2048,"[0, 1]",0,0,0,valid,
val,Oil,Oil/00024.tif,Mask_oil/00024.tif,2048,2048,2,float32+float32,2048,2048,"[0, 1]",0,0,0,valid,
val,Oil,Oil/00603.tif,Mask_oil/00603.tif,2048,2048,2,float32+float32,2048,2048,"[0, 1]",0,0,0,valid,
val,Oil,Oil/01215.tif,Mask_oil/01215.tif,2048,2048,2,float32+float32,2048,2048,"[0, 1]",0,0,0,valid,
val,Oil,Oil/01071.tif,Mask_oil/01071.tif,2048,2048,2,float32+float32,2048,2048,"[0, 1]",0,0,0,valid,
val,Oil,Oil/00891.tif,Mask_oil/00891.tif,2048,2048,2,float32+float32,2048,2048,"[0, 1]",0,0,0,valid,
val,Oil,Oil/00898.tif,Mask_oil/00898.tif,2048,2048,2,float32+float32,2048,2048,"[0, 1]",0,0,0,valid,
val,Oil,Oil/00165.tif,Mask_oil/00165.tif,2048,2048,2,float32+float32,2048,2048,"[0, 1]",0,0,0,valid,
val,Oil,Oil/01329.tif,Mask_oil/01329.tif,2048,2048,2,float32+float32,2048,2048,"[0, 1]",0,0,0,valid,
val,Oil,Oil/00402.tif,Mask_oil/00402.tif,2048,2048,2,float32+float32,2048,2048,"[0, 1]",0,0,0,valid,
val,Oil,Oil/00386.tif,Mask_oil/00386.tif,2048,2048,2,float32+float32,2048,2048,"[0, 1]",0,0,0,valid,
val,Oil,Oil/00278.tif,Mask_oil/00278.tif,2048,2048,2,float32+float32,2048,2048,"[0, 1]",0,0,0,valid,
val,Oil,Oil/00116.tif,Mask_oil/00116.tif,2048,2048,2,float32+float32,2048,2048,"[0, 1]",0,0,0,valid,
val,Oil,Oil/00234.tif,Mask_oil/00234.tif,2048,2048,2,float32+float32,2048,2048,"[0, 1]",0,0,0,valid,
val,Oil,Oil/01135.tif,Mask_oil/01135.tif,2048,2048,2,float32+float32,2048,2048,"[0, 1]",0,0,0,valid,
val,Oil,Oil/01171.tif,Mask_oil/01171.tif,2048,2048,2,float32+float32,2048,2048,"[0, 1]",0,0,0,valid,
val,Oil,Oil/00349.tif,Mask_oil/00349.tif,2048,2048,2,float32+float32,2048,2048,"[0, 1]",0,0,0,valid,
val,Oil,Oil/01257.tif,Mask_oil/01257.tif,2048,2048,2,float32+float32,2048,2048,"[0, 1]",0,0,0,valid,
val,Oil,Oil/00850.tif,Mask_oil/00850.tif,2048,2048,2,float32+float32,2048,2048,"[0, 1]",0,0,0,valid,
val,Oil,Oil/00928.tif,Mask_oil/00928.tif,2048,2048,2,float32+float32,2048,2048,"[0, 1]",0,0,0,valid,
val,Oil,Oil/00988.tif,Mask_oil/00988.tif,2048,2048,2,float32+float32,2048,2048,"[0, 1]",0,0,0,valid,
val,Oil,Oil/00628.tif,Mask_oil/00628.tif,2048,2048,2,float32+float32,2048,2048,"[0, 1]",0,0,0,valid,
val,Oil,Oil/01235.tif,Mask_oil/01235.tif,2048,2048,2,float32+float32,2048,2048,"[0, 1]",0,0,0,valid,
val,Oil,Oil/00593.tif,Mask_oil/00593.tif,2048,2048,2,float32+float32,2048,2048,"[0, 1]",0,0,0,valid,
val,Oil,Oil/01333.tif,Mask_oil/01333.tif,2048,2048,2,float32+float32,2048,2048,"[0, 1]",0,0,0,valid,
val,Oil,Oil/00632.tif,Mask_oil/00632.tif,2048,2048,2,float32+float32,2048,2048,"[0, 1]",0,0,0,valid,
val,Oil,Oil/00361.tif,Mask_oil/00361.tif,2048,2048,2,float32+float32,2048,2048,"[0, 1]",0,0,0,valid,
val,Oil,Oil/01051.tif,Mask_oil/01051.tif,2048,2048,2,float32+float32,2048,2048,"[0, 1]",0,0,0,valid,
val,Oil,Oil/00921.tif,Mask_oil/00921.tif,2048,2048,2,float32+float32,2048,2048,"[0, 1]",0,0,0,valid,
val,Oil,Oil/01149.tif,Mask_oil/01149.tif,2048,2048,2,float32+float32,2048,2048,"[0, 1]",0,0,0,valid,
val,Oil,Oil/00514.tif,Mask_oil/00514.tif,2048,2048,2,float32+float32,2048,2048,"[0, 1]",0,0,0,valid,
val,Oil,Oil/00744.tif,Mask_oil/00744.tif,2048,2048,2,float32+float32,2048,2048,"[0, 1]",0,0,0,valid,
val,Oil,Oil/00511.tif,Mask_oil/00511.tif,2048,2048,2,float32+float32,2048,2048,"[0, 1]",0,0,0,valid,
val,Oil,Oil/00172.tif,Mask_oil/00172.tif,2048,2048,2,float32+float32,2048,2048,"[0, 1]",0,0,0,valid,
val,Oil,Oil/00638.tif,Mask_oil/00638.tif,2048,2048,2,float32+float32,2048,2048,"[0, 1]",0,0,0,valid,
val,Oil,Oil/00932.tif,Mask_oil/00932.tif,2048,2048,2,float32+float32,2048,2048,"[0, 1]",0,0,0,valid,
val,Oil,Oil/00748.tif,Mask_oil/00748.tif,2048,2048,2,float32+float32,2048,2048,"[0, 1]",0,0,0,valid,
val,Oil,Oil/01328.tif,Mask_oil/01328.tif,2048,2048,2,float32+float32,2048,2048,"[0, 1]",0,0,0,valid,
val,Oil,Oil/00550.tif,Mask_oil/00550.tif,2048,2048,2,float32+float32,2048,2048,"[0, 1]",0,0,0,valid,
val,Oil,Oil/00146.tif,Mask_oil/00146.tif,2048,2048,2,float32+float32,2048,2048,"[0, 1]",0,0,0,valid,
val,Oil,Oil/00768.tif,Mask_oil/00768.tif,2048,2048,2,float32+float32,2048,2048,"[0, 1]",0,0,0,valid,
val,Oil,Oil/00528.tif,Mask_oil/00528.tif,2048,2048,2,float32+float32,2048,2048,"[0, 1]",0,0,0,valid,
val,Oil,Oil/00642.tif,Mask_oil/00642.tif,2048,2048,2,float32+float32,2048,2048,"[0, 1]",0,0,0,valid,
val,Oil,Oil/00887.tif,Mask_oil/00887.tif,2048,2048,2,float32+float32,2048,2048,"[0, 1]",0,0,0,valid,
val,Oil,Oil/01059.tif,Mask_oil/01059.tif,2048,2048,2,float32+float32,2048,2048,"[0, 1]",0,0,0,valid,
val,Oil,Oil/00409.tif,Mask_oil/00409.tif,2048,2048,2,float32+float32,2048,2048,"[0, 1]",0,0,0,valid,
val,Oil,Oil/01335.tif,Mask_oil/01335.tif,2048,2048,2,float32+float32,2048,2048,"[0, 1]",0,0,0,valid,
val,Oil,Oil/01225.tif,Mask_oil/01225.tif,2048,2048,2,float32+float32,2048,2048,"[0, 1]",0,0,0,valid,
val,Oil,Oil/00426.tif,Mask_oil/00426.tif,2048,2048,2,float32+float32,2048,2048,"[0, 1]",0,0,0,valid,
val,Oil,Oil/00185.tif,Mask_oil/00185.tif,2048,2048,2,float32+float32,2048,2048,"[0, 1]",0,0,0,valid,
val,Oil,Oil/00636.tif,Mask_oil/00636.tif,2048,2048,2,float32+float32,2048,2048,"[0, 1]",0,0,0,valid,
val,Oil,Oil/00507.tif,Mask_oil/00507.tif,2048,2048,2,float32+float32,2048,2048,"[0, 1]",0,0,0,valid,
val,Oil,Oil/00836.tif,Mask_oil/00836.tif,2048,2048,2,float32+float32,2048,2048,"[0, 1]",0,0,0,valid,
val,Oil,Oil/00867.tif,Mask_oil/00867.tif,2048,2048,2,float32+float32,2048,2048,"[0, 1]",0,0,0,valid,
val,Oil,Oil/00408.tif,Mask_oil/00408.tif,2048,2048,2,float32+float32,2048,2048,"[0, 1]",0,0,0,valid,
val,Oil,Oil/00856.tif,Mask_oil/00856.tif,2048,2048,2,float32+float32,2048,2048,"[0, 1]",0,0,0,valid,
val,Oil,Oil/01040.tif,Mask_oil/01040.tif,2048,2048,2,float32+float32,2048,2048,"[0, 1]",0,0,0,valid,
val,Oil,Oil/01307.tif,Mask_oil/01307.tif,2048,2048,2,float32+float32,2048,2048,"[0, 1]",0,0,0,valid,
val,Oil,Oil/01300.tif,Mask_oil/01300.tif,2048,2048,2,float32+float32,2048,2048,"[0, 1]",0,0,0,valid,
val,Oil,Oil/00257.tif,Mask_oil/00257.tif,2048,2048,2,float32+float32,2048,2048,"[0, 1]",0,0,0,valid,
val,Oil,Oil/01323.tif,Mask_oil/01323.tif,2048,2048,2,float32+float32,2048,2048,"[0, 1]",0,0,0,valid,
val,Oil,Oil/00203.tif,Mask_oil/00203.tif,2048,2048,2,float32+float32,2048,2048,"[0, 1]",0,0,0,valid,
val,Oil,Oil/00687.tif,Mask_oil/00687.tif,2048,2048,2,float32+float32,2048,2048,"[0, 1]",0,0,0,valid,
val,Oil,Oil/00546.tif,Mask_oil/00546.tif,2048,2048,2,float32+float32,2048,2048,"[0, 1]",0,0,0,valid,
val,Oil,Oil/00113.tif,Mask_oil/00113.tif,2048,2048,2,float32+float32,2048,2048,"[0, 1]",0,0,0,valid,
val,Oil,Oil/00180.tif,Mask_oil/00180.tif,2048,2048,2,float32+float32,2048,2048,"[0, 1]",0,0,0,valid,
val,Oil,Oil/00469.tif,Mask_oil/00469.tif,2048,2048,2,float32+float32,2048,2048,"[0, 1]",0,0,0,valid,
val,Oil,Oil/00849.tif,Mask_oil/00849.tif,2048,2048,2,float32+float32,2048,2048,"[0, 1]",0,0,0,valid,
val,Oil,Oil/00696.tif,Mask_oil/00696.tif,2048,2048,2,float32+float32,2048,2048,"[0, 1]",0,0,0,valid,
val,Oil,Oil/01264.tif,Mask_oil/01264.tif,2048,2048,2,float32+float32,2048,2048,"[0, 1]",0,0,0,valid,
val,Oil,Oil/00201.tif,Mask_oil/00201.tif,2048,2048,2,float32+float32,2048,2048,"[0, 1]",0,0,0,valid,
val,Oil,Oil/00885.tif,Mask_oil/00885.tif,2048,2048,2,float32+float32,2048,2048,"[0, 1]",0,0,0,valid,
val,Oil,Oil/00319.tif,Mask_oil/00319.tif,2048,2048,2,float32+float32,2048,2048,"[0, 1]",0,0,0,valid,
val,Oil,Oil/01230.tif,Mask_oil/01230.tif,2048,2048,2,float32+float32,2048,2048,"[0, 1]",0,0,0,valid,
val,Oil,Oil/01052.tif,Mask_oil/01052.tif,2048,2048,2,float32+float32,2048,2048,"[0, 1]",0,0,0,valid,
val,Oil,Oil/00103.tif,Mask_oil/00103.tif,2048,2048,2,float32+float32,2048,2048,"[0, 1]",0,0,0,valid,
val,Oil,Oil/00631.tif,Mask_oil/00631.tif,2048,2048,2,float32+float32,2048,2048,"[0, 1]",0,0,0,valid,
val,Oil,Oil/00811.tif,Mask_oil/00811.tif,2048,2048,2,float32+float32,2048,2048,"[0, 1]",0,0,0,valid,
val,Oil,Oil/00844.tif,Mask_oil/00844.tif,2048,2048,2,float32+float32,2048,2048,"[0, 1]",0,0,0,valid,
val,Oil,Oil/00249.tif,Mask_oil/00249.tif,2048,2048,2,float32+float32,2048,2048,"[0, 1]",0,0,0,valid,
val,Oil,Oil/00888.tif,Mask_oil/00888.tif,2048,2048,2,float32+float32,2048,2048,"[0, 1]",0,0,0,valid,
val,Oil,Oil/00237.tif,Mask_oil/00237.tif,2048,2048,2,float32+float32,2048,2048,"[0, 1]",0,0,0,valid,
val,Oil,Oil/01332.tif,Mask_oil/01332.tif,2048,2048,2,float32+float32,2048,2048,"[0, 1]",0,0,0,valid,
val,Oil,Oil/00796.tif,Mask_oil/00796.tif,2048,2048,2,float32+float32,2048,2048,"[0, 1]",0,0,0,valid,
val,Oil,Oil/00519.tif,Mask_oil/00519.tif,2048,2048,2,float32+float32,2048,2048,"[0, 1]",0,0,0,valid,
val,Oil,Oil/00392.tif,Mask_oil/00392.tif,2048,2048,2,float32+float32,2048,2048,"[0, 1]",0,0,0,valid,
val,Oil,Oil/01312.tif,Mask_oil/01312.tif,2048,2048,2,float32+float32,2048,2048,"[0, 1]",0,0,0,valid,
val,Oil,Oil/00803.tif,Mask_oil/00803.tif,2048,2048,2,float32+float32,2048,2048,"[0, 1]",0,0,0,valid,
val,Oil,Oil/00976.tif,Mask_oil/00976.tif,2048,2048,2,float32+float32,2048,2048,"[0, 1]",0,0,0,valid,
val,Oil,Oil/00401.tif,Mask_oil/00401.tif,2048,2048,2,float32+float32,2048,2048,"[0, 1]",0,0,0,valid,
val,Oil,Oil/00014.tif,Mask_oil/00014.tif,2048,2048,2,float32+float32,2048,2048,"[0, 1]",0,0,0,valid,
val,Oil,Oil/00659.tif,Mask_oil/00659.tif,2048,2048,2,float32+float32,2048,2048,"[0, 1]",0,0,0,valid,
val,Oil,Oil/01031.tif,Mask_oil/01031.tif,2048,2048,2,float32+float32,2048,2048,"[0, 1]",0,0,0,valid,
val,Oil,Oil/00531.tif,Mask_oil/00531.tif,2048,2048,2,float32+float32,2048,2048,"[0, 1]",0,0,0,valid,
val,Oil,Oil/00970.tif,Mask_oil/00970.tif,2048,2048,2,float32+float32,2048,2048,"[0, 1]",0,0,0,valid,
val,Oil,Oil/01331.tif,Mask_oil/01331.tif,2048,2048,2,float32+float32,2048,2048,"[0, 1]",0,0,0,valid,
val,Oil,Oil/00485.tif,Mask_oil/00485.tif,2048,2048,2,float32+float32,2048,2048,"[0, 1]",0,0,0,valid,
val,Oil,Oil/01283.tif,Mask_oil/01283.tif,2048,2048,2,float32+float32,2048,2048,"[0, 1]",0,0,0,valid,
val,Oil,Oil/00061.tif,Mask_oil/00061.tif,2048,2048,2,float32+float32,2048,2048,"[0, 1]",0,0,0,valid,
val,Oil,Oil/01162.tif,Mask_oil/01162.tif,2048,2048,2,float32+float32,2048,2048,"[0, 1]",0,0,0,valid,
val,Oil,Oil/00557.tif,Mask_oil/00557.tif,2048,2048,2,float32+float32,2048,2048,"[0, 1]",0,0,0,valid,
val,Oil,Oil/00526.tif,Mask_oil/00526.tif,2048,2048,2,float32+float32,2048,2048,"[0, 1]",0,0,0,valid,
val,Oil,Oil/00240.tif,Mask_oil/00240.tif,2048,2048,2,float32+float32,2048,2048,"[0, 1]",0,0,0,valid,
val,Oil,Oil/00074.tif,Mask_oil/00074.tif,2048,2048,2,float32+float32,2048,2048,"[0, 1]",0,0,0,valid,
val,Oil,Oil/00078.tif,Mask_oil/00078.tif,2048,2048,2,float32+float32,2048,2048,"[0, 1]",0,0,0,valid,
val,Oil,Oil/00975.tif,Mask_oil/00975.tif,2048,2048,2,float32+float32,2048,2048,"[0, 1]",0,0,0,valid,
val,Oil,Oil/00220.tif,Mask_oil/00220.tif,2048,2048,2,float32+float32,2048,2048,"[0, 1]",0,0,0,valid,
val,Oil,Oil/01249.tif,Mask_oil/01249.tif,2048,2048,2,float32+float32,2048,2048,"[0, 1]",0,0,0,valid,
val,Oil,Oil/00260.tif,Mask_oil/00260.tif,2048,2048,2,float32+float32,2048,2048,"[0, 1]",0,0,0,valid,
val,Oil,Oil/00351.tif,Mask_oil/00351.tif,2048,2048,2,float32+float32,2048,2048,"[0, 1]",0,0,0,valid,
val,Oil,Oil/00537.tif,Mask_oil/00537.tif,2048,2048,2,float32+float32,2048,2048,"[0, 1]",0,0,0,valid,
val,Oil,Oil/00585.tif,Mask_oil/00585.tif,2048,2048,2,float32+float32,2048,2048,"[0, 1]",0,0,0,valid,
val,Oil,Oil/00653.tif,Mask_oil/00653.tif,2048,2048,2,float32+float32,2048,2048,"[0, 1]",0,0,0,valid,
val,Oil,Oil/00057.tif,Mask_oil/00057.tif,2048,2048,2,float32+float32,2048,2048,"[0, 1]",0,0,0,valid,
val,Oil,Oil/00282.tif,Mask_oil/00282.tif,2048,2048,2,float32+float32,2048,2048,"[0, 1]",0,0,0,valid,
train,No_oil,No_oil/00387.tif,Mask_no_oil/00387.tif,2048,2048,2,float32+float32,2048,2048,[0],0,0,0,valid,
train,No_oil,No_oil/00590.tif,Mask_no_oil/00590.tif,2048,2048,2,float32+float32,2048,2048,[0],0,0,0,valid,
train,No_oil,No_oil/00100.tif,Mask_no_oil/00100.tif,2048,2048,2,float32+float32,2048,2048,[0],0,0,0,valid,
train,No_oil,No_oil/00068.tif,Mask_no_oil/00068.tif,2048,2048,2,float32+float32,2048,2048,[0],0,0,0,valid,
train,No_oil,No_oil/00059.tif,Mask_no_oil/00059.tif,2048,2048,2,float32+float32,2048,2048,[0],0,0,0,valid,
train,No_oil,No_oil/00641.tif,Mask_no_oil/00641.tif,2048,2048,2,float32+float32,2048,2048,[0],0,0,0,valid,
train,No_oil,No_oil/00491.tif,Mask_no_oil/00491.tif,2048,2048,2,float32+float32,2048,2048,[0],0,0,0,valid,
train,No_oil,No_oil/00480.tif,Mask_no_oil/00480.tif,2048,2048,2,float32+float32,2048,2048,[0],0,0,0,valid,
train,No_oil,No_oil/00502.tif,Mask_no_oil/00502.tif,2048,2048,2,float32+float32,2048,2048,[0],0,0,0,valid,
train,No_oil,No_oil/00549.tif,Mask_no_oil/00549.tif,2048,2048,2,float32+float32,2048,2048,[0],0,0,0,valid,
train,No_oil,No_oil/00344.tif,Mask_no_oil/00344.tif,2048,2048,2,float32+float32,2048,2048,[0],0,0,0,valid,
train,No_oil,No_oil/00291.tif,Mask_no_oil/00291.tif,2048,2048,2,float32+float32,2048,2048,[0],0,0,0,valid,
train,No_oil,No_oil/00323.tif,Mask_no_oil/00323.tif,2048,2048,2,float32+float32,2048,2048,[0],0,0,0,valid,
train,No_oil,No_oil/00419.tif,Mask_no_oil/00419.tif,2048,2048,2,float32+float32,2048,2048,[0],0,0,0,valid,
train,No_oil,No_oil/00675.tif,Mask_no_oil/00675.tif,2048,2048,2,float32+float32,2048,2048,[0],0,0,0,valid,
train,No_oil,No_oil/00111.tif,Mask_no_oil/00111.tif,2048,2048,2,float32+float32,2048,2048,[0],0,0,0,valid,
train,No_oil,No_oil/00001.tif,Mask_no_oil/00001.tif,2048,2048,2,float32+float32,2048,2048,[0],0,0,0,valid,
train,No_oil,No_oil/00630.tif,Mask_no_oil/00630.tif,2048,2048,2,float32+float32,2048,2048,[0],0,0,0,valid,
train,No_oil,No_oil/00000.tif,Mask_no_oil/00000.tif,2048,2048,2,float32+float32,2048,2048,[0],0,0,0,valid,
train,No_oil,No_oil/00102.tif,Mask_no_oil/00102.tif,2048,2048,2,float32+float32,2048,2048,[0],0,0,0,valid,
train,No_oil,No_oil/00153.tif,Mask_no_oil/00153.tif,2048,2048,2,float32+float32,2048,2048,[0],0,0,0,valid,
train,No_oil,No_oil/00200.tif,Mask_no_oil/00200.tif,2048,2048,2,float32+float32,2048,2048,[0],0,0,0,valid,
train,No_oil,No_oil/00122.tif,Mask_no_oil/00122.tif,2048,2048,2,float32+float32,2048,2048,[0],0,0,0,valid,
train,No_oil,No_oil/00315.tif,Mask_no_oil/00315.tif,2048,2048,2,float32+float32,2048,2048,[0],0,0,0,valid,
train,No_oil,No_oil/00483.tif,Mask_no_oil/00483.tif,2048,2048,2,float32+float32,2048,2048,[0],0,0,0,valid,
train,No_oil,No_oil/00105.tif,Mask_no_oil/00105.tif,2048,2048,2,float32+float32,2048,2048,[0],0,0,0,valid,
train,No_oil,No_oil/00172.tif,Mask_no_oil/00172.tif,2048,2048,2,float32+float32,2048,2048,[0],0,0,0,valid,
train,No_oil,No_oil/00598.tif,Mask_no_oil/00598.tif,2048,2048,2,float32+float32,2048,2048,[0],0,0,0,valid,
train,No_oil,No_oil/00081.tif,Mask_no_oil/00081.tif,2048,2048,2,float32+float32,2048,2048,[0],0,0,0,valid,
train,No_oil,No_oil/00412.tif,Mask_no_oil/00412.tif,2048,2048,2,float32+float32,2048,2048,[0],0,0,0,valid,
train,No_oil,No_oil/00096.tif,Mask_no_oil/00096.tif,2048,2048,2,float32+float32,2048,2048,[0],0,0,0,valid,
train,No_oil,No_oil/00568.tif,Mask_no_oil/00568.tif,2048,2048,2,float32+float32,2048,2048,[0],0,0,0,valid,
train,No_oil,No_oil/00007.tif,Mask_no_oil/00007.tif,2048,2048,2,float32+float32,2048,2048,[0],0,0,0,valid,
train,No_oil,No_oil/00320.tif,Mask_no_oil/00320.tif,2048,2048,2,float32+float32,2048,2048,[0],0,0,0,valid,
train,No_oil,No_oil/00006.tif,Mask_no_oil/00006.tif,2048,2048,2,float32+float32,2048,2048,[0],0,0,0,valid,
train,No_oil,No_oil/00611.tif,Mask_no_oil/00611.tif,2048,2048,2,float32+float32,2048,2048,[0],0,0,0,valid,
train,No_oil,No_oil/00408.tif,Mask_no_oil/00408.tif,2048,2048,2,float32+float32,2048,2048,[0],0,0,0,valid,
train,No_oil,No_oil/00171.tif,Mask_no_oil/00171.tif,2048,2048,2,float32+float32,2048,2048,[0],0,0,0,valid,
train,No_oil,No_oil/00515.tif,Mask_no_oil/00515.tif,2048,2048,2,float32+float32,2048,2048,[0],0,0,0,valid,
train,No_oil,No_oil/00325.tif,Mask_no_oil/00325.tif,2048,2048,2,float32+float32,2048,2048,[0],0,0,0,valid,
train,No_oil,No_oil/00649.tif,Mask_no_oil/00649.tif,2048,2048,2,float32+float32,2048,2048,[0],0,0,0,valid,
train,No_oil,No_oil/00131.tif,Mask_no_oil/00131.tif,2048,2048,2,float32+float32,2048,2048,[0],0,0,0,valid,
train,No_oil,No_oil/00426.tif,Mask_no_oil/00426.tif,2048,2048,2,float32+float32,2048,2048,[0],0,0,0,valid,
train,No_oil,No_oil/00526.tif,Mask_no_oil/00526.tif,2048,2048,2,float32+float32,2048,2048,[0],0,0,0,valid,
train,No_oil,No_oil/00362.tif,Mask_no_oil/00362.tif,2048,2048,2,float32+float32,2048,2048,[0],0,0,0,valid,
train,No_oil,No_oil/00463.tif,Mask_no_oil/00463.tif,2048,2048,2,float32+float32,2048,2048,[0],0,0,0,valid,
train,No_oil,No_oil/00587.tif,Mask_no_oil/00587.tif,2048,2048,2,float32+float32,2048,2048,[0],0,0,0,valid,
train,No_oil,No_oil/00107.tif,Mask_no_oil/00107.tif,2048,2048,2,float32+float32,2048,2048,[0],0,0,0,valid,
train,No_oil,No_oil/00187.tif,Mask_no_oil/00187.tif,2048,2048,2,float32+float32,2048,2048,[0],0,0,0,valid,
train,No_oil,No_oil/00416.tif,Mask_no_oil/00416.tif,2048,2048,2,float32+float32,2048,2048,[0],0,0,0,valid,
train,No_oil,No_oil/00088.tif,Mask_no_oil/00088.tif,2048,2048,2,float32+float32,2048,2048,[0],0,0,0,valid,
train,No_oil,No_oil/00149.tif,Mask_no_oil/00149.tif,2048,2048,2,float32+float32,2048,2048,[0],0,0,0,valid,
train,No_oil,No_oil/00581.tif,Mask_no_oil/00581.tif,2048,2048,2,float32+float32,2048,2048,[0],0,0,0,valid,
train,No_oil,No_oil/00593.tif,Mask_no_oil/00593.tif,2048,2048,2,float32+float32,2048,2048,[0],0,0,0,valid,
train,No_oil,No_oil/00449.tif,Mask_no_oil/00449.tif,2048,2048,2,float32+float32,2048,2048,[0],0,0,0,valid,
train,No_oil,No_oil/00386.tif,Mask_no_oil/00386.tif,2048,2048,2,float32+float32,2048,2048,[0],0,0,0,valid,
train,No_oil,No_oil/00559.tif,Mask_no_oil/00559.tif,2048,2048,2,float32+float32,2048,2048,[0],0,0,0,valid,
train,No_oil,No_oil/00428.tif,Mask_no_oil/00428.tif,2048,2048,2,float32+float32,2048,2048,[0],0,0,0,valid,
train,No_oil,No_oil/00538.tif,Mask_no_oil/00538.tif,2048,2048,2,float32+float32,2048,2048,[0],0,0,0,valid,
train,No_oil,No_oil/00074.tif,Mask_no_oil/00074.tif,2048,2048,2,float32+float32,2048,2048,[0],0,0,0,valid,
train,No_oil,No_oil/00616.tif,Mask_no_oil/00616.tif,2048,2048,2,float32+float32,2048,2048,[0],0,0,0,valid,
train,No_oil,No_oil/00415.tif,Mask_no_oil/00415.tif,2048,2048,2,float32+float32,2048,2048,[0],0,0,0,valid,
train,No_oil,No_oil/00182.tif,Mask_no_oil/00182.tif,2048,2048,2,float32+float32,2048,2048,[0],0,0,0,valid,
train,No_oil,No_oil/00057.tif,Mask_no_oil/00057.tif,2048,2048,2,float32+float32,2048,2048,[0],0,0,0,valid,
train,No_oil,No_oil/00569.tif,Mask_no_oil/00569.tif,2048,2048,2,float32+float32,2048,2048,[0],0,0,0,valid,
train,No_oil,No_oil/00339.tif,Mask_no_oil/00339.tif,2048,2048,2,float32+float32,2048,2048,[0],0,0,0,valid,
train,No_oil,No_oil/00601.tif,Mask_no_oil/00601.tif,2048,2048,2,float32+float32,2048,2048,[0],0,0,0,valid,
train,No_oil,No_oil/00206.tif,Mask_no_oil/00206.tif,2048,2048,2,float32+float32,2048,2048,[0],0,0,0,valid,
train,No_oil,No_oil/00052.tif,Mask_no_oil/00052.tif,2048,2048,2,float32+float32,2048,2048,[0],0,0,0,valid,
train,No_oil,No_oil/00005.tif,Mask_no_oil/00005.tif,2048,2048,2,float32+float32,2048,2048,[0],0,0,0,valid,
train,No_oil,No_oil/00669.tif,Mask_no_oil/00669.tif,2048,2048,2,float32+float32,2048,2048,[0],0,0,0,valid,
train,No_oil,No_oil/00155.tif,Mask_no_oil/00155.tif,2048,2048,2,float32+float32,2048,2048,[0],0,0,0,valid,
train,No_oil,No_oil/00308.tif,Mask_no_oil/00308.tif,2048,2048,2,float32+float32,2048,2048,[0],0,0,0,valid,
train,No_oil,No_oil/00163.tif,Mask_no_oil/00163.tif,2048,2048,2,float32+float32,2048,2048,[0],0,0,0,valid,
train,No_oil,No_oil/00461.tif,Mask_no_oil/00461.tif,2048,2048,2,float32+float32,2048,2048,[0],0,0,0,valid,
train,No_oil,No_oil/00530.tif,Mask_no_oil/00530.tif,2048,2048,2,float32+float32,2048,2048,[0],0,0,0,valid,
train,No_oil,No_oil/00648.tif,Mask_no_oil/00648.tif,2048,2048,2,float32+float32,2048,2048,[0],0,0,0,valid,
train,No_oil,No_oil/00660.tif,Mask_no_oil/00660.tif,2048,2048,2,float32+float32,2048,2048,[0],0,0,0,valid,
train,No_oil,No_oil/00091.tif,Mask_no_oil/00091.tif,2048,2048,2,float32+float32,2048,2048,[0],0,0,0,valid,
train,No_oil,No_oil/00004.tif,Mask_no_oil/00004.tif,2048,2048,2,float32+float32,2048,2048,[0],0,0,0,valid,
train,No_oil,No_oil/00103.tif,Mask_no_oil/00103.tif,2048,2048,2,float32+float32,2048,2048,[0],0,0,0,valid,
train,No_oil,No_oil/00069.tif,Mask_no_oil/00069.tif,2048,2048,2,float32+float32,2048,2048,[0],0,0,0,valid,
train,No_oil,No_oil/00132.tif,Mask_no_oil/00132.tif,2048,2048,2,float32+float32,2048,2048,[0],0,0,0,valid,
train,No_oil,No_oil/00012.tif,Mask_no_oil/00012.tif,2048,2048,2,float32+float32,2048,2048,[0],0,0,0,valid,
train,No_oil,No_oil/00680.tif,Mask_no_oil/00680.tif,2048,2048,2,float32+float32,2048,2048,[0],0,0,0,valid,
train,No_oil,No_oil/00183.tif,Mask_no_oil/00183.tif,2048,2048,2,float32+float32,2048,2048,[0],0,0,0,valid,
train,No_oil,No_oil/00671.tif,Mask_no_oil/00671.tif,2048,2048,2,float32+float32,2048,2048,[0],0,0,0,valid,
train,No_oil,No_oil/00439.tif,Mask_no_oil/00439.tif,2048,2048,2,float32+float32,2048,2048,[0],0,0,0,valid,
train,No_oil,No_oil/00403.tif,Mask_no_oil/00403.tif,2048,2048,2,float32+float32,2048,2048,[0],0,0,0,valid,
train,No_oil,No_oil/00620.tif,Mask_no_oil/00620.tif,2048,2048,2,float32+float32,2048,2048,[0],0,0,0,valid,
train,No_oil,No_oil/00561.tif,Mask_no_oil/00561.tif,2048,2048,2,float32+float32,2048,2048,[0],0,0,0,valid,
train,No_oil,No_oil/00592.tif,Mask_no_oil/00592.tif,2048,2048,2,float32+float32,2048,2048,[0],0,0,0,valid,
train,No_oil,No_oil/00027.tif,Mask_no_oil/00027.tif,2048,2048,2,float32+float32,2048,2048,[0],0,0,0,valid,
train,No_oil,No_oil/00177.tif,Mask_no_oil/00177.tif,2048,2048,2,float32+float32,2048,2048,[0],0,0,0,valid,
train,No_oil,No_oil/00478.tif,Mask_no_oil/00478.tif,2048,2048,2,float32+float32,2048,2048,[0],0,0,0,valid,
train,No_oil,No_oil/00097.tif,Mask_no_oil/00097.tif,2048,2048,2,float32+float32,2048,2048,[0],0,0,0,valid,
train,No_oil,No_oil/00527.tif,Mask_no_oil/00527.tif,2048,2048,2,float32+float32,2048,2048,[0],0,0,0,valid,
train,No_oil,No_oil/00342.tif,Mask_no_oil/00342.tif,2048,2048,2,float32+float32,2048,2048,[0],0,0,0,valid,
train,No_oil,No_oil/00317.tif,Mask_no_oil/00317.tif,2048,2048,2,float32+float32,2048,2048,[0],0,0,0,valid,
train,No_oil,No_oil/00394.tif,Mask_no_oil/00394.tif,2048,2048,2,float32+float32,2048,2048,[0],0,0,0,valid,
train,No_oil,No_oil/00296.tif,Mask_no_oil/00296.tif,2048,2048,2,float32+float32,2048,2048,[0],0,0,0,valid,
train,No_oil,No_oil/00555.tif,Mask_no_oil/00555.tif,2048,2048,2,float32+float32,2048,2048,[0],0,0,0,valid,
train,No_oil,No_oil/00011.tif,Mask_no_oil/00011.tif,2048,2048,2,float32+float32,2048,2048,[0],0,0,0,valid,
train,No_oil,No_oil/00067.tif,Mask_no_oil/00067.tif,2048,2048,2,float32+float32,2048,2048,[0],0,0,0,valid,
train,No_oil,No_oil/00156.tif,Mask_no_oil/00156.tif,2048,2048,2,float32+float32,2048,2048,[0],0,0,0,valid,
train,No_oil,No_oil/00650.tif,Mask_no_oil/00650.tif,2048,2048,2,float32+float32,2048,2048,[0],0,0,0,valid,
train,No_oil,No_oil/00106.tif,Mask_no_oil/00106.tif,2048,2048,2,float32+float32,2048,2048,[0],0,0,0,valid,
train,No_oil,No_oil/00618.tif,Mask_no_oil/00618.tif,2048,2048,2,float32+float32,2048,2048,[0],0,0,0,valid,
train,No_oil,No_oil/00572.tif,Mask_no_oil/00572.tif,2048,2048,2,float32+float32,2048,2048,[0],0,0,0,valid,
train,No_oil,No_oil/00196.tif,Mask_no_oil/00196.tif,2048,2048,2,float32+float32,2048,2048,[0],0,0,0,valid,
train,No_oil,No_oil/00170.tif,Mask_no_oil/00170.tif,2048,2048,2,float32+float32,2048,2048,[0],0,0,0,valid,
train,No_oil,No_oil/00042.tif,Mask_no_oil/00042.tif,2048,2048,2,float32+float32,2048,2048,[0],0,0,0,valid,
train,No_oil,No_oil/00349.tif,Mask_no_oil/00349.tif,2048,2048,2,float32+float32,2048,2048,[0],0,0,0,valid,
train,No_oil,No_oil/00438.tif,Mask_no_oil/00438.tif,2048,2048,2,float32+float32,2048,2048,[0],0,0,0,valid,
train,No_oil,No_oil/00617.tif,Mask_no_oil/00617.tif,2048,2048,2,float32+float32,2048,2048,[0],0,0,0,valid,
train,No_oil,No_oil/00071.tif,Mask_no_oil/00071.tif,2048,2048,2,float32+float32,2048,2048,[0],0,0,0,valid,
train,No_oil,No_oil/00338.tif,Mask_no_oil/00338.tif,2048,2048,2,float32+float32,2048,2048,[0],0,0,0,valid,
train,No_oil,No_oil/00175.tif,Mask_no_oil/00175.tif,2048,2048,2,float32+float32,2048,2048,[0],0,0,0,valid,
train,No_oil,No_oil/00625.tif,Mask_no_oil/00625.tif,2048,2048,2,float32+float32,2048,2048,[0],0,0,0,valid,
train,No_oil,No_oil/00076.tif,Mask_no_oil/00076.tif,2048,2048,2,float32+float32,2048,2048,[0],0,0,0,valid,
train,No_oil,No_oil/00137.tif,Mask_no_oil/00137.tif,2048,2048,2,float32+float32,2048,2048,[0],0,0,0,valid,
train,No_oil,No_oil/00225.tif,Mask_no_oil/00225.tif,2048,2048,2,float32+float32,2048,2048,[0],0,0,0,valid,
train,No_oil,No_oil/00444.tif,Mask_no_oil/00444.tif,2048,2048,2,float32+float32,2048,2048,[0],0,0,0,valid,
train,No_oil,No_oil/00127.tif,Mask_no_oil/00127.tif,2048,2048,2,float32+float32,2048,2048,[0],0,0,0,valid,
train,No_oil,No_oil/00083.tif,Mask_no_oil/00083.tif,2048,2048,2,float32+float32,2048,2048,[0],0,0,0,valid,
train,No_oil,No_oil/00123.tif,Mask_no_oil/00123.tif,2048,2048,2,float32+float32,2048,2048,[0],0,0,0,valid,
train,No_oil,No_oil/00253.tif,Mask_no_oil/00253.tif,2048,2048,2,float32+float32,2048,2048,[0],0,0,0,valid,
train,No_oil,No_oil/00614.tif,Mask_no_oil/00614.tif,2048,2048,2,float32+float32,2048,2048,[0],0,0,0,valid,
train,No_oil,No_oil/00457.tif,Mask_no_oil/00457.tif,2048,2048,2,float32+float32,2048,2048,[0],0,0,0,valid,
train,No_oil,No_oil/00020.tif,Mask_no_oil/00020.tif,2048,2048,2,float32+float32,2048,2048,[0],0,0,0,valid,
train,No_oil,No_oil/00570.tif,Mask_no_oil/00570.tif,2048,2048,2,float32+float32,2048,2048,[0],0,0,0,valid,
train,No_oil,No_oil/00201.tif,Mask_no_oil/00201.tif,2048,2048,2,float32+float32,2048,2048,[0],0,0,0,valid,
train,No_oil,No_oil/00462.tif,Mask_no_oil/00462.tif,2048,2048,2,float32+float32,2048,2048,[0],0,0,0,valid,
train,No_oil,No_oil/00579.tif,Mask_no_oil/00579.tif,2048,2048,2,float32+float32,2048,2048,[0],0,0,0,valid,
train,No_oil,No_oil/00354.tif,Mask_no_oil/00354.tif,2048,2048,2,float32+float32,2048,2048,[0],0,0,0,valid,
train,No_oil,No_oil/00024.tif,Mask_no_oil/00024.tif,2048,2048,2,float32+float32,2048,2048,[0],0,0,0,valid,
train,No_oil,No_oil/00084.tif,Mask_no_oil/00084.tif,2048,2048,2,float32+float32,2048,2048,[0],0,0,0,valid,
train,No_oil,No_oil/00514.tif,Mask_no_oil/00514.tif,2048,2048,2,float32+float32,2048,2048,[0],0,0,0,valid,
train,No_oil,No_oil/00468.tif,Mask_no_oil/00468.tif,2048,2048,2,float32+float32,2048,2048,[0],0,0,0,valid,
train,No_oil,No_oil/00363.tif,Mask_no_oil/00363.tif,2048,2048,2,float32+float32,2048,2048,[0],0,0,0,valid,
train,No_oil,No_oil/00250.tif,Mask_no_oil/00250.tif,2048,2048,2,float32+float32,2048,2048,[0],0,0,0,valid,
train,No_oil,No_oil/00298.tif,Mask_no_oil/00298.tif,2048,2048,2,float32+float32,2048,2048,[0],0,0,0,valid,
train,No_oil,No_oil/00573.tif,Mask_no_oil/00573.tif,2048,2048,2,float32+float32,2048,2048,[0],0,0,0,valid,
train,No_oil,No_oil/00517.tif,Mask_no_oil/00517.tif,2048,2048,2,float32+float32,2048,2048,[0],0,0,0,valid,
train,No_oil,No_oil/00095.tif,Mask_no_oil/00095.tif,2048,2048,2,float32+float32,2048,2048,[0],0,0,0,valid,
train,No_oil,No_oil/00541.tif,Mask_no_oil/00541.tif,2048,2048,2,float32+float32,2048,2048,[0],0,0,0,valid,
train,No_oil,No_oil/00255.tif,Mask_no_oil/00255.tif,2048,2048,2,float32+float32,2048,2048,[0],0,0,0,valid,
train,No_oil,No_oil/00524.tif,Mask_no_oil/00524.tif,2048,2048,2,float32+float32,2048,2048,[0],0,0,0,valid,
train,No_oil,No_oil/00519.tif,Mask_no_oil/00519.tif,2048,2048,2,float32+float32,2048,2048,[0],0,0,0,valid,
train,No_oil,No_oil/00632.tif,Mask_no_oil/00632.tif,2048,2048,2,float32+float32,2048,2048,[0],0,0,0,valid,
train,No_oil,No_oil/00684.tif,Mask_no_oil/00684.tif,2048,2048,2,float32+float32,2048,2048,[0],0,0,0,valid,
train,No_oil,No_oil/00063.tif,Mask_no_oil/00063.tif,2048,2048,2,float32+float32,2048,2048,[0],0,0,0,valid,
train,No_oil,No_oil/00169.tif,Mask_no_oil/00169.tif,2048,2048,2,float32+float32,2048,2048,[0],0,0,0,valid,
train,No_oil,No_oil/00640.tif,Mask_no_oil/00640.tif,2048,2048,2,float32+float32,2048,2048,[0],0,0,0,valid,
train,No_oil,No_oil/00267.tif,Mask_no_oil/00267.tif,2048,2048,2,float32+float32,2048,2048,[0],0,0,0,valid,
train,No_oil,No_oil/00278.tif,Mask_no_oil/00278.tif,2048,2048,2,float32+float32,2048,2048,[0],0,0,0,valid,
train,No_oil,No_oil/00264.tif,Mask_no_oil/00264.tif,2048,2048,2,float32+float32,2048,2048,[0],0,0,0,valid,
train,No_oil,No_oil/00228.tif,Mask_no_oil/00228.tif,2048,2048,2,float32+float32,2048,2048,[0],0,0,0,valid,
train,No_oil,No_oil/00400.tif,Mask_no_oil/00400.tif,2048,2048,2,float32+float32,2048,2048,[0],0,0,0,valid,
train,No_oil,No_oil/00399.tif,Mask_no_oil/00399.tif,2048,2048,2,float32+float32,2048,2048,[0],0,0,0,valid,
train,No_oil,No_oil/00247.tif,Mask_no_oil/00247.tif,2048,2048,2,float32+float32,2048,2048,[0],0,0,0,valid,
train,No_oil,No_oil/00535.tif,Mask_no_oil/00535.tif,2048,2048,2,float32+float32,2048,2048,[0],0,0,0,valid,
train,No_oil,No_oil/00121.tif,Mask_no_oil/00121.tif,2048,2048,2,float32+float32,2048,2048,[0],0,0,0,valid,
train,No_oil,No_oil/00495.tif,Mask_no_oil/00495.tif,2048,2048,2,float32+float32,2048,2048,[0],0,0,0,valid,
train,No_oil,No_oil/00301.tif,Mask_no_oil/00301.tif,2048,2048,2,float32+float32,2048,2048,[0],0,0,0,valid,
train,No_oil,No_oil/00624.tif,Mask_no_oil/00624.tif,2048,2048,2,float32+float32,2048,2048,[0],0,0,0,valid,
train,No_oil,No_oil/00265.tif,Mask_no_oil/00265.tif,2048,2048,2,float32+float32,2048,2048,[0],0,0,0,valid,
train,No_oil,No_oil/00146.tif,Mask_no_oil/00146.tif,2048,2048,2,float32+float32,2048,2048,[0],0,0,0,valid,
train,No_oil,No_oil/00184.tif,Mask_no_oil/00184.tif,2048,2048,2,float32+float32,2048,2048,[0],0,0,0,valid,
train,No_oil,No_oil/00485.tif,Mask_no_oil/00485.tif,2048,2048,2,float32+float32,2048,2048,[0],0,0,0,valid,
train,No_oil,No_oil/00141.tif,Mask_no_oil/00141.tif,2048,2048,2,float32+float32,2048,2048,[0],0,0,0,valid,
train,No_oil,No_oil/00233.tif,Mask_no_oil/00233.tif,2048,2048,2,float32+float32,2048,2048,[0],0,0,0,valid,
train,No_oil,No_oil/00313.tif,Mask_no_oil/00313.tif,2048,2048,2,float32+float32,2048,2048,[0],0,0,0,valid,
train,No_oil,No_oil/00098.tif,Mask_no_oil/00098.tif,2048,2048,2,float32+float32,2048,2048,[0],0,0,0,valid,
train,No_oil,No_oil/00375.tif,Mask_no_oil/00375.tif,2048,2048,2,float32+float32,2048,2048,[0],0,0,0,valid,
train,No_oil,No_oil/00152.tif,Mask_no_oil/00152.tif,2048,2048,2,float32+float32,2048,2048,[0],0,0,0,valid,
train,No_oil,No_oil/00304.tif,Mask_no_oil/00304.tif,2048,2048,2,float32+float32,2048,2048,[0],0,0,0,valid,
train,No_oil,No_oil/00389.tif,Mask_no_oil/00389.tif,2048,2048,2,float32+float32,2048,2048,[0],0,0,0,valid,
train,No_oil,No_oil/00486.tif,Mask_no_oil/00486.tif,2048,2048,2,float32+float32,2048,2048,[0],0,0,0,valid,
train,No_oil,No_oil/00430.tif,Mask_no_oil/00430.tif,2048,2048,2,float32+float32,2048,2048,[0],0,0,0,valid,
train,No_oil,No_oil/00350.tif,Mask_no_oil/00350.tif,2048,2048,2,float32+float32,2048,2048,[0],0,0,0,valid,
train,No_oil,No_oil/00094.tif,Mask_no_oil/00094.tif,2048,2048,2,float32+float32,2048,2048,[0],0,0,0,valid,
train,No_oil,No_oil/00473.tif,Mask_no_oil/00473.tif,2048,2048,2,float32+float32,2048,2048,[0],0,0,0,valid,
train,No_oil,No_oil/00276.tif,Mask_no_oil/00276.tif,2048,2048,2,float32+float32,2048,2048,[0],0,0,0,valid,
train,No_oil,No_oil/00552.tif,Mask_no_oil/00552.tif,2048,2048,2,float32+float32,2048,2048,[0],0,0,0,valid,
train,No_oil,No_oil/00599.tif,Mask_no_oil/00599.tif,2048,2048,2,float32+float32,2048,2048,[0],0,0,0,valid,
train,No_oil,No_oil/00252.tif,Mask_no_oil/00252.tif,2048,2048,2,float32+float32,2048,2048,[0],0,0,0,valid,
train,No_oil,No_oil/00018.tif,Mask_no_oil/00018.tif,2048,2048,2,float32+float32,2048,2048,[0],0,0,0,valid,
train,No_oil,No_oil/00129.tif,Mask_no_oil/00129.tif,2048,2048,2,float32+float32,2048,2048,[0],0,0,0,valid,
train,No_oil,No_oil/00090.tif,Mask_no_oil/00090.tif,2048,2048,2,float32+float32,2048,2048,[0],0,0,0,valid,
train,No_oil,No_oil/00358.tif,Mask_no_oil/00358.tif,2048,2048,2,float32+float32,2048,2048,[0],0,0,0,valid,
train,No_oil,No_oil/00528.tif,Mask_no_oil/00528.tif,2048,2048,2,float32+float32,2048,2048,[0],0,0,0,valid,
train,No_oil,No_oil/00385.tif,Mask_no_oil/00385.tif,2048,2048,2,float32+float32,2048,2048,[0],0,0,0,valid,
train,No_oil,No_oil/00608.tif,Mask_no_oil/00608.tif,2048,2048,2,float32+float32,2048,2048,[0],0,0,0,valid,
train,No_oil,No_oil/00674.tif,Mask_no_oil/00674.tif,2048,2048,2,float32+float32,2048,2048,[0],0,0,0,valid,
train,No_oil,No_oil/00661.tif,Mask_no_oil/00661.tif,2048,2048,2,float32+float32,2048,2048,[0],0,0,0,valid,
train,No_oil,No_oil/00120.tif,Mask_no_oil/00120.tif,2048,2048,2,float32+float32,2048,2048,[0],0,0,0,valid,
train,No_oil,No_oil/00017.tif,Mask_no_oil/00017.tif,2048,2048,2,float32+float32,2048,2048,[0],0,0,0,valid,
train,No_oil,No_oil/00612.tif,Mask_no_oil/00612.tif,2048,2048,2,float32+float32,2048,2048,[0],0,0,0,valid,
train,No_oil,No_oil/00577.tif,Mask_no_oil/00577.tif,2048,2048,2,float32+float32,2048,2048,[0],0,0,0,valid,
train,No_oil,No_oil/00326.tif,Mask_no_oil/00326.tif,2048,2048,2,float32+float32,2048,2048,[0],0,0,0,valid,
train,No_oil,No_oil/00645.tif,Mask_no_oil/00645.tif,2048,2048,2,float32+float32,2048,2048,[0],0,0,0,valid,
train,No_oil,No_oil/00082.tif,Mask_no_oil/00082.tif,2048,2048,2,float32+float32,2048,2048,[0],0,0,0,valid,
train,No_oil,No_oil/00440.tif,Mask_no_oil/00440.tif,2048,2048,2,float32+float32,2048,2048,[0],0,0,0,valid,
train,No_oil,No_oil/00503.tif,Mask_no_oil/00503.tif,2048,2048,2,float32+float32,2048,2048,[0],0,0,0,valid,
train,No_oil,No_oil/00466.tif,Mask_no_oil/00466.tif,2048,2048,2,float32+float32,2048,2048,[0],0,0,0,valid,
train,No_oil,No_oil/00432.tif,Mask_no_oil/00432.tif,2048,2048,2,float32+float32,2048,2048,[0],0,0,0,valid,
train,No_oil,No_oil/00348.tif,Mask_no_oil/00348.tif,2048,2048,2,float32+float32,2048,2048,[0],0,0,0,valid,
train,No_oil,No_oil/00509.tif,Mask_no_oil/00509.tif,2048,2048,2,float32+float32,2048,2048,[0],0,0,0,valid,
train,No_oil,No_oil/00330.tif,Mask_no_oil/00330.tif,2048,2048,2,float32+float32,2048,2048,[0],0,0,0,valid,
train,No_oil,No_oil/00288.tif,Mask_no_oil/00288.tif,2048,2048,2,float32+float32,2048,2048,[0],0,0,0,valid,
train,No_oil,No_oil/00607.tif,Mask_no_oil/00607.tif,2048,2048,2,float32+float32,2048,2048,[0],0,0,0,valid,
train,No_oil,No_oil/00193.tif,Mask_no_oil/00193.tif,2048,2048,2,float32+float32,2048,2048,[0],0,0,0,valid,
train,No_oil,No_oil/00574.tif,Mask_no_oil/00574.tif,2048,2048,2,float32+float32,2048,2048,[0],0,0,0,valid,
train,No_oil,No_oil/00597.tif,Mask_no_oil/00597.tif,2048,2048,2,float32+float32,2048,2048,[0],0,0,0,valid,
train,No_oil,No_oil/00273.tif,Mask_no_oil/00273.tif,2048,2048,2,float32+float32,2048,2048,[0],0,0,0,valid,
train,No_oil,No_oil/00197.tif,Mask_no_oil/00197.tif,2048,2048,2,float32+float32,2048,2048,[0],0,0,0,valid,
train,No_oil,No_oil/00679.tif,Mask_no_oil/00679.tif,2048,2048,2,float32+float32,2048,2048,[0],0,0,0,valid,
train,No_oil,No_oil/00609.tif,Mask_no_oil/00609.tif,2048,2048,2,float32+float32,2048,2048,[0],0,0,0,valid,
train,No_oil,No_oil/00292.tif,Mask_no_oil/00292.tif,2048,2048,2,float32+float32,2048,2048,[0],0,0,0,valid,
train,No_oil,No_oil/00411.tif,Mask_no_oil/00411.tif,2048,2048,2,float32+float32,2048,2048,[0],0,0,0,valid,
train,No_oil,No_oil/00456.tif,Mask_no_oil/00456.tif,2048,2048,2,float32+float32,2048,2048,[0],0,0,0,valid,
train,No_oil,No_oil/00274.tif,Mask_no_oil/00274.tif,2048,2048,2,float32+float32,2048,2048,[0],0,0,0,valid,
train,No_oil,No_oil/00297.tif,Mask_no_oil/00297.tif,2048,2048,2,float32+float32,2048,2048,[0],0,0,0,valid,
train,No_oil,No_oil/00044.tif,Mask_no_oil/00044.tif,2048,2048,2,float32+float32,2048,2048,[0],0,0,0,valid,
train,No_oil,No_oil/00446.tif,Mask_no_oil/00446.tif,2048,2048,2,float32+float32,2048,2048,[0],0,0,0,valid,
train,No_oil,No_oil/00065.tif,Mask_no_oil/00065.tif,2048,2048,2,float32+float32,2048,2048,[0],0,0,0,valid,
train,No_oil,No_oil/00230.tif,Mask_no_oil/00230.tif,2048,2048,2,float32+float32,2048,2048,[0],0,0,0,valid,
train,No_oil,No_oil/00328.tif,Mask_no_oil/00328.tif,2048,2048,2,float32+float32,2048,2048,[0],0,0,0,valid,
train,No_oil,No_oil/00060.tif,Mask_no_oil/00060.tif,2048,2048,2,float32+float32,2048,2048,[0],0,0,0,valid,
train,No_oil,No_oil/00469.tif,Mask_no_oil/00469.tif,2048,2048,2,float32+float32,2048,2048,[0],0,0,0,valid,
train,No_oil,No_oil/00208.tif,Mask_no_oil/00208.tif,2048,2048,2,float32+float32,2048,2048,[0],0,0,0,valid,
train,No_oil,No_oil/00165.tif,Mask_no_oil/00165.tif,2048,2048,2,float32+float32,2048,2048,[0],0,0,0,valid,
train,No_oil,No_oil/00209.tif,Mask_no_oil/00209.tif,2048,2048,2,float32+float32,2048,2048,[0],0,0,0,valid,
train,No_oil,No_oil/00186.tif,Mask_no_oil/00186.tif,2048,2048,2,float32+float32,2048,2048,[0],0,0,0,valid,
train,No_oil,No_oil/00236.tif,Mask_no_oil/00236.tif,2048,2048,2,float32+float32,2048,2048,[0],0,0,0,valid,
train,No_oil,No_oil/00392.tif,Mask_no_oil/00392.tif,2048,2048,2,float32+float32,2048,2048,[0],0,0,0,valid,
train,No_oil,No_oil/00198.tif,Mask_no_oil/00198.tif,2048,2048,2,float32+float32,2048,2048,[0],0,0,0,valid,
train,No_oil,No_oil/00667.tif,Mask_no_oil/00667.tif,2048,2048,2,float32+float32,2048,2048,[0],0,0,0,valid,
train,No_oil,No_oil/00410.tif,Mask_no_oil/00410.tif,2048,2048,2,float32+float32,2048,2048,[0],0,0,0,valid,
train,No_oil,No_oil/00244.tif,Mask_no_oil/00244.tif,2048,2048,2,float32+float32,2048,2048,[0],0,0,0,valid,
train,No_oil,No_oil/00646.tif,Mask_no_oil/00646.tif,2048,2048,2,float32+float32,2048,2048,[0],0,0,0,valid,
train,No_oil,No_oil/00029.tif,Mask_no_oil/00029.tif,2048,2048,2,float32+float32,2048,2048,[0],0,0,0,valid,
train,No_oil,No_oil/00162.tif,Mask_no_oil/00162.tif,2048,2048,2,float32+float32,2048,2048,[0],0,0,0,valid,
train,No_oil,No_oil/00676.tif,Mask_no_oil/00676.tif,2048,2048,2,float32+float32,2048,2048,[0],0,0,0,valid,
train,No_oil,No_oil/00019.tif,Mask_no_oil/00019.tif,2048,2048,2,float32+float32,2048,2048,[0],0,0,0,valid,
train,No_oil,No_oil/00365.tif,Mask_no_oil/00365.tif,2048,2048,2,float32+float32,2048,2048,[0],0,0,0,valid,
train,No_oil,No_oil/00199.tif,Mask_no_oil/00199.tif,2048,2048,2,float32+float32,2048,2048,[0],0,0,0,valid,
train,No_oil,No_oil/00085.tif,Mask_no_oil/00085.tif,2048,2048,2,float32+float32,2048,2048,[0],0,0,0,valid,
train,No_oil,No_oil/00448.tif,Mask_no_oil/00448.tif,2048,2048,2,float32+float32,2048,2048,[0],0,0,0,valid,
train,No_oil,No_oil/00086.tif,Mask_no_oil/00086.tif,2048,2048,2,float32+float32,2048,2048,[0],0,0,0,valid,
train,No_oil,No_oil/00547.tif,Mask_no_oil/00547.tif,2048,2048,2,float32+float32,2048,2048,[0],0,0,0,valid,
train,No_oil,No_oil/00327.tif,Mask_no_oil/00327.tif,2048,2048,2,float32+float32,2048,2048,[0],0,0,0,valid,
train,No_oil,No_oil/00556.tif,Mask_no_oil/00556.tif,2048,2048,2,float32+float32,2048,2048,[0],0,0,0,valid,
train,No_oil,No_oil/00604.tif,Mask_no_oil/00604.tif,2048,2048,2,float32+float32,2048,2048,[0],0,0,0,valid,
train,No_oil,No_oil/00634.tif,Mask_no_oil/00634.tif,2048,2048,2,float32+float32,2048,2048,[0],0,0,0,valid,
train,No_oil,No_oil/00347.tif,Mask_no_oil/00347.tif,2048,2048,2,float32+float32,2048,2048,[0],0,0,0,valid,
train,No_oil,No_oil/00681.tif,Mask_no_oil/00681.tif,2048,2048,2,float32+float32,2048,2048,[0],0,0,0,valid,
train,No_oil,No_oil/00124.tif,Mask_no_oil/00124.tif,2048,2048,2,float32+float32,2048,2048,[0],0,0,0,valid,
train,No_oil,No_oil/00054.tif,Mask_no_oil/00054.tif,2048,2048,2,float32+float32,2048,2048,[0],0,0,0,valid,
train,No_oil,No_oil/00277.tif,Mask_no_oil/00277.tif,2048,2048,2,float32+float32,2048,2048,[0],0,0,0,valid,
train,No_oil,No_oil/00045.tif,Mask_no_oil/00045.tif,2048,2048,2,float32+float32,2048,2048,[0],0,0,0,valid,
train,No_oil,No_oil/00500.tif,Mask_no_oil/00500.tif,2048,2048,2,float32+float32,2048,2048,[0],0,0,0,valid,
train,No_oil,No_oil/00275.tif,Mask_no_oil/00275.tif,2048,2048,2,float32+float32,2048,2048,[0],0,0,0,valid,
train,No_oil,No_oil/00087.tif,Mask_no_oil/00087.tif,2048,2048,2,float32+float32,2048,2048,[0],0,0,0,valid,
train,No_oil,No_oil/00332.tif,Mask_no_oil/00332.tif,2048,2048,2,float32+float32,2048,2048,[0],0,0,0,valid,
train,No_oil,No_oil/00010.tif,Mask_no_oil/00010.tif,2048,2048,2,float32+float32,2048,2048,[0],0,0,0,valid,
train,No_oil,No_oil/00537.tif,Mask_no_oil/00537.tif,2048,2048,2,float32+float32,2048,2048,[0],0,0,0,valid,
train,No_oil,No_oil/00312.tif,Mask_no_oil/00312.tif,2048,2048,2,float32+float32,2048,2048,[0],0,0,0,valid,
train,No_oil,No_oil/00490.tif,Mask_no_oil/00490.tif,2048,2048,2,float32+float32,2048,2048,[0],0,0,0,valid,
train,No_oil,No_oil/00213.tif,Mask_no_oil/00213.tif,2048,2048,2,float32+float32,2048,2048,[0],0,0,0,valid,
train,No_oil,No_oil/00207.tif,Mask_no_oil/00207.tif,2048,2048,2,float32+float32,2048,2048,[0],0,0,0,valid,
train,No_oil,No_oil/00370.tif,Mask_no_oil/00370.tif,2048,2048,2,float32+float32,2048,2048,[0],0,0,0,valid,
train,No_oil,No_oil/00422.tif,Mask_no_oil/00422.tif,2048,2048,2,float32+float32,2048,2048,[0],0,0,0,valid,
train,No_oil,No_oil/00039.tif,Mask_no_oil/00039.tif,2048,2048,2,float32+float32,2048,2048,[0],0,0,0,valid,
train,No_oil,No_oil/00643.tif,Mask_no_oil/00643.tif,2048,2048,2,float32+float32,2048,2048,[0],0,0,0,valid,
train,No_oil,No_oil/00678.tif,Mask_no_oil/00678.tif,2048,2048,2,float32+float32,2048,2048,[0],0,0,0,valid,
train,No_oil,No_oil/00223.tif,Mask_no_oil/00223.tif,2048,2048,2,float32+float32,2048,2048,[0],0,0,0,valid,
train,No_oil,No_oil/00539.tif,Mask_no_oil/00539.tif,2048,2048,2,float32+float32,2048,2048,[0],0,0,0,valid,
train,No_oil,No_oil/00663.tif,Mask_no_oil/00663.tif,2048,2048,2,float32+float32,2048,2048,[0],0,0,0,valid,
train,No_oil,No_oil/00036.tif,Mask_no_oil/00036.tif,2048,2048,2,float32+float32,2048,2048,[0],0,0,0,valid,
train,No_oil,No_oil/00396.tif,Mask_no_oil/00396.tif,2048,2048,2,float32+float32,2048,2048,[0],0,0,0,valid,
train,No_oil,No_oil/00523.tif,Mask_no_oil/00523.tif,2048,2048,2,float32+float32,2048,2048,[0],0,0,0,valid,
train,No_oil,No_oil/00610.tif,Mask_no_oil/00610.tif,2048,2048,2,float32+float32,2048,2048,[0],0,0,0,valid,
train,No_oil,No_oil/00272.tif,Mask_no_oil/00272.tif,2048,2048,2,float32+float32,2048,2048,[0],0,0,0,valid,
train,No_oil,No_oil/00545.tif,Mask_no_oil/00545.tif,2048,2048,2,float32+float32,2048,2048,[0],0,0,0,valid,
train,No_oil,No_oil/00445.tif,Mask_no_oil/00445.tif,2048,2048,2,float32+float32,2048,2048,[0],0,0,0,valid,
train,No_oil,No_oil/00089.tif,Mask_no_oil/00089.tif,2048,2048,2,float32+float32,2048,2048,[0],0,0,0,valid,
train,No_oil,No_oil/00368.tif,Mask_no_oil/00368.tif,2048,2048,2,float32+float32,2048,2048,[0],0,0,0,valid,
train,No_oil,No_oil/00254.tif,Mask_no_oil/00254.tif,2048,2048,2,float32+float32,2048,2048,[0],0,0,0,valid,
train,No_oil,No_oil/00458.tif,Mask_no_oil/00458.tif,2048,2048,2,float32+float32,2048,2048,[0],0,0,0,valid,
train,No_oil,No_oil/00061.tif,Mask_no_oil/00061.tif,2048,2048,2,float32+float32,2048,2048,[0],0,0,0,valid,
train,No_oil,No_oil/00167.tif,Mask_no_oil/00167.tif,2048,2048,2,float32+float32,2048,2048,[0],0,0,0,valid,
train,No_oil,No_oil/00525.tif,Mask_no_oil/00525.tif,2048,2048,2,float32+float32,2048,2048,[0],0,0,0,valid,
train,No_oil,No_oil/00420.tif,Mask_no_oil/00420.tif,2048,2048,2,float32+float32,2048,2048,[0],0,0,0,valid,
train,No_oil,No_oil/00533.tif,Mask_no_oil/00533.tif,2048,2048,2,float32+float32,2048,2048,[0],0,0,0,valid,
train,No_oil,No_oil/00383.tif,Mask_no_oil/00383.tif,2048,2048,2,float32+float32,2048,2048,[0],0,0,0,valid,
train,No_oil,No_oil/00613.tif,Mask_no_oil/00613.tif,2048,2048,2,float32+float32,2048,2048,[0],0,0,0,valid,
train,No_oil,No_oil/00104.tif,Mask_no_oil/00104.tif,2048,2048,2,float32+float32,2048,2048,[0],0,0,0,valid,
train,No_oil,No_oil/00352.tif,Mask_no_oil/00352.tif,2048,2048,2,float32+float32,2048,2048,[0],0,0,0,valid,
train,No_oil,No_oil/00028.tif,Mask_no_oil/00028.tif,2048,2048,2,float32+float32,2048,2048,[0],0,0,0,valid,
train,No_oil,No_oil/00202.tif,Mask_no_oil/00202.tif,2048,2048,2,float32+float32,2048,2048,[0],0,0,0,valid,
train,No_oil,No_oil/00521.tif,Mask_no_oil/00521.tif,2048,2048,2,float32+float32,2048,2048,[0],0,0,0,valid,
train,No_oil,No_oil/00023.tif,Mask_no_oil/00023.tif,2048,2048,2,float32+float32,2048,2048,[0],0,0,0,valid,
train,No_oil,No_oil/00157.tif,Mask_no_oil/00157.tif,2048,2048,2,float32+float32,2048,2048,[0],0,0,0,valid,
train,No_oil,No_oil/00507.tif,Mask_no_oil/00507.tif,2048,2048,2,float32+float32,2048,2048,[0],0,0,0,valid,
train,No_oil,No_oil/00536.tif,Mask_no_oil/00536.tif,2048,2048,2,float32+float32,2048,2048,[0],0,0,0,valid,
train,No_oil,No_oil/00498.tif,Mask_no_oil/00498.tif,2048,2048,2,float32+float32,2048,2048,[0],0,0,0,valid,
train,No_oil,No_oil/00145.tif,Mask_no_oil/00145.tif,2048,2048,2,float32+float32,2048,2048,[0],0,0,0,valid,
train,No_oil,No_oil/00056.tif,Mask_no_oil/00056.tif,2048,2048,2,float32+float32,2048,2048,[0],0,0,0,valid,
train,No_oil,No_oil/00435.tif,Mask_no_oil/00435.tif,2048,2048,2,float32+float32,2048,2048,[0],0,0,0,valid,
train,No_oil,No_oil/00176.tif,Mask_no_oil/00176.tif,2048,2048,2,float32+float32,2048,2048,[0],0,0,0,valid,
train,No_oil,No_oil/00603.tif,Mask_no_oil/00603.tif,2048,2048,2,float32+float32,2048,2048,[0],0,0,0,valid,
train,No_oil,No_oil/00499.tif,Mask_no_oil/00499.tif,2048,2048,2,float32+float32,2048,2048,[0],0,0,0,valid,
train,No_oil,No_oil/00395.tif,Mask_no_oil/00395.tif,2048,2048,2,float32+float32,2048,2048,[0],0,0,0,valid,
train,No_oil,No_oil/00322.tif,Mask_no_oil/00322.tif,2048,2048,2,float32+float32,2048,2048,[0],0,0,0,valid,
train,No_oil,No_oil/00427.tif,Mask_no_oil/00427.tif,2048,2048,2,float32+float32,2048,2048,[0],0,0,0,valid,
train,No_oil,No_oil/00321.tif,Mask_no_oil/00321.tif,2048,2048,2,float32+float32,2048,2048,[0],0,0,0,valid,
train,No_oil,No_oil/00310.tif,Mask_no_oil/00310.tif,2048,2048,2,float32+float32,2048,2048,[0],0,0,0,valid,
train,No_oil,No_oil/00248.tif,Mask_no_oil/00248.tif,2048,2048,2,float32+float32,2048,2048,[0],0,0,0,valid,
train,No_oil,No_oil/00540.tif,Mask_no_oil/00540.tif,2048,2048,2,float32+float32,2048,2048,[0],0,0,0,valid,
train,No_oil,No_oil/00585.tif,Mask_no_oil/00585.tif,2048,2048,2,float32+float32,2048,2048,[0],0,0,0,valid,
train,No_oil,No_oil/00356.tif,Mask_no_oil/00356.tif,2048,2048,2,float32+float32,2048,2048,[0],0,0,0,valid,
train,No_oil,No_oil/00665.tif,Mask_no_oil/00665.tif,2048,2048,2,float32+float32,2048,2048,[0],0,0,0,valid,
train,No_oil,No_oil/00588.tif,Mask_no_oil/00588.tif,2048,2048,2,float32+float32,2048,2048,[0],0,0,0,valid,
train,No_oil,No_oil/00633.tif,Mask_no_oil/00633.tif,2048,2048,2,float32+float32,2048,2048,[0],0,0,0,valid,
train,No_oil,No_oil/00441.tif,Mask_no_oil/00441.tif,2048,2048,2,float32+float32,2048,2048,[0],0,0,0,valid,
train,No_oil,No_oil/00382.tif,Mask_no_oil/00382.tif,2048,2048,2,float32+float32,2048,2048,[0],0,0,0,valid,
train,No_oil,No_oil/00391.tif,Mask_no_oil/00391.tif,2048,2048,2,float32+float32,2048,2048,[0],0,0,0,valid,
train,No_oil,No_oil/00413.tif,Mask_no_oil/00413.tif,2048,2048,2,float32+float32,2048,2048,[0],0,0,0,valid,
train,No_oil,No_oil/00453.tif,Mask_no_oil/00453.tif,2048,2048,2,float32+float32,2048,2048,[0],0,0,0,valid,
train,No_oil,No_oil/00290.tif,Mask_no_oil/00290.tif,2048,2048,2,float32+float32,2048,2048,[0],0,0,0,valid,
train,No_oil,No_oil/00566.tif,Mask_no_oil/00566.tif,2048,2048,2,float32+float32,2048,2048,[0],0,0,0,valid,
train,No_oil,No_oil/00388.tif,Mask_no_oil/00388.tif,2048,2048,2,float32+float32,2048,2048,[0],0,0,0,valid,
train,No_oil,No_oil/00189.tif,Mask_no_oil/00189.tif,2048,2048,2,float32+float32,2048,2048,[0],0,0,0,valid,
train,No_oil,No_oil/00080.tif,Mask_no_oil/00080.tif,2048,2048,2,float32+float32,2048,2048,[0],0,0,0,valid,
train,No_oil,No_oil/00174.tif,Mask_no_oil/00174.tif,2048,2048,2,float32+float32,2048,2048,[0],0,0,0,valid,
train,No_oil,No_oil/00565.tif,Mask_no_oil/00565.tif,2048,2048,2,float32+float32,2048,2048,[0],0,0,0,valid,
train,No_oil,No_oil/00214.tif,Mask_no_oil/00214.tif,2048,2048,2,float32+float32,2048,2048,[0],0,0,0,valid,
train,No_oil,No_oil/00192.tif,Mask_no_oil/00192.tif,2048,2048,2,float32+float32,2048,2048,[0],0,0,0,valid,
train,No_oil,No_oil/00442.tif,Mask_no_oil/00442.tif,2048,2048,2,float32+float32,2048,2048,[0],0,0,0,valid,
train,No_oil,No_oil/00672.tif,Mask_no_oil/00672.tif,2048,2048,2,float32+float32,2048,2048,[0],0,0,0,valid,
train,No_oil,No_oil/00414.tif,Mask_no_oil/00414.tif,2048,2048,2,float32+float32,2048,2048,[0],0,0,0,valid,
train,No_oil,No_oil/00481.tif,Mask_no_oil/00481.tif,2048,2048,2,float32+float32,2048,2048,[0],0,0,0,valid,
train,No_oil,No_oil/00459.tif,Mask_no_oil/00459.tif,2048,2048,2,float32+float32,2048,2048,[0],0,0,0,valid,
train,No_oil,No_oil/00072.tif,Mask_no_oil/00072.tif,2048,2048,2,float32+float32,2048,2048,[0],0,0,0,valid,
train,No_oil,No_oil/00035.tif,Mask_no_oil/00035.tif,2048,2048,2,float32+float32,2048,2048,[0],0,0,0,valid,
train,No_oil,No_oil/00477.tif,Mask_no_oil/00477.tif,2048,2048,2,float32+float32,2048,2048,[0],0,0,0,valid,
train,No_oil,No_oil/00361.tif,Mask_no_oil/00361.tif,2048,2048,2,float32+float32,2048,2048,[0],0,0,0,valid,
train,No_oil,No_oil/00289.tif,Mask_no_oil/00289.tif,2048,2048,2,float32+float32,2048,2048,[0],0,0,0,valid,
train,No_oil,No_oil/00073.tif,Mask_no_oil/00073.tif,2048,2048,2,float32+float32,2048,2048,[0],0,0,0,valid,
train,No_oil,No_oil/00357.tif,Mask_no_oil/00357.tif,2048,2048,2,float32+float32,2048,2048,[0],0,0,0,valid,
train,No_oil,No_oil/00003.tif,Mask_no_oil/00003.tif,2048,2048,2,float32+float32,2048,2048,[0],0,0,0,valid,
train,No_oil,No_oil/00595.tif,Mask_no_oil/00595.tif,2048,2048,2,float32+float32,2048,2048,[0],0,0,0,valid,
train,No_oil,No_oil/00431.tif,Mask_no_oil/00431.tif,2048,2048,2,float32+float32,2048,2048,[0],0,0,0,valid,
train,No_oil,No_oil/00564.tif,Mask_no_oil/00564.tif,2048,2048,2,float32+float32,2048,2048,[0],0,0,0,valid,
train,No_oil,No_oil/00139.tif,Mask_no_oil/00139.tif,2048,2048,2,float32+float32,2048,2048,[0],0,0,0,valid,
train,No_oil,No_oil/00670.tif,Mask_no_oil/00670.tif,2048,2048,2,float32+float32,2048,2048,[0],0,0,0,valid,
train,No_oil,No_oil/00600.tif,Mask_no_oil/00600.tif,2048,2048,2,float32+float32,2048,2048,[0],0,0,0,valid,
train,No_oil,No_oil/00136.tif,Mask_no_oil/00136.tif,2048,2048,2,float32+float32,2048,2048,[0],0,0,0,valid,
train,No_oil,No_oil/00355.tif,Mask_no_oil/00355.tif,2048,2048,2,float32+float32,2048,2048,[0],0,0,0,valid,
train,No_oil,No_oil/00409.tif,Mask_no_oil/00409.tif,2048,2048,2,float32+float32,2048,2048,[0],0,0,0,valid,
train,No_oil,No_oil/00471.tif,Mask_no_oil/00471.tif,2048,2048,2,float32+float32,2048,2048,[0],0,0,0,valid,
train,No_oil,No_oil/00013.tif,Mask_no_oil/00013.tif,2048,2048,2,float32+float32,2048,2048,[0],0,0,0,valid,
train,No_oil,No_oil/00285.tif,Mask_no_oil/00285.tif,2048,2048,2,float32+float32,2048,2048,[0],0,0,0,valid,
train,No_oil,No_oil/00668.tif,Mask_no_oil/00668.tif,2048,2048,2,float32+float32,2048,2048,[0],0,0,0,valid,
train,No_oil,No_oil/00345.tif,Mask_no_oil/00345.tif,2048,2048,2,float32+float32,2048,2048,[0],0,0,0,valid,
train,No_oil,No_oil/00492.tif,Mask_no_oil/00492.tif,2048,2048,2,float32+float32,2048,2048,[0],0,0,0,valid,
train,No_oil,No_oil/00318.tif,Mask_no_oil/00318.tif,2048,2048,2,float32+float32,2048,2048,[0],0,0,0,valid,
train,No_oil,No_oil/00489.tif,Mask_no_oil/00489.tif,2048,2048,2,float32+float32,2048,2048,[0],0,0,0,valid,
train,No_oil,No_oil/00219.tif,Mask_no_oil/00219.tif,2048,2048,2,float32+float32,2048,2048,[0],0,0,0,valid,
train,No_oil,No_oil/00115.tif,Mask_no_oil/00115.tif,2048,2048,2,float32+float32,2048,2048,[0],0,0,0,valid,
train,No_oil,No_oil/00644.tif,Mask_no_oil/00644.tif,2048,2048,2,float32+float32,2048,2048,[0],0,0,0,valid,
train,No_oil,No_oil/00142.tif,Mask_no_oil/00142.tif,2048,2048,2,float32+float32,2048,2048,[0],0,0,0,valid,
train,No_oil,No_oil/00487.tif,Mask_no_oil/00487.tif,2048,2048,2,float32+float32,2048,2048,[0],0,0,0,valid,
train,No_oil,No_oil/00188.tif,Mask_no_oil/00188.tif,2048,2048,2,float32+float32,2048,2048,[0],0,0,0,valid,
train,No_oil,No_oil/00651.tif,Mask_no_oil/00651.tif,2048,2048,2,float32+float32,2048,2048,[0],0,0,0,valid,
train,No_oil,No_oil/00623.tif,Mask_no_oil/00623.tif,2048,2048,2,float32+float32,2048,2048,[0],0,0,0,valid,
train,No_oil,No_oil/00474.tif,Mask_no_oil/00474.tif,2048,2048,2,float32+float32,2048,2048,[0],0,0,0,valid,
train,No_oil,No_oil/00114.tif,Mask_no_oil/00114.tif,2048,2048,2,float32+float32,2048,2048,[0],0,0,0,valid,
train,No_oil,No_oil/00246.tif,Mask_no_oil/00246.tif,2048,2048,2,float32+float32,2048,2048,[0],0,0,0,valid,
train,No_oil,No_oil/00529.tif,Mask_no_oil/00529.tif,2048,2048,2,float32+float32,2048,2048,[0],0,0,0,valid,
train,No_oil,No_oil/00079.tif,Mask_no_oil/00079.tif,2048,2048,2,float32+float32,2048,2048,[0],0,0,0,valid,
train,No_oil,No_oil/00108.tif,Mask_no_oil/00108.tif,2048,2048,2,float32+float32,2048,2048,[0],0,0,0,valid,
train,No_oil,No_oil/00259.tif,Mask_no_oil/00259.tif,2048,2048,2,float32+float32,2048,2048,[0],0,0,0,valid,
train,No_oil,No_oil/00295.tif,Mask_no_oil/00295.tif,2048,2048,2,float32+float32,2048,2048,[0],0,0,0,valid,
train,No_oil,No_oil/00511.tif,Mask_no_oil/00511.tif,2048,2048,2,float32+float32,2048,2048,[0],0,0,0,valid,
train,No_oil,No_oil/00180.tif,Mask_no_oil/00180.tif,2048,2048,2,float32+float32,2048,2048,[0],0,0,0,valid,
train,No_oil,No_oil/00159.tif,Mask_no_oil/00159.tif,2048,2048,2,float32+float32,2048,2048,[0],0,0,0,valid,
train,No_oil,No_oil/00307.tif,Mask_no_oil/00307.tif,2048,2048,2,float32+float32,2048,2048,[0],0,0,0,valid,
train,No_oil,No_oil/00147.tif,Mask_no_oil/00147.tif,2048,2048,2,float32+float32,2048,2048,[0],0,0,0,valid,
train,No_oil,No_oil/00520.tif,Mask_no_oil/00520.tif,2048,2048,2,float32+float32,2048,2048,[0],0,0,0,valid,
train,No_oil,No_oil/00437.tif,Mask_no_oil/00437.tif,2048,2048,2,float32+float32,2048,2048,[0],0,0,0,valid,
train,No_oil,No_oil/00216.tif,Mask_no_oil/00216.tif,2048,2048,2,float32+float32,2048,2048,[0],0,0,0,valid,
train,No_oil,No_oil/00384.tif,Mask_no_oil/00384.tif,2048,2048,2,float32+float32,2048,2048,[0],0,0,0,valid,
train,No_oil,No_oil/00421.tif,Mask_no_oil/00421.tif,2048,2048,2,float32+float32,2048,2048,[0],0,0,0,valid,
train,No_oil,No_oil/00181.tif,Mask_no_oil/00181.tif,2048,2048,2,float32+float32,2048,2048,[0],0,0,0,valid,
train,No_oil,No_oil/00534.tif,Mask_no_oil/00534.tif,2048,2048,2,float32+float32,2048,2048,[0],0,0,0,valid,
train,No_oil,No_oil/00548.tif,Mask_no_oil/00548.tif,2048,2048,2,float32+float32,2048,2048,[0],0,0,0,valid,
train,No_oil,No_oil/00343.tif,Mask_no_oil/00343.tif,2048,2048,2,float32+float32,2048,2048,[0],0,0,0,valid,
train,No_oil,No_oil/00615.tif,Mask_no_oil/00615.tif,2048,2048,2,float32+float32,2048,2048,[0],0,0,0,valid,
train,No_oil,No_oil/00402.tif,Mask_no_oil/00402.tif,2048,2048,2,float32+float32,2048,2048,[0],0,0,0,valid,
train,No_oil,No_oil/00287.tif,Mask_no_oil/00287.tif,2048,2048,2,float32+float32,2048,2048,[0],0,0,0,valid,
train,No_oil,No_oil/00300.tif,Mask_no_oil/00300.tif,2048,2048,2,float32+float32,2048,2048,[0],0,0,0,valid,
train,No_oil,No_oil/00030.tif,Mask_no_oil/00030.tif,2048,2048,2,float32+float32,2048,2048,[0],0,0,0,valid,
train,No_oil,No_oil/00284.tif,Mask_no_oil/00284.tif,2048,2048,2,float32+float32,2048,2048,[0],0,0,0,valid,
train,No_oil,No_oil/00066.tif,Mask_no_oil/00066.tif,2048,2048,2,float32+float32,2048,2048,[0],0,0,0,valid,
train,No_oil,No_oil/00190.tif,Mask_no_oil/00190.tif,2048,2048,2,float32+float32,2048,2048,[0],0,0,0,valid,
train,No_oil,No_oil/00378.tif,Mask_no_oil/00378.tif,2048,2048,2,float32+float32,2048,2048,[0],0,0,0,valid,
train,No_oil,No_oil/00505.tif,Mask_no_oil/00505.tif,2048,2048,2,float32+float32,2048,2048,[0],0,0,0,valid,
train,No_oil,No_oil/00049.tif,Mask_no_oil/00049.tif,2048,2048,2,float32+float32,2048,2048,[0],0,0,0,valid,
train,No_oil,No_oil/00531.tif,Mask_no_oil/00531.tif,2048,2048,2,float32+float32,2048,2048,[0],0,0,0,valid,
train,No_oil,No_oil/00047.tif,Mask_no_oil/00047.tif,2048,2048,2,float32+float32,2048,2048,[0],0,0,0,valid,
train,No_oil,No_oil/00043.tif,Mask_no_oil/00043.tif,2048,2048,2,float32+float32,2048,2048,[0],0,0,0,valid,
train,No_oil,No_oil/00578.tif,Mask_no_oil/00578.tif,2048,2048,2,float32+float32,2048,2048,[0],0,0,0,valid,
train,No_oil,No_oil/00631.tif,Mask_no_oil/00631.tif,2048,2048,2,float32+float32,2048,2048,[0],0,0,0,valid,
train,No_oil,No_oil/00659.tif,Mask_no_oil/00659.tif,2048,2048,2,float32+float32,2048,2048,[0],0,0,0,valid,
train,No_oil,No_oil/00583.tif,Mask_no_oil/00583.tif,2048,2048,2,float32+float32,2048,2048,[0],0,0,0,valid,
train,No_oil,No_oil/00078.tif,Mask_no_oil/00078.tif,2048,2048,2,float32+float32,2048,2048,[0],0,0,0,valid,
train,No_oil,No_oil/00191.tif,Mask_no_oil/00191.tif,2048,2048,2,float32+float32,2048,2048,[0],0,0,0,valid,
train,No_oil,No_oil/00130.tif,Mask_no_oil/00130.tif,2048,2048,2,float32+float32,2048,2048,[0],0,0,0,valid,
train,No_oil,No_oil/00340.tif,Mask_no_oil/00340.tif,2048,2048,2,float32+float32,2048,2048,[0],0,0,0,valid,
train,No_oil,No_oil/00563.tif,Mask_no_oil/00563.tif,2048,2048,2,float32+float32,2048,2048,[0],0,0,0,valid,
train,No_oil,No_oil/00677.tif,Mask_no_oil/00677.tif,2048,2048,2,float32+float32,2048,2048,[0],0,0,0,valid,
train,No_oil,No_oil/00160.tif,Mask_no_oil/00160.tif,2048,2048,2,float32+float32,2048,2048,[0],0,0,0,valid,
train,No_oil,No_oil/00048.tif,Mask_no_oil/00048.tif,2048,2048,2,float32+float32,2048,2048,[0],0,0,0,valid,
train,No_oil,No_oil/00629.tif,Mask_no_oil/00629.tif,2048,2048,2,float32+float32,2048,2048,[0],0,0,0,valid,
train,No_oil,No_oil/00532.tif,Mask_no_oil/00532.tif,2048,2048,2,float32+float32,2048,2048,[0],0,0,0,valid,
train,No_oil,No_oil/00204.tif,Mask_no_oil/00204.tif,2048,2048,2,float32+float32,2048,2048,[0],0,0,0,valid,
train,No_oil,No_oil/00450.tif,Mask_no_oil/00450.tif,2048,2048,2,float32+float32,2048,2048,[0],0,0,0,valid,
train,No_oil,No_oil/00423.tif,Mask_no_oil/00423.tif,2048,2048,2,float32+float32,2048,2048,[0],0,0,0,valid,
train,No_oil,No_oil/00173.tif,Mask_no_oil/00173.tif,2048,2048,2,float32+float32,2048,2048,[0],0,0,0,valid,
train,No_oil,No_oil/00211.tif,Mask_no_oil/00211.tif,2048,2048,2,float32+float32,2048,2048,[0],0,0,0,valid,
train,No_oil,No_oil/00116.tif,Mask_no_oil/00116.tif,2048,2048,2,float32+float32,2048,2048,[0],0,0,0,valid,
train,No_oil,No_oil/00496.tif,Mask_no_oil/00496.tif,2048,2048,2,float32+float32,2048,2048,[0],0,0,0,valid,
train,No_oil,No_oil/00447.tif,Mask_no_oil/00447.tif,2048,2048,2,float32+float32,2048,2048,[0],0,0,0,valid,
train,No_oil,No_oil/00591.tif,Mask_no_oil/00591.tif,2048,2048,2,float32+float32,2048,2048,[0],0,0,0,valid,
train,No_oil,No_oil/00369.tif,Mask_no_oil/00369.tif,2048,2048,2,float32+float32,2048,2048,[0],0,0,0,valid,
train,No_oil,No_oil/00546.tif,Mask_no_oil/00546.tif,2048,2048,2,float32+float32,2048,2048,[0],0,0,0,valid,
train,No_oil,No_oil/00662.tif,Mask_no_oil/00662.tif,2048,2048,2,float32+float32,2048,2048,[0],0,0,0,valid,
train,No_oil,No_oil/00333.tif,Mask_no_oil/00333.tif,2048,2048,2,float32+float32,2048,2048,[0],0,0,0,valid,
train,No_oil,No_oil/00657.tif,Mask_no_oil/00657.tif,2048,2048,2,float32+float32,2048,2048,[0],0,0,0,valid,
train,No_oil,No_oil/00436.tif,Mask_no_oil/00436.tif,2048,2048,2,float32+float32,2048,2048,[0],0,0,0,valid,
train,No_oil,No_oil/00506.tif,Mask_no_oil/00506.tif,2048,2048,2,float32+float32,2048,2048,[0],0,0,0,valid,
train,No_oil,No_oil/00359.tif,Mask_no_oil/00359.tif,2048,2048,2,float32+float32,2048,2048,[0],0,0,0,valid,
train,No_oil,No_oil/00605.tif,Mask_no_oil/00605.tif,2048,2048,2,float32+float32,2048,2048,[0],0,0,0,valid,
train,No_oil,No_oil/00647.tif,Mask_no_oil/00647.tif,2048,2048,2,float32+float32,2048,2048,[0],0,0,0,valid,
train,No_oil,No_oil/00220.tif,Mask_no_oil/00220.tif,2048,2048,2,float32+float32,2048,2048,[0],0,0,0,valid,
train,No_oil,No_oil/00582.tif,Mask_no_oil/00582.tif,2048,2048,2,float32+float32,2048,2048,[0],0,0,0,valid,
train,No_oil,No_oil/00258.tif,Mask_no_oil/00258.tif,2048,2048,2,float32+float32,2048,2048,[0],0,0,0,valid,
train,No_oil,No_oil/00232.tif,Mask_no_oil/00232.tif,2048,2048,2,float32+float32,2048,2048,[0],0,0,0,valid,
train,No_oil,No_oil/00150.tif,Mask_no_oil/00150.tif,2048,2048,2,float32+float32,2048,2048,[0],0,0,0,valid,
train,No_oil,No_oil/00512.tif,Mask_no_oil/00512.tif,2048,2048,2,float32+float32,2048,2048,[0],0,0,0,valid,
train,No_oil,No_oil/00305.tif,Mask_no_oil/00305.tif,2048,2048,2,float32+float32,2048,2048,[0],0,0,0,valid,
train,No_oil,No_oil/00195.tif,Mask_no_oil/00195.tif,2048,2048,2,float32+float32,2048,2048,[0],0,0,0,valid,
train,No_oil,No_oil/00166.tif,Mask_no_oil/00166.tif,2048,2048,2,float32+float32,2048,2048,[0],0,0,0,valid,
train,No_oil,No_oil/00683.tif,Mask_no_oil/00683.tif,2048,2048,2,float32+float32,2048,2048,[0],0,0,0,valid,
train,No_oil,No_oil/00280.tif,Mask_no_oil/00280.tif,2048,2048,2,float32+float32,2048,2048,[0],0,0,0,valid,
train,No_oil,No_oil/00299.tif,Mask_no_oil/00299.tif,2048,2048,2,float32+float32,2048,2048,[0],0,0,0,valid,
train,No_oil,No_oil/00324.tif,Mask_no_oil/00324.tif,2048,2048,2,float32+float32,2048,2048,[0],0,0,0,valid,
train,No_oil,No_oil/00319.tif,Mask_no_oil/00319.tif,2048,2048,2,float32+float32,2048,2048,[0],0,0,0,valid,
train,No_oil,No_oil/00638.tif,Mask_no_oil/00638.tif,2048,2048,2,float32+float32,2048,2048,[0],0,0,0,valid,
train,No_oil,No_oil/00510.tif,Mask_no_oil/00510.tif,2048,2048,2,float32+float32,2048,2048,[0],0,0,0,valid,
train,No_oil,No_oil/00558.tif,Mask_no_oil/00558.tif,2048,2048,2,float32+float32,2048,2048,[0],0,0,0,valid,
train,No_oil,No_oil/00673.tif,Mask_no_oil/00673.tif,2048,2048,2,float32+float32,2048,2048,[0],0,0,0,valid,
train,No_oil,No_oil/00576.tif,Mask_no_oil/00576.tif,2048,2048,2,float32+float32,2048,2048,[0],0,0,0,valid,
train,No_oil,No_oil/00164.tif,Mask_no_oil/00164.tif,2048,2048,2,float32+float32,2048,2048,[0],0,0,0,valid,
train,No_oil,No_oil/00041.tif,Mask_no_oil/00041.tif,2048,2048,2,float32+float32,2048,2048,[0],0,0,0,valid,
train,No_oil,No_oil/00460.tif,Mask_no_oil/00460.tif,2048,2048,2,float32+float32,2048,2048,[0],0,0,0,valid,
train,No_oil,No_oil/00037.tif,Mask_no_oil/00037.tif,2048,2048,2,float32+float32,2048,2048,[0],0,0,0,valid,
train,No_oil,No_oil/00227.tif,Mask_no_oil/00227.tif,2048,2048,2,float32+float32,2048,2048,[0],0,0,0,valid,
train,No_oil,No_oil/00488.tif,Mask_no_oil/00488.tif,2048,2048,2,float32+float32,2048,2048,[0],0,0,0,valid,
train,No_oil,No_oil/00364.tif,Mask_no_oil/00364.tif,2048,2048,2,float32+float32,2048,2048,[0],0,0,0,valid,
train,No_oil,No_oil/00251.tif,Mask_no_oil/00251.tif,2048,2048,2,float32+float32,2048,2048,[0],0,0,0,valid,
train,No_oil,No_oil/00497.tif,Mask_no_oil/00497.tif,2048,2048,2,float32+float32,2048,2048,[0],0,0,0,valid,
train,No_oil,No_oil/00351.tif,Mask_no_oil/00351.tif,2048,2048,2,float32+float32,2048,2048,[0],0,0,0,valid,
train,No_oil,No_oil/00218.tif,Mask_no_oil/00218.tif,2048,2048,2,float32+float32,2048,2048,[0],0,0,0,valid,
train,No_oil,No_oil/00642.tif,Mask_no_oil/00642.tif,2048,2048,2,float32+float32,2048,2048,[0],0,0,0,valid,
train,No_oil,No_oil/00433.tif,Mask_no_oil/00433.tif,2048,2048,2,float32+float32,2048,2048,[0],0,0,0,valid,
train,No_oil,No_oil/00245.tif,Mask_no_oil/00245.tif,2048,2048,2,float32+float32,2048,2048,[0],0,0,0,valid,
train,No_oil,No_oil/00031.tif,Mask_no_oil/00031.tif,2048,2048,2,float32+float32,2048,2048,[0],0,0,0,valid,
train,No_oil,No_oil/00518.tif,Mask_no_oil/00518.tif,2048,2048,2,float32+float32,2048,2048,[0],0,0,0,valid,
train,No_oil,No_oil/00329.tif,Mask_no_oil/00329.tif,2048,2048,2,float32+float32,2048,2048,[0],0,0,0,valid,
train,No_oil,No_oil/00234.tif,Mask_no_oil/00234.tif,2048,2048,2,float32+float32,2048,2048,[0],0,0,0,valid,
train,No_oil,No_oil/00154.tif,Mask_no_oil/00154.tif,2048,2048,2,float32+float32,2048,2048,[0],0,0,0,valid,
train,No_oil,No_oil/00266.tif,Mask_no_oil/00266.tif,2048,2048,2,float32+float32,2048,2048,[0],0,0,0,valid,
train,No_oil,No_oil/00337.tif,Mask_no_oil/00337.tif,2048,2048,2,float32+float32,2048,2048,[0],0,0,0,valid,
train,No_oil,No_oil/00443.tif,Mask_no_oil/00443.tif,2048,2048,2,float32+float32,2048,2048,[0],0,0,0,valid,
train,No_oil,No_oil/00542.tif,Mask_no_oil/00542.tif,2048,2048,2,float32+float32,2048,2048,[0],0,0,0,valid,
train,No_oil,No_oil/00401.tif,Mask_no_oil/00401.tif,2048,2048,2,float32+float32,2048,2048,[0],0,0,0,valid,
train,No_oil,No_oil/00372.tif,Mask_no_oil/00372.tif,2048,2048,2,float32+float32,2048,2048,[0],0,0,0,valid,
train,No_oil,No_oil/00652.tif,Mask_no_oil/00652.tif,2048,2048,2,float32+float32,2048,2048,[0],0,0,0,valid,
train,No_oil,No_oil/00314.tif,Mask_no_oil/00314.tif,2048,2048,2,float32+float32,2048,2048,[0],0,0,0,valid,
train,No_oil,No_oil/00484.tif,Mask_no_oil/00484.tif,2048,2048,2,float32+float32,2048,2048,[0],0,0,0,valid,
train,No_oil,No_oil/00113.tif,Mask_no_oil/00113.tif,2048,2048,2,float32+float32,2048,2048,[0],0,0,0,valid,
train,No_oil,No_oil/00257.tif,Mask_no_oil/00257.tif,2048,2048,2,float32+float32,2048,2048,[0],0,0,0,valid,
train,No_oil,No_oil/00606.tif,Mask_no_oil/00606.tif,2048,2048,2,float32+float32,2048,2048,[0],0,0,0,valid,
train,No_oil,No_oil/00055.tif,Mask_no_oil/00055.tif,2048,2048,2,float32+float32,2048,2048,[0],0,0,0,valid,
train,No_oil,No_oil/00303.tif,Mask_no_oil/00303.tif,2048,2048,2,float32+float32,2048,2048,[0],0,0,0,valid,
train,No_oil,No_oil/00262.tif,Mask_no_oil/00262.tif,2048,2048,2,float32+float32,2048,2048,[0],0,0,0,valid,
train,No_oil,No_oil/00185.tif,Mask_no_oil/00185.tif,2048,2048,2,float32+float32,2048,2048,[0],0,0,0,valid,
train,No_oil,No_oil/00398.tif,Mask_no_oil/00398.tif,2048,2048,2,float32+float32,2048,2048,[0],0,0,0,valid,
train,No_oil,No_oil/00229.tif,Mask_no_oil/00229.tif,2048,2048,2,float32+float32,2048,2048,[0],0,0,0,valid,
train,No_oil,No_oil/00516.tif,Mask_no_oil/00516.tif,2048,2048,2,float32+float32,2048,2048,[0],0,0,0,valid,
train,No_oil,No_oil/00032.tif,Mask_no_oil/00032.tif,2048,2048,2,float32+float32,2048,2048,[0],0,0,0,valid,
train,No_oil,No_oil/00381.tif,Mask_no_oil/00381.tif,2048,2048,2,float32+float32,2048,2048,[0],0,0,0,valid,
train,No_oil,No_oil/00058.tif,Mask_no_oil/00058.tif,2048,2048,2,float32+float32,2048,2048,[0],0,0,0,valid,
train,No_oil,No_oil/00269.tif,Mask_no_oil/00269.tif,2048,2048,2,float32+float32,2048,2048,[0],0,0,0,valid,
train,No_oil,No_oil/00215.tif,Mask_no_oil/00215.tif,2048,2048,2,float32+float32,2048,2048,[0],0,0,0,valid,
train,No_oil,No_oil/00557.tif,Mask_no_oil/00557.tif,2048,2048,2,float32+float32,2048,2048,[0],0,0,0,valid,
train,No_oil,No_oil/00584.tif,Mask_no_oil/00584.tif,2048,2048,2,float32+float32,2048,2048,[0],0,0,0,valid,
train,No_oil,No_oil/00053.tif,Mask_no_oil/00053.tif,2048,2048,2,float32+float32,2048,2048,[0],0,0,0,valid,
train,No_oil,No_oil/00271.tif,Mask_no_oil/00271.tif,2048,2048,2,float32+float32,2048,2048,[0],0,0,0,valid,
train,No_oil,No_oil/00522.tif,Mask_no_oil/00522.tif,2048,2048,2,float32+float32,2048,2048,[0],0,0,0,valid,
train,No_oil,No_oil/00016.tif,Mask_no_oil/00016.tif,2048,2048,2,float32+float32,2048,2048,[0],0,0,0,valid,
train,No_oil,No_oil/00331.tif,Mask_no_oil/00331.tif,2048,2048,2,float32+float32,2048,2048,[0],0,0,0,valid,
train,No_oil,No_oil/00243.tif,Mask_no_oil/00243.tif,2048,2048,2,float32+float32,2048,2048,[0],0,0,0,valid,
train,No_oil,No_oil/00366.tif,Mask_no_oil/00366.tif,2048,2048,2,float32+float32,2048,2048,[0],0,0,0,valid,
train,No_oil,No_oil/00015.tif,Mask_no_oil/00015.tif,2048,2048,2,float32+float32,2048,2048,[0],0,0,0,valid,
train,No_oil,No_oil/00628.tif,Mask_no_oil/00628.tif,2048,2048,2,float32+float32,2048,2048,[0],0,0,0,valid,
train,No_oil,No_oil/00026.tif,Mask_no_oil/00026.tif,2048,2048,2,float32+float32,2048,2048,[0],0,0,0,valid,
train,No_oil,No_oil/00112.tif,Mask_no_oil/00112.tif,2048,2048,2,float32+float32,2048,2048,[0],0,0,0,valid,
train,No_oil,No_oil/00178.tif,Mask_no_oil/00178.tif,2048,2048,2,float32+float32,2048,2048,[0],0,0,0,valid,
train,No_oil,No_oil/00637.tif,Mask_no_oil/00637.tif,2048,2048,2,float32+float32,2048,2048,[0],0,0,0,valid,
train,No_oil,No_oil/00133.tif,Mask_no_oil/00133.tif,2048,2048,2,float32+float32,2048,2048,[0],0,0,0,valid,
train,No_oil,No_oil/00148.tif,Mask_no_oil/00148.tif,2048,2048,2,float32+float32,2048,2048,[0],0,0,0,valid,
train,No_oil,No_oil/00283.tif,Mask_no_oil/00283.tif,2048,2048,2,float32+float32,2048,2048,[0],0,0,0,valid,
train,No_oil,No_oil/00002.tif,Mask_no_oil/00002.tif,2048,2048,2,float32+float32,2048,2048,[0],0,0,0,valid,
train,No_oil,No_oil/00151.tif,Mask_no_oil/00151.tif,2048,2048,2,float32+float32,2048,2048,[0],0,0,0,valid,
train,No_oil,No_oil/00336.tif,Mask_no_oil/00336.tif,2048,2048,2,float32+float32,2048,2048,[0],0,0,0,valid,
train,No_oil,No_oil/00238.tif,Mask_no_oil/00238.tif,2048,2048,2,float32+float32,2048,2048,[0],0,0,0,valid,
train,No_oil,No_oil/00221.tif,Mask_no_oil/00221.tif,2048,2048,2,float32+float32,2048,2048,[0],0,0,0,valid,
train,No_oil,No_oil/00212.tif,Mask_no_oil/00212.tif,2048,2048,2,float32+float32,2048,2048,[0],0,0,0,valid,
train,No_oil,No_oil/00070.tif,Mask_no_oil/00070.tif,2048,2048,2,float32+float32,2048,2048,[0],0,0,0,valid,
train,No_oil,No_oil/00210.tif,Mask_no_oil/00210.tif,2048,2048,2,float32+float32,2048,2048,[0],0,0,0,valid,
train,No_oil,No_oil/00128.tif,Mask_no_oil/00128.tif,2048,2048,2,float32+float32,2048,2048,[0],0,0,0,valid,
train,No_oil,No_oil/00249.tif,Mask_no_oil/00249.tif,2048,2048,2,float32+float32,2048,2048,[0],0,0,0,valid,
train,No_oil,No_oil/00341.tif,Mask_no_oil/00341.tif,2048,2048,2,float32+float32,2048,2048,[0],0,0,0,valid,
train,No_oil,No_oil/00051.tif,Mask_no_oil/00051.tif,2048,2048,2,float32+float32,2048,2048,[0],0,0,0,valid,
train,No_oil,No_oil/00021.tif,Mask_no_oil/00021.tif,2048,2048,2,float32+float32,2048,2048,[0],0,0,0,valid,
train,No_oil,No_oil/00217.tif,Mask_no_oil/00217.tif,2048,2048,2,float32+float32,2048,2048,[0],0,0,0,valid,
train,No_oil,No_oil/00093.tif,Mask_no_oil/00093.tif,2048,2048,2,float32+float32,2048,2048,[0],0,0,0,valid,
train,No_oil,No_oil/00596.tif,Mask_no_oil/00596.tif,2048,2048,2,float32+float32,2048,2048,[0],0,0,0,valid,
train,No_oil,No_oil/00125.tif,Mask_no_oil/00125.tif,2048,2048,2,float32+float32,2048,2048,[0],0,0,0,valid,
train,No_oil,No_oil/00639.tif,Mask_no_oil/00639.tif,2048,2048,2,float32+float32,2048,2048,[0],0,0,0,valid,
train,No_oil,No_oil/00282.tif,Mask_no_oil/00282.tif,2048,2048,2,float32+float32,2048,2048,[0],0,0,0,valid,
train,No_oil,No_oil/00407.tif,Mask_no_oil/00407.tif,2048,2048,2,float32+float32,2048,2048,[0],0,0,0,valid,
val,No_oil,No_oil/00062.tif,Mask_no_oil/00062.tif,2048,2048,2,float32+float32,2048,2048,[0],0,0,0,valid,
val,No_oil,No_oil/00656.tif,Mask_no_oil/00656.tif,2048,2048,2,float32+float32,2048,2048,[0],0,0,0,valid,
val,No_oil,No_oil/00376.tif,Mask_no_oil/00376.tif,2048,2048,2,float32+float32,2048,2048,[0],0,0,0,valid,
val,No_oil,No_oil/00562.tif,Mask_no_oil/00562.tif,2048,2048,2,float32+float32,2048,2048,[0],0,0,0,valid,
val,No_oil,No_oil/00371.tif,Mask_no_oil/00371.tif,2048,2048,2,float32+float32,2048,2048,[0],0,0,0,valid,
val,No_oil,No_oil/00241.tif,Mask_no_oil/00241.tif,2048,2048,2,float32+float32,2048,2048,[0],0,0,0,valid,
val,No_oil,No_oil/00455.tif,Mask_no_oil/00455.tif,2048,2048,2,float32+float32,2048,2048,[0],0,0,0,valid,
val,No_oil,No_oil/00454.tif,Mask_no_oil/00454.tif,2048,2048,2,float32+float32,2048,2048,[0],0,0,0,valid,
val,No_oil,No_oil/00222.tif,Mask_no_oil/00222.tif,2048,2048,2,float32+float32,2048,2048,[0],0,0,0,valid,
val,No_oil,No_oil/00567.tif,Mask_no_oil/00567.tif,2048,2048,2,float32+float32,2048,2048,[0],0,0,0,valid,
val,No_oil,No_oil/00033.tif,Mask_no_oil/00033.tif,2048,2048,2,float32+float32,2048,2048,[0],0,0,0,valid,
val,No_oil,No_oil/00286.tif,Mask_no_oil/00286.tif,2048,2048,2,float32+float32,2048,2048,[0],0,0,0,valid,
val,No_oil,No_oil/00417.tif,Mask_no_oil/00417.tif,2048,2048,2,float32+float32,2048,2048,[0],0,0,0,valid,
val,No_oil,No_oil/00501.tif,Mask_no_oil/00501.tif,2048,2048,2,float32+float32,2048,2048,[0],0,0,0,valid,
val,No_oil,No_oil/00101.tif,Mask_no_oil/00101.tif,2048,2048,2,float32+float32,2048,2048,[0],0,0,0,valid,
val,No_oil,No_oil/00424.tif,Mask_no_oil/00424.tif,2048,2048,2,float32+float32,2048,2048,[0],0,0,0,valid,
val,No_oil,No_oil/00158.tif,Mask_no_oil/00158.tif,2048,2048,2,float32+float32,2048,2048,[0],0,0,0,valid,
val,No_oil,No_oil/00429.tif,Mask_no_oil/00429.tif,2048,2048,2,float32+float32,2048,2048,[0],0,0,0,valid,
val,No_oil,No_oil/00554.tif,Mask_no_oil/00554.tif,2048,2048,2,float32+float32,2048,2048,[0],0,0,0,valid,
val,No_oil,No_oil/00379.tif,Mask_no_oil/00379.tif,2048,2048,2,float32+float32,2048,2048,[0],0,0,0,valid,
val,No_oil,No_oil/00464.tif,Mask_no_oil/00464.tif,2048,2048,2,float32+float32,2048,2048,[0],0,0,0,valid,
val,No_oil,No_oil/00397.tif,Mask_no_oil/00397.tif,2048,2048,2,float32+float32,2048,2048,[0],0,0,0,valid,
val,No_oil,No_oil/00138.tif,Mask_no_oil/00138.tif,2048,2048,2,float32+float32,2048,2048,[0],0,0,0,valid,
val,No_oil,No_oil/00551.tif,Mask_no_oil/00551.tif,2048,2048,2,float32+float32,2048,2048,[0],0,0,0,valid,
val,No_oil,No_oil/00240.tif,Mask_no_oil/00240.tif,2048,2048,2,float32+float32,2048,2048,[0],0,0,0,valid,
val,No_oil,No_oil/00635.tif,Mask_no_oil/00635.tif,2048,2048,2,float32+float32,2048,2048,[0],0,0,0,valid,
val,No_oil,No_oil/00118.tif,Mask_no_oil/00118.tif,2048,2048,2,float32+float32,2048,2048,[0],0,0,0,valid,
val,No_oil,No_oil/00504.tif,Mask_no_oil/00504.tif,2048,2048,2,float32+float32,2048,2048,[0],0,0,0,valid,
val,No_oil,No_oil/00311.tif,Mask_no_oil/00311.tif,2048,2048,2,float32+float32,2048,2048,[0],0,0,0,valid,
val,No_oil,No_oil/00038.tif,Mask_no_oil/00038.tif,2048,2048,2,float32+float32,2048,2048,[0],0,0,0,valid,
val,No_oil,No_oil/00046.tif,Mask_no_oil/00046.tif,2048,2048,2,float32+float32,2048,2048,[0],0,0,0,valid,
val,No_oil,No_oil/00143.tif,Mask_no_oil/00143.tif,2048,2048,2,float32+float32,2048,2048,[0],0,0,0,valid,
val,No_oil,No_oil/00119.tif,Mask_no_oil/00119.tif,2048,2048,2,float32+float32,2048,2048,[0],0,0,0,valid,
val,No_oil,No_oil/00418.tif,Mask_no_oil/00418.tif,2048,2048,2,float32+float32,2048,2048,[0],0,0,0,valid,
val,No_oil,No_oil/00664.tif,Mask_no_oil/00664.tif,2048,2048,2,float32+float32,2048,2048,[0],0,0,0,valid,
val,No_oil,No_oil/00475.tif,Mask_no_oil/00475.tif,2048,2048,2,float32+float32,2048,2048,[0],0,0,0,valid,
val,No_oil,No_oil/00064.tif,Mask_no_oil/00064.tif,2048,2048,2,float32+float32,2048,2048,[0],0,0,0,valid,
val,No_oil,No_oil/00226.tif,Mask_no_oil/00226.tif,2048,2048,2,float32+float32,2048,2048,[0],0,0,0,valid,
val,No_oil,No_oil/00335.tif,Mask_no_oil/00335.tif,2048,2048,2,float32+float32,2048,2048,[0],0,0,0,valid,
val,No_oil,No_oil/00575.tif,Mask_no_oil/00575.tif,2048,2048,2,float32+float32,2048,2048,[0],0,0,0,valid,
val,No_oil,No_oil/00025.tif,Mask_no_oil/00025.tif,2048,2048,2,float32+float32,2048,2048,[0],0,0,0,valid,
val,No_oil,No_oil/00482.tif,Mask_no_oil/00482.tif,2048,2048,2,float32+float32,2048,2048,[0],0,0,0,valid,
val,No_oil,No_oil/00239.tif,Mask_no_oil/00239.tif,2048,2048,2,float32+float32,2048,2048,[0],0,0,0,valid,
val,No_oil,No_oil/00110.tif,Mask_no_oil/00110.tif,2048,2048,2,float32+float32,2048,2048,[0],0,0,0,valid,
val,No_oil,No_oil/00380.tif,Mask_no_oil/00380.tif,2048,2048,2,float32+float32,2048,2048,[0],0,0,0,valid,
val,No_oil,No_oil/00658.tif,Mask_no_oil/00658.tif,2048,2048,2,float32+float32,2048,2048,[0],0,0,0,valid,
val,No_oil,No_oil/00268.tif,Mask_no_oil/00268.tif,2048,2048,2,float32+float32,2048,2048,[0],0,0,0,valid,
val,No_oil,No_oil/00377.tif,Mask_no_oil/00377.tif,2048,2048,2,float32+float32,2048,2048,[0],0,0,0,valid,
val,No_oil,No_oil/00465.tif,Mask_no_oil/00465.tif,2048,2048,2,float32+float32,2048,2048,[0],0,0,0,valid,
val,No_oil,No_oil/00126.tif,Mask_no_oil/00126.tif,2048,2048,2,float32+float32,2048,2048,[0],0,0,0,valid,
val,No_oil,No_oil/00550.tif,Mask_no_oil/00550.tif,2048,2048,2,float32+float32,2048,2048,[0],0,0,0,valid,
val,No_oil,No_oil/00270.tif,Mask_no_oil/00270.tif,2048,2048,2,float32+float32,2048,2048,[0],0,0,0,valid,
val,No_oil,No_oil/00014.tif,Mask_no_oil/00014.tif,2048,2048,2,float32+float32,2048,2048,[0],0,0,0,valid,
val,No_oil,No_oil/00404.tif,Mask_no_oil/00404.tif,2048,2048,2,float32+float32,2048,2048,[0],0,0,0,valid,
val,No_oil,No_oil/00627.tif,Mask_no_oil/00627.tif,2048,2048,2,float32+float32,2048,2048,[0],0,0,0,valid,
val,No_oil,No_oil/00619.tif,Mask_no_oil/00619.tif,2048,2048,2,float32+float32,2048,2048,[0],0,0,0,valid,
val,No_oil,No_oil/00571.tif,Mask_no_oil/00571.tif,2048,2048,2,float32+float32,2048,2048,[0],0,0,0,valid,
val,No_oil,No_oil/00406.tif,Mask_no_oil/00406.tif,2048,2048,2,float32+float32,2048,2048,[0],0,0,0,valid,
val,No_oil,No_oil/00231.tif,Mask_no_oil/00231.tif,2048,2048,2,float32+float32,2048,2048,[0],0,0,0,valid,
val,No_oil,No_oil/00144.tif,Mask_no_oil/00144.tif,2048,2048,2,float32+float32,2048,2048,[0],0,0,0,valid,
val,No_oil,No_oil/00077.tif,Mask_no_oil/00077.tif,2048,2048,2,float32+float32,2048,2048,[0],0,0,0,valid,
val,No_oil,No_oil/00479.tif,Mask_no_oil/00479.tif,2048,2048,2,float32+float32,2048,2048,[0],0,0,0,valid,
val,No_oil,No_oil/00117.tif,Mask_no_oil/00117.tif,2048,2048,2,float32+float32,2048,2048,[0],0,0,0,valid,
val,No_oil,No_oil/00346.tif,Mask_no_oil/00346.tif,2048,2048,2,float32+float32,2048,2048,[0],0,0,0,valid,
val,No_oil,No_oil/00626.tif,Mask_no_oil/00626.tif,2048,2048,2,float32+float32,2048,2048,[0],0,0,0,valid,
val,No_oil,No_oil/00493.tif,Mask_no_oil/00493.tif,2048,2048,2,float32+float32,2048,2048,[0],0,0,0,valid,
val,No_oil,No_oil/00263.tif,Mask_no_oil/00263.tif,2048,2048,2,float32+float32,2048,2048,[0],0,0,0,valid,
val,No_oil,No_oil/00168.tif,Mask_no_oil/00168.tif,2048,2048,2,float32+float32,2048,2048,[0],0,0,0,valid,
val,No_oil,No_oil/00279.tif,Mask_no_oil/00279.tif,2048,2048,2,float32+float32,2048,2048,[0],0,0,0,valid,
val,No_oil,No_oil/00513.tif,Mask_no_oil/00513.tif,2048,2048,2,float32+float32,2048,2048,[0],0,0,0,valid,
val,No_oil,No_oil/00544.tif,Mask_no_oil/00544.tif,2048,2048,2,float32+float32,2048,2048,[0],0,0,0,valid,
val,No_oil,No_oil/00374.tif,Mask_no_oil/00374.tif,2048,2048,2,float32+float32,2048,2048,[0],0,0,0,valid,
val,No_oil,No_oil/00553.tif,Mask_no_oil/00553.tif,2048,2048,2,float32+float32,2048,2048,[0],0,0,0,valid,
val,No_oil,No_oil/00135.tif,Mask_no_oil/00135.tif,2048,2048,2,float32+float32,2048,2048,[0],0,0,0,valid,
val,No_oil,No_oil/00205.tif,Mask_no_oil/00205.tif,2048,2048,2,float32+float32,2048,2048,[0],0,0,0,valid,
val,No_oil,No_oil/00179.tif,Mask_no_oil/00179.tif,2048,2048,2,float32+float32,2048,2048,[0],0,0,0,valid,
val,No_oil,No_oil/00425.tif,Mask_no_oil/00425.tif,2048,2048,2,float32+float32,2048,2048,[0],0,0,0,valid,
val,No_oil,No_oil/00334.tif,Mask_no_oil/00334.tif,2048,2048,2,float32+float32,2048,2048,[0],0,0,0,valid,
val,No_oil,No_oil/00653.tif,Mask_no_oil/00653.tif,2048,2048,2,float32+float32,2048,2048,[0],0,0,0,valid,
val,No_oil,No_oil/00092.tif,Mask_no_oil/00092.tif,2048,2048,2,float32+float32,2048,2048,[0],0,0,0,valid,
val,No_oil,No_oil/00134.tif,Mask_no_oil/00134.tif,2048,2048,2,float32+float32,2048,2048,[0],0,0,0,valid,
val,No_oil,No_oil/00373.tif,Mask_no_oil/00373.tif,2048,2048,2,float32+float32,2048,2048,[0],0,0,0,valid,
val,No_oil,No_oil/00594.tif,Mask_no_oil/00594.tif,2048,2048,2,float32+float32,2048,2048,[0],0,0,0,valid,
val,No_oil,No_oil/00034.tif,Mask_no_oil/00034.tif,2048,2048,2,float32+float32,2048,2048,[0],0,0,0,valid,
val,No_oil,No_oil/00451.tif,Mask_no_oil/00451.tif,2048,2048,2,float32+float32,2048,2048,[0],0,0,0,valid,
val,No_oil,No_oil/00316.tif,Mask_no_oil/00316.tif,2048,2048,2,float32+float32,2048,2048,[0],0,0,0,valid,
val,No_oil,No_oil/00040.tif,Mask_no_oil/00040.tif,2048,2048,2,float32+float32,2048,2048,[0],0,0,0,valid,
val,No_oil,No_oil/00099.tif,Mask_no_oil/00099.tif,2048,2048,2,float32+float32,2048,2048,[0],0,0,0,valid,
val,No_oil,No_oil/00140.tif,Mask_no_oil/00140.tif,2048,2048,2,float32+float32,2048,2048,[0],0,0,0,valid,
val,No_oil,No_oil/00666.tif,Mask_no_oil/00666.tif,2048,2048,2,float32+float32,2048,2048,[0],0,0,0,valid,
val,No_oil,No_oil/00636.tif,Mask_no_oil/00636.tif,2048,2048,2,float32+float32,2048,2048,[0],0,0,0,valid,
val,No_oil,No_oil/00194.tif,Mask_no_oil/00194.tif,2048,2048,2,float32+float32,2048,2048,[0],0,0,0,valid,
val,No_oil,No_oil/00224.tif,Mask_no_oil/00224.tif,2048,2048,2,float32+float32,2048,2048,[0],0,0,0,valid,
val,No_oil,No_oil/00360.tif,Mask_no_oil/00360.tif,2048,2048,2,float32+float32,2048,2048,[0],0,0,0,valid,
val,No_oil,No_oil/00622.tif,Mask_no_oil/00622.tif,2048,2048,2,float32+float32,2048,2048,[0],0,0,0,valid,
val,No_oil,No_oil/00235.tif,Mask_no_oil/00235.tif,2048,2048,2,float32+float32,2048,2048,[0],0,0,0,valid,
val,No_oil,No_oil/00293.tif,Mask_no_oil/00293.tif,2048,2048,2,float32+float32,2048,2048,[0],0,0,0,valid,
val,No_oil,No_oil/00508.tif,Mask_no_oil/00508.tif,2048,2048,2,float32+float32,2048,2048,[0],0,0,0,valid,
val,No_oil,No_oil/00621.tif,Mask_no_oil/00621.tif,2048,2048,2,float32+float32,2048,2048,[0],0,0,0,valid,
val,No_oil,No_oil/00050.tif,Mask_no_oil/00050.tif,2048,2048,2,float32+float32,2048,2048,[0],0,0,0,valid,
val,No_oil,No_oil/00580.tif,Mask_no_oil/00580.tif,2048,2048,2,float32+float32,2048,2048,[0],0,0,0,valid,
val,No_oil,No_oil/00008.tif,Mask_no_oil/00008.tif,2048,2048,2,float32+float32,2048,2048,[0],0,0,0,valid,
val,No_oil,No_oil/00281.tif,Mask_no_oil/00281.tif,2048,2048,2,float32+float32,2048,2048,[0],0,0,0,valid,
val,No_oil,No_oil/00405.tif,Mask_no_oil/00405.tif,2048,2048,2,float32+float32,2048,2048,[0],0,0,0,valid,
val,No_oil,No_oil/00022.tif,Mask_no_oil/00022.tif,2048,2048,2,float32+float32,2048,2048,[0],0,0,0,valid,
val,No_oil,No_oil/00682.tif,Mask_no_oil/00682.tif,2048,2048,2,float32+float32,2048,2048,[0],0,0,0,valid,
val,No_oil,No_oil/00302.tif,Mask_no_oil/00302.tif,2048,2048,2,float32+float32,2048,2048,[0],0,0,0,valid,
val,No_oil,No_oil/00589.tif,Mask_no_oil/00589.tif,2048,2048,2,float32+float32,2048,2048,[0],0,0,0,valid,
val,No_oil,No_oil/00367.tif,Mask_no_oil/00367.tif,2048,2048,2,float32+float32,2048,2048,[0],0,0,0,valid,
val,No_oil,No_oil/00586.tif,Mask_no_oil/00586.tif,2048,2048,2,float32+float32,2048,2048,[0],0,0,0,valid,
val,No_oil,No_oil/00390.tif,Mask_no_oil/00390.tif,2048,2048,2,float32+float32,2048,2048,[0],0,0,0,valid,
val,No_oil,No_oil/00242.tif,Mask_no_oil/00242.tif,2048,2048,2,float32+float32,2048,2048,[0],0,0,0,valid,
val,No_oil,No_oil/00109.tif,Mask_no_oil/00109.tif,2048,2048,2,float32+float32,2048,2048,[0],0,0,0,valid,
val,No_oil,No_oil/00494.tif,Mask_no_oil/00494.tif,2048,2048,2,float32+float32,2048,2048,[0],0,0,0,valid,
val,No_oil,No_oil/00393.tif,Mask_no_oil/00393.tif,2048,2048,2,float32+float32,2048,2048,[0],0,0,0,valid,
val,No_oil,No_oil/00203.tif,Mask_no_oil/00203.tif,2048,2048,2,float32+float32,2048,2048,[0],0,0,0,valid,
val,No_oil,No_oil/00309.tif,Mask_no_oil/00309.tif,2048,2048,2,float32+float32,2048,2048,[0],0,0,0,valid,
val,No_oil,No_oil/00467.tif,Mask_no_oil/00467.tif,2048,2048,2,float32+float32,2048,2048,[0],0,0,0,valid,
val,No_oil,No_oil/00256.tif,Mask_no_oil/00256.tif,2048,2048,2,float32+float32,2048,2048,[0],0,0,0,valid,
val,No_oil,No_oil/00434.tif,Mask_no_oil/00434.tif,2048,2048,2,float32+float32,2048,2048,[0],0,0,0,valid,
val,No_oil,No_oil/00655.tif,Mask_no_oil/00655.tif,2048,2048,2,float32+float32,2048,2048,[0],0,0,0,valid,
val,No_oil,No_oil/00306.tif,Mask_no_oil/00306.tif,2048,2048,2,float32+float32,2048,2048,[0],0,0,0,valid,
val,No_oil,No_oil/00602.tif,Mask_no_oil/00602.tif,2048,2048,2,float32+float32,2048,2048,[0],0,0,0,valid,
val,No_oil,No_oil/00353.tif,Mask_no_oil/00353.tif,2048,2048,2,float32+float32,2048,2048,[0],0,0,0,valid,
val,No_oil,No_oil/00452.tif,Mask_no_oil/00452.tif,2048,2048,2,float32+float32,2048,2048,[0],0,0,0,valid,
val,No_oil,No_oil/00075.tif,Mask_no_oil/00075.tif,2048,2048,2,float32+float32,2048,2048,[0],0,0,0,valid,
val,No_oil,No_oil/00161.tif,Mask_no_oil/00161.tif,2048,2048,2,float32+float32,2048,2048,[0],0,0,0,valid,
val,No_oil,No_oil/00560.tif,Mask_no_oil/00560.tif,2048,2048,2,float32+float32,2048,2048,[0],0,0,0,valid,
val,No_oil,No_oil/00294.tif,Mask_no_oil/00294.tif,2048,2048,2,float32+float32,2048,2048,[0],0,0,0,valid,
val,No_oil,No_oil/00476.tif,Mask_no_oil/00476.tif,2048,2048,2,float32+float32,2048,2048,[0],0,0,0,valid,
val,No_oil,No_oil/00009.tif,Mask_no_oil/00009.tif,2048,2048,2,float32+float32,2048,2048,[0],0,0,0,valid,
val,No_oil,No_oil/00261.tif,Mask_no_oil/00261.tif,2048,2048,2,float32+float32,2048,2048,[0],0,0,0,valid,
val,No_oil,No_oil/00470.tif,Mask_no_oil/00470.tif,2048,2048,2,float32+float32,2048,2048,[0],0,0,0,valid,
val,No_oil,No_oil/00260.tif,Mask_no_oil/00260.tif,2048,2048,2,float32+float32,2048,2048,[0],0,0,0,valid,
val,No_oil,No_oil/00654.tif,Mask_no_oil/00654.tif,2048,2048,2,float32+float32,2048,2048,[0],0,0,0,valid,
val,No_oil,No_oil/00472.tif,Mask_no_oil/00472.tif,2048,2048,2,float32+float32,2048,2048,[0],0,0,0,valid,
val,No_oil,No_oil/00237.tif,Mask_no_oil/00237.tif,2048,2048,2,float32+float32,2048,2048,[0],0,0,0,valid,
train,Lookalike,Lookalike/00680.tif,Mask_lookalike/00680.tif,2048,2048,2,float32+float32,2048,2048,[0],0,0,0,valid,
train,Lookalike,Lookalike/00605.tif,Mask_lookalike/00605.tif,2048,2048,2,float32+float32,2048,2048,[0],0,0,0,valid,
train,Lookalike,Lookalike/00103.tif,Mask_lookalike/00103.tif,2048,2048,2,float32+float32,2048,2048,[0],0,0,0,valid,
train,Lookalike,Lookalike/00268.tif,Mask_lookalike/00268.tif,2048,2048,2,float32+float32,2048,2048,[0],0,0,0,valid,
train,Lookalike,Lookalike/00059.tif,Mask_lookalike/00059.tif,2048,2048,2,float32+float32,2048,2048,[0],0,0,0,valid,
train,Lookalike,Lookalike/00192.tif,Mask_lookalike/00192.tif,2048,2048,2,float32+float32,2048,2048,[0],0,0,0,valid,
train,Lookalike,Lookalike/00537.tif,Mask_lookalike/00537.tif,2048,2048,2,float32+float32,2048,2048,[0],0,0,0,valid,
train,Lookalike,Lookalike/00662.tif,Mask_lookalike/00662.tif,2048,2048,2,float32+float32,2048,2048,[0],0,0,0,valid,
train,Lookalike,Lookalike/00278.tif,Mask_lookalike/00278.tif,2048,2048,2,float32+float32,2048,2048,[0],0,0,0,valid,
train,Lookalike,Lookalike/00575.tif,Mask_lookalike/00575.tif,2048,2048,2,float32+float32,2048,2048,[0],0,0,0,valid,
train,Lookalike,Lookalike/00463.tif,Mask_lookalike/00463.tif,2048,2048,2,float32+float32,2048,2048,[0],0,0,0,valid,
train,Lookalike,Lookalike/00111.tif,Mask_lookalike/00111.tif,2048,2048,2,float32+float32,2048,2048,[0],0,0,0,valid,
train,Lookalike,Lookalike/00331.tif,Mask_lookalike/00331.tif,2048,2048,2,float32+float32,2048,2048,[0],0,0,0,valid,
train,Lookalike,Lookalike/00009.tif,Mask_lookalike/00009.tif,2048,2048,2,float32+float32,2048,2048,[0],0,0,0,valid,
train,Lookalike,Lookalike/00462.tif,Mask_lookalike/00462.tif,2048,2048,2,float32+float32,2048,2048,[0],0,0,0,valid,
train,Lookalike,Lookalike/00563.tif,Mask_lookalike/00563.tif,2048,2048,2,float32+float32,2048,2048,[0],0,0,0,valid,
train,Lookalike,Lookalike/00092.tif,Mask_lookalike/00092.tif,2048,2048,2,float32+float32,2048,2048,[0],0,0,0,valid,
train,Lookalike,Lookalike/00521.tif,Mask_lookalike/00521.tif,2048,2048,2,float32+float32,2048,2048,[0],0,0,0,valid,
train,Lookalike,Lookalike/00465.tif,Mask_lookalike/00465.tif,2048,2048,2,float32+float32,2048,2048,[0],0,0,0,valid,
train,Lookalike,Lookalike/00194.tif,Mask_lookalike/00194.tif,2048,2048,2,float32+float32,2048,2048,[0],0,0,0,valid,
train,Lookalike,Lookalike/00051.tif,Mask_lookalike/00051.tif,2048,2048,2,float32+float32,2048,2048,[0],0,0,0,valid,
train,Lookalike,Lookalike/00039.tif,Mask_lookalike/00039.tif,2048,2048,2,float32+float32,2048,2048,[0],0,0,0,valid,
train,Lookalike,Lookalike/00632.tif,Mask_lookalike/00632.tif,2048,2048,2,float32+float32,2048,2048,[0],0,0,0,valid,
train,Lookalike,Lookalike/00159.tif,Mask_lookalike/00159.tif,2048,2048,2,float32+float32,2048,2048,[0],0,0,0,valid,
train,Lookalike,Lookalike/00169.tif,Mask_lookalike/00169.tif,2048,2048,2,float32+float32,2048,2048,[0],0,0,0,valid,
train,Lookalike,Lookalike/00576.tif,Mask_lookalike/00576.tif,2048,2048,2,float32+float32,2048,2048,[0],0,0,0,valid,
train,Lookalike,Lookalike/00678.tif,Mask_lookalike/00678.tif,2048,2048,2,float32+float32,2048,2048,[0],0,0,0,valid,
train,Lookalike,Lookalike/00003.tif,Mask_lookalike/00003.tif,2048,2048,2,float32+float32,2048,2048,[0],0,0,0,valid,
train,Lookalike,Lookalike/00343.tif,Mask_lookalike/00343.tif,2048,2048,2,float32+float32,2048,2048,[0],0,0,0,valid,
train,Lookalike,Lookalike/00168.tif,Mask_lookalike/00168.tif,2048,2048,2,float32+float32,2048,2048,[0],0,0,0,valid,
train,Lookalike,Lookalike/00002.tif,Mask_lookalike/00002.tif,2048,2048,2,float32+float32,2048,2048,[0],0,0,0,valid,
train,Lookalike,Lookalike/00491.tif,Mask_lookalike/00491.tif,2048,2048,2,float32+float32,2048,2048,[0],0,0,0,valid,
train,Lookalike,Lookalike/00553.tif,Mask_lookalike/00553.tif,2048,2048,2,float32+float32,2048,2048,[0],0,0,0,valid,
train,Lookalike,Lookalike/00408.tif,Mask_lookalike/00408.tif,2048,2048,2,float32+float32,2048,2048,[0],0,0,0,valid,
train,Lookalike,Lookalike/00401.tif,Mask_lookalike/00401.tif,2048,2048,2,float32+float32,2048,2048,[0],0,0,0,valid,
train,Lookalike,Lookalike/00390.tif,Mask_lookalike/00390.tif,2048,2248,2,float32+float32,2048,2248,[0],0,0,0,valid,
train,Lookalike,Lookalike/00218.tif,Mask_lookalike/00218.tif,2048,2048,2,float32+float32,2048,2048,[0],0,0,0,valid,
train,Lookalike,Lookalike/00403.tif,Mask_lookalike/00403.tif,2048,2048,2,float32+float32,2048,2048,[0],0,0,0,valid,
train,Lookalike,Lookalike/00612.tif,Mask_lookalike/00612.tif,2048,2048,2,float32+float32,2048,2048,[0],0,0,0,valid,
train,Lookalike,Lookalike/00357.tif,Mask_lookalike/00357.tif,2048,2048,2,float32+float32,2048,2048,[0],0,0,0,valid,
train,Lookalike,Lookalike/00077.tif,Mask_lookalike/00077.tif,2048,2048,2,float32+float32,2048,2048,[0],0,0,0,valid,
train,Lookalike,Lookalike/00621.tif,Mask_lookalike/00621.tif,2048,2048,2,float32+float32,2048,2048,[0],0,0,0,valid,
train,Lookalike,Lookalike/00332.tif,Mask_lookalike/00332.tif,2048,2048,2,float32+float32,2048,2048,[0],0,0,0,valid,
train,Lookalike,Lookalike/00351.tif,Mask_lookalike/00351.tif,2048,2048,2,float32+float32,2048,2048,[0],0,0,0,valid,
train,Lookalike,Lookalike/00441.tif,Mask_lookalike/00441.tif,2048,2048,2,float32+float32,2048,2048,[0],0,0,0,valid,
train,Lookalike,Lookalike/00199.tif,Mask_lookalike/00199.tif,2048,2048,2,float32+float32,2048,2048,[0],0,0,0,valid,
train,Lookalike,Lookalike/00385.tif,Mask_lookalike/00385.tif,2048,2048,2,float32+float32,2048,2048,[0],0,0,0,valid,
train,Lookalike,Lookalike/00419.tif,Mask_lookalike/00419.tif,2048,2048,2,float32+float32,2048,2048,[0],0,0,0,valid,
train,Lookalike,Lookalike/00572.tif,Mask_lookalike/00572.tif,2048,2048,2,float32+float32,2048,2048,[0],0,0,0,valid,
train,Lookalike,Lookalike/00266.tif,Mask_lookalike/00266.tif,2048,2048,2,float32+float32,2048,2048,[0],0,0,0,valid,
train,Lookalike,Lookalike/00618.tif,Mask_lookalike/00618.tif,2048,2048,2,float32+float32,2048,2048,[0],0,0,0,valid,
train,Lookalike,Lookalike/00211.tif,Mask_lookalike/00211.tif,2048,2048,2,float32+float32,2048,2048,[0],0,0,0,valid,
train,Lookalike,Lookalike/00299.tif,Mask_lookalike/00299.tif,2048,2048,2,float32+float32,2048,2048,[0],0,0,0,valid,
train,Lookalike,Lookalike/00446.tif,Mask_lookalike/00446.tif,2048,2048,2,float32+float32,2048,2048,[0],0,0,0,valid,
train,Lookalike,Lookalike/00656.tif,Mask_lookalike/00656.tif,2048,2048,2,float32+float32,2048,2048,[0],0,0,0,valid,
train,Lookalike,Lookalike/00312.tif,Mask_lookalike/00312.tif,2048,2048,2,float32+float32,2048,2048,[0],0,0,0,valid,
train,Lookalike,Lookalike/00108.tif,Mask_lookalike/00108.tif,2048,2048,2,float32+float32,2048,2048,[0],0,0,0,valid,
train,Lookalike,Lookalike/00018.tif,Mask_lookalike/00018.tif,2048,2048,2,float32+float32,2048,2048,[0],0,0,0,valid,
train,Lookalike,Lookalike/00571.tif,Mask_lookalike/00571.tif,2048,2048,2,float32+float32,2048,2048,[0],0,0,0,valid,
train,Lookalike,Lookalike/00479.tif,Mask_lookalike/00479.tif,2048,2048,2,float32+float32,2048,2048,[0],0,0,0,valid,
train,Lookalike,Lookalike/00645.tif,Mask_lookalike/00645.tif,2048,2048,2,float32+float32,2048,2048,[0],0,0,0,valid,
train,Lookalike,Lookalike/00079.tif,Mask_lookalike/00079.tif,2048,2048,2,float32+float32,2048,2048,[0],0,0,0,valid,
train,Lookalike,Lookalike/00306.tif,Mask_lookalike/00306.tif,2048,2048,2,float32+float32,2048,2048,[0],0,0,0,valid,
train,Lookalike,Lookalike/00644.tif,Mask_lookalike/00644.tif,2048,2048,2,float32+float32,2048,2048,[0],0,0,0,valid,
train,Lookalike,Lookalike/00497.tif,Mask_lookalike/00497.tif,2048,2048,2,float32+float32,2048,2048,[0],0,0,0,valid,
train,Lookalike,Lookalike/00336.tif,Mask_lookalike/00336.tif,2048,2048,2,float32+float32,2048,2048,[0],0,0,0,valid,
train,Lookalike,Lookalike/00272.tif,Mask_lookalike/00272.tif,2048,2048,2,float32+float32,2048,2048,[0],0,0,0,valid,
train,Lookalike,Lookalike/00150.tif,Mask_lookalike/00150.tif,2048,2048,2,float32+float32,2048,2048,[0],0,0,0,valid,
train,Lookalike,Lookalike/00050.tif,Mask_lookalike/00050.tif,2048,2048,2,float32+float32,2048,2048,[0],0,0,0,valid,
train,Lookalike,Lookalike/00402.tif,Mask_lookalike/00402.tif,2048,2048,2,float32+float32,2048,2048,[0],0,0,0,valid,
train,Lookalike,Lookalike/00615.tif,Mask_lookalike/00615.tif,2048,2048,2,float32+float32,2048,2048,[0],0,0,0,valid,
train,Lookalike,Lookalike/00520.tif,Mask_lookalike/00520.tif,2048,2048,2,float32+float32,2048,2048,[0],0,0,0,valid,
train,Lookalike,Lookalike/00022.tif,Mask_lookalike/00022.tif,2048,2048,2,float32+float32,2048,2048,[0],0,0,0,valid,
train,Lookalike,Lookalike/00296.tif,Mask_lookalike/00296.tif,2048,2048,2,float32+float32,2048,2048,[0],0,0,0,valid,
train,Lookalike,Lookalike/00514.tif,Mask_lookalike/00514.tif,2048,2048,2,float32+float32,2048,2048,[0],0,0,0,valid,
train,Lookalike,Lookalike/00344.tif,Mask_lookalike/00344.tif,2048,2048,2,float32+float32,2048,2048,[0],0,0,0,valid,
train,Lookalike,Lookalike/00271.tif,Mask_lookalike/00271.tif,2048,2048,2,float32+float32,2048,2048,[0],0,0,0,valid,
train,Lookalike,Lookalike/00386.tif,Mask_lookalike/00386.tif,2048,2048,2,float32+float32,2048,2048,[0],0,0,0,valid,
train,Lookalike,Lookalike/00007.tif,Mask_lookalike/00007.tif,2048,2048,2,float32+float32,2048,2048,[0],0,0,0,valid,
train,Lookalike,Lookalike/00486.tif,Mask_lookalike/00486.tif,2048,2048,2,float32+float32,2048,2048,[0],0,0,0,valid,
train,Lookalike,Lookalike/00533.tif,Mask_lookalike/00533.tif,2048,2048,2,float32+float32,2048,2048,[0],0,0,0,valid,
train,Lookalike,Lookalike/00036.tif,Mask_lookalike/00036.tif,2048,2048,2,float32+float32,2048,2048,[0],0,0,0,valid,
train,Lookalike,Lookalike/00119.tif,Mask_lookalike/00119.tif,2048,2048,2,float32+float32,2048,2048,[0],0,0,0,valid,
train,Lookalike,Lookalike/00494.tif,Mask_lookalike/00494.tif,2048,2048,2,float32+float32,2048,2048,[0],0,0,0,valid,
train,Lookalike,Lookalike/00397.tif,Mask_lookalike/00397.tif,2048,2048,2,float32+float32,2048,2048,[0],0,0,0,valid,
train,Lookalike,Lookalike/00505.tif,Mask_lookalike/00505.tif,2048,2048,2,float32+float32,2048,2048,[0],0,0,0,valid,
train,Lookalike,Lookalike/00664.tif,Mask_lookalike/00664.tif,2048,2048,2,float32+float32,2048,2048,[0],0,0,0,valid,
train,Lookalike,Lookalike/00284.tif,Mask_lookalike/00284.tif,2048,2048,2,float32+float32,2048,2048,[0],0,0,0,valid,
train,Lookalike,Lookalike/00217.tif,Mask_lookalike/00217.tif,2048,2048,2,float32+float32,2048,2048,[0],0,0,0,valid,
train,Lookalike,Lookalike/00604.tif,Mask_lookalike/00604.tif,2048,2048,2,float32+float32,2048,2048,[0],0,0,0,valid,
train,Lookalike,Lookalike/00000.tif,Mask_lookalike/00000.tif,2048,2048,2,float32+float32,2048,2048,[0],0,0,0,valid,
train,Lookalike,Lookalike/00183.tif,Mask_lookalike/00183.tif,2048,2048,2,float32+float32,2048,2048,[0],0,0,0,valid,
train,Lookalike,Lookalike/00171.tif,Mask_lookalike/00171.tif,2048,2048,2,float32+float32,2048,2048,[0],0,0,0,valid,
train,Lookalike,Lookalike/00098.tif,Mask_lookalike/00098.tif,2048,2048,2,float32+float32,2048,2048,[0],0,0,0,valid,
train,Lookalike,Lookalike/00565.tif,Mask_lookalike/00565.tif,2048,2048,2,float32+float32,2048,2048,[0],0,0,0,valid,
train,Lookalike,Lookalike/00091.tif,Mask_lookalike/00091.tif,2048,2048,2,float32+float32,2048,2048,[0],0,0,0,valid,
train,Lookalike,Lookalike/00596.tif,Mask_lookalike/00596.tif,2048,2048,2,float32+float32,2048,2048,[0],0,0,0,valid,
train,Lookalike,Lookalike/00665.tif,Mask_lookalike/00665.tif,2048,2048,2,float32+float32,2048,2048,[0],0,0,0,valid,
train,Lookalike,Lookalike/00012.tif,Mask_lookalike/00012.tif,2048,2048,2,float32+float32,2048,2048,[0],0,0,0,valid,
train,Lookalike,Lookalike/00324.tif,Mask_lookalike/00324.tif,2048,2048,2,float32+float32,2048,2048,[0],0,0,0,valid,
train,Lookalike,Lookalike/00029.tif,Mask_lookalike/00029.tif,2048,2048,2,float32+float32,2048,2048,[0],0,0,0,valid,
train,Lookalike,Lookalike/00141.tif,Mask_lookalike/00141.tif,2048,2048,2,float32+float32,2048,2048,[0],0,0,0,valid,
train,Lookalike,Lookalike/00443.tif,Mask_lookalike/00443.tif,2048,2048,2,float32+float32,2048,2048,[0],0,0,0,valid,
train,Lookalike,Lookalike/00476.tif,Mask_lookalike/00476.tif,2048,2048,2,float32+float32,2048,2048,[0],0,0,0,valid,
train,Lookalike,Lookalike/00458.tif,Mask_lookalike/00458.tif,2048,2048,2,float32+float32,2048,2048,[0],0,0,0,valid,
train,Lookalike,Lookalike/00416.tif,Mask_lookalike/00416.tif,2048,2048,2,float32+float32,2048,2048,[0],0,0,0,valid,
train,Lookalike,Lookalike/00236.tif,Mask_lookalike/00236.tif,2048,2048,2,float32+float32,2048,2048,[0],0,0,0,valid,
train,Lookalike,Lookalike/00487.tif,Mask_lookalike/00487.tif,2048,2048,2,float32+float32,2048,2048,[0],0,0,0,valid,
train,Lookalike,Lookalike/00075.tif,Mask_lookalike/00075.tif,2048,2048,2,float32+float32,2048,2048,[0],0,0,0,valid,
train,Lookalike,Lookalike/00219.tif,Mask_lookalike/00219.tif,2048,2048,2,float32+float32,2048,2048,[0],0,0,0,valid,
train,Lookalike,Lookalike/00366.tif,Mask_lookalike/00366.tif,2048,2048,2,float32+float32,2048,2048,[0],0,0,0,valid,
train,Lookalike,Lookalike/00391.tif,Mask_lookalike/00391.tif,2048,2048,2,float32+float32,2048,2048,[0],0,0,0,valid,
train,Lookalike,Lookalike/00017.tif,Mask_lookalike/00017.tif,2048,2048,2,float32+float32,2048,2048,[0],0,0,0,valid,
train,Lookalike,Lookalike/00248.tif,Mask_lookalike/00248.tif,2048,2048,2,float32+float32,2048,2048,[0],0,0,0,valid,
train,Lookalike,Lookalike/00617.tif,Mask_lookalike/00617.tif,2048,2048,2,float32+float32,2048,2048,[0],0,0,0,valid,
train,Lookalike,Lookalike/00381.tif,Mask_lookalike/00381.tif,2048,2048,2,float32+float32,2048,2048,[0],0,0,0,valid,
train,Lookalike,Lookalike/00034.tif,Mask_lookalike/00034.tif,2048,2048,2,float32+float32,2048,2048,[0],0,0,0,valid,
train,Lookalike,Lookalike/00518.tif,Mask_lookalike/00518.tif,2048,2048,2,float32+float32,2048,2048,[0],0,0,0,valid,
train,Lookalike,Lookalike/00639.tif,Mask_lookalike/00639.tif,2048,2048,2,float32+float32,2048,2048,[0],0,0,0,valid,
train,Lookalike,Lookalike/00607.tif,Mask_lookalike/00607.tif,2048,2048,2,float32+float32,2048,2048,[0],0,0,0,valid,
train,Lookalike,Lookalike/00027.tif,Mask_lookalike/00027.tif,2048,2048,2,float32+float32,2048,2048,[0],0,0,0,valid,
train,Lookalike,Lookalike/00061.tif,Mask_lookalike/00061.tif,2048,2048,2,float32+float32,2048,2048,[0],0,0,0,valid,
train,Lookalike,Lookalike/00095.tif,Mask_lookalike/00095.tif,2048,2048,2,float32+float32,2048,2048,[0],0,0,0,valid,
train,Lookalike,Lookalike/00032.tif,Mask_lookalike/00032.tif,2048,2048,2,float32+float32,2048,2048,[0],0,0,0,valid,
train,Lookalike,Lookalike/00164.tif,Mask_lookalike/00164.tif,2048,2048,2,float32+float32,2048,2048,[0],0,0,0,valid,
train,Lookalike,Lookalike/00056.tif,Mask_lookalike/00056.tif,2048,2048,2,float32+float32,2048,2048,[0],0,0,0,valid,
train,Lookalike,Lookalike/00118.tif,Mask_lookalike/00118.tif,2048,2048,2,float32+float32,2048,2048,[0],0,0,0,valid,
train,Lookalike,Lookalike/00573.tif,Mask_lookalike/00573.tif,2048,2048,2,float32+float32,2048,2048,[0],0,0,0,valid,
train,Lookalike,Lookalike/00389.tif,Mask_lookalike/00389.tif,2048,2048,2,float32+float32,2048,2048,[0],0,0,0,valid,
train,Lookalike,Lookalike/00137.tif,Mask_lookalike/00137.tif,2048,2048,2,float32+float32,2048,2048,[0],0,0,0,valid,
train,Lookalike,Lookalike/00010.tif,Mask_lookalike/00010.tif,2048,2048,2,float32+float32,2048,2048,[0],0,0,0,valid,
train,Lookalike,Lookalike/00074.tif,Mask_lookalike/00074.tif,2048,2048,2,float32+float32,2048,2048,[0],0,0,0,valid,
train,Lookalike,Lookalike/00453.tif,Mask_lookalike/00453.tif,2048,2048,2,float32+float32,2048,2048,[0],0,0,0,valid,
train,Lookalike,Lookalike/00493.tif,Mask_lookalike/00493.tif,2048,2048,2,float32+float32,2048,2048,[0],0,0,0,valid,
train,Lookalike,Lookalike/00261.tif,Mask_lookalike/00261.tif,2048,2048,2,float32+float32,2048,2048,[0],0,0,0,valid,
train,Lookalike,Lookalike/00235.tif,Mask_lookalike/00235.tif,2048,2048,2,float32+float32,2048,2048,[0],0,0,0,valid,
train,Lookalike,Lookalike/00539.tif,Mask_lookalike/00539.tif,2048,2048,2,float32+float32,2048,2048,[0],0,0,0,valid,
train,Lookalike,Lookalike/00224.tif,Mask_lookalike/00224.tif,2048,2048,2,float32+float32,2048,2048,[0],0,0,0,valid,
train,Lookalike,Lookalike/00070.tif,Mask_lookalike/00070.tif,2048,2048,2,float32+float32,2048,2048,[0],0,0,0,valid,
train,Lookalike,Lookalike/00501.tif,Mask_lookalike/00501.tif,2048,2048,2,float32+float32,2048,2048,[0],0,0,0,valid,
train,Lookalike,Lookalike/00330.tif,Mask_lookalike/00330.tif,2048,2048,2,float32+float32,2048,2048,[0],0,0,0,valid,
train,Lookalike,Lookalike/00307.tif,Mask_lookalike/00307.tif,2048,2048,2,float32+float32,2048,2048,[0],0,0,0,valid,
train,Lookalike,Lookalike/00226.tif,Mask_lookalike/00226.tif,2048,2048,2,float32+float32,2048,2048,[0],0,0,0,valid,
train,Lookalike,Lookalike/00166.tif,Mask_lookalike/00166.tif,2049,2048,2,float32+float32,2049,2048,[0],0,0,0,valid,
train,Lookalike,Lookalike/00675.tif,Mask_lookalike/00675.tif,2048,2048,2,float32+float32,2048,2048,[0],0,0,0,valid,
train,Lookalike,Lookalike/00229.tif,Mask_lookalike/00229.tif,2048,2048,2,float32+float32,2048,2048,[0],0,0,0,valid,
train,Lookalike,Lookalike/00057.tif,Mask_lookalike/00057.tif,2048,2048,2,float32+float32,2048,2048,[0],0,0,0,valid,
train,Lookalike,Lookalike/00223.tif,Mask_lookalike/00223.tif,2048,2048,2,float32+float32,2048,2048,[0],0,0,0,valid,
train,Lookalike,Lookalike/00682.tif,Mask_lookalike/00682.tif,2048,2048,2,float32+float32,2048,2048,[0],0,0,0,valid,
train,Lookalike,Lookalike/00461.tif,Mask_lookalike/00461.tif,2048,2048,2,float32+float32,2048,2048,[0],0,0,0,valid,
train,Lookalike,Lookalike/00413.tif,Mask_lookalike/00413.tif,2048,2048,2,float32+float32,2048,2048,[0],0,0,0,valid,
train,Lookalike,Lookalike/00267.tif,Mask_lookalike/00267.tif,2048,2048,2,float32+float32,2048,2048,[0],0,0,0,valid,
train,Lookalike,Lookalike/00646.tif,Mask_lookalike/00646.tif,2048,2048,2,float32+float32,2048,2048,[0],0,0,0,valid,
train,Lookalike,Lookalike/00500.tif,Mask_lookalike/00500.tif,2048,2048,2,float32+float32,2048,2048,[0],0,0,0,valid,
train,Lookalike,Lookalike/00090.tif,Mask_lookalike/00090.tif,2048,2048,2,float32+float32,2048,2048,[0],0,0,0,valid,
train,Lookalike,Lookalike/00139.tif,Mask_lookalike/00139.tif,2048,2048,2,float32+float32,2048,2048,[0],0,0,0,valid,
train,Lookalike,Lookalike/00383.tif,Mask_lookalike/00383.tif,2048,2048,2,float32+float32,2048,2048,[0],0,0,0,valid,
train,Lookalike,Lookalike/00606.tif,Mask_lookalike/00606.tif,2048,2048,2,float32+float32,2048,2048,[0],0,0,0,valid,
train,Lookalike,Lookalike/00117.tif,Mask_lookalike/00117.tif,2048,2048,2,float32+float32,2048,2048,[0],0,0,0,valid,
train,Lookalike,Lookalike/00579.tif,Mask_lookalike/00579.tif,2048,2048,2,float32+float32,2048,2048,[0],0,0,0,valid,
train,Lookalike,Lookalike/00178.tif,Mask_lookalike/00178.tif,2048,2048,2,float32+float32,2048,2048,[0],0,0,0,valid,
train,Lookalike,Lookalike/00096.tif,Mask_lookalike/00096.tif,2048,2048,2,float32+float32,2048,2048,[0],0,0,0,valid,
train,Lookalike,Lookalike/00193.tif,Mask_lookalike/00193.tif,2048,2048,2,float32+float32,2048,2048,[0],0,0,0,valid,
train,Lookalike,Lookalike/00587.tif,Mask_lookalike/00587.tif,2048,2048,2,float32+float32,2048,2048,[0],0,0,0,valid,
train,Lookalike,Lookalike/00242.tif,Mask_lookalike/00242.tif,2048,2048,2,float32+float32,2048,2048,[0],0,0,0,valid,
train,Lookalike,Lookalike/00270.tif,Mask_lookalike/00270.tif,2048,2048,2,float32+float32,2048,2048,[0],0,0,0,valid,
train,Lookalike,Lookalike/00053.tif,Mask_lookalike/00053.tif,2048,2048,2,float32+float32,2048,2048,[0],0,0,0,valid,
train,Lookalike,Lookalike/00249.tif,Mask_lookalike/00249.tif,2048,2048,2,float32+float32,2048,2048,[0],0,0,0,valid,
train,Lookalike,Lookalike/00666.tif,Mask_lookalike/00666.tif,2048,2048,2,float32+float32,2048,2048,[0],0,0,0,valid,
train,Lookalike,Lookalike/00602.tif,Mask_lookalike/00602.tif,2048,2048,2,float32+float32,2048,2048,[0],0,0,0,valid,
train,Lookalike,Lookalike/00513.tif,Mask_lookalike/00513.tif,2048,2048,2,float32+float32,2048,2048,[0],0,0,0,valid,
train,Lookalike,Lookalike/00291.tif,Mask_lookalike/00291.tif,2048,2048,2,float32+float32,2048,2048,[0],0,0,0,valid,
train,Lookalike,Lookalike/00400.tif,Mask_lookalike/00400.tif,2048,2048,2,float32+float32,2048,2048,[0],0,0,0,valid,
train,Lookalike,Lookalike/00175.tif,Mask_lookalike/00175.tif,2048,2048,2,float32+float32,2048,2048,[0],0,0,0,valid,
train,Lookalike,Lookalike/00052.tif,Mask_lookalike/00052.tif,2048,2048,2,float32+float32,2048,2048,[0],0,0,0,valid,
train,Lookalike,Lookalike/00560.tif,Mask_lookalike/00560.tif,2048,2048,2,float32+float32,2048,2048,[0],0,0,0,valid,
train,Lookalike,Lookalike/00345.tif,Mask_lookalike/00345.tif,2048,2048,2,float32+float32,2048,2048,[0],0,0,0,valid,
train,Lookalike,Lookalike/00541.tif,Mask_lookalike/00541.tif,2048,2048,2,float32+float32,2048,2048,[0],0,0,0,valid,
train,Lookalike,Lookalike/00427.tif,Mask_lookalike/00427.tif,2048,2048,2,float32+float32,2048,2048,[0],0,0,0,valid,
train,Lookalike,Lookalike/00112.tif,Mask_lookalike/00112.tif,2048,2048,2,float32+float32,2048,2048,[0],0,0,0,valid,
train,Lookalike,Lookalike/00286.tif,Mask_lookalike/00286.tif,2048,2048,2,float32+float32,2048,2048,[0],0,0,0,valid,
train,Lookalike,Lookalike/00640.tif,Mask_lookalike/00640.tif,2048,2048,2,float32+float32,2048,2048,[0],0,0,0,valid,
train,Lookalike,Lookalike/00216.tif,Mask_lookalike/00216.tif,2048,2048,2,float32+float32,2048,2048,[0],0,0,0,valid,
train,Lookalike,Lookalike/00608.tif,Mask_lookalike/00608.tif,2048,2048,2,float32+float32,2048,2048,[0],0,0,0,valid,
train,Lookalike,Lookalike/00290.tif,Mask_lookalike/00290.tif,2048,2048,2,float32+float32,2048,2048,[0],0,0,0,valid,
train,Lookalike,Lookalike/00008.tif,Mask_lookalike/00008.tif,2048,2048,2,float32+float32,2048,2048,[0],0,0,0,valid,
train,Lookalike,Lookalike/00473.tif,Mask_lookalike/00473.tif,2048,2048,2,float32+float32,2048,2048,[0],0,0,0,valid,
train,Lookalike,Lookalike/00342.tif,Mask_lookalike/00342.tif,2048,2048,2,float32+float32,2048,2048,[0],0,0,0,valid,
train,Lookalike,Lookalike/00289.tif,Mask_lookalike/00289.tif,2048,2048,2,float32+float32,2048,2048,[0],0,0,0,valid,
train,Lookalike,Lookalike/00311.tif,Mask_lookalike/00311.tif,2048,2048,2,float32+float32,2048,2048,[0],0,0,0,valid,
train,Lookalike,Lookalike/00547.tif,Mask_lookalike/00547.tif,2048,2048,2,float32+float32,2048,2048,[0],0,0,0,valid,
train,Lookalike,Lookalike/00202.tif,Mask_lookalike/00202.tif,2048,2048,2,float32+float32,2048,2048,[0],0,0,0,valid,
train,Lookalike,Lookalike/00437.tif,Mask_lookalike/00437.tif,2048,2048,2,float32+float32,2048,2048,[0],0,0,0,valid,
train,Lookalike,Lookalike/00510.tif,Mask_lookalike/00510.tif,2048,2048,2,float32+float32,2048,2048,[0],0,0,0,valid,
train,Lookalike,Lookalike/00549.tif,Mask_lookalike/00549.tif,2048,2048,2,float32+float32,2048,2048,[0],0,0,0,valid,
train,Lookalike,Lookalike/00122.tif,Mask_lookalike/00122.tif,2048,2048,2,float32+float32,2048,2048,[0],0,0,0,valid,
train,Lookalike,Lookalike/00594.tif,Mask_lookalike/00594.tif,2048,2048,2,float32+float32,2048,2048,[0],0,0,0,valid,
train,Lookalike,Lookalike/00550.tif,Mask_lookalike/00550.tif,2048,2048,2,float32+float32,2048,2048,[0],0,0,0,valid,
train,Lookalike,Lookalike/00477.tif,Mask_lookalike/00477.tif,2048,2048,2,float32+float32,2048,2048,[0],0,0,0,valid,
train,Lookalike,Lookalike/00545.tif,Mask_lookalike/00545.tif,2048,2048,2,float32+float32,2048,2048,[0],0,0,0,valid,
train,Lookalike,Lookalike/00275.tif,Mask_lookalike/00275.tif,2048,2048,2,float32+float32,2048,2048,[0],0,0,0,valid,
train,Lookalike,Lookalike/00394.tif,Mask_lookalike/00394.tif,2048,2048,2,float32+float32,2048,2048,[0],0,0,0,valid,
train,Lookalike,Lookalike/00198.tif,Mask_lookalike/00198.tif,2048,2048,2,float32+float32,2048,2048,[0],0,0,0,valid,
train,Lookalike,Lookalike/00200.tif,Mask_lookalike/00200.tif,2048,2048,2,float32+float32,2048,2048,[0],0,0,0,valid,
train,Lookalike,Lookalike/00530.tif,Mask_lookalike/00530.tif,2048,2048,2,float32+float32,2048,2048,[0],0,0,0,valid,
train,Lookalike,Lookalike/00067.tif,Mask_lookalike/00067.tif,2048,2048,2,float32+float32,2048,2048,[0],0,0,0,valid,
train,Lookalike,Lookalike/00222.tif,Mask_lookalike/00222.tif,2048,2048,2,float32+float32,2048,2048,[0],0,0,0,valid,
train,Lookalike,Lookalike/00352.tif,Mask_lookalike/00352.tif,2048,2048,2,float32+float32,2048,2048,[0],0,0,0,valid,
train,Lookalike,Lookalike/00006.tif,Mask_lookalike/00006.tif,2048,2048,2,float32+float32,2048,2048,[0],0,0,0,valid,
train,Lookalike,Lookalike/00161.tif,Mask_lookalike/00161.tif,2048,2048,2,float32+float32,2048,2048,[0],0,0,0,valid,
train,Lookalike,Lookalike/00671.tif,Mask_lookalike/00671.tif,2048,2048,2,float32+float32,2048,2048,[0],0,0,0,valid,
train,Lookalike,Lookalike/00276.tif,Mask_lookalike/00276.tif,2048,2048,2,float32+float32,2048,2048,[0],0,0,0,valid,
train,Lookalike,Lookalike/00444.tif,Mask_lookalike/00444.tif,2048,2048,2,float32+float32,2048,2048,[0],0,0,0,valid,
train,Lookalike,Lookalike/00384.tif,Mask_lookalike/00384.tif,2048,2048,2,float32+float32,2048,2048,[0],0,0,0,valid,
train,Lookalike,Lookalike/00149.tif,Mask_lookalike/00149.tif,2048,2048,2,float32+float32,2048,2048,[0],0,0,0,valid,
train,Lookalike,Lookalike/00616.tif,Mask_lookalike/00616.tif,2048,2048,2,float32+float32,2048,2048,[0],0,0,0,valid,
train,Lookalike,Lookalike/00488.tif,Mask_lookalike/00488.tif,2048,2048,2,float32+float32,2048,2048,[0],0,0,0,valid,
train,Lookalike,Lookalike/00378.tif,Mask_lookalike/00378.tif,2048,2048,2,float32+float32,2048,2048,[0],0,0,0,valid,
train,Lookalike,Lookalike/00578.tif,Mask_lookalike/00578.tif,2048,2048,2,float32+float32,2048,2048,[0],0,0,0,valid,
train,Lookalike,Lookalike/00094.tif,Mask_lookalike/00094.tif,2048,2048,2,float32+float32,2048,2048,[0],0,0,0,valid,
train,Lookalike,Lookalike/00377.tif,Mask_lookalike/00377.tif,2048,2048,2,float32+float32,2048,2048,[0],0,0,0,valid,
train,Lookalike,Lookalike/00208.tif,Mask_lookalike/00208.tif,2048,2048,2,float32+float32,2048,2048,[0],0,0,0,valid,
train,Lookalike,Lookalike/00250.tif,Mask_lookalike/00250.tif,2048,2048,2,float32+float32,2048,2048,[0],0,0,0,valid,
train,Lookalike,Lookalike/00233.tif,Mask_lookalike/00233.tif,2048,2048,2,float32+float32,2048,2048,[0],0,0,0,valid,
train,Lookalike,Lookalike/00524.tif,Mask_lookalike/00524.tif,2048,2048,2,float32+float32,2048,2048,[0],0,0,0,valid,
train,Lookalike,Lookalike/00181.tif,Mask_lookalike/00181.tif,2048,2048,2,float32+float32,2048,2048,[0],0,0,0,valid,
train,Lookalike,Lookalike/00502.tif,Mask_lookalike/00502.tif,2048,2048,2,float32+float32,2048,2048,[0],0,0,0,valid,
train,Lookalike,Lookalike/00470.tif,Mask_lookalike/00470.tif,2048,2048,2,float32+float32,2048,2048,[0],0,0,0,valid,
train,Lookalike,Lookalike/00130.tif,Mask_lookalike/00130.tif,2048,2048,2,float32+float32,2048,2048,[0],0,0,0,valid,
train,Lookalike,Lookalike/00609.tif,Mask_lookalike/00609.tif,2048,2048,2,float32+float32,2048,2048,[0],0,0,0,valid,
train,Lookalike,Lookalike/00535.tif,Mask_lookalike/00535.tif,2048,2048,2,float32+float32,2048,2048,[0],0,0,0,valid,
train,Lookalike,Lookalike/00387.tif,Mask_lookalike/00387.tif,2048,2048,2,float32+float32,2048,2048,[0],0,0,0,valid,
train,Lookalike,Lookalike/00151.tif,Mask_lookalike/00151.tif,2048,2048,2,float32+float32,2048,2048,[0],0,0,0,valid,
train,Lookalike,Lookalike/00544.tif,Mask_lookalike/00544.tif,2048,2048,2,float32+float32,2048,2048,[0],0,0,0,valid,
train,Lookalike,Lookalike/00215.tif,Mask_lookalike/00215.tif,2048,2048,2,float32+float32,2048,2048,[0],0,0,0,valid,
train,Lookalike,Lookalike/00334.tif,Mask_lookalike/00334.tif,2048,2048,2,float32+float32,2048,2048,[0],0,0,0,valid,
train,Lookalike,Lookalike/00305.tif,Mask_lookalike/00305.tif,2048,2048,2,float32+float32,2048,2048,[0],0,0,0,valid,
train,Lookalike,Lookalike/00423.tif,Mask_lookalike/00423.tif,2048,2048,2,float32+float32,2048,2048,[0],0,0,0,valid,
train,Lookalike,Lookalike/00374.tif,Mask_lookalike/00374.tif,2048,2048,2,float32+float32,2048,2048,[0],0,0,0,valid,
train,Lookalike,Lookalike/00590.tif,Mask_lookalike/00590.tif,2048,2048,2,float32+float32,2048,2048,[0],0,0,0,valid,
train,Lookalike,Lookalike/00156.tif,Mask_lookalike/00156.tif,2048,2048,2,float32+float32,2048,2048,[0],0,0,0,valid,
train,Lookalike,Lookalike/00471.tif,Mask_lookalike/00471.tif,2048,2048,2,float32+float32,2048,2048,[0],0,0,0,valid,
train,Lookalike,Lookalike/00083.tif,Mask_lookalike/00083.tif,2048,2048,2,float32+float32,2048,2048,[0],0,0,0,valid,
train,Lookalike,Lookalike/00304.tif,Mask_lookalike/00304.tif,2048,2048,2,float32+float32,2048,2048,[0],0,0,0,valid,
train,Lookalike,Lookalike/00131.tif,Mask_lookalike/00131.tif,2048,2048,2,float32+float32,2048,2048,[0],0,0,0,valid,
train,Lookalike,Lookalike/00506.tif,Mask_lookalike/00506.tif,2048,2048,2,float32+float32,2048,2048,[0],0,0,0,valid,
train,Lookalike,Lookalike/00418.tif,Mask_lookalike/00418.tif,2048,2048,2,float32+float32,2048,2048,[0],0,0,0,valid,
train,Lookalike,Lookalike/00038.tif,Mask_lookalike/00038.tif,2048,2048,2,float32+float32,2048,2048,[0],0,0,0,valid,
train,Lookalike,Lookalike/00516.tif,Mask_lookalike/00516.tif,2048,2048,2,float32+float32,2048,2048,[0],0,0,0,valid,
train,Lookalike,Lookalike/00132.tif,Mask_lookalike/00132.tif,2048,2048,2,float32+float32,2048,2048,[0],0,0,0,valid,
train,Lookalike,Lookalike/00492.tif,Mask_lookalike/00492.tif,2048,2048,2,float32+float32,2048,2048,[0],0,0,0,valid,
train,Lookalike,Lookalike/00589.tif,Mask_lookalike/00589.tif,2048,2048,2,float32+float32,2048,2048,[0],0,0,0,valid,
train,Lookalike,Lookalike/00085.tif,Mask_lookalike/00085.tif,2048,2048,2,float32+float32,2048,2048,[0],0,0,0,valid,
train,Lookalike,Lookalike/00182.tif,Mask_lookalike/00182.tif,2048,2048,2,float32+float32,2048,2048,[0],0,0,0,valid,
train,Lookalike,Lookalike/00636.tif,Mask_lookalike/00636.tif,2048,2048,2,float32+float32,2048,2048,[0],0,0,0,valid,
train,Lookalike,Lookalike/00676.tif,Mask_lookalike/00676.tif,2048,2048,2,float32+float32,2048,2048,[0],0,0,0,valid,
train,Lookalike,Lookalike/00280.tif,Mask_lookalike/00280.tif,2048,2048,2,float32+float32,2048,2048,[0],0,0,0,valid,
train,Lookalike,Lookalike/00628.tif,Mask_lookalike/00628.tif,2048,2048,2,float32+float32,2048,2048,[0],0,0,0,valid,
train,Lookalike,Lookalike/00256.tif,Mask_lookalike/00256.tif,2048,2048,2,float32+float32,2048,2048,[0],0,0,0,valid,
train,Lookalike,Lookalike/00507.tif,Mask_lookalike/00507.tif,2048,2048,2,float32+float32,2048,2048,[0],0,0,0,valid,
train,Lookalike,Lookalike/00466.tif,Mask_lookalike/00466.tif,2048,2048,2,float32+float32,2048,2048,[0],0,0,0,valid,
train,Lookalike,Lookalike/00101.tif,Mask_lookalike/00101.tif,2048,2048,2,float32+float32,2048,2048,[0],0,0,0,valid,
train,Lookalike,Lookalike/00614.tif,Mask_lookalike/00614.tif,2048,2048,2,float32+float32,2048,2048,[0],0,0,0,valid,
train,Lookalike,Lookalike/00681.tif,Mask_lookalike/00681.tif,2048,2048,2,float32+float32,2048,2048,[0],0,0,0,valid,
train,Lookalike,Lookalike/00173.tif,Mask_lookalike/00173.tif,2048,2048,2,float32+float32,2048,2048,[0],0,0,0,valid,
train,Lookalike,Lookalike/00574.tif,Mask_lookalike/00574.tif,2048,2048,2,float32+float32,2048,2048,[0],0,0,0,valid,
train,Lookalike,Lookalike/00301.tif,Mask_lookalike/00301.tif,2048,2048,2,float32+float32,2048,2048,[0],0,0,0,valid,
train,Lookalike,Lookalike/00322.tif,Mask_lookalike/00322.tif,2048,2048,2,float32+float32,2048,2048,[0],0,0,0,valid,
train,Lookalike,Lookalike/00424.tif,Mask_lookalike/00424.tif,2048,2048,2,float32+float32,2048,2048,[0],0,0,0,valid,
train,Lookalike,Lookalike/00060.tif,Mask_lookalike/00060.tif,2048,2048,2,float32+float32,2048,2048,[0],0,0,0,valid,
train,Lookalike,Lookalike/00143.tif,Mask_lookalike/00143.tif,2048,2048,2,float32+float32,2048,2048,[0],0,0,0,valid,
train,Lookalike,Lookalike/00398.tif,Mask_lookalike/00398.tif,2048,2048,2,float32+float32,2048,2048,[0],0,0,0,valid,
train,Lookalike,Lookalike/00420.tif,Mask_lookalike/00420.tif,2048,2048,2,float32+float32,2048,2048,[0],0,0,0,valid,
train,Lookalike,Lookalike/00197.tif,Mask_lookalike/00197.tif,2048,2048,2,float32+float32,2048,2048,[0],0,0,0,valid,
train,Lookalike,Lookalike/00354.tif,Mask_lookalike/00354.tif,2048,2048,2,float32+float32,2048,2048,[0],0,0,0,valid,
train,Lookalike,Lookalike/00651.tif,Mask_lookalike/00651.tif,2048,2048,2,float32+float32,2048,2048,[0],0,0,0,valid,
train,Lookalike,Lookalike/00467.tif,Mask_lookalike/00467.tif,2048,2048,2,float32+float32,2048,2048,[0],0,0,0,valid,
train,Lookalike,Lookalike/00099.tif,Mask_lookalike/00099.tif,2048,2048,2,float32+float32,2048,2048,[0],0,0,0,valid,
train,Lookalike,Lookalike/00515.tif,Mask_lookalike/00515.tif,2048,2048,2,float32+float32,2048,2048,[0],0,0,0,valid,
train,Lookalike,Lookalike/00205.tif,Mask_lookalike/00205.tif,2048,2048,2,float32+float32,2048,2048,[0],0,0,0,valid,
train,Lookalike,Lookalike/00373.tif,Mask_lookalike/00373.tif,2048,2048,2,float32+float32,2048,2048,[0],0,0,0,valid,
train,Lookalike,Lookalike/00455.tif,Mask_lookalike/00455.tif,2048,2048,2,float32+float32,2048,2048,[0],0,0,0,valid,
train,Lookalike,Lookalike/00599.tif,Mask_lookalike/00599.tif,2048,2048,2,float32+float32,2048,2048,[0],0,0,0,valid,
train,Lookalike,Lookalike/00187.tif,Mask_lookalike/00187.tif,2048,2048,2,float32+float32,2048,2048,[0],0,0,0,valid,
train,Lookalike,Lookalike/00570.tif,Mask_lookalike/00570.tif,2048,2048,2,float32+float32,2048,2048,[0],0,0,0,valid,
train,Lookalike,Lookalike/00534.tif,Mask_lookalike/00534.tif,2048,2048,2,float32+float32,2048,2048,[0],0,0,0,valid,
train,Lookalike,Lookalike/00674.tif,Mask_lookalike/00674.tif,2048,2048,2,float32+float32,2048,2048,[0],0,0,0,valid,
train,Lookalike,Lookalike/00055.tif,Mask_lookalike/00055.tif,2048,2048,2,float32+float32,2048,2048,[0],0,0,0,valid,
train,Lookalike,Lookalike/00004.tif,Mask_lookalike/00004.tif,2048,2048,2,float32+float32,2048,2048,[0],0,0,0,valid,
train,Lookalike,Lookalike/00274.tif,Mask_lookalike/00274.tif,2048,2048,2,float32+float32,2048,2048,[0],0,0,0,valid,
train,Lookalike,Lookalike/00503.tif,Mask_lookalike/00503.tif,2048,2048,2,float32+float32,2048,2048,[0],0,0,0,valid,
train,Lookalike,Lookalike/00240.tif,Mask_lookalike/00240.tif,2048,2048,2,float32+float32,2048,2048,[0],0,0,0,valid,
train,Lookalike,Lookalike/00253.tif,Mask_lookalike/00253.tif,2048,2048,2,float32+float32,2048,2048,[0],0,0,0,valid,
train,Lookalike,Lookalike/00144.tif,Mask_lookalike/00144.tif,2048,2048,2,float32+float32,2048,2048,[0],0,0,0,valid,
train,Lookalike,Lookalike/00653.tif,Mask_lookalike/00653.tif,2048,2048,2,float32+float32,2048,2048,[0],0,0,0,valid,
train,Lookalike,Lookalike/00024.tif,Mask_lookalike/00024.tif,2048,2048,2,float32+float32,2048,2048,[0],0,0,0,valid,
train,Lookalike,Lookalike/00180.tif,Mask_lookalike/00180.tif,2048,2048,2,float32+float32,2048,2048,[0],0,0,0,valid,
train,Lookalike,Lookalike/00110.tif,Mask_lookalike/00110.tif,2048,2048,2,float32+float32,2048,2048,[0],0,0,0,valid,
train,Lookalike,Lookalike/00329.tif,Mask_lookalike/00329.tif,2048,2048,2,float32+float32,2048,2048,[0],0,0,0,valid,
train,Lookalike,Lookalike/00234.tif,Mask_lookalike/00234.tif,2048,2048,2,float32+float32,2048,2048,[0],0,0,0,valid,
train,Lookalike,Lookalike/00258.tif,Mask_lookalike/00258.tif,2048,2048,2,float32+float32,2048,2048,[0],0,0,0,valid,
train,Lookalike,Lookalike/00201.tif,Mask_lookalike/00201.tif,2048,2048,2,float32+float32,2048,2048,[0],0,0,0,valid,
train,Lookalike,Lookalike/00046.tif,Mask_lookalike/00046.tif,2048,2048,2,float32+float32,2048,2048,[0],0,0,0,valid,
train,Lookalike,Lookalike/00011.tif,Mask_lookalike/00011.tif,2048,2048,2,float32+float32,2048,2048,[0],0,0,0,valid,
train,Lookalike,Lookalike/00362.tif,Mask_lookalike/00362.tif,2048,2048,2,float32+float32,2048,2048,[0],0,0,0,valid,
train,Lookalike,Lookalike/00528.tif,Mask_lookalike/00528.tif,2048,2048,2,float32+float32,2048,2048,[0],0,0,0,valid,
train,Lookalike,Lookalike/00526.tif,Mask_lookalike/00526.tif,2048,2048,2,float32+float32,2048,2048,[0],0,0,0,valid,
train,Lookalike,Lookalike/00452.tif,Mask_lookalike/00452.tif,2048,2048,2,float32+float32,2048,2048,[0],0,0,0,valid,
train,Lookalike,Lookalike/00635.tif,Mask_lookalike/00635.tif,2048,2048,2,float32+float32,2048,2048,[0],0,0,0,valid,
train,Lookalike,Lookalike/00517.tif,Mask_lookalike/00517.tif,2048,2048,2,float32+float32,2048,2048,[0],0,0,0,valid,
train,Lookalike,Lookalike/00318.tif,Mask_lookalike/00318.tif,2048,2048,2,float32+float32,2048,2048,[0],0,0,0,valid,
train,Lookalike,Lookalike/00097.tif,Mask_lookalike/00097.tif,2048,2048,2,float32+float32,2048,2048,[0],0,0,0,valid,
train,Lookalike,Lookalike/00583.tif,Mask_lookalike/00583.tif,2048,2048,2,float32+float32,2048,2048,[0],0,0,0,valid,
train,Lookalike,Lookalike/00371.tif,Mask_lookalike/00371.tif,2048,2048,2,float32+float32,2048,2048,[0],0,0,0,valid,
train,Lookalike,Lookalike/00167.tif,Mask_lookalike/00167.tif,2048,2048,2,float32+float32,2048,2048,[0],0,0,0,valid,
train,Lookalike,Lookalike/00610.tif,Mask_lookalike/00610.tif,2048,2048,2,float32+float32,2048,2048,[0],0,0,0,valid,
train,Lookalike,Lookalike/00581.tif,Mask_lookalike/00581.tif,2048,2048,2,float32+float32,2048,2048,[0],0,0,0,valid,
train,Lookalike,Lookalike/00214.tif,Mask_lookalike/00214.tif,2048,2048,2,float32+float32,2048,2048,[0],0,0,0,valid,
train,Lookalike,Lookalike/00315.tif,Mask_lookalike/00315.tif,2048,2048,2,float32+float32,2048,2048,[0],0,0,0,valid,
train,Lookalike,Lookalike/00196.tif,Mask_lookalike/00196.tif,2048,2048,2,float32+float32,2048,2048,[0],0,0,0,valid,
train,Lookalike,Lookalike/00551.tif,Mask_lookalike/00551.tif,2048,2048,2,float32+float32,2048,2048,[0],0,0,0,valid,
train,Lookalike,Lookalike/00025.tif,Mask_lookalike/00025.tif,2048,2048,2,float32+float32,2048,2048,[0],0,0,0,valid,
train,Lookalike,Lookalike/00049.tif,Mask_lookalike/00049.tif,2048,2048,2,float32+float32,2048,2048,[0],0,0,0,valid,
train,Lookalike,Lookalike/00072.tif,Mask_lookalike/00072.tif,2048,2048,2,float32+float32,2048,2048,[0],0,0,0,valid,
train,Lookalike,Lookalike/00126.tif,Mask_lookalike/00126.tif,2048,2048,2,float32+float32,2048,2048,[0],0,0,0,valid,
train,Lookalike,Lookalike/00661.tif,Mask_lookalike/00661.tif,2048,2048,2,float32+float32,2048,2048,[0],0,0,0,valid,
train,Lookalike,Lookalike/00613.tif,Mask_lookalike/00613.tif,2048,2048,2,float32+float32,2048,2048,[0],0,0,0,valid,
train,Lookalike,Lookalike/00464.tif,Mask_lookalike/00464.tif,2048,2048,2,float32+float32,2048,2048,[0],0,0,0,valid,
train,Lookalike,Lookalike/00428.tif,Mask_lookalike/00428.tif,2048,2048,2,float32+float32,2048,2048,[0],0,0,0,valid,
train,Lookalike,Lookalike/00123.tif,Mask_lookalike/00123.tif,2048,2048,2,float32+float32,2048,2048,[0],0,0,0,valid,
train,Lookalike,Lookalike/00338.tif,Mask_lookalike/00338.tif,2048,2048,2,float32+float32,2048,2048,[0],0,0,0,valid,
train,Lookalike,Lookalike/00054.tif,Mask_lookalike/00054.tif,2048,2048,2,float32+float32,2048,2048,[0],0,0,0,valid,
train,Lookalike,Lookalike/00287.tif,Mask_lookalike/00287.tif,2048,2048,2,float32+float32,2048,2048,[0],0,0,0,valid,
train,Lookalike,Lookalike/00263.tif,Mask_lookalike/00263.tif,2048,2048,2,float32+float32,2048,2048,[0],0,0,0,valid,
train,Lookalike,Lookalike/00189.tif,Mask_lookalike/00189.tif,2048,2048,2,float32+float32,2048,2048,[0],0,0,0,valid,
train,Lookalike,Lookalike/00417.tif,Mask_lookalike/00417.tif,2048,2048,2,float32+float32,2048,2048,[0],0,0,0,valid,
train,Lookalike,Lookalike/00597.tif,Mask_lookalike/00597.tif,2048,2048,2,float32+float32,2048,2048,[0],0,0,0,valid,
train,Lookalike,Lookalike/00425.tif,Mask_lookalike/00425.tif,2048,2048,2,float32+float32,2048,2048,[0],0,0,0,valid,
train,Lookalike,Lookalike/00485.tif,Mask_lookalike/00485.tif,2048,2048,2,float32+float32,2048,2048,[0],0,0,0,valid,
train,Lookalike,Lookalike/00160.tif,Mask_lookalike/00160.tif,2048,2048,2,float32+float32,2048,2048,[0],0,0,0,valid,
train,Lookalike,Lookalike/00073.tif,Mask_lookalike/00073.tif,2048,2048,2,float32+float32,2048,2048,[0],0,0,0,valid,
train,Lookalike,Lookalike/00310.tif,Mask_lookalike/00310.tif,2048,2048,2,float32+float32,2048,2048,[0],0,0,0,valid,
train,Lookalike,Lookalike/00174.tif,Mask_lookalike/00174.tif,2048,2048,2,float32+float32,2048,2048,[0],0,0,0,valid,
train,Lookalike,Lookalike/00104.tif,Mask_lookalike/00104.tif,2048,2048,2,float32+float32,2048,2048,[0],0,0,0,valid,
train,Lookalike,Lookalike/00237.tif,Mask_lookalike/00237.tif,2048,2048,2,float32+float32,2048,2048,[0],0,0,0,valid,
train,Lookalike,Lookalike/00356.tif,Mask_lookalike/00356.tif,2048,2048,2,float32+float32,2048,2048,[0],0,0,0,valid,
train,Lookalike,Lookalike/00212.tif,Mask_lookalike/00212.tif,2048,2048,2,float32+float32,2048,2048,[0],0,0,0,valid,
train,Lookalike,Lookalike/00225.tif,Mask_lookalike/00225.tif,2048,2048,2,float32+float32,2048,2048,[0],0,0,0,valid,
train,Lookalike,Lookalike/00474.tif,Mask_lookalike/00474.tif,2048,2048,2,float32+float32,2048,2048,[0],0,0,0,valid,
train,Lookalike,Lookalike/00030.tif,Mask_lookalike/00030.tif,2048,2048,2,float32+float32,2048,2048,[0],0,0,0,valid,
train,Lookalike,Lookalike/00430.tif,Mask_lookalike/00430.tif,2048,2048,2,float32+float32,2048,2048,[0],0,0,0,valid,
train,Lookalike,Lookalike/00232.tif,Mask_lookalike/00232.tif,2048,2048,2,float32+float32,2048,2048,[0],0,0,0,valid,
train,Lookalike,Lookalike/00152.tif,Mask_lookalike/00152.tif,2048,2048,2,float32+float32,2048,2048,[0],0,0,0,valid,
train,Lookalike,Lookalike/00207.tif,Mask_lookalike/00207.tif,2048,2048,2,float32+float32,2048,2048,[0],0,0,0,valid,
train,Lookalike,Lookalike/00350.tif,Mask_lookalike/00350.tif,2048,2048,2,float32+float32,2048,2048,[0],0,0,0,valid,
train,Lookalike,Lookalike/00125.tif,Mask_lookalike/00125.tif,2048,2048,2,float32+float32,2048,2048,[0],0,0,0,valid,
train,Lookalike,Lookalike/00648.tif,Mask_lookalike/00648.tif,2048,2048,2,float32+float32,2048,2048,[0],0,0,0,valid,
train,Lookalike,Lookalike/00154.tif,Mask_lookalike/00154.tif,2048,2048,2,float32+float32,2048,2048,[0],0,0,0,valid,
train,Lookalike,Lookalike/00542.tif,Mask_lookalike/00542.tif,2048,2048,2,float32+float32,2048,2048,[0],0,0,0,valid,
train,Lookalike,Lookalike/00478.tif,Mask_lookalike/00478.tif,2048,2048,2,float32+float32,2048,2048,[0],0,0,0,valid,
train,Lookalike,Lookalike/00582.tif,Mask_lookalike/00582.tif,2048,2048,2,float32+float32,2048,2048,[0],0,0,0,valid,
train,Lookalike,Lookalike/00679.tif,Mask_lookalike/00679.tif,2048,2048,2,float32+float32,2048,2048,[0],0,0,0,valid,
train,Lookalike,Lookalike/00254.tif,Mask_lookalike/00254.tif,2048,2048,2,float32+float32,2048,2048,[0],0,0,0,valid,
train,Lookalike,Lookalike/00015.tif,Mask_lookalike/00015.tif,2048,2048,2,float32+float32,2048,2048,[0],0,0,0,valid,
train,Lookalike,Lookalike/00496.tif,Mask_lookalike/00496.tif,2048,2048,2,float32+float32,2048,2048,[0],0,0,0,valid,
train,Lookalike,Lookalike/00316.tif,Mask_lookalike/00316.tif,2048,2048,2,float32+float32,2048,2048,[0],0,0,0,valid,
train,Lookalike,Lookalike/00213.tif,Mask_lookalike/00213.tif,2048,2048,2,float32+float32,2048,2048,[0],0,0,0,valid,
train,Lookalike,Lookalike/00586.tif,Mask_lookalike/00586.tif,2048,2048,2,float32+float32,2048,2048,[0],0,0,0,valid,
train,Lookalike,Lookalike/00107.tif,Mask_lookalike/00107.tif,2048,2048,2,float32+float32,2048,2048,[0],0,0,0,valid,
train,Lookalike,Lookalike/00333.tif,Mask_lookalike/00333.tif,2048,2048,2,float32+float32,2048,2048,[0],0,0,0,valid,
train,Lookalike,Lookalike/00135.tif,Mask_lookalike/00135.tif,2048,2048,2,float32+float32,2048,2048,[0],0,0,0,valid,
train,Lookalike,Lookalike/00667.tif,Mask_lookalike/00667.tif,2048,2048,2,float32+float32,2048,2048,[0],0,0,0,valid,
train,Lookalike,Lookalike/00388.tif,Mask_lookalike/00388.tif,2048,2048,2,float32+float32,2048,2048,[0],0,0,0,valid,
train,Lookalike,Lookalike/00023.tif,Mask_lookalike/00023.tif,2048,2048,2,float32+float32,2048,2048,[0],0,0,0,valid,
train,Lookalike,Lookalike/00041.tif,Mask_lookalike/00041.tif,2048,2048,2,float32+float32,2048,2048,[0],0,0,0,valid,
train,Lookalike,Lookalike/00014.tif,Mask_lookalike/00014.tif,2048,2048,2,float32+float32,2048,2048,[0],0,0,0,valid,
train,Lookalike,Lookalike/00021.tif,Mask_lookalike/00021.tif,2048,2048,2,float32+float32,2048,2048,[0],0,0,0,valid,
train,Lookalike,Lookalike/00288.tif,Mask_lookalike/00288.tif,2048,2047,2,float32+float32,2048,2047,[0],0,0,0,valid,
train,Lookalike,Lookalike/00172.tif,Mask_lookalike/00172.tif,2048,2048,2,float32+float32,2048,2048,[0],0,0,0,valid,
train,Lookalike,Lookalike/00309.tif,Mask_lookalike/00309.tif,2048,2048,2,float32+float32,2048,2048,[0],0,0,0,valid,
train,Lookalike,Lookalike/00442.tif,Mask_lookalike/00442.tif,2048,2048,2,float32+float32,2048,2048,[0],0,0,0,valid,
train,Lookalike,Lookalike/00319.tif,Mask_lookalike/00319.tif,2048,2048,2,float32+float32,2048,2048,[0],0,0,0,valid,
train,Lookalike,Lookalike/00337.tif,Mask_lookalike/00337.tif,2048,2048,2,float32+float32,2048,2048,[0],0,0,0,valid,
train,Lookalike,Lookalike/00659.tif,Mask_lookalike/00659.tif,2048,2048,2,float32+float32,2048,2048,[0],0,0,0,valid,
train,Lookalike,Lookalike/00451.tif,Mask_lookalike/00451.tif,2048,2048,2,float32+float32,2048,2048,[0],0,0,0,valid,
train,Lookalike,Lookalike/00297.tif,Mask_lookalike/00297.tif,2048,2048,2,float32+float32,2048,2048,[0],0,0,0,valid,
train,Lookalike,Lookalike/00303.tif,Mask_lookalike/00303.tif,2048,2048,2,float32+float32,2048,2048,[0],0,0,0,valid,
train,Lookalike,Lookalike/00086.tif,Mask_lookalike/00086.tif,2048,2048,2,float32+float32,2048,2048,[0],0,0,0,valid,
train,Lookalike,Lookalike/00431.tif,Mask_lookalike/00431.tif,2048,2048,2,float32+float32,2048,2048,[0],0,0,0,valid,
train,Lookalike,Lookalike/00543.tif,Mask_lookalike/00543.tif,2048,2048,2,float32+float32,2048,2048,[0],0,0,0,valid,
train,Lookalike,Lookalike/00047.tif,Mask_lookalike/00047.tif,2048,2048,2,float32+float32,2048,2048,[0],0,0,0,valid,
train,Lookalike,Lookalike/00569.tif,Mask_lookalike/00569.tif,2048,2048,2,float32+float32,2048,2048,[0],0,0,0,valid,
train,Lookalike,Lookalike/00314.tif,Mask_lookalike/00314.tif,2048,2048,2,float32+float32,2048,2048,[0],0,0,0,valid,
train,Lookalike,Lookalike/00410.tif,Mask_lookalike/00410.tif,2048,2048,2,float32+float32,2048,2048,[0],0,0,0,valid,
train,Lookalike,Lookalike/00320.tif,Mask_lookalike/00320.tif,2048,2048,2,float32+float32,2048,2048,[0],0,0,0,valid,
train,Lookalike,Lookalike/00669.tif,Mask_lookalike/00669.tif,2048,2048,2,float32+float32,2048,2048,[0],0,0,0,valid,
train,Lookalike,Lookalike/00522.tif,Mask_lookalike/00522.tif,2048,2048,2,float32+float32,2048,2048,[0],0,0,0,valid,
train,Lookalike,Lookalike/00422.tif,Mask_lookalike/00422.tif,2048,2048,2,float32+float32,2048,2048,[0],0,0,0,valid,
train,Lookalike,Lookalike/00325.tif,Mask_lookalike/00325.tif,2048,2048,2,float32+float32,2048,2048,[0],0,0,0,valid,
train,Lookalike,Lookalike/00100.tif,Mask_lookalike/00100.tif,2048,2048,2,float32+float32,2048,2048,[0],0,0,0,valid,
train,Lookalike,Lookalike/00128.tif,Mask_lookalike/00128.tif,2048,2048,2,float32+float32,2048,2048,[0],0,0,0,valid,
train,Lookalike,Lookalike/00040.tif,Mask_lookalike/00040.tif,2048,2048,2,float32+float32,2048,2048,[0],0,0,0,valid,
train,Lookalike,Lookalike/00145.tif,Mask_lookalike/00145.tif,2048,2048,2,float32+float32,2048,2048,[0],0,0,0,valid,
train,Lookalike,Lookalike/00412.tif,Mask_lookalike/00412.tif,2048,2048,2,float32+float32,2048,2048,[0],0,0,0,valid,
train,Lookalike,Lookalike/00683.tif,Mask_lookalike/00683.tif,2048,2048,2,float32+float32,2048,2048,[0],0,0,0,valid,
train,Lookalike,Lookalike/00115.tif,Mask_lookalike/00115.tif,2048,2048,2,float32+float32,2048,2048,[0],0,0,0,valid,
train,Lookalike,Lookalike/00472.tif,Mask_lookalike/00472.tif,2048,2048,2,float32+float32,2048,2048,[0],0,0,0,valid,
train,Lookalike,Lookalike/00165.tif,Mask_lookalike/00165.tif,2048,2048,2,float32+float32,2048,2048,[0],0,0,0,valid,
train,Lookalike,Lookalike/00082.tif,Mask_lookalike/00082.tif,2048,2048,2,float32+float32,2048,2048,[0],0,0,0,valid,
train,Lookalike,Lookalike/00568.tif,Mask_lookalike/00568.tif,2048,2048,2,float32+float32,2048,2048,[0],0,0,0,valid,
train,Lookalike,Lookalike/00155.tif,Mask_lookalike/00155.tif,2048,2048,2,float32+float32,2048,2048,[0],0,0,0,valid,
train,Lookalike,Lookalike/00523.tif,Mask_lookalike/00523.tif,2048,2048,2,float32+float32,2048,2048,[0],0,0,0,valid,
train,Lookalike,Lookalike/00265.tif,Mask_lookalike/00265.tif,2048,2048,2,float32+float32,2048,2048,[0],0,0,0,valid,
train,Lookalike,Lookalike/00063.tif,Mask_lookalike/00063.tif,2048,2048,2,float32+float32,2048,2048,[0],0,0,0,valid,
train,Lookalike,Lookalike/00028.tif,Mask_lookalike/00028.tif,2048,2048,2,float32+float32,2048,2048,[0],0,0,0,valid,
train,Lookalike,Lookalike/00257.tif,Mask_lookalike/00257.tif,2048,2048,2,float32+float32,2048,2048,[0],0,0,0,valid,
train,Lookalike,Lookalike/00221.tif,Mask_lookalike/00221.tif,2048,2048,2,float32+float32,2048,2048,[0],0,0,0,valid,
train,Lookalike,Lookalike/00449.tif,Mask_lookalike/00449.tif,2048,2048,2,float32+float32,2048,2048,[0],0,0,0,valid,
train,Lookalike,Lookalike/00438.tif,Mask_lookalike/00438.tif,2048,2048,2,float32+float32,2048,2048,[0],0,0,0,valid,
train,Lookalike,Lookalike/00093.tif,Mask_lookalike/00093.tif,2048,2048,2,float32+float32,2048,2048,[0],0,0,0,valid,
train,Lookalike,Lookalike/00562.tif,Mask_lookalike/00562.tif,2048,2048,2,float32+float32,2048,2048,[0],0,0,0,valid,
train,Lookalike,Lookalike/00327.tif,Mask_lookalike/00327.tif,2048,2048,2,float32+float32,2048,2048,[0],0,0,0,valid,
train,Lookalike,Lookalike/00577.tif,Mask_lookalike/00577.tif,2048,2048,2,float32+float32,2048,2048,[0],0,0,0,valid,
train,Lookalike,Lookalike/00627.tif,Mask_lookalike/00627.tif,2048,2048,2,float32+float32,2048,2048,[0],0,0,0,valid,
train,Lookalike,Lookalike/00065.tif,Mask_lookalike/00065.tif,2048,2048,2,float32+float32,2048,2048,[0],0,0,0,valid,
train,Lookalike,Lookalike/00176.tif,Mask_lookalike/00176.tif,2048,2048,2,float32+float32,2048,2048,[0],0,0,0,valid,
train,Lookalike,Lookalike/00264.tif,Mask_lookalike/00264.tif,2048,2048,2,float32+float32,2048,2048,[0],0,0,0,valid,
train,Lookalike,Lookalike/00348.tif,Mask_lookalike/00348.tif,2048,2048,2,float32+float32,2048,2048,[0],0,0,0,valid,
train,Lookalike,Lookalike/00238.tif,Mask_lookalike/00238.tif,2048,2048,2,float32+float32,2048,2048,[0],0,0,0,valid,
train,Lookalike,Lookalike/00230.tif,Mask_lookalike/00230.tif,2048,2048,2,float32+float32,2048,2048,[0],0,0,0,valid,
train,Lookalike,Lookalike/00643.tif,Mask_lookalike/00643.tif,2048,2048,2,float32+float32,2048,2048,[0],0,0,0,valid,
train,Lookalike,Lookalike/00672.tif,Mask_lookalike/00672.tif,2048,2048,2,float32+float32,2048,2048,[0],0,0,0,valid,
train,Lookalike,Lookalike/00162.tif,Mask_lookalike/00162.tif,2048,2048,2,float32+float32,2048,2048,[0],0,0,0,valid,
train,Lookalike,Lookalike/00603.tif,Mask_lookalike/00603.tif,2048,2048,2,float32+float32,2048,2048,[0],0,0,0,valid,
train,Lookalike,Lookalike/00495.tif,Mask_lookalike/00495.tif,2048,2048,2,float32+float32,2048,2048,[0],0,0,0,valid,
train,Lookalike,Lookalike/00294.tif,Mask_lookalike/00294.tif,2048,2048,2,float32+float32,2048,2048,[0],0,0,0,valid,
train,Lookalike,Lookalike/00421.tif,Mask_lookalike/00421.tif,2048,2048,2,float32+float32,2048,2048,[0],0,0,0,valid,
train,Lookalike,Lookalike/00209.tif,Mask_lookalike/00209.tif,2048,2048,2,float32+float32,2048,2048,[0],0,0,0,valid,
train,Lookalike,Lookalike/00393.tif,Mask_lookalike/00393.tif,2048,2048,2,float32+float32,2048,2048,[0],0,0,0,valid,
train,Lookalike,Lookalike/00210.tif,Mask_lookalike/00210.tif,2048,2048,2,float32+float32,2048,2048,[0],0,0,0,valid,
train,Lookalike,Lookalike/00269.tif,Mask_lookalike/00269.tif,2048,2048,2,float32+float32,2048,2048,[0],0,0,0,valid,
train,Lookalike,Lookalike/00245.tif,Mask_lookalike/00245.tif,2048,2048,2,float32+float32,2048,2048,[0],0,0,0,valid,
train,Lookalike,Lookalike/00368.tif,Mask_lookalike/00368.tif,2048,2048,2,float32+float32,2048,2048,[0],0,0,0,valid,
train,Lookalike,Lookalike/00367.tif,Mask_lookalike/00367.tif,2048,2048,2,float32+float32,2048,2048,[0],0,0,0,valid,
train,Lookalike,Lookalike/00203.tif,Mask_lookalike/00203.tif,2048,2048,2,float32+float32,2048,2048,[0],0,0,0,valid,
train,Lookalike,Lookalike/00158.tif,Mask_lookalike/00158.tif,2048,2048,2,float32+float32,2048,2048,[0],0,0,0,valid,
train,Lookalike,Lookalike/00626.tif,Mask_lookalike/00626.tif,2048,2048,2,float32+float32,2048,2048,[0],0,0,0,valid,
train,Lookalike,Lookalike/00489.tif,Mask_lookalike/00489.tif,2048,2048,2,float32+float32,2048,2048,[0],0,0,0,valid,
train,Lookalike,Lookalike/00504.tif,Mask_lookalike/00504.tif,2048,2048,2,float32+float32,2048,2048,[0],0,0,0,valid,
train,Lookalike,Lookalike/00066.tif,Mask_lookalike/00066.tif,2048,2048,2,float32+float32,2048,2048,[0],0,0,0,valid,
train,Lookalike,Lookalike/00282.tif,Mask_lookalike/00282.tif,2048,2048,2,float32+float32,2048,2048,[0],0,0,0,valid,
train,Lookalike,Lookalike/00411.tif,Mask_lookalike/00411.tif,2048,2048,2,float32+float32,2048,2048,[0],0,0,0,valid,
train,Lookalike,Lookalike/00239.tif,Mask_lookalike/00239.tif,2048,2048,2,float32+float32,2048,2048,[0],0,0,0,valid,
train,Lookalike,Lookalike/00188.tif,Mask_lookalike/00188.tif,2048,2048,2,float32+float32,2048,2048,[0],0,0,0,valid,
train,Lookalike,Lookalike/00684.tif,Mask_lookalike/00684.tif,2048,2048,2,float32+float32,2048,2048,[0],0,0,0,valid,
train,Lookalike,Lookalike/00283.tif,Mask_lookalike/00283.tif,2048,2048,2,float32+float32,2048,2048,[0],0,0,0,valid,
train,Lookalike,Lookalike/00564.tif,Mask_lookalike/00564.tif,2048,2048,2,float32+float32,2048,2048,[0],0,0,0,valid,
train,Lookalike,Lookalike/00013.tif,Mask_lookalike/00013.tif,2048,2048,2,float32+float32,2048,2048,[0],0,0,0,valid,
train,Lookalike,Lookalike/00252.tif,Mask_lookalike/00252.tif,2048,2048,2,float32+float32,2048,2048,[0],0,0,0,valid,
train,Lookalike,Lookalike/00404.tif,Mask_lookalike/00404.tif,2048,2048,2,float32+float32,2048,2048,[0],0,0,0,valid,
train,Lookalike,Lookalike/00121.tif,Mask_lookalike/00121.tif,2048,2048,2,float32+float32,2048,2048,[0],0,0,0,valid,
train,Lookalike,Lookalike/00071.tif,Mask_lookalike/00071.tif,2048,2048,2,float32+float32,2048,2048,[0],0,0,0,valid,
train,Lookalike,Lookalike/00405.tif,Mask_lookalike/00405.tif,2048,2048,2,float32+float32,2048,2048,[0],0,0,0,valid,
train,Lookalike,Lookalike/00499.tif,Mask_lookalike/00499.tif,2048,2048,2,float32+float32,2048,2048,[0],0,0,0,valid,
train,Lookalike,Lookalike/00498.tif,Mask_lookalike/00498.tif,2048,2048,2,float32+float32,2048,2048,[0],0,0,0,valid,
train,Lookalike,Lookalike/00114.tif,Mask_lookalike/00114.tif,2048,2048,2,float32+float32,2048,2048,[0],0,0,0,valid,
train,Lookalike,Lookalike/00260.tif,Mask_lookalike/00260.tif,2048,2048,2,float32+float32,2048,2048,[0],0,0,0,valid,
train,Lookalike,Lookalike/00185.tif,Mask_lookalike/00185.tif,2048,2048,2,float32+float32,2048,2048,[0],0,0,0,valid,
train,Lookalike,Lookalike/00406.tif,Mask_lookalike/00406.tif,2048,2048,2,float32+float32,2048,2048,[0],0,0,0,valid,
train,Lookalike,Lookalike/00089.tif,Mask_lookalike/00089.tif,2048,2048,2,float32+float32,2048,2048,[0],0,0,0,valid,
train,Lookalike,Lookalike/00326.tif,Mask_lookalike/00326.tif,2048,2048,2,float32+float32,2048,2048,[0],0,0,0,valid,
train,Lookalike,Lookalike/00358.tif,Mask_lookalike/00358.tif,2048,2048,2,float32+float32,2048,2048,[0],0,0,0,valid,
train,Lookalike,Lookalike/00482.tif,Mask_lookalike/00482.tif,2048,2048,2,float32+float32,2048,2048,[0],0,0,0,valid,
train,Lookalike,Lookalike/00364.tif,Mask_lookalike/00364.tif,2048,2048,2,float32+float32,2048,2048,[0],0,0,0,valid,
train,Lookalike,Lookalike/00566.tif,Mask_lookalike/00566.tif,2048,2048,2,float32+float32,2048,2048,[0],0,0,0,valid,
train,Lookalike,Lookalike/00435.tif,Mask_lookalike/00435.tif,2048,2048,2,float32+float32,2048,2048,[0],0,0,0,valid,
train,Lookalike,Lookalike/00673.tif,Mask_lookalike/00673.tif,2048,2048,2,float32+float32,2048,2048,[0],0,0,0,valid,
train,Lookalike,Lookalike/00555.tif,Mask_lookalike/00555.tif,2048,2048,2,float32+float32,2048,2048,[0],0,0,0,valid,
train,Lookalike,Lookalike/00148.tif,Mask_lookalike/00148.tif,2048,2048,2,float32+float32,2048,2048,[0],0,0,0,valid,
train,Lookalike,Lookalike/00277.tif,Mask_lookalike/00277.tif,2048,2048,2,float32+float32,2048,2048,[0],0,0,0,valid,
train,Lookalike,Lookalike/00546.tif,Mask_lookalike/00546.tif,2048,2048,2,float32+float32,2048,2048,[0],0,0,0,valid,
train,Lookalike,Lookalike/00529.tif,Mask_lookalike/00529.tif,2048,2048,2,float32+float32,2048,2048,[0],0,0,0,valid,
train,Lookalike,Lookalike/00363.tif,Mask_lookalike/00363.tif,2048,2048,2,float32+float32,2048,2048,[0],0,0,0,valid,
train,Lookalike,Lookalike/00177.tif,Mask_lookalike/00177.tif,2048,2048,2,float32+float32,2048,2048,[0],0,0,0,valid,
train,Lookalike,Lookalike/00341.tif,Mask_lookalike/00341.tif,2048,2048,2,float32+float32,2048,2048,[0],0,0,0,valid,
train,Lookalike,Lookalike/00670.tif,Mask_lookalike/00670.tif,2048,2048,2,float32+float32,2048,2048,[0],0,0,0,valid,
train,Lookalike,Lookalike/00432.tif,Mask_lookalike/00432.tif,2048,2048,2,float32+float32,2048,2048,[0],0,0,0,valid,
train,Lookalike,Lookalike/00349.tif,Mask_lookalike/00349.tif,2048,2048,2,float32+float32,2048,2048,[0],0,0,0,valid,
train,Lookalike,Lookalike/00414.tif,Mask_lookalike/00414.tif,2048,2048,2,float32+float32,2048,2048,[0],0,0,0,valid,
train,Lookalike,Lookalike/00598.tif,Mask_lookalike/00598.tif,2048,2048,2,float32+float32,2048,2048,[0],0,0,0,valid,
train,Lookalike,Lookalike/00227.tif,Mask_lookalike/00227.tif,2048,2048,2,float32+float32,2048,2048,[0],0,0,0,valid,
train,Lookalike,Lookalike/00585.tif,Mask_lookalike/00585.tif,2048,2048,2,float32+float32,2048,2048,[0],0,0,0,valid,
train,Lookalike,Lookalike/00593.tif,Mask_lookalike/00593.tif,2048,2048,2,float32+float32,2048,2048,[0],0,0,0,valid,
train,Lookalike,Lookalike/00088.tif,Mask_lookalike/00088.tif,2048,2048,2,float32+float32,2048,2048,[0],0,0,0,valid,
train,Lookalike,Lookalike/00231.tif,Mask_lookalike/00231.tif,2048,2048,2,float32+float32,2048,2048,[0],0,0,0,valid,
train,Lookalike,Lookalike/00649.tif,Mask_lookalike/00649.tif,2048,2048,2,float32+float32,2048,2048,[0],0,0,0,valid,
train,Lookalike,Lookalike/00554.tif,Mask_lookalike/00554.tif,2048,2048,2,float32+float32,2048,2048,[0],0,0,0,valid,
train,Lookalike,Lookalike/00619.tif,Mask_lookalike/00619.tif,2048,2048,2,float32+float32,2048,2048,[0],0,0,0,valid,
train,Lookalike,Lookalike/00062.tif,Mask_lookalike/00062.tif,2048,2048,2,float32+float32,2048,2048,[0],0,0,0,valid,
train,Lookalike,Lookalike/00102.tif,Mask_lookalike/00102.tif,2048,2048,2,float32+float32,2048,2048,[0],0,0,0,valid,
train,Lookalike,Lookalike/00251.tif,Mask_lookalike/00251.tif,2048,2048,2,float32+float32,2048,2048,[0],0,0,0,valid,
train,Lookalike,Lookalike/00469.tif,Mask_lookalike/00469.tif,2048,2048,2,float32+float32,2048,2048,[0],0,0,0,valid,
train,Lookalike,Lookalike/00355.tif,Mask_lookalike/00355.tif,2048,2048,2,float32+float32,2048,2048,[0],0,0,0,valid,
train,Lookalike,Lookalike/00633.tif,Mask_lookalike/00633.tif,2048,2048,2,float32+float32,2048,2048,[0],0,0,0,valid,
train,Lookalike,Lookalike/00591.tif,Mask_lookalike/00591.tif,2048,2048,2,float32+float32,2048,2048,[0],0,0,0,valid,
train,Lookalike,Lookalike/00109.tif,Mask_lookalike/00109.tif,2048,2048,2,float32+float32,2048,2048,[0],0,0,0,valid,
train,Lookalike,Lookalike/00228.tif,Mask_lookalike/00228.tif,2048,2048,2,float32+float32,2048,2048,[0],0,0,0,valid,
train,Lookalike,Lookalike/00660.tif,Mask_lookalike/00660.tif,2048,2048,2,float32+float32,2048,2048,[0],0,0,0,valid,
train,Lookalike,Lookalike/00133.tif,Mask_lookalike/00133.tif,2048,2048,2,float32+float32,2048,2048,[0],0,0,0,valid,
train,Lookalike,Lookalike/00512.tif,Mask_lookalike/00512.tif,2048,2048,2,float32+float32,2048,2048,[0],0,0,0,valid,
train,Lookalike,Lookalike/00134.tif,Mask_lookalike/00134.tif,2048,2048,2,float32+float32,2048,2048,[0],0,0,0,valid,
train,Lookalike,Lookalike/00120.tif,Mask_lookalike/00120.tif,2048,2048,2,float32+float32,2048,2048,[0],0,0,0,valid,
train,Lookalike,Lookalike/00624.tif,Mask_lookalike/00624.tif,2048,2048,2,float32+float32,2048,2048,[0],0,0,0,valid,
train,Lookalike,Lookalike/00655.tif,Mask_lookalike/00655.tif,2048,2048,2,float32+float32,2048,2048,[0],0,0,0,valid,
train,Lookalike,Lookalike/00190.tif,Mask_lookalike/00190.tif,2048,2048,2,float32+float32,2048,2048,[0],0,0,0,valid,
train,Lookalike,Lookalike/00026.tif,Mask_lookalike/00026.tif,2048,2048,2,float32+float32,2048,2048,[0],0,0,0,valid,
train,Lookalike,Lookalike/00116.tif,Mask_lookalike/00116.tif,2048,2048,2,float32+float32,2048,2048,[0],0,0,0,valid,
train,Lookalike,Lookalike/00255.tif,Mask_lookalike/00255.tif,2048,2048,2,float32+float32,2048,2048,[0],0,0,0,valid,
train,Lookalike,Lookalike/00285.tif,Mask_lookalike/00285.tif,2048,2048,2,float32+float32,2048,2048,[0],0,0,0,valid,
train,Lookalike,Lookalike/00321.tif,Mask_lookalike/00321.tif,2048,2048,2,float32+float32,2048,2048,[0],0,0,0,valid,
train,Lookalike,Lookalike/00592.tif,Mask_lookalike/00592.tif,2048,2048,2,float32+float32,2048,2048,[0],0,0,0,valid,
train,Lookalike,Lookalike/00532.tif,Mask_lookalike/00532.tif,2048,2048,2,float32+float32,2048,2048,[0],0,0,0,valid,
train,Lookalike,Lookalike/00140.tif,Mask_lookalike/00140.tif,2048,2148,2,float32+float32,2048,2148,[0],0,0,0,valid,
train,Lookalike,Lookalike/00078.tif,Mask_lookalike/00078.tif,2048,2048,2,float32+float32,2048,2048,[0],0,0,0,valid,
train,Lookalike,Lookalike/00552.tif,Mask_lookalike/00552.tif,2048,2048,2,float32+float32,2048,2048,[0],0,0,0,valid,
train,Lookalike,Lookalike/00380.tif,Mask_lookalike/00380.tif,2048,2048,2,float32+float32,2048,2048,[0],0,0,0,valid,
train,Lookalike,Lookalike/00379.tif,Mask_lookalike/00379.tif,2048,2048,2,float32+float32,2048,2048,[0],0,0,0,valid,
train,Lookalike,Lookalike/00460.tif,Mask_lookalike/00460.tif,2048,2048,2,float32+float32,2048,2048,[0],0,0,0,valid,
train,Lookalike,Lookalike/00157.tif,Mask_lookalike/00157.tif,2048,2048,2,float32+float32,2048,2048,[0],0,0,0,valid,
train,Lookalike,Lookalike/00033.tif,Mask_lookalike/00033.tif,2048,2048,2,float32+float32,2048,2048,[0],0,0,0,valid,
train,Lookalike,Lookalike/00392.tif,Mask_lookalike/00392.tif,2048,2048,2,float32+float32,2048,2048,[0],0,0,0,valid,
train,Lookalike,Lookalike/00370.tif,Mask_lookalike/00370.tif,2048,2048,2,float32+float32,2048,2048,[0],0,0,0,valid,
train,Lookalike,Lookalike/00375.tif,Mask_lookalike/00375.tif,2048,2048,2,float32+float32,2048,2048,[0],0,0,0,valid,
train,Lookalike,Lookalike/00241.tif,Mask_lookalike/00241.tif,2048,2048,2,float32+float32,2048,2048,[0],0,0,0,valid,
train,Lookalike,Lookalike/00068.tif,Mask_lookalike/00068.tif,2048,2048,2,float32+float32,2048,2048,[0],0,0,0,valid,
train,Lookalike,Lookalike/00129.tif,Mask_lookalike/00129.tif,2048,2048,2,float32+float32,2048,2048,[0],0,0,0,valid,
train,Lookalike,Lookalike/00035.tif,Mask_lookalike/00035.tif,2048,2048,2,float32+float32,2048,2048,[0],0,0,0,valid,
train,Lookalike,Lookalike/00448.tif,Mask_lookalike/00448.tif,2048,2048,2,float32+float32,2048,2048,[0],0,0,0,valid,
train,Lookalike,Lookalike/00146.tif,Mask_lookalike/00146.tif,2048,2048,2,float32+float32,2048,2048,[0],0,0,0,valid,
train,Lookalike,Lookalike/00031.tif,Mask_lookalike/00031.tif,2048,2048,2,float32+float32,2048,2048,[0],0,0,0,valid,
train,Lookalike,Lookalike/00163.tif,Mask_lookalike/00163.tif,2048,2048,2,float32+float32,2048,2048,[0],0,0,0,valid,
train,Lookalike,Lookalike/00525.tif,Mask_lookalike/00525.tif,2048,2048,2,float32+float32,2048,2048,[0],0,0,0,valid,
train,Lookalike,Lookalike/00372.tif,Mask_lookalike/00372.tif,2048,2048,2,float32+float32,2048,2048,[0],0,0,0,valid,
train,Lookalike,Lookalike/00415.tif,Mask_lookalike/00415.tif,2048,2048,2,float32+float32,2048,2048,[0],0,0,0,valid,
train,Lookalike,Lookalike/00076.tif,Mask_lookalike/00076.tif,2048,2048,2,float32+float32,2048,2048,[0],0,0,0,valid,
train,Lookalike,Lookalike/00058.tif,Mask_lookalike/00058.tif,2048,2048,2,float32+float32,2048,2048,[0],0,0,0,valid,
train,Lookalike,Lookalike/00281.tif,Mask_lookalike/00281.tif,2048,2048,2,float32+float32,2048,2048,[0],0,0,0,valid,
train,Lookalike,Lookalike/00445.tif,Mask_lookalike/00445.tif,2048,2048,2,float32+float32,2048,2048,[0],0,0,0,valid,
val,Lookalike,Lookalike/00642.tif,Mask_lookalike/00642.tif,2048,2048,2,float32+float32,2048,2048,[0],0,0,0,valid,
val,Lookalike,Lookalike/00043.tif,Mask_lookalike/00043.tif,2048,2048,2,float32+float32,2048,2048,[0],0,0,0,valid,
val,Lookalike,Lookalike/00457.tif,Mask_lookalike/00457.tif,2048,2048,2,float32+float32,2048,2048,[0],0,0,0,valid,
val,Lookalike,Lookalike/00359.tif,Mask_lookalike/00359.tif,2048,2048,2,float32+float32,2048,2048,[0],0,0,0,valid,
val,Lookalike,Lookalike/00454.tif,Mask_lookalike/00454.tif,2048,2048,2,float32+float32,2048,2048,[0],0,0,0,valid,
val,Lookalike,Lookalike/00170.tif,Mask_lookalike/00170.tif,2048,2048,2,float32+float32,2048,2048,[0],0,0,0,valid,
val,Lookalike,Lookalike/00436.tif,Mask_lookalike/00436.tif,2048,2048,2,float32+float32,2048,2048,[0],0,0,0,valid,
val,Lookalike,Lookalike/00456.tif,Mask_lookalike/00456.tif,2048,2048,2,float32+float32,2048,2048,[0],0,0,0,valid,
val,Lookalike,Lookalike/00313.tif,Mask_lookalike/00313.tif,2048,2048,2,float32+float32,2048,2048,[0],0,0,0,valid,
val,Lookalike,Lookalike/00302.tif,Mask_lookalike/00302.tif,2048,2048,2,float32+float32,2048,2048,[0],0,0,0,valid,
val,Lookalike,Lookalike/00335.tif,Mask_lookalike/00335.tif,2048,2048,2,float32+float32,2048,2048,[0],0,0,0,valid,
val,Lookalike,Lookalike/00677.tif,Mask_lookalike/00677.tif,2048,2048,2,float32+float32,2048,2048,[0],0,0,0,valid,
val,Lookalike,Lookalike/00105.tif,Mask_lookalike/00105.tif,2048,2048,2,float32+float32,2048,2048,[0],0,0,0,valid,
val,Lookalike,Lookalike/00328.tif,Mask_lookalike/00328.tif,2048,2048,2,float32+float32,2048,2048,[0],0,0,0,valid,
val,Lookalike,Lookalike/00600.tif,Mask_lookalike/00600.tif,2048,2048,2,float32+float32,2048,2048,[0],0,0,0,valid,
val,Lookalike,Lookalike/00558.tif,Mask_lookalike/00558.tif,2048,2048,2,float32+float32,2048,2048,[0],0,0,0,valid,
val,Lookalike,Lookalike/00184.tif,Mask_lookalike/00184.tif,2048,2048,2,float32+float32,2048,2048,[0],0,0,0,valid,
val,Lookalike,Lookalike/00440.tif,Mask_lookalike/00440.tif,2048,2048,2,float32+float32,2048,2048,[0],0,0,0,valid,
val,Lookalike,Lookalike/00080.tif,Mask_lookalike/00080.tif,2048,2048,2,float32+float32,2048,2048,[0],0,0,0,valid,
val,Lookalike,Lookalike/00434.tif,Mask_lookalike/00434.tif,2048,2048,2,float32+float32,2048,2048,[0],0,0,0,valid,
val,Lookalike,Lookalike/00084.tif,Mask_lookalike/00084.tif,2048,2048,2,float32+float32,2048,2048,[0],0,0,0,valid,
val,Lookalike,Lookalike/00273.tif,Mask_lookalike/00273.tif,2048,2048,2,float32+float32,2048,2048,[0],0,0,0,valid,
val,Lookalike,Lookalike/00531.tif,Mask_lookalike/00531.tif,2048,2048,2,float32+float32,2048,2048,[0],0,0,0,valid,
val,Lookalike,Lookalike/00580.tif,Mask_lookalike/00580.tif,2048,2048,2,float32+float32,2048,2048,[0],0,0,0,valid,
val,Lookalike,Lookalike/00509.tif,Mask_lookalike/00509.tif,2048,2048,2,float32+float32,2048,2048,[0],0,0,0,valid,
val,Lookalike,Lookalike/00508.tif,Mask_lookalike/00508.tif,2048,2048,2,float32+float32,2048,2048,[0],0,0,0,valid,
val,Lookalike,Lookalike/00638.tif,Mask_lookalike/00638.tif,2048,2048,2,float32+float32,2048,2048,[0],0,0,0,valid,
val,Lookalike,Lookalike/00347.tif,Mask_lookalike/00347.tif,2048,2048,2,float32+float32,2048,2048,[0],0,0,0,valid,
val,Lookalike,Lookalike/00395.tif,Mask_lookalike/00395.tif,2048,2048,2,float32+float32,2048,2048,[0],0,0,0,valid,
val,Lookalike,Lookalike/00450.tif,Mask_lookalike/00450.tif,2048,2048,2,float32+float32,2048,2048,[0],0,0,0,valid,
val,Lookalike,Lookalike/00409.tif,Mask_lookalike/00409.tif,2048,2048,2,float32+float32,2048,2048,[0],0,0,0,valid,
val,Lookalike,Lookalike/00447.tif,Mask_lookalike/00447.tif,2048,2048,2,float32+float32,2048,2048,[0],0,0,0,valid,
val,Lookalike,Lookalike/00376.tif,Mask_lookalike/00376.tif,2048,2048,2,float32+float32,2048,2048,[0],0,0,0,valid,
val,Lookalike,Lookalike/00127.tif,Mask_lookalike/00127.tif,2048,2048,2,float32+float32,2048,2048,[0],0,0,0,valid,
val,Lookalike,Lookalike/00279.tif,Mask_lookalike/00279.tif,2048,2048,2,float32+float32,2048,2048,[0],0,0,0,valid,
val,Lookalike,Lookalike/00339.tif,Mask_lookalike/00339.tif,2048,2048,2,float32+float32,2048,2048,[0],0,0,0,valid,
val,Lookalike,Lookalike/00663.tif,Mask_lookalike/00663.tif,2048,2048,2,float32+float32,2048,2048,[0],0,0,0,valid,
val,Lookalike,Lookalike/00620.tif,Mask_lookalike/00620.tif,2048,2048,2,float32+float32,2048,2048,[0],0,0,0,valid,
val,Lookalike,Lookalike/00292.tif,Mask_lookalike/00292.tif,2048,2048,2,float32+float32,2048,2048,[0],0,0,0,valid,
val,Lookalike,Lookalike/00195.tif,Mask_lookalike/00195.tif,2048,2048,2,float32+float32,2048,2048,[0],0,0,0,valid,
val,Lookalike,Lookalike/00601.tif,Mask_lookalike/00601.tif,2048,2048,2,float32+float32,2048,2048,[0],0,0,0,valid,
val,Lookalike,Lookalike/00622.tif,Mask_lookalike/00622.tif,2048,2048,2,float32+float32,2048,2048,[0],0,0,0,valid,
val,Lookalike,Lookalike/00484.tif,Mask_lookalike/00484.tif,2048,2048,2,float32+float32,2048,2048,[0],0,0,0,valid,
val,Lookalike,Lookalike/00556.tif,Mask_lookalike/00556.tif,2048,2048,2,float32+float32,2048,2048,[0],0,0,0,valid,
val,Lookalike,Lookalike/00407.tif,Mask_lookalike/00407.tif,2048,2048,2,float32+float32,2048,2048,[0],0,0,0,valid,
val,Lookalike,Lookalike/00650.tif,Mask_lookalike/00650.tif,2048,2048,2,float32+float32,2048,2048,[0],0,0,0,valid,
val,Lookalike,Lookalike/00317.tif,Mask_lookalike/00317.tif,2048,2048,2,float32+float32,2048,2048,[0],0,0,0,valid,
val,Lookalike,Lookalike/00323.tif,Mask_lookalike/00323.tif,2048,2048,2,float32+float32,2048,2048,[0],0,0,0,valid,
val,Lookalike,Lookalike/00042.tif,Mask_lookalike/00042.tif,2048,2048,2,float32+float32,2048,2048,[0],0,0,0,valid,
val,Lookalike,Lookalike/00204.tif,Mask_lookalike/00204.tif,2048,2048,2,float32+float32,2048,2048,[0],0,0,0,valid,
val,Lookalike,Lookalike/00625.tif,Mask_lookalike/00625.tif,2048,2048,2,float32+float32,2048,2048,[0],0,0,0,valid,
val,Lookalike,Lookalike/00206.tif,Mask_lookalike/00206.tif,2048,2048,2,float32+float32,2048,2048,[0],0,0,0,valid,
val,Lookalike,Lookalike/00300.tif,Mask_lookalike/00300.tif,2048,2048,2,float32+float32,2048,2048,[0],0,0,0,valid,
val,Lookalike,Lookalike/00037.tif,Mask_lookalike/00037.tif,2048,2048,2,float32+float32,2048,2048,[0],0,0,0,valid,
val,Lookalike,Lookalike/00658.tif,Mask_lookalike/00658.tif,2048,2048,2,float32+float32,2048,2048,[0],0,0,0,valid,
val,Lookalike,Lookalike/00657.tif,Mask_lookalike/00657.tif,2048,2048,2,float32+float32,2048,2048,[0],0,0,0,valid,
val,Lookalike,Lookalike/00138.tif,Mask_lookalike/00138.tif,2048,2048,2,float32+float32,2048,2048,[0],0,0,0,valid,
val,Lookalike,Lookalike/00186.tif,Mask_lookalike/00186.tif,2048,2048,2,float32+float32,2048,2048,[0],0,0,0,valid,
val,Lookalike,Lookalike/00490.tif,Mask_lookalike/00490.tif,2048,2048,2,float32+float32,2048,2048,[0],0,0,0,valid,
val,Lookalike,Lookalike/00475.tif,Mask_lookalike/00475.tif,2048,2048,2,float32+float32,2048,2048,[0],0,0,0,valid,
val,Lookalike,Lookalike/00179.tif,Mask_lookalike/00179.tif,2048,2048,2,float32+float32,2048,2048,[0],0,0,0,valid,
val,Lookalike,Lookalike/00346.tif,Mask_lookalike/00346.tif,2048,2048,2,float32+float32,2048,2048,[0],0,0,0,valid,
val,Lookalike,Lookalike/00559.tif,Mask_lookalike/00559.tif,2048,2048,2,float32+float32,2048,2048,[0],0,0,0,valid,
val,Lookalike,Lookalike/00360.tif,Mask_lookalike/00360.tif,2048,2048,2,float32+float32,2048,2048,[0],0,0,0,valid,
val,Lookalike,Lookalike/00045.tif,Mask_lookalike/00045.tif,2048,2048,2,float32+float32,2048,2048,[0],0,0,0,valid,
val,Lookalike,Lookalike/00136.tif,Mask_lookalike/00136.tif,2048,2048,2,float32+float32,2048,2048,[0],0,0,0,valid,
val,Lookalike,Lookalike/00340.tif,Mask_lookalike/00340.tif,2048,2048,2,float32+float32,2048,2048,[0],0,0,0,valid,
val,Lookalike,Lookalike/00595.tif,Mask_lookalike/00595.tif,2048,2048,2,float32+float32,2048,2048,[0],0,0,0,valid,
val,Lookalike,Lookalike/00106.tif,Mask_lookalike/00106.tif,2048,2048,2,float32+float32,2048,2048,[0],0,0,0,valid,
val,Lookalike,Lookalike/00641.tif,Mask_lookalike/00641.tif,2048,2048,2,float32+float32,2048,2048,[0],0,0,0,valid,
val,Lookalike,Lookalike/00353.tif,Mask_lookalike/00353.tif,2048,2048,2,float32+float32,2048,2048,[0],0,0,0,valid,
val,Lookalike,Lookalike/00634.tif,Mask_lookalike/00634.tif,2048,2048,2,float32+float32,2048,2048,[0],0,0,0,valid,
val,Lookalike,Lookalike/00365.tif,Mask_lookalike/00365.tif,2048,2048,2,float32+float32,2048,2048,[0],0,0,0,valid,
val,Lookalike,Lookalike/00652.tif,Mask_lookalike/00652.tif,2048,2048,2,float32+float32,2048,2048,[0],0,0,0,valid,
val,Lookalike,Lookalike/00259.tif,Mask_lookalike/00259.tif,2048,2048,2,float32+float32,2048,2048,[0],0,0,0,valid,
val,Lookalike,Lookalike/00382.tif,Mask_lookalike/00382.tif,2048,2048,2,float32+float32,2048,2048,[0],0,0,0,valid,
val,Lookalike,Lookalike/00396.tif,Mask_lookalike/00396.tif,2048,2048,2,float32+float32,2048,2048,[0],0,0,0,valid,
val,Lookalike,Lookalike/00044.tif,Mask_lookalike/00044.tif,2048,2048,2,float32+float32,2048,2048,[0],0,0,0,valid,
val,Lookalike,Lookalike/00481.tif,Mask_lookalike/00481.tif,2048,2048,2,float32+float32,2048,2048,[0],0,0,0,valid,
val,Lookalike,Lookalike/00399.tif,Mask_lookalike/00399.tif,2048,2048,2,float32+float32,2048,2048,[0],0,0,0,valid,
val,Lookalike,Lookalike/00020.tif,Mask_lookalike/00020.tif,2048,2048,2,float32+float32,2048,2048,[0],0,0,0,valid,
val,Lookalike,Lookalike/00567.tif,Mask_lookalike/00567.tif,2048,2048,2,float32+float32,2048,2048,[0],0,0,0,valid,
val,Lookalike,Lookalike/00631.tif,Mask_lookalike/00631.tif,2048,2048,2,float32+float32,2048,2048,[0],0,0,0,valid,
val,Lookalike,Lookalike/00519.tif,Mask_lookalike/00519.tif,2048,2048,2,float32+float32,2048,2048,[0],0,0,0,valid,
val,Lookalike,Lookalike/00557.tif,Mask_lookalike/00557.tif,2048,2048,2,float32+float32,2048,2048,[0],0,0,0,valid,
val,Lookalike,Lookalike/00538.tif,Mask_lookalike/00538.tif,2048,2048,2,float32+float32,2048,2048,[0],0,0,0,valid,
val,Lookalike,Lookalike/00069.tif,Mask_lookalike/00069.tif,2048,2048,2,float32+float32,2048,2048,[0],0,0,0,valid,
val,Lookalike,Lookalike/00369.tif,Mask_lookalike/00369.tif,2048,2048,2,float32+float32,2048,2048,[0],0,0,0,valid,
val,Lookalike,Lookalike/00536.tif,Mask_lookalike/00536.tif,2048,2048,2,float32+float32,2048,2048,[0],0,0,0,valid,
val,Lookalike,Lookalike/00087.tif,Mask_lookalike/00087.tif,2048,2048,2,float32+float32,2048,2048,[0],0,0,0,valid,
val,Lookalike,Lookalike/00191.tif,Mask_lookalike/00191.tif,2048,2048,2,float32+float32,2048,2048,[0],0,0,0,valid,
val,Lookalike,Lookalike/00426.tif,Mask_lookalike/00426.tif,2048,2048,2,float32+float32,2048,2048,[0],0,0,0,valid,
val,Lookalike,Lookalike/00584.tif,Mask_lookalike/00584.tif,2048,2048,2,float32+float32,2048,2048,[0],0,0,0,valid,
val,Lookalike,Lookalike/00246.tif,Mask_lookalike/00246.tif,2048,2048,2,float32+float32,2048,2048,[0],0,0,0,valid,
val,Lookalike,Lookalike/00361.tif,Mask_lookalike/00361.tif,2048,2048,2,float32+float32,2048,2048,[0],0,0,0,valid,
val,Lookalike,Lookalike/00629.tif,Mask_lookalike/00629.tif,2048,2048,2,float32+float32,2048,2048,[0],0,0,0,valid,
val,Lookalike,Lookalike/00001.tif,Mask_lookalike/00001.tif,2048,2048,2,float32+float32,2048,2048,[0],0,0,0,valid,
val,Lookalike,Lookalike/00439.tif,Mask_lookalike/00439.tif,2048,2048,2,float32+float32,2048,2048,[0],0,0,0,valid,
val,Lookalike,Lookalike/00298.tif,Mask_lookalike/00298.tif,2048,2048,2,float32+float32,2048,2048,[0],0,0,0,valid,
val,Lookalike,Lookalike/00147.tif,Mask_lookalike/00147.tif,2048,2048,2,float32+float32,2048,2048,[0],0,0,0,valid,
val,Lookalike,Lookalike/00247.tif,Mask_lookalike/00247.tif,2048,2048,2,float32+float32,2048,2048,[0],0,0,0,valid,
val,Lookalike,Lookalike/00588.tif,Mask_lookalike/00588.tif,2048,2048,2,float32+float32,2048,2048,[0],0,0,0,valid,
val,Lookalike,Lookalike/00527.tif,Mask_lookalike/00527.tif,2048,2048,2,float32+float32,2048,2048,[0],0,0,0,valid,
val,Lookalike,Lookalike/00647.tif,Mask_lookalike/00647.tif,2048,2048,2,float32+float32,2048,2048,[0],0,0,0,valid,
val,Lookalike,Lookalike/00016.tif,Mask_lookalike/00016.tif,2048,2048,2,float32+float32,2048,2048,[0],0,0,0,valid,
val,Lookalike,Lookalike/00548.tif,Mask_lookalike/00548.tif,2048,2048,2,float32+float32,2048,2048,[0],0,0,0,valid,
val,Lookalike,Lookalike/00611.tif,Mask_lookalike/00611.tif,2048,2048,2,float32+float32,2048,2048,[0],0,0,0,valid,
val,Lookalike,Lookalike/00511.tif,Mask_lookalike/00511.tif,2048,2048,2,float32+float32,2048,2048,[0],0,0,0,valid,
val,Lookalike,Lookalike/00668.tif,Mask_lookalike/00668.tif,2048,2048,2,float32+float32,2048,2048,[0],0,0,0,valid,
val,Lookalike,Lookalike/00064.tif,Mask_lookalike/00064.tif,2048,2048,2,float32+float32,2048,2048,[0],0,0,0,valid,
val,Lookalike,Lookalike/00468.tif,Mask_lookalike/00468.tif,2048,2048,2,float32+float32,2048,2048,[0],0,0,0,valid,
val,Lookalike,Lookalike/00637.tif,Mask_lookalike/00637.tif,2048,2048,2,float32+float32,2048,2048,[0],0,0,0,valid,
val,Lookalike,Lookalike/00654.tif,Mask_lookalike/00654.tif,2048,2048,2,float32+float32,2048,2048,[0],0,0,0,valid,
val,Lookalike,Lookalike/00429.tif,Mask_lookalike/00429.tif,2048,2048,2,float32+float32,2048,2048,[0],0,0,0,valid,
val,Lookalike,Lookalike/00244.tif,Mask_lookalike/00244.tif,2048,2048,2,float32+float32,2048,2048,[0],0,0,0,valid,
val,Lookalike,Lookalike/00048.tif,Mask_lookalike/00048.tif,2048,2048,2,float32+float32,2048,2048,[0],0,0,0,valid,
val,Lookalike,Lookalike/00124.tif,Mask_lookalike/00124.tif,2048,2048,2,float32+float32,2048,2048,[0],0,0,0,valid,
val,Lookalike,Lookalike/00308.tif,Mask_lookalike/00308.tif,2048,2048,2,float32+float32,2048,2048,[0],0,0,0,valid,
val,Lookalike,Lookalike/00243.tif,Mask_lookalike/00243.tif,2048,2048,2,float32+float32,2048,2048,[0],0,0,0,valid,
val,Lookalike,Lookalike/00295.tif,Mask_lookalike/00295.tif,2048,2048,2,float32+float32,2048,2048,[0],0,0,0,valid,
val,Lookalike,Lookalike/00113.tif,Mask_lookalike/00113.tif,2048,2048,2,float32+float32,2048,2048,[0],0,0,0,valid,
val,Lookalike,Lookalike/00433.tif,Mask_lookalike/00433.tif,2048,2048,2,float32+float32,2048,2048,[0],0,0,0,valid,
val,Lookalike,Lookalike/00540.tif,Mask_lookalike/00540.tif,2048,2048,2,float32+float32,2048,2048,[0],0,0,0,valid,
val,Lookalike,Lookalike/00623.tif,Mask_lookalike/00623.tif,2048,2048,2,float32+float32,2048,2048,[0],0,0,0,valid,
val,Lookalike,Lookalike/00561.tif,Mask_lookalike/00561.tif,2048,2048,2,float32+float32,2048,2048,[0],0,0,0,valid,
val,Lookalike,Lookalike/00153.tif,Mask_lookalike/00153.tif,2048,2048,2,float32+float32,2048,2048,[0],0,0,0,valid,
val,Lookalike,Lookalike/00220.tif,Mask_lookalike/00220.tif,2048,2048,2,float32+float32,2048,2048,[0],0,0,0,valid,
val,Lookalike,Lookalike/00262.tif,Mask_lookalike/00262.tif,2048,2048,2,float32+float32,2048,2048,[0],0,0,0,valid,
val,Lookalike,Lookalike/00019.tif,Mask_lookalike/00019.tif,2048,2048,2,float32+float32,2048,2048,[0],0,0,0,valid,
val,Lookalike,Lookalike/00081.tif,Mask_lookalike/00081.tif,2048,2048,2,float32+float32,2048,2048,[0],0,0,0,valid,
val,Lookalike,Lookalike/00005.tif,Mask_lookalike/00005.tif,2048,2048,2,float32+float32,2048,2048,[0],0,0,0,valid,
val,Lookalike,Lookalike/00630.tif,Mask_lookalike/00630.tif,2048,2048,2,float32+float32,2048,2048,[0],0,0,0,valid,
val,Lookalike,Lookalike/00459.tif,Mask_lookalike/00459.tif,2048,2048,2,float32+float32,2048,2048,[0],0,0,0,valid,
val,Lookalike,Lookalike/00480.tif,Mask_lookalike/00480.tif,2048,2048,2,float32+float32,2048,2048,[0],0,0,0,valid,
val,Lookalike,Lookalike/00142.tif,Mask_lookalike/00142.tif,2048,2048,2,float32+float32,2048,2048,[0],0,0,0,valid,
val,Lookalike,Lookalike/00483.tif,Mask_lookalike/00483.tif,2048,2048,2,float32+float32,2048,2048,[0],0,0,0,valid,
val,Lookalike,Lookalike/00293.tif,Mask_lookalike/00293.tif,2048,2048,2,float32+float32,2048,2048,[0],0,0,0,valid,
test,Oil,Test_Images/Oil/00000.tif,Mask/Oil/00000_segmentation.tif,2048,2048,2,float32+float32,2048,2048,"[0, 1]",0,0,0,valid,
test,Oil,Test_Images/Oil/00001.tif,Mask/Oil/00001_segmentation.tif,2048,2048,2,float32+float32,2048,2048,"[0, 1]",0,0,0,valid,
test,Oil,Test_Images/Oil/00002.tif,Mask/Oil/00002_segmentation.tif,2048,2048,2,float32+float32,2048,2048,"[0, 1]",0,0,0,valid,
test,Oil,Test_Images/Oil/00003.tif,Mask/Oil/00003_segmentation.tif,2048,2048,2,float32+float32,2048,2048,"[0, 1]",0,0,0,valid,
test,Oil,Test_Images/Oil/00004.tif,Mask/Oil/00004_segmentation.tif,2048,2048,2,float32+float32,2048,2048,"[0, 1]",0,0,0,valid,
test,Oil,Test_Images/Oil/00005.tif,Mask/Oil/00005_segmentation.tif,2048,2048,2,float32+float32,2048,2048,"[0, 1]",0,0,0,valid,
test,Oil,Test_Images/Oil/00006.tif,Mask/Oil/00006_segmentation.tif,2048,2048,2,float32+float32,2048,2048,"[0, 1]",0,0,0,valid,
test,Oil,Test_Images/Oil/00007.tif,Mask/Oil/00007_segmentation.tif,2048,2048,2,float32+float32,2048,2048,"[0, 1]",0,0,0,valid,
test,Oil,Test_Images/Oil/00008.tif,Mask/Oil/00008_segmentation.tif,2048,2048,2,float32+float32,2048,2048,"[0, 1]",0,0,0,valid,
test,Oil,Test_Images/Oil/00009.tif,Mask/Oil/00009_segmentation.tif,2048,2048,2,float32+float32,2048,2048,"[0, 1]",0,0,0,valid,
test,Oil,Test_Images/Oil/00010.tif,Mask/Oil/00010_segmentation.tif,2048,2048,2,float32+float32,2048,2048,"[0, 1]",0,0,0,valid,
test,Oil,Test_Images/Oil/00011.tif,Mask/Oil/00011_segmentation.tif,2048,2048,2,float32+float32,2048,2048,"[0, 1]",0,0,0,valid,
test,Oil,Test_Images/Oil/00012.tif,Mask/Oil/00012_segmentation.tif,2048,2048,2,float32+float32,2048,2048,"[0, 1]",0,0,0,valid,
test,Oil,Test_Images/Oil/00013.tif,Mask/Oil/00013_segmentation.tif,2048,2048,2,float32+float32,2048,2048,"[0, 1]",0,0,0,valid,
test,Oil,Test_Images/Oil/00014.tif,Mask/Oil/00014_segmentation.tif,2048,2048,2,float32+float32,2048,2048,"[0, 1]",0,0,0,valid,
test,Oil,Test_Images/Oil/00015.tif,Mask/Oil/00015_segmentation.tif,2048,2048,2,float32+float32,2048,2048,"[0, 1]",0,0,0,valid,
test,Oil,Test_Images/Oil/00016.tif,Mask/Oil/00016_segmentation.tif,2048,2048,2,float32+float32,2048,2048,"[0, 1]",0,0,0,valid,
test,Oil,Test_Images/Oil/00017.tif,Mask/Oil/00017_segmentation.tif,2048,2048,2,float32+float32,2048,2048,"[0, 1]",0,0,0,valid,
test,Oil,Test_Images/Oil/00018.tif,Mask/Oil/00018_segmentation.tif,2048,2048,2,float32+float32,2048,2048,"[0, 1]",0,0,0,valid,
test,Oil,Test_Images/Oil/00019.tif,Mask/Oil/00019_segmentation.tif,2048,2048,2,float32+float32,2048,2048,"[0, 1]",0,0,0,valid,
test,Oil,Test_Images/Oil/00020.tif,Mask/Oil/00020_segmentation.tif,2048,2048,2,float32+float32,2048,2048,"[0, 1]",0,0,0,valid,
test,Oil,Test_Images/Oil/00021.tif,Mask/Oil/00021_segmentation.tif,2048,2048,2,float32+float32,2048,2048,"[0, 1]",0,0,0,valid,
test,Oil,Test_Images/Oil/00022.tif,Mask/Oil/00022_segmentation.tif,2048,2048,2,float32+float32,2048,2048,"[0, 1]",0,0,0,valid,
test,Oil,Test_Images/Oil/00023.tif,Mask/Oil/00023_segmentation.tif,2048,2048,2,float32+float32,2048,2048,"[0, 1]",0,0,0,valid,
test,Oil,Test_Images/Oil/00024.tif,Mask/Oil/00024_segmentation.tif,2048,2048,2,float32+float32,2048,2048,"[0, 1]",0,0,0,valid,
test,Oil,Test_Images/Oil/00025.tif,Mask/Oil/00025_segmentation.tif,2048,2048,2,float32+float32,2048,2048,"[0, 1]",0,0,0,valid,
test,Oil,Test_Images/Oil/00026.tif,Mask/Oil/00026_segmentation.tif,2048,2048,2,float32+float32,2048,2048,"[0, 1]",0,0,0,valid,
test,Oil,Test_Images/Oil/00027.tif,Mask/Oil/00027_segmentation.tif,2048,2048,2,float32+float32,2048,2048,"[0, 1]",0,0,0,valid,
test,Oil,Test_Images/Oil/00028.tif,Mask/Oil/00028_segmentation.tif,2048,2048,2,float32+float32,2048,2048,"[0, 1]",0,0,0,valid,
test,Oil,Test_Images/Oil/00029.tif,Mask/Oil/00029_segmentation.tif,2048,2048,2,float32+float32,2048,2048,"[0, 1]",0,0,0,valid,
test,Oil,Test_Images/Oil/00030.tif,Mask/Oil/00030_segmentation.tif,2048,2048,2,float32+float32,2048,2048,"[0, 1]",0,0,0,valid,
test,Oil,Test_Images/Oil/00031.tif,Mask/Oil/00031_segmentation.tif,2048,2048,2,float32+float32,2048,2048,"[0, 1]",0,0,0,valid,
test,Oil,Test_Images/Oil/00032.tif,Mask/Oil/00032_segmentation.tif,2048,2048,2,float32+float32,2048,2048,"[0, 1]",0,0,0,valid,
test,Oil,Test_Images/Oil/00033.tif,Mask/Oil/00033_segmentation.tif,2048,2048,2,float32+float32,2048,2048,"[0, 1]",0,0,0,valid,
test,Oil,Test_Images/Oil/00034.tif,Mask/Oil/00034_segmentation.tif,2048,2048,2,float32+float32,2048,2048,"[0, 1]",0,0,0,valid,
test,Oil,Test_Images/Oil/00035.tif,Mask/Oil/00035_segmentation.tif,2048,2048,2,float32+float32,2048,2048,"[0, 1]",0,0,0,valid,
test,Oil,Test_Images/Oil/00036.tif,Mask/Oil/00036_segmentation.tif,2048,2048,2,float32+float32,2048,2048,"[0, 1]",0,0,0,valid,
test,Oil,Test_Images/Oil/00037.tif,Mask/Oil/00037_segmentation.tif,2048,2048,2,float32+float32,2048,2048,"[0, 1]",0,0,0,valid,
test,Oil,Test_Images/Oil/00038.tif,Mask/Oil/00038_segmentation.tif,2048,2048,2,float32+float32,2048,2048,"[0, 1]",0,0,0,valid,
test,Oil,Test_Images/Oil/00039.tif,Mask/Oil/00039_segmentation.tif,2048,2048,2,float32+float32,2048,2048,"[0, 1]",0,0,0,valid,
test,Oil,Test_Images/Oil/00040.tif,Mask/Oil/00040_segmentation.tif,2048,2048,2,float32+float32,2048,2048,"[0, 1]",0,0,0,valid,
test,Oil,Test_Images/Oil/00041.tif,Mask/Oil/00041_segmentation.tif,2048,2048,2,float32+float32,2048,2048,"[0, 1]",0,0,0,valid,
test,Oil,Test_Images/Oil/00042.tif,Mask/Oil/00042_segmentation.tif,2048,2048,2,float32+float32,2048,2048,"[0, 1]",0,0,0,valid,
test,Oil,Test_Images/Oil/00043.tif,Mask/Oil/00043_segmentation.tif,2048,2048,2,float32+float32,2048,2048,"[0, 1]",0,0,0,valid,
test,Oil,Test_Images/Oil/00044.tif,Mask/Oil/00044_segmentation.tif,2048,2048,2,float32+float32,2048,2048,"[0, 1]",0,0,0,valid,
test,Oil,Test_Images/Oil/00045.tif,Mask/Oil/00045_segmentation.tif,2048,2048,2,float32+float32,2048,2048,"[0, 1]",0,0,0,valid,
test,Oil,Test_Images/Oil/00046.tif,Mask/Oil/00046_segmentation.tif,2048,2048,2,float32+float32,2048,2048,"[0, 1]",0,0,0,valid,
test,Oil,Test_Images/Oil/00047.tif,Mask/Oil/00047_segmentation.tif,2048,2048,2,float32+float32,2048,2048,"[0, 1]",0,0,0,valid,
test,Oil,Test_Images/Oil/00048.tif,Mask/Oil/00048_segmentation.tif,2048,2048,2,float32+float32,2048,2048,"[0, 1]",0,0,0,valid,
test,Oil,Test_Images/Oil/00049.tif,Mask/Oil/00049_segmentation.tif,2048,2048,2,float32+float32,2048,2048,"[0, 1]",0,0,0,valid,
test,Oil,Test_Images/Oil/00050.tif,Mask/Oil/00050_segmentation.tif,2048,2048,2,float32+float32,2048,2048,"[0, 1]",0,0,0,valid,
test,Oil,Test_Images/Oil/00051.tif,Mask/Oil/00051_segmentation.tif,2048,2048,2,float32+float32,2048,2048,"[0, 1]",0,0,0,valid,
test,Oil,Test_Images/Oil/00052.tif,Mask/Oil/00052_segmentation.tif,2048,2048,2,float32+float32,2048,2048,"[0, 1]",0,0,0,valid,
test,Oil,Test_Images/Oil/00053.tif,Mask/Oil/00053_segmentation.tif,2048,2048,2,float32+float32,2048,2048,"[0, 1]",0,0,0,valid,
test,Oil,Test_Images/Oil/00054.tif,Mask/Oil/00054_segmentation.tif,2048,2048,2,float32+float32,2048,2048,"[0, 1]",0,0,0,valid,
test,Oil,Test_Images/Oil/00055.tif,Mask/Oil/00055_segmentation.tif,2048,2048,2,float32+float32,2048,2048,"[0, 1]",0,0,0,valid,
test,Oil,Test_Images/Oil/00056.tif,Mask/Oil/00056_segmentation.tif,2048,2048,2,float32+float32,2048,2048,"[0, 1]",0,0,0,valid,
test,Oil,Test_Images/Oil/00057.tif,Mask/Oil/00057_segmentation.tif,2048,2048,2,float32+float32,2048,2048,"[0, 1]",0,0,0,valid,
test,Oil,Test_Images/Oil/00058.tif,Mask/Oil/00058_segmentation.tif,2048,2048,2,float32+float32,2048,2048,"[0, 1]",0,0,0,valid,
test,Oil,Test_Images/Oil/00059.tif,Mask/Oil/00059_segmentation.tif,2048,2048,2,float32+float32,2048,2048,"[0, 1]",0,0,0,valid,
test,Oil,Test_Images/Oil/00060.tif,Mask/Oil/00060_segmentation.tif,2048,2048,2,float32+float32,2048,2048,"[0, 1]",0,0,0,valid,
test,Oil,Test_Images/Oil/00061.tif,Mask/Oil/00061_segmentation.tif,2048,2048,2,float32+float32,2048,2048,"[0, 1]",0,0,0,valid,
test,Oil,Test_Images/Oil/00062.tif,Mask/Oil/00062_segmentation.tif,2048,2048,2,float32+float32,2048,2048,"[0, 1]",0,0,0,valid,
test,Oil,Test_Images/Oil/00063.tif,Mask/Oil/00063_segmentation.tif,2048,2048,2,float32+float32,2048,2048,"[0, 1]",0,0,0,valid,
test,Oil,Test_Images/Oil/00064.tif,Mask/Oil/00064_segmentation.tif,2048,2048,2,float32+float32,2048,2048,"[0, 1]",0,0,0,valid,
test,Oil,Test_Images/Oil/00065.tif,Mask/Oil/00065_segmentation.tif,2048,2048,2,float32+float32,2048,2048,"[0, 1]",0,0,0,valid,
test,Oil,Test_Images/Oil/00066.tif,Mask/Oil/00066_segmentation.tif,2048,2048,2,float32+float32,2048,2048,"[0, 1]",0,0,0,valid,
test,Oil,Test_Images/Oil/00067.tif,Mask/Oil/00067_segmentation.tif,2048,2048,2,float32+float32,2048,2048,"[0, 1]",0,0,0,valid,
test,Oil,Test_Images/Oil/00068.tif,Mask/Oil/00068_segmentation.tif,2048,2048,2,float32+float32,2048,2048,"[0, 1]",0,0,0,valid,
test,Oil,Test_Images/Oil/00069.tif,Mask/Oil/00069_segmentation.tif,2048,2048,2,float32+float32,2048,2048,"[0, 1]",0,0,0,valid,
test,Oil,Test_Images/Oil/00070.tif,Mask/Oil/00070_segmentation.tif,2048,2048,2,float32+float32,2048,2048,"[0, 1]",0,0,0,valid,
test,Oil,Test_Images/Oil/00071.tif,Mask/Oil/00071_segmentation.tif,2048,2048,2,float32+float32,2048,2048,"[0, 1]",0,0,0,valid,
test,Oil,Test_Images/Oil/00072.tif,Mask/Oil/00072_segmentation.tif,2048,2048,2,float32+float32,2048,2048,"[0, 1]",0,0,0,valid,
test,Oil,Test_Images/Oil/00073.tif,Mask/Oil/00073_segmentation.tif,2048,2048,2,float32+float32,2048,2048,"[0, 1]",0,0,0,valid,
test,Oil,Test_Images/Oil/00074.tif,Mask/Oil/00074_segmentation.tif,2048,2048,2,float32+float32,2048,2048,"[0, 1]",0,0,0,valid,
test,Oil,Test_Images/Oil/00075.tif,Mask/Oil/00075_segmentation.tif,2048,2048,2,float32+float32,2048,2048,"[0, 1]",0,0,0,valid,
test,Oil,Test_Images/Oil/00076.tif,Mask/Oil/00076_segmentation.tif,2048,2048,2,float32+float32,2048,2048,"[0, 1]",0,0,0,valid,
test,Oil,Test_Images/Oil/00077.tif,Mask/Oil/00077_segmentation.tif,2048,2048,2,float32+float32,2048,2048,"[0, 1]",0,0,0,valid,
test,Oil,Test_Images/Oil/00078.tif,Mask/Oil/00078_segmentation.tif,2048,2048,2,float32+float32,2048,2048,"[0, 1]",0,0,0,valid,
test,Oil,Test_Images/Oil/00079.tif,Mask/Oil/00079_segmentation.tif,2048,2048,2,float32+float32,2048,2048,"[0, 1]",0,0,0,valid,
test,Oil,Test_Images/Oil/00080.tif,Mask/Oil/00080_segmentation.tif,2048,2048,2,float32+float32,2048,2048,"[0, 1]",0,0,0,valid,
test,Oil,Test_Images/Oil/00081.tif,Mask/Oil/00081_segmentation.tif,2048,2048,2,float32+float32,2048,2048,"[0, 1]",0,0,0,valid,
test,Oil,Test_Images/Oil/00082.tif,Mask/Oil/00082_segmentation.tif,2048,2048,2,float32+float32,2048,2048,"[0, 1]",0,0,0,valid,
test,Oil,Test_Images/Oil/00083.tif,Mask/Oil/00083_segmentation.tif,2048,2048,2,float32+float32,2048,2048,"[0, 1]",0,0,0,valid,
test,Oil,Test_Images/Oil/00084.tif,Mask/Oil/00084_segmentation.tif,2048,2048,2,float32+float32,2048,2048,"[0, 1]",0,0,0,valid,
test,Oil,Test_Images/Oil/00085.tif,Mask/Oil/00085_segmentation.tif,2048,2048,2,float32+float32,2048,2048,"[0, 1]",0,0,0,valid,
test,Oil,Test_Images/Oil/00086.tif,Mask/Oil/00086_segmentation.tif,2048,2048,2,float32+float32,2048,2048,"[0, 1]",0,0,0,valid,
test,Oil,Test_Images/Oil/00087.tif,Mask/Oil/00087_segmentation.tif,2048,2048,2,float32+float32,2048,2048,"[0, 1]",0,0,0,valid,
test,Oil,Test_Images/Oil/00088.tif,Mask/Oil/00088_segmentation.tif,2048,2048,2,float32+float32,2048,2048,"[0, 1]",0,0,0,valid,
test,Oil,Test_Images/Oil/00089.tif,Mask/Oil/00089_segmentation.tif,2048,2048,2,float32+float32,2048,2048,"[0, 1]",0,0,0,valid,
test,Oil,Test_Images/Oil/00090.tif,Mask/Oil/00090_segmentation.tif,2048,2048,2,float32+float32,2048,2048,"[0, 1]",0,0,0,valid,
test,Oil,Test_Images/Oil/00091.tif,Mask/Oil/00091_segmentation.tif,2048,2048,2,float32+float32,2048,2048,"[0, 1]",0,0,0,valid,
test,Oil,Test_Images/Oil/00092.tif,Mask/Oil/00092_segmentation.tif,2048,2048,2,float32+float32,2048,2048,"[0, 1]",0,0,0,valid,
test,Oil,Test_Images/Oil/00093.tif,Mask/Oil/00093_segmentation.tif,2048,2048,2,float32+float32,2048,2048,"[0, 1]",0,0,0,valid,
test,Oil,Test_Images/Oil/00094.tif,Mask/Oil/00094_segmentation.tif,2048,2048,2,float32+float32,2048,2048,"[0, 1]",0,0,0,valid,
test,Oil,Test_Images/Oil/00095.tif,Mask/Oil/00095_segmentation.tif,2048,2048,2,float32+float32,2048,2048,"[0, 1]",0,0,0,valid,
test,Oil,Test_Images/Oil/00096.tif,Mask/Oil/00096_segmentation.tif,2048,2048,2,float32+float32,2048,2048,"[0, 1]",0,0,0,valid,
test,Oil,Test_Images/Oil/00097.tif,Mask/Oil/00097_segmentation.tif,2048,2048,2,float32+float32,2048,2048,"[0, 1]",0,0,0,valid,
test,Oil,Test_Images/Oil/00098.tif,Mask/Oil/00098_segmentation.tif,2048,2048,2,float32+float32,2048,2048,"[0, 1]",0,0,0,valid,
test,Oil,Test_Images/Oil/00099.tif,Mask/Oil/00099_segmentation.tif,2048,2048,2,float32+float32,2048,2048,"[0, 1]",0,0,0,valid,
test,Oil,Test_Images/Oil/00100.tif,Mask/Oil/00100_segmentation.tif,2048,2048,2,float32+float32,2048,2048,"[0, 1]",0,0,0,valid,
test,Oil,Test_Images/Oil/00101.tif,Mask/Oil/00101_segmentation.tif,2048,2048,2,float32+float32,2048,2048,"[0, 1]",0,0,0,valid,
test,Oil,Test_Images/Oil/00102.tif,Mask/Oil/00102_segmentation.tif,2048,2048,2,float32+float32,2048,2048,"[0, 1]",0,0,0,valid,
test,Oil,Test_Images/Oil/00103.tif,Mask/Oil/00103_segmentation.tif,2048,2048,2,float32+float32,2048,2048,"[0, 1]",0,0,0,valid,
test,Oil,Test_Images/Oil/00104.tif,Mask/Oil/00104_segmentation.tif,2048,2048,2,float32+float32,2048,2048,"[0, 1]",0,0,0,valid,
test,Oil,Test_Images/Oil/00105.tif,Mask/Oil/00105_segmentation.tif,2048,2048,2,float32+float32,2048,2048,"[0, 1]",0,0,0,valid,
test,Oil,Test_Images/Oil/00106.tif,Mask/Oil/00106_segmentation.tif,2048,2048,2,float32+float32,2048,2048,"[0, 1]",0,0,0,valid,
test,Oil,Test_Images/Oil/00107.tif,Mask/Oil/00107_segmentation.tif,2048,2048,2,float32+float32,2048,2048,"[0, 1]",0,0,0,valid,
test,Oil,Test_Images/Oil/00108.tif,Mask/Oil/00108_segmentation.tif,2048,2048,2,float32+float32,2048,2048,"[0, 1]",0,0,0,valid,
test,Oil,Test_Images/Oil/00109.tif,Mask/Oil/00109_segmentation.tif,2048,2048,2,float32+float32,2048,2048,"[0, 1]",0,0,0,valid,
test,Oil,Test_Images/Oil/00110.tif,Mask/Oil/00110_segmentation.tif,2048,2048,2,float32+float32,2048,2048,"[0, 1]",0,0,0,valid,
test,Oil,Test_Images/Oil/00111.tif,Mask/Oil/00111_segmentation.tif,2048,2048,2,float32+float32,2048,2048,"[0, 1]",0,0,0,valid,
test,Oil,Test_Images/Oil/00112.tif,Mask/Oil/00112_segmentation.tif,2048,2048,2,float32+float32,2048,2048,"[0, 1]",0,0,0,valid,
test,Oil,Test_Images/Oil/00113.tif,Mask/Oil/00113_segmentation.tif,2048,2048,2,float32+float32,2048,2048,"[0, 1]",0,0,0,valid,
test,Oil,Test_Images/Oil/00114.tif,Mask/Oil/00114_segmentation.tif,2048,2048,2,float32+float32,2048,2048,"[0, 1]",0,0,0,valid,
test,Oil,Test_Images/Oil/00115.tif,Mask/Oil/00115_segmentation.tif,2048,2048,2,float32+float32,2048,2048,"[0, 1]",0,0,0,valid,
test,Oil,Test_Images/Oil/00116.tif,Mask/Oil/00116_segmentation.tif,2048,2048,2,float32+float32,2048,2048,"[0, 1]",0,0,0,valid,
test,Oil,Test_Images/Oil/00117.tif,Mask/Oil/00117_segmentation.tif,2048,2048,2,float32+float32,2048,2048,"[0, 1]",0,0,0,valid,
test,Oil,Test_Images/Oil/00118.tif,Mask/Oil/00118_segmentation.tif,2048,2048,2,float32+float32,2048,2048,"[0, 1]",0,0,0,valid,
test,Oil,Test_Images/Oil/00119.tif,Mask/Oil/00119_segmentation.tif,2048,2048,2,float32+float32,2048,2048,"[0, 1]",0,0,0,valid,
test,Oil,Test_Images/Oil/00120.tif,Mask/Oil/00120_segmentation.tif,2048,2048,2,float32+float32,2048,2048,"[0, 1]",0,0,0,valid,
test,Oil,Test_Images/Oil/00121.tif,Mask/Oil/00121_segmentation.tif,2048,2048,2,float32+float32,2048,2048,"[0, 1]",0,0,0,valid,
test,Oil,Test_Images/Oil/00122.tif,Mask/Oil/00122_segmentation.tif,2048,2048,2,float32+float32,2048,2048,"[0, 1]",0,0,0,valid,
test,Oil,Test_Images/Oil/00123.tif,Mask/Oil/00123_segmentation.tif,2048,2048,2,float32+float32,2048,2048,"[0, 1]",0,0,0,valid,
test,Oil,Test_Images/Oil/00124.tif,Mask/Oil/00124_segmentation.tif,2048,2048,2,float32+float32,2048,2048,"[0, 1]",0,0,0,valid,
test,Oil,Test_Images/Oil/00125.tif,Mask/Oil/00125_segmentation.tif,2048,2048,2,float32+float32,2048,2048,"[0, 1]",0,0,0,valid,
test,Oil,Test_Images/Oil/00126.tif,Mask/Oil/00126_segmentation.tif,2048,2048,2,float32+float32,2048,2048,"[0, 1]",0,0,0,valid,
test,Oil,Test_Images/Oil/00127.tif,Mask/Oil/00127_segmentation.tif,2048,2048,2,float32+float32,2048,2048,"[0, 1]",0,0,0,valid,
test,Oil,Test_Images/Oil/00128.tif,Mask/Oil/00128_segmentation.tif,2048,2048,2,float32+float32,2048,2048,"[0, 1]",0,0,0,valid,
test,Oil,Test_Images/Oil/00129.tif,Mask/Oil/00129_segmentation.tif,2048,2048,2,float32+float32,2048,2048,"[0, 1]",0,0,0,valid,
test,Oil,Test_Images/Oil/00130.tif,Mask/Oil/00130_segmentation.tif,2048,2048,2,float32+float32,2048,2048,"[0, 1]",0,0,0,valid,
test,Oil,Test_Images/Oil/00131.tif,Mask/Oil/00131_segmentation.tif,2048,2048,2,float32+float32,2048,2048,"[0, 1]",0,0,0,valid,
test,Oil,Test_Images/Oil/00132.tif,Mask/Oil/00132_segmentation.tif,2048,2048,2,float32+float32,2048,2048,"[0, 1]",0,0,0,valid,
test,Oil,Test_Images/Oil/00133.tif,Mask/Oil/00133_segmentation.tif,2048,2048,2,float32+float32,2048,2048,"[0, 1]",0,0,0,valid,
test,Oil,Test_Images/Oil/00134.tif,Mask/Oil/00134_segmentation.tif,2048,2048,2,float32+float32,2048,2048,"[0, 1]",0,0,0,valid,
test,Oil,Test_Images/Oil/00135.tif,Mask/Oil/00135_segmentation.tif,2048,2048,2,float32+float32,2048,2048,"[0, 1]",0,0,0,valid,
test,Oil,Test_Images/Oil/00136.tif,Mask/Oil/00136_segmentation.tif,2048,2048,2,float32+float32,2048,2048,"[0, 1]",0,0,0,valid,
test,Oil,Test_Images/Oil/00137.tif,Mask/Oil/00137_segmentation.tif,2048,2048,2,float32+float32,2048,2048,"[0, 1]",0,0,0,valid,
test,Oil,Test_Images/Oil/00138.tif,Mask/Oil/00138_segmentation.tif,2048,2048,2,float32+float32,2048,2048,"[0, 1]",0,0,0,valid,
test,Oil,Test_Images/Oil/00139.tif,Mask/Oil/00139_segmentation.tif,2048,2048,2,float32+float32,2048,2048,"[0, 1]",0,0,0,valid,
test,Oil,Test_Images/Oil/00140.tif,Mask/Oil/00140_segmentation.tif,2048,2048,2,float32+float32,2048,2048,"[0, 1]",0,0,0,valid,
test,Oil,Test_Images/Oil/00141.tif,Mask/Oil/00141_segmentation.tif,2048,2048,2,float32+float32,2048,2048,"[0, 1]",0,0,0,valid,
test,Oil,Test_Images/Oil/00142.tif,Mask/Oil/00142_segmentation.tif,2048,2048,2,float32+float32,2048,2048,"[0, 1]",0,0,0,valid,
test,Oil,Test_Images/Oil/00143.tif,Mask/Oil/00143_segmentation.tif,2048,2048,2,float32+float32,2048,2048,"[0, 1]",0,0,0,valid,
test,Oil,Test_Images/Oil/00144.tif,Mask/Oil/00144_segmentation.tif,2048,2048,2,float32+float32,2048,2048,"[0, 1]",0,0,0,valid,
test,Oil,Test_Images/Oil/00145.tif,Mask/Oil/00145_segmentation.tif,2048,2048,2,float32+float32,2048,2048,"[0, 1]",0,0,0,valid,
test,Oil,Test_Images/Oil/00146.tif,Mask/Oil/00146_segmentation.tif,2048,2048,2,float32+float32,2048,2048,"[0, 1]",0,0,0,valid,
test,Oil,Test_Images/Oil/00147.tif,Mask/Oil/00147_segmentation.tif,2048,2048,2,float32+float32,2048,2048,"[0, 1]",0,0,0,valid,
test,Oil,Test_Images/Oil/00148.tif,Mask/Oil/00148_segmentation.tif,2048,2048,2,float32+float32,2048,2048,"[0, 1]",0,0,0,valid,
test,Oil,Test_Images/Oil/00149.tif,Mask/Oil/00149_segmentation.tif,2048,2048,2,float32+float32,2048,2048,"[0, 1]",0,0,0,valid,
test,No_oil,Test_Images/No oil/00000.tif,Mask/No oil/00000_segmentation.tif,2048,2048,2,float32+float32,2048,2048,[0],0,0,0,valid,
test,No_oil,Test_Images/No oil/00001.tif,Mask/No oil/00001_segmentation.tif,2048,2048,2,float32+float32,2048,2048,[0],0,0,0,valid,
test,No_oil,Test_Images/No oil/00002.tif,Mask/No oil/00002_segmentation.tif,2048,2048,2,float32+float32,2048,2048,[0],0,0,0,valid,
test,No_oil,Test_Images/No oil/00003.tif,Mask/No oil/00003_segmentation.tif,2048,2048,2,float32+float32,2048,2048,[0],0,0,0,valid,
test,No_oil,Test_Images/No oil/00004.tif,Mask/No oil/00004_segmentation.tif,2048,2048,2,float32+float32,2048,2048,[0],0,0,0,valid,
test,No_oil,Test_Images/No oil/00005.tif,Mask/No oil/00005_segmentation.tif,2048,2048,2,float32+float32,2048,2048,[0],0,0,0,valid,
test,No_oil,Test_Images/No oil/00006.tif,Mask/No oil/00006_segmentation.tif,2048,2048,2,float32+float32,2048,2048,[0],0,0,0,valid,
test,No_oil,Test_Images/No oil/00007.tif,Mask/No oil/00007_segmentation.tif,2048,2048,2,float32+float32,2048,2048,[0],0,0,0,valid,
test,No_oil,Test_Images/No oil/00008.tif,Mask/No oil/00008_segmentation.tif,2048,2048,2,float32+float32,2048,2048,[0],0,0,0,valid,
test,No_oil,Test_Images/No oil/00009.tif,Mask/No oil/00009_segmentation.tif,2048,2048,2,float32+float32,2048,2048,[0],0,0,0,valid,
test,No_oil,Test_Images/No oil/00010.tif,Mask/No oil/00010_segmentation.tif,2048,2048,2,float32+float32,2048,2048,[0],0,0,0,valid,
test,No_oil,Test_Images/No oil/00011.tif,Mask/No oil/00011_segmentation.tif,2048,2048,2,float32+float32,2048,2048,[0],0,0,0,valid,
test,No_oil,Test_Images/No oil/00012.tif,Mask/No oil/00012_segmentation.tif,2048,2048,2,float32+float32,2048,2048,[0],0,0,0,valid,
test,No_oil,Test_Images/No oil/00013.tif,Mask/No oil/00013_segmentation.tif,2048,2048,2,float32+float32,2048,2048,[0],0,0,0,valid,
test,No_oil,Test_Images/No oil/00014.tif,Mask/No oil/00014_segmentation.tif,2048,2048,2,float32+float32,2048,2048,[0],0,0,0,valid,
test,No_oil,Test_Images/No oil/00015.tif,Mask/No oil/00015_segmentation.tif,2048,2048,2,float32+float32,2048,2048,[0],0,0,0,valid,
test,No_oil,Test_Images/No oil/00016.tif,Mask/No oil/00016_segmentation.tif,2048,2048,2,float32+float32,2048,2048,[0],0,0,0,valid,
test,No_oil,Test_Images/No oil/00017.tif,Mask/No oil/00017_segmentation.tif,2048,2048,2,float32+float32,2048,2048,[0],0,0,0,valid,
test,No_oil,Test_Images/No oil/00018.tif,Mask/No oil/00018_segmentation.tif,2048,2048,2,float32+float32,2048,2048,[0],0,0,0,valid,
test,No_oil,Test_Images/No oil/00019.tif,Mask/No oil/00019_segmentation.tif,2048,2048,2,float32+float32,2048,2048,[0],0,0,0,valid,
test,No_oil,Test_Images/No oil/00020.tif,Mask/No oil/00020_segmentation.tif,2048,2048,2,float32+float32,2048,2048,[0],0,0,0,valid,
test,No_oil,Test_Images/No oil/00021.tif,Mask/No oil/00021_segmentation.tif,2048,2048,2,float32+float32,2048,2048,[0],0,0,0,valid,
test,No_oil,Test_Images/No oil/00022.tif,Mask/No oil/00022_segmentation.tif,2048,2048,2,float32+float32,2048,2048,[0],0,0,0,valid,
test,No_oil,Test_Images/No oil/00023.tif,Mask/No oil/00023_segmentation.tif,2048,2048,2,float32+float32,2048,2048,[0],0,0,0,valid,
test,No_oil,Test_Images/No oil/00024.tif,Mask/No oil/00024_segmentation.tif,2048,2048,2,float32+float32,2048,2048,[0],0,0,0,valid,
test,No_oil,Test_Images/No oil/00025.tif,Mask/No oil/00025_segmentation.tif,2048,2048,2,float32+float32,2048,2048,[0],0,0,0,valid,
test,No_oil,Test_Images/No oil/00026.tif,Mask/No oil/00026_segmentation.tif,2048,2048,2,float32+float32,2048,2048,[0],0,0,0,valid,
test,No_oil,Test_Images/No oil/00027.tif,Mask/No oil/00027_segmentation.tif,2048,2048,2,float32+float32,2048,2048,[0],0,0,0,valid,
test,No_oil,Test_Images/No oil/00028.tif,Mask/No oil/00028_segmentation.tif,2048,2048,2,float32+float32,2048,2048,[0],0,0,0,valid,
test,No_oil,Test_Images/No oil/00029.tif,Mask/No oil/00029_segmentation.tif,2048,2048,2,float32+float32,2048,2048,[0],0,0,0,valid,
test,No_oil,Test_Images/No oil/00030.tif,Mask/No oil/00030_segmentation.tif,2048,2048,2,float32+float32,2048,2048,[0],0,0,0,valid,
test,No_oil,Test_Images/No oil/00031.tif,Mask/No oil/00031_segmentation.tif,2048,2048,2,float32+float32,2048,2048,[0],0,0,0,valid,
test,No_oil,Test_Images/No oil/00032.tif,Mask/No oil/00032_segmentation.tif,2048,2048,2,float32+float32,2048,2048,[0],0,0,0,valid,
test,No_oil,Test_Images/No oil/00033.tif,Mask/No oil/00033_segmentation.tif,2048,2048,2,float32+float32,2048,2048,[0],0,0,0,valid,
test,No_oil,Test_Images/No oil/00034.tif,Mask/No oil/00034_segmentation.tif,2048,2048,2,float32+float32,2048,2048,[0],0,0,0,valid,
test,No_oil,Test_Images/No oil/00035.tif,Mask/No oil/00035_segmentation.tif,2048,2048,2,float32+float32,2048,2048,[0],0,0,0,valid,
test,No_oil,Test_Images/No oil/00036.tif,Mask/No oil/00036_segmentation.tif,2048,2048,2,float32+float32,2048,2048,[0],0,0,0,valid,
test,No_oil,Test_Images/No oil/00037.tif,Mask/No oil/00037_segmentation.tif,2048,2048,2,float32+float32,2048,2048,[0],0,0,0,valid,
test,No_oil,Test_Images/No oil/00038.tif,Mask/No oil/00038_segmentation.tif,2048,2048,2,float32+float32,2048,2048,[0],0,0,0,valid,
test,No_oil,Test_Images/No oil/00039.tif,Mask/No oil/00039_segmentation.tif,2048,2048,2,float32+float32,2048,2048,[0],0,0,0,valid,
test,No_oil,Test_Images/No oil/00040.tif,Mask/No oil/00040_segmentation.tif,2048,2048,2,float32+float32,2048,2048,[0],0,0,0,valid,
test,No_oil,Test_Images/No oil/00041.tif,Mask/No oil/00041_segmentation.tif,2048,2048,2,float32+float32,2048,2048,[0],0,0,0,valid,
test,No_oil,Test_Images/No oil/00042.tif,Mask/No oil/00042_segmentation.tif,2048,2048,2,float32+float32,2048,2048,[0],0,0,0,valid,
test,No_oil,Test_Images/No oil/00043.tif,Mask/No oil/00043_segmentation.tif,2048,2048,2,float32+float32,2048,2048,[0],0,0,0,valid,
test,No_oil,Test_Images/No oil/00044.tif,Mask/No oil/00044_segmentation.tif,2048,2048,2,float32+float32,2048,2048,[0],0,0,0,valid,
test,No_oil,Test_Images/No oil/00045.tif,Mask/No oil/00045_segmentation.tif,2048,2048,2,float32+float32,2048,2048,[0],0,0,0,valid,
test,No_oil,Test_Images/No oil/00046.tif,Mask/No oil/00046_segmentation.tif,2048,2048,2,float32+float32,2048,2048,[0],0,0,0,valid,
test,No_oil,Test_Images/No oil/00047.tif,Mask/No oil/00047_segmentation.tif,2048,2048,2,float32+float32,2048,2048,[0],0,0,0,valid,
test,No_oil,Test_Images/No oil/00048.tif,Mask/No oil/00048_segmentation.tif,2048,2048,2,float32+float32,2048,2048,[0],0,0,0,valid,
test,No_oil,Test_Images/No oil/00049.tif,Mask/No oil/00049_segmentation.tif,2048,2048,2,float32+float32,2048,2048,[0],0,0,0,valid,
test,No_oil,Test_Images/No oil/00050.tif,Mask/No oil/00050_segmentation.tif,2048,2048,2,float32+float32,2048,2048,[0],0,0,0,valid,
test,No_oil,Test_Images/No oil/00051.tif,Mask/No oil/00051_segmentation.tif,2048,2048,2,float32+float32,2048,2048,[0],0,0,0,valid,
test,No_oil,Test_Images/No oil/00052.tif,Mask/No oil/00052_segmentation.tif,2048,2048,2,float32+float32,2048,2048,[0],0,0,0,valid,
test,No_oil,Test_Images/No oil/00053.tif,Mask/No oil/00053_segmentation.tif,2048,2048,2,float32+float32,2048,2048,[0],0,0,0,valid,
test,No_oil,Test_Images/No oil/00054.tif,Mask/No oil/00054_segmentation.tif,2048,2048,2,float32+float32,2048,2048,[0],0,0,0,valid,
test,No_oil,Test_Images/No oil/00055.tif,Mask/No oil/00055_segmentation.tif,2048,2048,2,float32+float32,2048,2048,[0],0,0,0,valid,
test,No_oil,Test_Images/No oil/00056.tif,Mask/No oil/00056_segmentation.tif,2048,2048,2,float32+float32,2048,2048,[0],0,0,0,valid,
test,No_oil,Test_Images/No oil/00057.tif,Mask/No oil/00057_segmentation.tif,2048,2048,2,float32+float32,2048,2048,[0],0,0,0,valid,
test,No_oil,Test_Images/No oil/00058.tif,Mask/No oil/00058_segmentation.tif,2048,2048,2,float32+float32,2048,2048,[0],0,0,0,valid,
test,No_oil,Test_Images/No oil/00059.tif,Mask/No oil/00059_segmentation.tif,2048,2048,2,float32+float32,2048,2048,[0],0,0,0,valid,
test,No_oil,Test_Images/No oil/00060.tif,Mask/No oil/00060_segmentation.tif,2048,2048,2,float32+float32,2048,2048,[0],0,0,0,valid,
test,No_oil,Test_Images/No oil/00061.tif,Mask/No oil/00061_segmentation.tif,2048,2048,2,float32+float32,2048,2048,[0],0,0,0,valid,
test,No_oil,Test_Images/No oil/00062.tif,Mask/No oil/00062_segmentation.tif,2048,2048,2,float32+float32,2048,2048,[0],0,0,0,valid,
test,No_oil,Test_Images/No oil/00063.tif,Mask/No oil/00063_segmentation.tif,2048,2048,2,float32+float32,2048,2048,[0],0,0,0,valid,
test,No_oil,Test_Images/No oil/00064.tif,Mask/No oil/00064_segmentation.tif,2048,2048,2,float32+float32,2048,2048,[0],0,0,0,valid,
test,No_oil,Test_Images/No oil/00065.tif,Mask/No oil/00065_segmentation.tif,2048,2048,2,float32+float32,2048,2048,[0],0,0,0,valid,
test,No_oil,Test_Images/No oil/00066.tif,Mask/No oil/00066_segmentation.tif,2048,2048,2,float32+float32,2048,2048,[0],0,0,0,valid,
test,No_oil,Test_Images/No oil/00067.tif,Mask/No oil/00067_segmentation.tif,2048,2048,2,float32+float32,2048,2048,[0],0,0,0,valid,
test,No_oil,Test_Images/No oil/00068.tif,Mask/No oil/00068_segmentation.tif,2048,2048,2,float32+float32,2048,2048,[0],0,0,0,valid,
test,No_oil,Test_Images/No oil/00069.tif,Mask/No oil/00069_segmentation.tif,2048,2048,2,float32+float32,2048,2048,[0],0,0,0,valid,
test,No_oil,Test_Images/No oil/00070.tif,Mask/No oil/00070_segmentation.tif,2048,2048,2,float32+float32,2048,2048,[0],0,0,0,valid,
test,No_oil,Test_Images/No oil/00071.tif,Mask/No oil/00071_segmentation.tif,2048,2048,2,float32+float32,2048,2048,[0],0,0,0,valid,
test,No_oil,Test_Images/No oil/00072.tif,Mask/No oil/00072_segmentation.tif,2048,2048,2,float32+float32,2048,2048,[0],0,0,0,valid,
test,No_oil,Test_Images/No oil/00073.tif,Mask/No oil/00073_segmentation.tif,2048,2048,2,float32+float32,2048,2048,[0],0,0,0,valid,
test,No_oil,Test_Images/No oil/00074.tif,Mask/No oil/00074_segmentation.tif,2048,2048,2,float32+float32,2048,2048,[0],0,0,0,valid,
test,No_oil,Test_Images/No oil/00075.tif,Mask/No oil/00075_segmentation.tif,2048,2048,2,float32+float32,2048,2048,[0],0,0,0,valid,
test,No_oil,Test_Images/No oil/00076.tif,Mask/No oil/00076_segmentation.tif,2048,2048,2,float32+float32,2048,2048,[0],0,0,0,valid,
test,No_oil,Test_Images/No oil/00077.tif,Mask/No oil/00077_segmentation.tif,2048,2048,2,float32+float32,2048,2048,[0],0,0,0,valid,
test,No_oil,Test_Images/No oil/00078.tif,Mask/No oil/00078_segmentation.tif,2048,2048,2,float32+float32,2048,2048,[0],0,0,0,valid,
test,No_oil,Test_Images/No oil/00079.tif,Mask/No oil/00079_segmentation.tif,2048,2048,2,float32+float32,2048,2048,[0],0,0,0,valid,
test,No_oil,Test_Images/No oil/00080.tif,Mask/No oil/00080_segmentation.tif,2048,2048,2,float32+float32,2048,2048,[0],0,0,0,valid,
test,No_oil,Test_Images/No oil/00081.tif,Mask/No oil/00081_segmentation.tif,2048,2048,2,float32+float32,2048,2048,[0],0,0,0,valid,
test,No_oil,Test_Images/No oil/00082.tif,Mask/No oil/00082_segmentation.tif,2048,2048,2,float32+float32,2048,2048,[0],0,0,0,valid,
test,No_oil,Test_Images/No oil/00083.tif,Mask/No oil/00083_segmentation.tif,2048,2048,2,float32+float32,2048,2048,[0],0,0,0,valid,
test,No_oil,Test_Images/No oil/00084.tif,Mask/No oil/00084_segmentation.tif,2048,2048,2,float32+float32,2048,2048,[0],0,0,0,valid,
test,No_oil,Test_Images/No oil/00085.tif,Mask/No oil/00085_segmentation.tif,2048,2048,2,float32+float32,2048,2048,[0],0,0,0,valid,
test,No_oil,Test_Images/No oil/00086.tif,Mask/No oil/00086_segmentation.tif,2048,2048,2,float32+float32,2048,2048,[0],0,0,0,valid,
test,No_oil,Test_Images/No oil/00087.tif,Mask/No oil/00087_segmentation.tif,2048,2048,2,float32+float32,2048,2048,[0],0,0,0,valid,
test,No_oil,Test_Images/No oil/00088.tif,Mask/No oil/00088_segmentation.tif,2048,2048,2,float32+float32,2048,2048,[0],0,0,0,valid,
test,No_oil,Test_Images/No oil/00089.tif,Mask/No oil/00089_segmentation.tif,2048,2048,2,float32+float32,2048,2048,[0],0,0,0,valid,
test,No_oil,Test_Images/No oil/00090.tif,Mask/No oil/00090_segmentation.tif,2048,2048,2,float32+float32,2048,2048,[0],0,0,0,valid,
test,No_oil,Test_Images/No oil/00091.tif,Mask/No oil/00091_segmentation.tif,2048,2048,2,float32+float32,2048,2048,[0],0,0,0,valid,
test,No_oil,Test_Images/No oil/00092.tif,Mask/No oil/00092_segmentation.tif,2048,2048,2,float32+float32,2048,2048,[0],0,0,0,valid,
test,No_oil,Test_Images/No oil/00093.tif,Mask/No oil/00093_segmentation.tif,2048,2048,2,float32+float32,2048,2048,[0],0,0,0,valid,
test,No_oil,Test_Images/No oil/00094.tif,Mask/No oil/00094_segmentation.tif,2048,2048,2,float32+float32,2048,2048,[0],0,0,0,valid,
test,No_oil,Test_Images/No oil/00095.tif,Mask/No oil/00095_segmentation.tif,2048,2048,2,float32+float32,2048,2048,[0],0,0,0,valid,
test,No_oil,Test_Images/No oil/00096.tif,Mask/No oil/00096_segmentation.tif,2048,2048,2,float32+float32,2048,2048,[0],0,0,0,valid,
test,No_oil,Test_Images/No oil/00097.tif,Mask/No oil/00097_segmentation.tif,2048,2048,2,float32+float32,2048,2048,[0],0,0,0,valid,
test,No_oil,Test_Images/No oil/00098.tif,Mask/No oil/00098_segmentation.tif,2048,2048,2,float32+float32,2048,2048,[0],0,0,0,valid,
test,No_oil,Test_Images/No oil/00099.tif,Mask/No oil/00099_segmentation.tif,2048,2048,2,float32+float32,2048,2048,[0],0,0,0,valid,
test,No_oil,Test_Images/No oil/00100.tif,Mask/No oil/00100_segmentation.tif,2048,2048,2,float32+float32,2048,2048,[0],0,0,0,valid,
test,No_oil,Test_Images/No oil/00101.tif,Mask/No oil/00101_segmentation.tif,2048,2048,2,float32+float32,2048,2048,[0],0,0,0,valid,
test,No_oil,Test_Images/No oil/00102.tif,Mask/No oil/00102_segmentation.tif,2048,2048,2,float32+float32,2048,2048,[0],0,0,0,valid,
test,No_oil,Test_Images/No oil/00103.tif,Mask/No oil/00103_segmentation.tif,2048,2048,2,float32+float32,2048,2048,[0],0,0,0,valid,
test,No_oil,Test_Images/No oil/00104.tif,Mask/No oil/00104_segmentation.tif,2048,2048,2,float32+float32,2048,2048,[0],0,0,0,valid,
test,No_oil,Test_Images/No oil/00105.tif,Mask/No oil/00105_segmentation.tif,2048,2048,2,float32+float32,2048,2048,[0],0,0,0,valid,
test,No_oil,Test_Images/No oil/00106.tif,Mask/No oil/00106_segmentation.tif,2048,2048,2,float32+float32,2048,2048,[0],0,0,0,valid,
test,No_oil,Test_Images/No oil/00107.tif,Mask/No oil/00107_segmentation.tif,2048,2048,2,float32+float32,2048,2048,[0],0,0,0,valid,
test,No_oil,Test_Images/No oil/00108.tif,Mask/No oil/00108_segmentation.tif,2048,2048,2,float32+float32,2048,2048,[0],0,0,0,valid,
test,No_oil,Test_Images/No oil/00109.tif,Mask/No oil/00109_segmentation.tif,2048,2048,2,float32+float32,2048,2048,[0],0,0,0,valid,
test,No_oil,Test_Images/No oil/00110.tif,Mask/No oil/00110_segmentation.tif,2048,2048,2,float32+float32,2048,2048,[0],0,0,0,valid,
test,No_oil,Test_Images/No oil/00111.tif,Mask/No oil/00111_segmentation.tif,2048,2048,2,float32+float32,2048,2048,[0],0,0,0,valid,
test,No_oil,Test_Images/No oil/00112.tif,Mask/No oil/00112_segmentation.tif,2048,2048,2,float32+float32,2048,2048,[0],0,0,0,valid,
test,No_oil,Test_Images/No oil/00113.tif,Mask/No oil/00113_segmentation.tif,2048,2048,2,float32+float32,2048,2048,[0],0,0,0,valid,
test,No_oil,Test_Images/No oil/00114.tif,Mask/No oil/00114_segmentation.tif,2048,2048,2,float32+float32,2048,2048,[0],0,0,0,valid,
test,No_oil,Test_Images/No oil/00115.tif,Mask/No oil/00115_segmentation.tif,2048,2048,2,float32+float32,2048,2048,[0],0,0,0,valid,
test,No_oil,Test_Images/No oil/00116.tif,Mask/No oil/00116_segmentation.tif,2048,2048,2,float32+float32,2048,2048,[0],0,0,0,valid,
test,No_oil,Test_Images/No oil/00117.tif,Mask/No oil/00117_segmentation.tif,2048,2048,2,float32+float32,2048,2048,[0],0,0,0,valid,
test,No_oil,Test_Images/No oil/00118.tif,Mask/No oil/00118_segmentation.tif,2048,2048,2,float32+float32,2048,2048,[0],0,0,0,valid,
test,No_oil,Test_Images/No oil/00119.tif,Mask/No oil/00119_segmentation.tif,2048,2048,2,float32+float32,2048,2048,[0],0,0,0,valid,
test,No_oil,Test_Images/No oil/00120.tif,Mask/No oil/00120_segmentation.tif,2048,2048,2,float32+float32,2048,2048,[0],0,0,0,valid,
test,No_oil,Test_Images/No oil/00121.tif,Mask/No oil/00121_segmentation.tif,2048,2048,2,float32+float32,2048,2048,[0],0,0,0,valid,
test,No_oil,Test_Images/No oil/00122.tif,Mask/No oil/00122_segmentation.tif,2048,2048,2,float32+float32,2048,2048,[0],0,0,0,valid,
test,No_oil,Test_Images/No oil/00123.tif,Mask/No oil/00123_segmentation.tif,2048,2048,2,float32+float32,2048,2048,[0],0,0,0,valid,
test,No_oil,Test_Images/No oil/00124.tif,Mask/No oil/00124_segmentation.tif,2048,2048,2,float32+float32,2048,2048,[0],0,0,0,valid,
test,No_oil,Test_Images/No oil/00125.tif,Mask/No oil/00125_segmentation.tif,2048,2048,2,float32+float32,2048,2048,[0],0,0,0,valid,
test,No_oil,Test_Images/No oil/00126.tif,Mask/No oil/00126_segmentation.tif,2048,2048,2,float32+float32,2048,2048,[0],0,0,0,valid,
test,No_oil,Test_Images/No oil/00127.tif,Mask/No oil/00127_segmentation.tif,2048,2048,2,float32+float32,2048,2048,[0],0,0,0,valid,
test,No_oil,Test_Images/No oil/00128.tif,Mask/No oil/00128_segmentation.tif,2048,2048,2,float32+float32,2048,2048,[0],0,0,0,valid,
test,No_oil,Test_Images/No oil/00129.tif,Mask/No oil/00129_segmentation.tif,2048,2048,2,float32+float32,2048,2048,[0],0,0,0,valid,
test,No_oil,Test_Images/No oil/00130.tif,Mask/No oil/00130_segmentation.tif,2048,2048,2,float32+float32,2048,2048,[0],0,0,0,valid,
test,No_oil,Test_Images/No oil/00131.tif,Mask/No oil/00131_segmentation.tif,2048,2048,2,float32+float32,2048,2048,[0],0,0,0,valid,
test,No_oil,Test_Images/No oil/00132.tif,Mask/No oil/00132_segmentation.tif,2048,2048,2,float32+float32,2048,2048,[0],0,0,0,valid,
test,No_oil,Test_Images/No oil/00133.tif,Mask/No oil/00133_segmentation.tif,2048,2048,2,float32+float32,2048,2048,[0],0,0,0,valid,
test,No_oil,Test_Images/No oil/00134.tif,Mask/No oil/00134_segmentation.tif,2048,2048,2,float32+float32,2048,2048,[0],0,0,0,valid,
test,No_oil,Test_Images/No oil/00135.tif,Mask/No oil/00135_segmentation.tif,2048,2048,2,float32+float32,2048,2048,[0],0,0,0,valid,
test,No_oil,Test_Images/No oil/00136.tif,Mask/No oil/00136_segmentation.tif,2048,2048,2,float32+float32,2048,2048,[0],0,0,0,valid,
test,No_oil,Test_Images/No oil/00137.tif,Mask/No oil/00137_segmentation.tif,2048,2048,2,float32+float32,2048,2048,[0],0,0,0,valid,
test,No_oil,Test_Images/No oil/00138.tif,Mask/No oil/00138_segmentation.tif,2048,2048,2,float32+float32,2048,2048,[0],0,0,0,valid,
test,No_oil,Test_Images/No oil/00139.tif,Mask/No oil/00139_segmentation.tif,2048,2048,2,float32+float32,2048,2048,[0],0,0,0,valid,
test,No_oil,Test_Images/No oil/00140.tif,Mask/No oil/00140_segmentation.tif,2048,2048,2,float32+float32,2048,2048,[0],0,0,0,valid,
test,No_oil,Test_Images/No oil/00141.tif,Mask/No oil/00141_segmentation.tif,2048,2048,2,float32+float32,2048,2048,[0],0,0,0,valid,
test,No_oil,Test_Images/No oil/00142.tif,Mask/No oil/00142_segmentation.tif,2048,2048,2,float32+float32,2048,2048,[0],0,0,0,valid,
test,No_oil,Test_Images/No oil/00143.tif,Mask/No oil/00143_segmentation.tif,2048,2048,2,float32+float32,2048,2048,[0],0,0,0,valid,
test,No_oil,Test_Images/No oil/00144.tif,Mask/No oil/00144_segmentation.tif,2048,2048,2,float32+float32,2048,2048,[0],0,0,0,valid,
test,No_oil,Test_Images/No oil/00145.tif,Mask/No oil/00145_segmentation.tif,2048,2048,2,float32+float32,2048,2048,[0],0,0,0,valid,
test,No_oil,Test_Images/No oil/00146.tif,Mask/No oil/00146_segmentation.tif,2048,2048,2,float32+float32,2048,2048,[0],0,0,0,valid,
test,No_oil,Test_Images/No oil/00147.tif,Mask/No oil/00147_segmentation.tif,2048,2048,2,float32+float32,2048,2048,[0],0,0,0,valid,
test,No_oil,Test_Images/No oil/00148.tif,Mask/No oil/00148_segmentation.tif,2048,2048,2,float32+float32,2048,2048,[0],0,0,0,valid,
test,No_oil,Test_Images/No oil/00149.tif,Mask/No oil/00149_segmentation.tif,2048,2048,2,float32+float32,2048,2048,[0],0,0,0,valid,
test,Lookalike,Test_Images/Lookalike/00000.tif,Mask/Lookalike/00000_segmentation.tif,2048,2048,2,float32+float32,2048,2048,[0],0,0,0,valid,
test,Lookalike,Test_Images/Lookalike/00001.tif,Mask/Lookalike/00001_segmentation.tif,2048,2048,2,float32+float32,2048,2048,[0],0,0,0,valid,
test,Lookalike,Test_Images/Lookalike/00002.tif,Mask/Lookalike/00002_segmentation.tif,2048,2048,2,float32+float32,2048,2048,[0],0,0,0,valid,
test,Lookalike,Test_Images/Lookalike/00003.tif,Mask/Lookalike/00003_segmentation.tif,2048,2048,2,float32+float32,2048,2048,[0],0,0,0,valid,
test,Lookalike,Test_Images/Lookalike/00004.tif,Mask/Lookalike/00004_segmentation.tif,2048,2048,2,float32+float32,2048,2048,[0],0,0,0,valid,
test,Lookalike,Test_Images/Lookalike/00005.tif,Mask/Lookalike/00005_segmentation.tif,2048,2048,2,float32+float32,2048,2048,[0],0,0,0,valid,
test,Lookalike,Test_Images/Lookalike/00006.tif,Mask/Lookalike/00006_segmentation.tif,2048,2048,2,float32+float32,2048,2048,[0],0,0,0,valid,
test,Lookalike,Test_Images/Lookalike/00007.tif,Mask/Lookalike/00007_segmentation.tif,2048,2048,2,float32+float32,2048,2048,[0],0,0,0,valid,
test,Lookalike,Test_Images/Lookalike/00008.tif,Mask/Lookalike/00008_segmentation.tif,2048,2048,2,float32+float32,2048,2048,[0],0,0,0,valid,
test,Lookalike,Test_Images/Lookalike/00009.tif,Mask/Lookalike/00009_segmentation.tif,2048,2048,2,float32+float32,2048,2048,[0],0,0,0,valid,
test,Lookalike,Test_Images/Lookalike/00010.tif,Mask/Lookalike/00010_segmentation.tif,2048,2048,2,float32+float32,2048,2048,[0],0,0,0,valid,
test,Lookalike,Test_Images/Lookalike/00011.tif,Mask/Lookalike/00011_segmentation.tif,2048,2048,2,float32+float32,2048,2048,[0],0,0,0,valid,
test,Lookalike,Test_Images/Lookalike/00012.tif,Mask/Lookalike/00012_segmentation.tif,2048,2048,2,float32+float32,2048,2048,[0],0,0,0,valid,
test,Lookalike,Test_Images/Lookalike/00013.tif,Mask/Lookalike/00013_segmentation.tif,2048,2048,2,float32+float32,2048,2048,[0],0,0,0,valid,
test,Lookalike,Test_Images/Lookalike/00014.tif,Mask/Lookalike/00014_segmentation.tif,2048,2048,2,float32+float32,2048,2048,[0],0,0,0,valid,
test,Lookalike,Test_Images/Lookalike/00015.tif,Mask/Lookalike/00015_segmentation.tif,2048,2048,2,float32+float32,2048,2048,[0],0,0,0,valid,
test,Lookalike,Test_Images/Lookalike/00016.tif,Mask/Lookalike/00016_segmentation.tif,2048,2048,2,float32+float32,2048,2048,[0],0,0,0,valid,
test,Lookalike,Test_Images/Lookalike/00017.tif,Mask/Lookalike/00017_segmentation.tif,2048,2048,2,float32+float32,2048,2048,[0],0,0,0,valid,
test,Lookalike,Test_Images/Lookalike/00018.tif,Mask/Lookalike/00018_segmentation.tif,2048,2048,2,float32+float32,2048,2048,[0],0,0,0,valid,
test,Lookalike,Test_Images/Lookalike/00019.tif,Mask/Lookalike/00019_segmentation.tif,2048,2048,2,float32+float32,2048,2048,[0],0,0,0,valid,
test,Lookalike,Test_Images/Lookalike/00020.tif,Mask/Lookalike/00020_segmentation.tif,2048,2048,2,float32+float32,2048,2048,[0],0,0,0,valid,
test,Lookalike,Test_Images/Lookalike/00021.tif,Mask/Lookalike/00021_segmentation.tif,2048,2048,2,float32+float32,2048,2048,[0],0,0,0,valid,
test,Lookalike,Test_Images/Lookalike/00022.tif,Mask/Lookalike/00022_segmentation.tif,2048,2048,2,float32+float32,2048,2048,[0],0,0,0,valid,
test,Lookalike,Test_Images/Lookalike/00023.tif,Mask/Lookalike/00023_segmentation.tif,2048,2048,2,float32+float32,2048,2048,[0],0,0,0,valid,
test,Lookalike,Test_Images/Lookalike/00024.tif,Mask/Lookalike/00024_segmentation.tif,2048,2048,2,float32+float32,2048,2048,[0],0,0,0,valid,
test,Lookalike,Test_Images/Lookalike/00025.tif,Mask/Lookalike/00025_segmentation.tif,2048,2048,2,float32+float32,2048,2048,[0],0,0,0,valid,
test,Lookalike,Test_Images/Lookalike/00026.tif,Mask/Lookalike/00026_segmentation.tif,2048,2048,2,float32+float32,2048,2048,[0],0,0,0,valid,
test,Lookalike,Test_Images/Lookalike/00027.tif,Mask/Lookalike/00027_segmentation.tif,2048,2048,2,float32+float32,2048,2048,[0],0,0,0,valid,
test,Lookalike,Test_Images/Lookalike/00028.tif,Mask/Lookalike/00028_segmentation.tif,2048,2048,2,float32+float32,2048,2048,[0],0,0,0,valid,
test,Lookalike,Test_Images/Lookalike/00029.tif,Mask/Lookalike/00029_segmentation.tif,2048,2048,2,float32+float32,2048,2048,[0],0,0,0,valid,
test,Lookalike,Test_Images/Lookalike/00030.tif,Mask/Lookalike/00030_segmentation.tif,2048,2048,2,float32+float32,2048,2048,[0],0,0,0,valid,
test,Lookalike,Test_Images/Lookalike/00031.tif,Mask/Lookalike/00031_segmentation.tif,2048,2048,2,float32+float32,2048,2048,[0],0,0,0,valid,
test,Lookalike,Test_Images/Lookalike/00032.tif,Mask/Lookalike/00032_segmentation.tif,2048,2048,2,float32+float32,2048,2048,[0],0,0,0,valid,
test,Lookalike,Test_Images/Lookalike/00033.tif,Mask/Lookalike/00033_segmentation.tif,2048,2048,2,float32+float32,2048,2048,[0],0,0,0,valid,
test,Lookalike,Test_Images/Lookalike/00034.tif,Mask/Lookalike/00034_segmentation.tif,2048,2048,2,float32+float32,2048,2048,[0],0,0,0,valid,
test,Lookalike,Test_Images/Lookalike/00035.tif,Mask/Lookalike/00035_segmentation.tif,2048,2048,2,float32+float32,2048,2048,[0],0,0,0,valid,
test,Lookalike,Test_Images/Lookalike/00036.tif,Mask/Lookalike/00036_segmentation.tif,2048,2048,2,float32+float32,2048,2048,[0],0,0,0,valid,
test,Lookalike,Test_Images/Lookalike/00037.tif,Mask/Lookalike/00037_segmentation.tif,2048,2048,2,float32+float32,2048,2048,[0],0,0,0,valid,
test,Lookalike,Test_Images/Lookalike/00038.tif,Mask/Lookalike/00038_segmentation.tif,2048,2048,2,float32+float32,2048,2048,[0],0,0,0,valid,
test,Lookalike,Test_Images/Lookalike/00039.tif,Mask/Lookalike/00039_segmentation.tif,2048,2048,2,float32+float32,2048,2048,[0],0,0,0,valid,
test,Lookalike,Test_Images/Lookalike/00040.tif,Mask/Lookalike/00040_segmentation.tif,2048,2048,2,float32+float32,2048,2048,[0],0,0,0,valid,
test,Lookalike,Test_Images/Lookalike/00041.tif,Mask/Lookalike/00041_segmentation.tif,2048,2048,2,float32+float32,2048,2048,[0],0,0,0,valid,
test,Lookalike,Test_Images/Lookalike/00042.tif,Mask/Lookalike/00042_segmentation.tif,2048,2048,2,float32+float32,2048,2048,[0],0,0,0,valid,
test,Lookalike,Test_Images/Lookalike/00043.tif,Mask/Lookalike/00043_segmentation.tif,2048,2048,2,float32+float32,2048,2048,[0],0,0,0,valid,
test,Lookalike,Test_Images/Lookalike/00044.tif,Mask/Lookalike/00044_segmentation.tif,2048,2048,2,float32+float32,2048,2048,[0],0,0,0,valid,
test,Lookalike,Test_Images/Lookalike/00045.tif,Mask/Lookalike/00045_segmentation.tif,2048,2048,2,float32+float32,2048,2048,[0],0,0,0,valid,
test,Lookalike,Test_Images/Lookalike/00046.tif,Mask/Lookalike/00046_segmentation.tif,2048,2048,2,float32+float32,2048,2048,[0],0,0,0,valid,
test,Lookalike,Test_Images/Lookalike/00047.tif,Mask/Lookalike/00047_segmentation.tif,2048,2048,2,float32+float32,2048,2048,[0],0,0,0,valid,
test,Lookalike,Test_Images/Lookalike/00048.tif,Mask/Lookalike/00048_segmentation.tif,2048,2048,2,float32+float32,2048,2048,[0],0,0,0,valid,
test,Lookalike,Test_Images/Lookalike/00049.tif,Mask/Lookalike/00049_segmentation.tif,2048,2048,2,float32+float32,2048,2048,[0],0,0,0,valid,
test,Lookalike,Test_Images/Lookalike/00050.tif,Mask/Lookalike/00050_segmentation.tif,2048,2048,2,float32+float32,2048,2048,[0],0,0,0,valid,
test,Lookalike,Test_Images/Lookalike/00051.tif,Mask/Lookalike/00051_segmentation.tif,2048,2048,2,float32+float32,2048,2048,[0],0,0,0,valid,
test,Lookalike,Test_Images/Lookalike/00052.tif,Mask/Lookalike/00052_segmentation.tif,2048,2048,2,float32+float32,2048,2048,[0],0,0,0,valid,
test,Lookalike,Test_Images/Lookalike/00053.tif,Mask/Lookalike/00053_segmentation.tif,2048,2048,2,float32+float32,2048,2048,[0],0,0,0,valid,
test,Lookalike,Test_Images/Lookalike/00054.tif,Mask/Lookalike/00054_segmentation.tif,2048,2048,2,float32+float32,2048,2048,[0],0,0,0,valid,
test,Lookalike,Test_Images/Lookalike/00055.tif,Mask/Lookalike/00055_segmentation.tif,2048,2048,2,float32+float32,2048,2048,[0],0,0,0,valid,
test,Lookalike,Test_Images/Lookalike/00056.tif,Mask/Lookalike/00056_segmentation.tif,2048,2048,2,float32+float32,2048,2048,[0],0,0,0,valid,
test,Lookalike,Test_Images/Lookalike/00057.tif,Mask/Lookalike/00057_segmentation.tif,2048,2048,2,float32+float32,2048,2048,[0],0,0,0,valid,
test,Lookalike,Test_Images/Lookalike/00058.tif,Mask/Lookalike/00058_segmentation.tif,2048,2048,2,float32+float32,2048,2048,[0],0,0,0,valid,
test,Lookalike,Test_Images/Lookalike/00059.tif,Mask/Lookalike/00059_segmentation.tif,2048,2048,2,float32+float32,2048,2048,[0],0,0,0,valid,
test,Lookalike,Test_Images/Lookalike/00060.tif,Mask/Lookalike/00060_segmentation.tif,2048,2048,2,float32+float32,2048,2048,[0],0,0,0,valid,
test,Lookalike,Test_Images/Lookalike/00061.tif,Mask/Lookalike/00061_segmentation.tif,2048,2048,2,float32+float32,2048,2048,[0],0,0,0,valid,
test,Lookalike,Test_Images/Lookalike/00062.tif,Mask/Lookalike/00062_segmentation.tif,2048,2048,2,float32+float32,2048,2048,[0],0,0,0,valid,
test,Lookalike,Test_Images/Lookalike/00063.tif,Mask/Lookalike/00063_segmentation.tif,2048,2048,2,float32+float32,2048,2048,[0],0,0,0,valid,
test,Lookalike,Test_Images/Lookalike/00064.tif,Mask/Lookalike/00064_segmentation.tif,2048,2048,2,float32+float32,2048,2048,[0],0,0,0,valid,
test,Lookalike,Test_Images/Lookalike/00065.tif,Mask/Lookalike/00065_segmentation.tif,2048,2048,2,float32+float32,2048,2048,[0],0,0,0,valid,
test,Lookalike,Test_Images/Lookalike/00066.tif,Mask/Lookalike/00066_segmentation.tif,2048,2048,2,float32+float32,2048,2048,[0],0,0,0,valid,
test,Lookalike,Test_Images/Lookalike/00067.tif,Mask/Lookalike/00067_segmentation.tif,2048,2048,2,float32+float32,2048,2048,[0],0,0,0,valid,
test,Lookalike,Test_Images/Lookalike/00068.tif,Mask/Lookalike/00068_segmentation.tif,2048,2048,2,float32+float32,2048,2048,[0],0,0,0,valid,
test,Lookalike,Test_Images/Lookalike/00069.tif,Mask/Lookalike/00069_segmentation.tif,2048,2048,2,float32+float32,2048,2048,[0],0,0,0,valid,
test,Lookalike,Test_Images/Lookalike/00070.tif,Mask/Lookalike/00070_segmentation.tif,2048,2048,2,float32+float32,2048,2048,[0],0,0,0,valid,
test,Lookalike,Test_Images/Lookalike/00071.tif,Mask/Lookalike/00071_segmentation.tif,2048,2048,2,float32+float32,2048,2048,[0],0,0,0,valid,
test,Lookalike,Test_Images/Lookalike/00072.tif,Mask/Lookalike/00072_segmentation.tif,2048,2048,2,float32+float32,2048,2048,[0],0,0,0,valid,
test,Lookalike,Test_Images/Lookalike/00073.tif,Mask/Lookalike/00073_segmentation.tif,2048,2048,2,float32+float32,2048,2048,[0],0,0,0,valid,
test,Lookalike,Test_Images/Lookalike/00074.tif,Mask/Lookalike/00074_segmentation.tif,2048,2048,2,float32+float32,2048,2048,[0],0,0,0,valid,
test,Lookalike,Test_Images/Lookalike/00075.tif,Mask/Lookalike/00075_segmentation.tif,2048,2048,2,float32+float32,2048,2048,[0],0,0,0,valid,
test,Lookalike,Test_Images/Lookalike/00076.tif,Mask/Lookalike/00076_segmentation.tif,2048,2048,2,float32+float32,2048,2048,[0],0,0,0,valid,
test,Lookalike,Test_Images/Lookalike/00077.tif,Mask/Lookalike/00077_segmentation.tif,2048,2048,2,float32+float32,2048,2048,[0],0,0,0,valid,
test,Lookalike,Test_Images/Lookalike/00078.tif,Mask/Lookalike/00078_segmentation.tif,2048,2048,2,float32+float32,2048,2048,[0],0,0,0,valid,
test,Lookalike,Test_Images/Lookalike/00079.tif,Mask/Lookalike/00079_segmentation.tif,2048,2048,2,float32+float32,2048,2048,[0],0,0,0,valid,
test,Lookalike,Test_Images/Lookalike/00080.tif,Mask/Lookalike/00080_segmentation.tif,2048,2048,2,float32+float32,2048,2048,[0],0,0,0,valid,
test,Lookalike,Test_Images/Lookalike/00081.tif,Mask/Lookalike/00081_segmentation.tif,2048,2048,2,float32+float32,2048,2048,[0],0,0,0,valid,
test,Lookalike,Test_Images/Lookalike/00082.tif,Mask/Lookalike/00082_segmentation.tif,2048,2048,2,float32+float32,2048,2048,[0],0,0,0,valid,
test,Lookalike,Test_Images/Lookalike/00083.tif,Mask/Lookalike/00083_segmentation.tif,2048,2048,2,float32+float32,2048,2048,[0],0,0,0,valid,
test,Lookalike,Test_Images/Lookalike/00084.tif,Mask/Lookalike/00084_segmentation.tif,2048,2048,2,float32+float32,2048,2048,[0],0,0,0,valid,
test,Lookalike,Test_Images/Lookalike/00085.tif,Mask/Lookalike/00085_segmentation.tif,2048,2048,2,float32+float32,2048,2048,[0],0,0,0,valid,
test,Lookalike,Test_Images/Lookalike/00086.tif,Mask/Lookalike/00086_segmentation.tif,2048,2048,2,float32+float32,2048,2048,[0],0,0,0,valid,
test,Lookalike,Test_Images/Lookalike/00087.tif,Mask/Lookalike/00087_segmentation.tif,2048,2048,2,float32+float32,2048,2048,[0],0,0,0,valid,
test,Lookalike,Test_Images/Lookalike/00088.tif,Mask/Lookalike/00088_segmentation.tif,2048,2048,2,float32+float32,2048,2048,[0],0,0,0,valid,
test,Lookalike,Test_Images/Lookalike/00089.tif,Mask/Lookalike/00089_segmentation.tif,2048,2048,2,float32+float32,2048,2048,[0],0,0,0,valid,
test,Lookalike,Test_Images/Lookalike/00090.tif,Mask/Lookalike/00090_segmentation.tif,2048,2048,2,float32+float32,2048,2048,[0],0,0,0,valid,
test,Lookalike,Test_Images/Lookalike/00091.tif,Mask/Lookalike/00091_segmentation.tif,2048,2048,2,float32+float32,2048,2048,[0],0,0,0,valid,
test,Lookalike,Test_Images/Lookalike/00092.tif,Mask/Lookalike/00092_segmentation.tif,2048,2048,2,float32+float32,2048,2048,[0],0,0,0,valid,
test,Lookalike,Test_Images/Lookalike/00093.tif,Mask/Lookalike/00093_segmentation.tif,2048,2048,2,float32+float32,2048,2048,[0],0,0,0,valid,
test,Lookalike,Test_Images/Lookalike/00094.tif,Mask/Lookalike/00094_segmentation.tif,2048,2048,2,float32+float32,2048,2048,[0],0,0,0,valid,
test,Lookalike,Test_Images/Lookalike/00095.tif,Mask/Lookalike/00095_segmentation.tif,2048,2048,2,float32+float32,2048,2048,[0],0,0,0,valid,
test,Lookalike,Test_Images/Lookalike/00096.tif,Mask/Lookalike/00096_segmentation.tif,2048,2048,2,float32+float32,2048,2048,[0],0,0,0,valid,
test,Lookalike,Test_Images/Lookalike/00097.tif,Mask/Lookalike/00097_segmentation.tif,2048,2048,2,float32+float32,2048,2048,[0],0,0,0,valid,
test,Lookalike,Test_Images/Lookalike/00098.tif,Mask/Lookalike/00098_segmentation.tif,2048,2048,2,float32+float32,2048,2048,[0],0,0,0,valid,
test,Lookalike,Test_Images/Lookalike/00099.tif,Mask/Lookalike/00099_segmentation.tif,2048,2048,2,float32+float32,2048,2048,[0],0,0,0,valid,
test,Lookalike,Test_Images/Lookalike/00100.tif,Mask/Lookalike/00100_segmentation.tif,2048,2048,2,float32+float32,2048,2048,[0],0,0,0,valid,
test,Lookalike,Test_Images/Lookalike/00101.tif,Mask/Lookalike/00101_segmentation.tif,2048,2048,2,float32+float32,2048,2048,[0],0,0,0,valid,
test,Lookalike,Test_Images/Lookalike/00102.tif,Mask/Lookalike/00102_segmentation.tif,2048,2048,2,float32+float32,2048,2048,[0],0,0,0,valid,
test,Lookalike,Test_Images/Lookalike/00103.tif,Mask/Lookalike/00103_segmentation.tif,2048,2048,2,float32+float32,2048,2048,[0],0,0,0,valid,
test,Lookalike,Test_Images/Lookalike/00104.tif,Mask/Lookalike/00104_segmentation.tif,2048,2048,2,float32+float32,2048,2048,[0],0,0,0,valid,
test,Lookalike,Test_Images/Lookalike/00105.tif,Mask/Lookalike/00105_segmentation.tif,2048,2048,2,float32+float32,2048,2048,[0],0,0,0,valid,
test,Lookalike,Test_Images/Lookalike/00106.tif,Mask/Lookalike/00106_segmentation.tif,2048,2048,2,float32+float32,2048,2048,[0],0,0,0,valid,
test,Lookalike,Test_Images/Lookalike/00107.tif,Mask/Lookalike/00107_segmentation.tif,2048,2048,2,float32+float32,2048,2048,[0],0,0,0,valid,
test,Lookalike,Test_Images/Lookalike/00108.tif,Mask/Lookalike/00108_segmentation.tif,2048,2048,2,float32+float32,2048,2048,[0],0,0,0,valid,
test,Lookalike,Test_Images/Lookalike/00109.tif,Mask/Lookalike/00109_segmentation.tif,2048,2048,2,float32+float32,2048,2048,[0],0,0,0,valid,
test,Lookalike,Test_Images/Lookalike/00110.tif,Mask/Lookalike/00110_segmentation.tif,2048,2048,2,float32+float32,2048,2048,[0],0,0,0,valid,
test,Lookalike,Test_Images/Lookalike/00111.tif,Mask/Lookalike/00111_segmentation.tif,2048,2048,2,float32+float32,2048,2048,[0],0,0,0,valid,
test,Lookalike,Test_Images/Lookalike/00112.tif,Mask/Lookalike/00112_segmentation.tif,2048,2048,2,float32+float32,2048,2048,[0],0,0,0,valid,
test,Lookalike,Test_Images/Lookalike/00113.tif,Mask/Lookalike/00113_segmentation.tif,2048,2048,2,float32+float32,2048,2048,[0],0,0,0,valid,
test,Lookalike,Test_Images/Lookalike/00114.tif,Mask/Lookalike/00114_segmentation.tif,2048,2048,2,float32+float32,2048,2048,[0],0,0,0,valid,
test,Lookalike,Test_Images/Lookalike/00115.tif,Mask/Lookalike/00115_segmentation.tif,2048,2048,2,float32+float32,2048,2048,[0],0,0,0,valid,
test,Lookalike,Test_Images/Lookalike/00116.tif,Mask/Lookalike/00116_segmentation.tif,2048,2048,2,float32+float32,2048,2048,[0],0,0,0,valid,
test,Lookalike,Test_Images/Lookalike/00117.tif,Mask/Lookalike/00117_segmentation.tif,2048,2048,2,float32+float32,2048,2048,[0],0,0,0,valid,
test,Lookalike,Test_Images/Lookalike/00118.tif,Mask/Lookalike/00118_segmentation.tif,2048,2048,2,float32+float32,2048,2048,[0],0,0,0,valid,
test,Lookalike,Test_Images/Lookalike/00119.tif,Mask/Lookalike/00119_segmentation.tif,2048,2048,2,float32+float32,2048,2048,[0],0,0,0,valid,
test,Lookalike,Test_Images/Lookalike/00120.tif,Mask/Lookalike/00120_segmentation.tif,2048,2048,2,float32+float32,2048,2048,[0],0,0,0,valid,
test,Lookalike,Test_Images/Lookalike/00121.tif,Mask/Lookalike/00121_segmentation.tif,2048,2048,2,float32+float32,2048,2048,[0],0,0,0,valid,
test,Lookalike,Test_Images/Lookalike/00122.tif,Mask/Lookalike/00122_segmentation.tif,2048,2048,2,float32+float32,2048,2048,[0],0,0,0,valid,
test,Lookalike,Test_Images/Lookalike/00123.tif,Mask/Lookalike/00123_segmentation.tif,2048,2048,2,float32+float32,2048,2048,[0],0,0,0,valid,
test,Lookalike,Test_Images/Lookalike/00124.tif,Mask/Lookalike/00124_segmentation.tif,2048,2048,2,float32+float32,2048,2048,[0],0,0,0,valid,
test,Lookalike,Test_Images/Lookalike/00125.tif,Mask/Lookalike/00125_segmentation.tif,2048,2048,2,float32+float32,2048,2048,[0],0,0,0,valid,
test,Lookalike,Test_Images/Lookalike/00126.tif,Mask/Lookalike/00126_segmentation.tif,2048,2048,2,float32+float32,2048,2048,[0],0,0,0,valid,
test,Lookalike,Test_Images/Lookalike/00127.tif,Mask/Lookalike/00127_segmentation.tif,2048,2048,2,float32+float32,2048,2048,[0],0,0,0,valid,
test,Lookalike,Test_Images/Lookalike/00128.tif,Mask/Lookalike/00128_segmentation.tif,2048,2048,2,float32+float32,2048,2048,[0],0,0,0,valid,
test,Lookalike,Test_Images/Lookalike/00129.tif,Mask/Lookalike/00129_segmentation.tif,2048,2048,2,float32+float32,2048,2048,[0],0,0,0,valid,
test,Lookalike,Test_Images/Lookalike/00130.tif,Mask/Lookalike/00130_segmentation.tif,2048,2048,2,float32+float32,2048,2048,[0],0,0,0,valid,
test,Lookalike,Test_Images/Lookalike/00131.tif,Mask/Lookalike/00131_segmentation.tif,2048,2048,2,float32+float32,2048,2048,[0],0,0,0,valid,
test,Lookalike,Test_Images/Lookalike/00132.tif,Mask/Lookalike/00132_segmentation.tif,2048,2048,2,float32+float32,2048,2048,[0],0,0,0,valid,
test,Lookalike,Test_Images/Lookalike/00133.tif,Mask/Lookalike/00133_segmentation.tif,2048,2048,2,float32+float32,2048,2048,[0],0,0,0,valid,
test,Lookalike,Test_Images/Lookalike/00134.tif,Mask/Lookalike/00134_segmentation.tif,2048,2048,2,float32+float32,2048,2048,[0],0,0,0,valid,
test,Lookalike,Test_Images/Lookalike/00135.tif,Mask/Lookalike/00135_segmentation.tif,2048,2048,2,float32+float32,2048,2048,[0],0,0,0,valid,
test,Lookalike,Test_Images/Lookalike/00136.tif,Mask/Lookalike/00136_segmentation.tif,2048,2048,2,float32+float32,2048,2048,[0],0,0,0,valid,
test,Lookalike,Test_Images/Lookalike/00137.tif,Mask/Lookalike/00137_segmentation.tif,2048,2048,2,float32+float32,2048,2048,[0],0,0,0,valid,
test,Lookalike,Test_Images/Lookalike/00138.tif,Mask/Lookalike/00138_segmentation.tif,2048,2048,2,float32+float32,2048,2048,[0],0,0,0,valid,
test,Lookalike,Test_Images/Lookalike/00139.tif,Mask/Lookalike/00139_segmentation.tif,2048,2048,2,float32+float32,2048,2048,[0],0,0,0,valid,
test,Lookalike,Test_Images/Lookalike/00140.tif,Mask/Lookalike/00140_segmentation.tif,2048,2048,2,float32+float32,2048,2048,[0],0,0,0,valid,
test,Lookalike,Test_Images/Lookalike/00141.tif,Mask/Lookalike/00141_segmentation.tif,2048,2048,2,float32+float32,2048,2048,[0],0,0,0,valid,
test,Lookalike,Test_Images/Lookalike/00142.tif,Mask/Lookalike/00142_segmentation.tif,2048,2048,2,float32+float32,2048,2048,[0],0,0,0,valid,
test,Lookalike,Test_Images/Lookalike/00143.tif,Mask/Lookalike/00143_segmentation.tif,2048,2048,2,float32+float32,2048,2048,[0],0,0,0,valid,
test,Lookalike,Test_Images/Lookalike/00144.tif,Mask/Lookalike/00144_segmentation.tif,2048,2048,2,float32+float32,2048,2048,[0],0,0,0,valid,
test,Lookalike,Test_Images/Lookalike/00145.tif,Mask/Lookalike/00145_segmentation.tif,2048,2048,2,float32+float32,2048,2048,[0],0,0,0,valid,
test,Lookalike,Test_Images/Lookalike/00146.tif,Mask/Lookalike/00146_segmentation.tif,2048,2048,2,float32+float32,2048,2048,[0],0,0,0,valid,
test,Lookalike,Test_Images/Lookalike/00147.tif,Mask/Lookalike/00147_segmentation.tif,2048,2048,2,float32+float32,2048,2048,[0],0,0,0,valid,
test,Lookalike,Test_Images/Lookalike/00148.tif,Mask/Lookalike/00148_segmentation.tif,2048,2048,2,float32+float32,2048,2048,[0],0,0,0,valid,
test,Lookalike,Test_Images/Lookalike/00149.tif,Mask/Lookalike/00149_segmentation.tif,2048,2048,2,float32+float32,2048,2048,[0],0,0,0,valid,
