image,mask,class,image_shape,mask_shape,shape_match,pair_status,note
Oil/00000.tif,Mask_oil/00000.tif,Oil,2048x2048,2048x2048,PASS,PASS,
Oil/00001.tif,Mask_oil/00001.tif,Oil,2048x2048,2048x2048,PASS,PASS,
Oil/00002.tif,Mask_oil/00002.tif,Oil,2048x2048,2048x2048,PASS,PASS,
Oil/00003.tif,Mask_oil/00003.tif,Oil,2048x2048,2048x2048,PASS,PASS,
Oil/00004.tif,Mask_oil/00004.tif,Oil,2048x2048,2048x2048,PASS,PASS,
Oil/00005.tif,Mask_oil/00005.tif,Oil,2048x2048,2048x2048,PASS,PASS,
Oil/00006.tif,Mask_oil/00006.tif,Oil,2048x2048,2048x2048,PASS,PASS,
Oil/00007.tif,Mask_oil/00007.tif,Oil,2048x2048,2048x2048,PASS,PASS,
Oil/00008.tif,Mask_oil/00008.tif,Oil,2048x2048,2048x2048,PASS,PASS,
Oil/00009.tif,Mask_oil/00009.tif,Oil,2048x2048,2048x2048,PASS,PASS,
Oil/00010.tif,Mask_oil/00010.tif,Oil,2048x2048,2048x2048,PASS,PASS,
Oil/00011.tif,Mask_oil/00011.tif,Oil,2048x2048,2048x2048,PASS,PASS,
Oil/00012.tif,Mask_oil/00012.tif,Oil,2048x2048,2048x2048,PASS,PASS,
Oil/00013.tif,Mask_oil/00013.tif,Oil,2048x2048,2048x2048,PASS,PASS,
Oil/00014.tif,Mask_oil/00014.tif,Oil,2048x2048,2048x2048,PASS,PASS,
Oil/00015.tif,Mask_oil/00015.tif,Oil,2048x2048,2048x2048,PASS,PASS,
Oil/00016.tif,Mask_oil/00016.tif,Oil,2048x2048,2048x2048,PASS,PASS,
Oil/00017.tif,Mask_oil/00017.tif,Oil,2048x2048,2048x2048,PASS,PASS,
Oil/00018.tif,Mask_oil/00018.tif,Oil,2048x2048,2048x2048,PASS,PASS,
Oil/00019.tif,Mask_oil/00019.tif,Oil,2048x2048,2048x2048,PASS,PASS,
Oil/00020.tif,Mask_oil/00020.tif,Oil,2048x2048,2048x2048,PASS,PASS,
Oil/00021.tif,Mask_oil/00021.tif,Oil,2048x2048,2048x2048,PASS,PASS,
Oil/00022.tif,Mask_oil/00022.tif,Oil,2048x2048,2048x2048,PASS,PASS,
Oil/00023.tif,Mask_oil/00023.tif,Oil,2048x2048,2048x2048,PASS,PASS,
Oil/00024.tif,Mask_oil/00024.tif,Oil,2048x2048,2048x2048,PASS,PASS,
Oil/00025.tif,Mask_oil/00025.tif,Oil,2048x2048,2048x2048,PASS,PASS,
Oil/00026.tif,Mask_oil/00026.tif,Oil,2048x2048,2048x2048,PASS,PASS,
Oil/00027.tif,Mask_oil/00027.tif,Oil,2048x2048,2048x2048,PASS,PASS,
Oil/00028.tif,Mask_oil/00028.tif,Oil,2048x2048,2048x2048,PASS,PASS,
Oil/00029.tif,Mask_oil/00029.tif,Oil,2048x2048,2048x2048,PASS,PASS,
Oil/00030.tif,Mask_oil/00030.tif,Oil,2048x2048,2048x2048,PASS,PASS,
Oil/00031.tif,Mask_oil/00031.tif,Oil,2048x2048,2048x2048,PASS,PASS,
Oil/00032.tif,Mask_oil/00032.tif,Oil,2048x2048,2048x2048,PASS,PASS,
Oil/00036.tif,Mask_oil/00036.tif,Oil,2048x2048,2048x2048,PASS,PASS,
Oil/00037.tif,Mask_oil/00037.tif,Oil,2048x2048,2048x2048,PASS,PASS,
Oil/00038.tif,Mask_oil/00038.tif,Oil,2048x2048,2048x2048,PASS,PASS,
Oil/00039.tif,Mask_oil/00039.tif,Oil,2048x2048,2048x2048,PASS,PASS,
Oil/00040.tif,Mask_oil/00040.tif,Oil,2048x2048,2048x2048,PASS,PASS,
Oil/00041.tif,Mask_oil/00041.tif,Oil,2048x2048,2048x2048,PASS,PASS,
Oil/00042.tif,Mask_oil/00042.tif,Oil,2048x2048,2048x2048,PASS,PASS,
Oil/00043.tif,Mask_oil/00043.tif,Oil,2048x2048,2048x2048,PASS,PASS,
Oil/00045.tif,Mask_oil/00045.tif,Oil,2048x2048,2048x2048,PASS,PASS,
Oil/00046.tif,Mask_oil/00046.tif,Oil,2048x2048,2048x2048,PASS,PASS,
Oil/00047.tif,Mask_oil/00047.tif,Oil,2048x2048,2048x2048,PASS,PASS,
Oil/00048.tif,Mask_oil/00048.tif,Oil,2048x2048,2048x2048,PASS,PASS,
Oil/00050.tif,Mask_oil/00050.tif,Oil,2048x2048,2048x2048,PASS,PASS,
Oil/00051.tif,Mask_oil/00051.tif,Oil,2048x2048,2048x2048,PASS,PASS,
Oil/00052.tif,Mask_oil/00052.tif,Oil,2048x2048,2048x2048,PASS,PASS,
Oil/00053.tif,Mask_oil/00053.tif,Oil,2048x2048,2048x2048,PASS,PASS,
Oil/00054.tif,Mask_oil/00054.tif,Oil,2048x2048,2048x2048,PASS,PASS,
Oil/00055.tif,Mask_oil/00055.tif,Oil,2048x2048,2048x2048,PASS,PASS,
Oil/00056.tif,Mask_oil/00056.tif,Oil,2048x2048,2048x2048,PASS,PASS,
Oil/00057.tif,Mask_oil/00057.tif,Oil,2048x2048,2048x2048,PASS,PASS,
Oil/00058.tif,Mask_oil/00058.tif,Oil,2048x2048,2048x2048,PASS,PASS,
Oil/00059.tif,Mask_oil/00059.tif,Oil,2048x2048,2048x2048,PASS,PASS,
Oil/00061.tif,Mask_oil/00061.tif,Oil,2048x2048,2048x2048,PASS,PASS,
Oil/00062.tif,Mask_oil/00062.tif,Oil,2048x2048,2048x2048,PASS,PASS,
Oil/00064.tif,Mask_oil/00064.tif,Oil,2048x2048,2048x2048,PASS,PASS,
Oil/00065.tif,Mask_oil/00065.tif,Oil,2048x2048,2048x2048,PASS,PASS,
Oil/00067.tif,Mask_oil/00067.tif,Oil,2048x2048,2048x2048,PASS,PASS,
Oil/00069.tif,Mask_oil/00069.tif,Oil,2048x2048,2048x2048,PASS,PASS,
Oil/00073.tif,Mask_oil/00073.tif,Oil,2048x2048,2048x2048,PASS,PASS,
Oil/00074.tif,Mask_oil/00074.tif,Oil,2048x2048,2048x2048,PASS,PASS,
Oil/00075.tif,Mask_oil/00075.tif,Oil,2048x2048,2048x2048,PASS,PASS,
Oil/00076.tif,Mask_oil/00076.tif,Oil,2048x2048,2048x2048,PASS,PASS,
Oil/00077.tif,Mask_oil/00077.tif,Oil,2048x2048,2048x2048,PASS,PASS,
Oil/00078.tif,Mask_oil/00078.tif,Oil,2048x2048,2048x2048,PASS,PASS,
Oil/00079.tif,Mask_oil/00079.tif,Oil,2048x2048,2048x2048,PASS,PASS,
Oil/00080.tif,Mask_oil/00080.tif,Oil,2048x2048,2048x2048,PASS,PASS,
Oil/00082.tif,Mask_oil/00082.tif,Oil,2048x2048,2048x2048,PASS,PASS,
Oil/00084.tif,Mask_oil/00084.tif,Oil,2048x2048,2048x2048,PASS,PASS,
Oil/00085.tif,Mask_oil/00085.tif,Oil,2048x2048,2048x2048,PASS,PASS,
Oil/00086.tif,Mask_oil/00086.tif,Oil,2048x2048,2048x2048,PASS,PASS,
Oil/00087.tif,Mask_oil/00087.tif,Oil,2048x2048,2048x2048,PASS,PASS,
Oil/00088.tif,Mask_oil/00088.tif,Oil,2048x2048,2048x2048,PASS,PASS,
Oil/00089.tif,Mask_oil/00089.tif,Oil,2048x2048,2048x2048,PASS,PASS,
Oil/00090.tif,Mask_oil/00090.tif,Oil,2048x2048,2048x2048,PASS,PASS,
Oil/00091.tif,Mask_oil/00091.tif,Oil,2048x2048,2048x2048,PASS,PASS,
Oil/00092.tif,Mask_oil/00092.tif,Oil,2048x2048,2048x2048,PASS,PASS,
Oil/00093.tif,Mask_oil/00093.tif,Oil,2048x2048,2048x2048,PASS,PASS,
Oil/00094.tif,Mask_oil/00094.tif,Oil,2048x2048,2048x2048,PASS,PASS,
Oil/00095.tif,Mask_oil/00095.tif,Oil,2048x2048,2048x2048,PASS,PASS,
Oil/00096.tif,Mask_oil/00096.tif,Oil,2048x2048,2048x2048,PASS,PASS,
Oil/00097.tif,Mask_oil/00097.tif,Oil,2048x2048,2048x2048,PASS,PASS,
Oil/00098.tif,Mask_oil/00098.tif,Oil,2048x2048,2048x2048,PASS,PASS,
Oil/00099.tif,Mask_oil/00099.tif,Oil,2048x2048,2048x2048,PASS,PASS,
Oil/00100.tif,Mask_oil/00100.tif,Oil,2048x2048,2048x2048,PASS,PASS,
Oil/00101.tif,Mask_oil/00101.tif,Oil,2048x2048,2048x2048,PASS,PASS,
Oil/00102.tif,Mask_oil/00102.tif,Oil,2048x2048,2048x2048,PASS,PASS,
Oil/00103.tif,Mask_oil/00103.tif,Oil,2048x2048,2048x2048,PASS,PASS,
Oil/00104.tif,Mask_oil/00104.tif,Oil,2048x2048,2048x2048,PASS,PASS,
Oil/00108.tif,Mask_oil/00108.tif,Oil,2048x2048,2048x2048,PASS,PASS,
Oil/00111.tif,Mask_oil/00111.tif,Oil,2048x2048,2048x2048,PASS,PASS,
Oil/00112.tif,Mask_oil/00112.tif,Oil,2048x2048,2048x2048,PASS,PASS,
Oil/00113.tif,Mask_oil/00113.tif,Oil,2048x2048,2048x2048,PASS,PASS,
Oil/00114.tif,Mask_oil/00114.tif,Oil,2048x2048,2048x2048,PASS,PASS,
Oil/00115.tif,Mask_oil/00115.tif,Oil,2048x2048,2048x2048,PASS,PASS,
Oil/00116.tif,Mask_oil/00116.tif,Oil,2048x2048,2048x2048,PASS,PASS,
Oil/00117.tif,Mask_oil/00117.tif,Oil,2048x2048,2048x2048,PASS,PASS,
Oil/00118.tif,Mask_oil/00118.tif,Oil,2048x2048,2048x2048,PASS,PASS,
Oil/00119.tif,Mask_oil/00119.tif,Oil,2048x2048,2048x2048,PASS,PASS,
Oil/00121.tif,Mask_oil/00121.tif,Oil,2048x2048,2048x2048,PASS,PASS,
Oil/00123.tif,Mask_oil/00123.tif,Oil,2048x2048,2048x2048,PASS,PASS,
Oil/00126.tif,Mask_oil/00126.tif,Oil,2048x2048,2048x2048,PASS,PASS,
Oil/00127.tif,Mask_oil/00127.tif,Oil,2048x2048,2048x2048,PASS,PASS,
Oil/00130.tif,Mask_oil/00130.tif,Oil,2048x2048,2048x2048,PASS,PASS,
Oil/00131.tif,Mask_oil/00131.tif,Oil,2048x2048,2048x2048,PASS,PASS,
Oil/00132.tif,Mask_oil/00132.tif,Oil,2048x2048,2048x2048,PASS,PASS,
Oil/00133.tif,Mask_oil/00133.tif,Oil,2048x2048,2048x2048,PASS,PASS,
Oil/00134.tif,Mask_oil/00134.tif,Oil,2048x2048,2048x2048,PASS,PASS,
Oil/00135.tif,Mask_oil/00135.tif,Oil,2048x2048,2048x2048,PASS,PASS,
Oil/00140.tif,Mask_oil/00140.tif,Oil,2048x2048,2048x2048,PASS,PASS,
Oil/00142.tif,Mask_oil/00142.tif,Oil,2048x2048,2048x2048,PASS,PASS,
Oil/00143.tif,Mask_oil/00143.tif,Oil,2048x2048,2048x2048,PASS,PASS,
Oil/00145.tif,Mask_oil/00145.tif,Oil,2048x2048,2048x2048,PASS,PASS,
Oil/00146.tif,Mask_oil/00146.tif,Oil,2048x2048,2048x2048,PASS,PASS,
Oil/00148.tif,Mask_oil/00148.tif,Oil,2048x2048,2048x2048,PASS,PASS,
Oil/00149.tif,Mask_oil/00149.tif,Oil,2048x2048,2048x2048,PASS,PASS,
Oil/00150.tif,Mask_oil/00150.tif,Oil,2048x2048,2048x2048,PASS,PASS,
Oil/00151.tif,Mask_oil/00151.tif,Oil,2048x2048,2048x2048,PASS,PASS,
Oil/00152.tif,Mask_oil/00152.tif,Oil,2048x2048,2048x2048,PASS,PASS,
Oil/00153.tif,Mask_oil/00153.tif,Oil,2048x2048,2048x2048,PASS,PASS,
Oil/00154.tif,Mask_oil/00154.tif,Oil,2048x2048,2048x2048,PASS,PASS,
Oil/00155.tif,Mask_oil/00155.tif,Oil,2048x2048,2048x2048,PASS,PASS,
Oil/00156.tif,Mask_oil/00156.tif,Oil,2048x2048,2048x2048,PASS,PASS,
Oil/00157.tif,Mask_oil/00157.tif,Oil,2048x2048,2048x2048,PASS,PASS,
Oil/00158.tif,Mask_oil/00158.tif,Oil,2048x2048,2048x2048,PASS,PASS,
Oil/00160.tif,Mask_oil/00160.tif,Oil,2048x2048,2048x2048,PASS,PASS,
Oil/00161.tif,Mask_oil/00161.tif,Oil,2048x2048,2048x2048,PASS,PASS,
Oil/00162.tif,Mask_oil/00162.tif,Oil,2048x2048,2048x2048,PASS,PASS,
Oil/00164.tif,Mask_oil/00164.tif,Oil,2048x2048,2048x2048,PASS,PASS,
Oil/00165.tif,Mask_oil/00165.tif,Oil,2048x2048,2048x2048,PASS,PASS,
Oil/00167.tif,Mask_oil/00167.tif,Oil,2048x2048,2048x2048,PASS,PASS,
Oil/00168.tif,Mask_oil/00168.tif,Oil,2048x2048,2048x2048,PASS,PASS,
Oil/00169.tif,Mask_oil/00169.tif,Oil,2048x2048,2048x2048,PASS,PASS,
Oil/00171.tif,Mask_oil/00171.tif,Oil,2048x2048,2048x2048,PASS,PASS,
Oil/00172.tif,Mask_oil/00172.tif,Oil,2048x2048,2048x2048,PASS,PASS,
Oil/00173.tif,Mask_oil/00173.tif,Oil,2048x2048,2048x2048,PASS,PASS,
Oil/00174.tif,Mask_oil/00174.tif,Oil,2048x2048,2048x2048,PASS,PASS,
Oil/00175.tif,Mask_oil/00175.tif,Oil,2048x2048,2048x2048,PASS,PASS,
Oil/00176.tif,Mask_oil/00176.tif,Oil,2048x2048,2048x2048,PASS,PASS,
Oil/00177.tif,Mask_oil/00177.tif,Oil,2048x2048,2048x2048,PASS,PASS,
Oil/00178.tif,Mask_oil/00178.tif,Oil,2048x2048,2048x2048,PASS,PASS,
Oil/00180.tif,Mask_oil/00180.tif,Oil,2048x2048,2048x2048,PASS,PASS,
Oil/00181.tif,Mask_oil/00181.tif,Oil,2048x2048,2048x2048,PASS,PASS,
Oil/00183.tif,Mask_oil/00183.tif,Oil,2048x2048,2048x2048,PASS,PASS,
Oil/00184.tif,Mask_oil/00184.tif,Oil,2048x2048,2048x2048,PASS,PASS,
Oil/00185.tif,Mask_oil/00185.tif,Oil,2048x2048,2048x2048,PASS,PASS,
Oil/00186.tif,Mask_oil/00186.tif,Oil,2048x2048,2048x2048,PASS,PASS,
Oil/00188.tif,Mask_oil/00188.tif,Oil,2048x2048,2048x2048,PASS,PASS,
Oil/00189.tif,Mask_oil/00189.tif,Oil,2048x2048,2048x2048,PASS,PASS,
Oil/00190.tif,Mask_oil/00190.tif,Oil,2048x2048,2048x2048,PASS,PASS,
Oil/00191.tif,Mask_oil/00191.tif,Oil,2048x2048,2048x2048,PASS,PASS,
Oil/00192.tif,Mask_oil/00192.tif,Oil,2048x2048,2048x2048,PASS,PASS,
Oil/00193.tif,Mask_oil/00193.tif,Oil,2048x2048,2048x2048,PASS,PASS,
Oil/00194.tif,Mask_oil/00194.tif,Oil,2048x2048,2048x2048,PASS,PASS,
Oil/00195.tif,Mask_oil/00195.tif,Oil,2048x2048,2048x2048,PASS,PASS,
Oil/00196.tif,Mask_oil/00196.tif,Oil,2048x2048,2048x2048,PASS,PASS,
Oil/00197.tif,Mask_oil/00197.tif,Oil,2048x2048,2048x2048,PASS,PASS,
Oil/00198.tif,Mask_oil/00198.tif,Oil,2048x2048,2048x2048,PASS,PASS,
Oil/00199.tif,Mask_oil/00199.tif,Oil,2048x2048,2048x2048,PASS,PASS,
Oil/00200.tif,Mask_oil/00200.tif,Oil,2048x2048,2048x2048,PASS,PASS,
Oil/00201.tif,Mask_oil/00201.tif,Oil,2048x2048,2048x2048,PASS,PASS,
Oil/00202.tif,Mask_oil/00202.tif,Oil,2048x2048,2048x2048,PASS,PASS,
Oil/00203.tif,Mask_oil/00203.tif,Oil,2048x2048,2048x2048,PASS,PASS,
Oil/00204.tif,Mask_oil/00204.tif,Oil,2048x2048,2048x2048,PASS,PASS,
Oil/00206.tif,Mask_oil/00206.tif,Oil,2048x2048,2048x2048,PASS,PASS,
Oil/00207.tif,Mask_oil/00207.tif,Oil,2048x2048,2048x2048,PASS,PASS,
Oil/00208.tif,Mask_oil/00208.tif,Oil,2048x2048,2048x2048,PASS,PASS,
Oil/00210.tif,Mask_oil/00210.tif,Oil,2048x2048,2048x2048,PASS,PASS,
Oil/00211.tif,Mask_oil/00211.tif,Oil,2048x2048,2048x2048,PASS,PASS,
Oil/00212.tif,Mask_oil/00212.tif,Oil,2048x2048,2048x2048,PASS,PASS,
Oil/00213.tif,Mask_oil/00213.tif,Oil,2048x2048,2048x2048,PASS,PASS,
Oil/00214.tif,Mask_oil/00214.tif,Oil,2048x2048,2048x2048,PASS,PASS,
Oil/00215.tif,Mask_oil/00215.tif,Oil,2048x2048,2048x2048,PASS,PASS,
Oil/00216.tif,Mask_oil/00216.tif,Oil,2048x2048,2048x2048,PASS,PASS,
Oil/00217.tif,Mask_oil/00217.tif,Oil,2048x2048,2048x2048,PASS,PASS,
Oil/00218.tif,Mask_oil/00218.tif,Oil,2048x2048,2048x2048,PASS,PASS,
Oil/00219.tif,Mask_oil/00219.tif,Oil,2048x2048,2048x2048,PASS,PASS,
Oil/00220.tif,Mask_oil/00220.tif,Oil,2048x2048,2048x2048,PASS,PASS,
Oil/00223.tif,Mask_oil/00223.tif,Oil,2048x2048,2048x2048,PASS,PASS,
Oil/00224.tif,Mask_oil/00224.tif,Oil,2048x2048,2048x2048,PASS,PASS,
Oil/00227.tif,Mask_oil/00227.tif,Oil,2048x2048,2048x2048,PASS,PASS,
Oil/00228.tif,Mask_oil/00228.tif,Oil,2048x2048,2048x2048,PASS,PASS,
Oil/00231.tif,Mask_oil/00231.tif,Oil,2048x2048,2048x2048,PASS,PASS,
Oil/00232.tif,Mask_oil/00232.tif,Oil,2048x2048,2048x2048,PASS,PASS,
Oil/00233.tif,Mask_oil/00233.tif,Oil,2048x2048,2048x2048,PASS,PASS,
Oil/00234.tif,Mask_oil/00234.tif,Oil,2048x2048,2048x2048,PASS,PASS,
Oil/00235.tif,Mask_oil/00235.tif,Oil,2048x2048,2048x2048,PASS,PASS,
Oil/00236.tif,Mask_oil/00236.tif,Oil,2048x2048,2048x2048,PASS,PASS,
Oil/00237.tif,Mask_oil/00237.tif,Oil,2048x2048,2048x2048,PASS,PASS,
Oil/00238.tif,Mask_oil/00238.tif,Oil,2048x2048,2048x2048,PASS,PASS,
Oil/00240.tif,Mask_oil/00240.tif,Oil,2048x2048,2048x2048,PASS,PASS,
Oil/00241.tif,Mask_oil/00241.tif,Oil,2048x2048,2048x2048,PASS,PASS,
Oil/00244.tif,Mask_oil/00244.tif,Oil,2048x2048,2048x2048,PASS,PASS,
Oil/00245.tif,Mask_oil/00245.tif,Oil,2048x2048,2048x2048,PASS,PASS,
Oil/00246.tif,Mask_oil/00246.tif,Oil,2048x2048,2048x2048,PASS,PASS,
Oil/00247.tif,Mask_oil/00247.tif,Oil,2048x2048,2048x2048,PASS,PASS,
Oil/00248.tif,Mask_oil/00248.tif,Oil,2048x2048,2048x2048,PASS,PASS,
Oil/00249.tif,Mask_oil/00249.tif,Oil,2048x2048,2048x2048,PASS,PASS,
Oil/00250.tif,Mask_oil/00250.tif,Oil,2048x2048,2048x2048,PASS,PASS,
Oil/00251.tif,Mask_oil/00251.tif,Oil,2048x2048,2048x2048,PASS,PASS,
Oil/00252.tif,Mask_oil/00252.tif,Oil,2048x2048,2048x2048,PASS,PASS,
Oil/00253.tif,Mask_oil/00253.tif,Oil,2048x2048,2048x2048,PASS,PASS,
Oil/00254.tif,Mask_oil/00254.tif,Oil,2048x2048,2048x2048,PASS,PASS,
Oil/00255.tif,Mask_oil/00255.tif,Oil,2048x2048,2048x2048,PASS,PASS,
Oil/00256.tif,Mask_oil/00256.tif,Oil,2048x2048,2048x2048,PASS,PASS,
Oil/00257.tif,Mask_oil/00257.tif,Oil,2048x2048,2048x2048,PASS,PASS,
Oil/00258.tif,Mask_oil/00258.tif,Oil,2048x2048,2048x2048,PASS,PASS,
Oil/00259.tif,Mask_oil/00259.tif,Oil,2048x2048,2048x2048,PASS,PASS,
Oil/00260.tif,Mask_oil/00260.tif,Oil,2048x2048,2048x2048,PASS,PASS,
Oil/00261.tif,Mask_oil/00261.tif,Oil,2048x2048,2048x2048,PASS,PASS,
Oil/00263.tif,Mask_oil/00263.tif,Oil,2048x2048,2048x2048,PASS,PASS,
Oil/00264.tif,Mask_oil/00264.tif,Oil,2048x2048,2048x2048,PASS,PASS,
Oil/00265.tif,Mask_oil/00265.tif,Oil,2048x2048,2048x2048,PASS,PASS,
Oil/00266.tif,Mask_oil/00266.tif,Oil,2048x2048,2048x2048,PASS,PASS,
Oil/00267.tif,Mask_oil/00267.tif,Oil,2048x2048,2048x2048,PASS,PASS,
Oil/00268.tif,Mask_oil/00268.tif,Oil,2048x2048,2048x2048,PASS,PASS,
Oil/00269.tif,Mask_oil/00269.tif,Oil,2048x2048,2048x2048,PASS,PASS,
Oil/00270.tif,Mask_oil/00270.tif,Oil,2048x2048,2048x2048,PASS,PASS,
Oil/00273.tif,Mask_oil/00273.tif,Oil,2048x2048,2048x2048,PASS,PASS,
Oil/00274.tif,Mask_oil/00274.tif,Oil,2048x2048,2048x2048,PASS,PASS,
Oil/00275.tif,Mask_oil/00275.tif,Oil,2048x2048,2048x2048,PASS,PASS,
Oil/00276.tif,Mask_oil/00276.tif,Oil,2048x2048,2048x2048,PASS,PASS,
Oil/00277.tif,Mask_oil/00277.tif,Oil,2048x2048,2048x2048,PASS,PASS,
Oil/00278.tif,Mask_oil/00278.tif,Oil,2048x2048,2048x2048,PASS,PASS,
Oil/00279.tif,Mask_oil/00279.tif,Oil,2048x2048,2048x2048,PASS,PASS,
Oil/00280.tif,Mask_oil/00280.tif,Oil,2048x2048,2048x2048,PASS,PASS,
Oil/00281.tif,Mask_oil/00281.tif,Oil,2048x2048,2048x2048,PASS,PASS,
Oil/00282.tif,Mask_oil/00282.tif,Oil,2048x2048,2048x2048,PASS,PASS,
Oil/00283.tif,Mask_oil/00283.tif,Oil,2048x2048,2048x2048,PASS,PASS,
Oil/00284.tif,Mask_oil/00284.tif,Oil,2048x2048,2048x2048,PASS,PASS,
Oil/00285.tif,Mask_oil/00285.tif,Oil,2048x2048,2048x2048,PASS,PASS,
Oil/00286.tif,Mask_oil/00286.tif,Oil,2048x2048,2048x2048,PASS,PASS,
Oil/00287.tif,Mask_oil/00287.tif,Oil,2048x2048,2048x2048,PASS,PASS,
Oil/00288.tif,Mask_oil/00288.tif,Oil,2048x2048,2048x2048,PASS,PASS,
Oil/00289.tif,Mask_oil/00289.tif,Oil,2048x2048,2048x2048,PASS,PASS,
Oil/00290.tif,Mask_oil/00290.tif,Oil,2048x2048,2048x2048,PASS,PASS,
Oil/00291.tif,Mask_oil/00291.tif,Oil,2048x2048,2048x2048,PASS,PASS,
Oil/00293.tif,Mask_oil/00293.tif,Oil,2048x2048,2048x2048,PASS,PASS,
Oil/00294.tif,Mask_oil/00294.tif,Oil,2048x2048,2048x2048,PASS,PASS,
Oil/00295.tif,Mask_oil/00295.tif,Oil,2048x2048,2048x2048,PASS,PASS,
Oil/00296.tif,Mask_oil/00296.tif,Oil,2048x2048,2048x2048,PASS,PASS,
Oil/00297.tif,Mask_oil/00297.tif,Oil,2048x2048,2048x2048,PASS,PASS,
Oil/00299.tif,Mask_oil/00299.tif,Oil,2048x2048,2048x2048,PASS,PASS,
Oil/00300.tif,Mask_oil/00300.tif,Oil,2048x2048,2048x2048,PASS,PASS,
Oil/00302.tif,Mask_oil/00302.tif,Oil,2048x2048,2048x2048,PASS,PASS,
Oil/00303.tif,Mask_oil/00303.tif,Oil,2048x2048,2048x2048,PASS,PASS,
Oil/00304.tif,Mask_oil/00304.tif,Oil,2048x2048,2048x2048,PASS,PASS,
Oil/00305.tif,Mask_oil/00305.tif,Oil,2048x2048,2048x2048,PASS,PASS,
Oil/00306.tif,Mask_oil/00306.tif,Oil,2048x2048,2048x2048,PASS,PASS,
Oil/00307.tif,Mask_oil/00307.tif,Oil,2048x2048,2048x2048,PASS,PASS,
Oil/00308.tif,Mask_oil/00308.tif,Oil,2048x2048,2048x2048,PASS,PASS,
Oil/00309.tif,Mask_oil/00309.tif,Oil,2048x2048,2048x2048,PASS,PASS,
Oil/00317.tif,Mask_oil/00317.tif,Oil,2048x2048,2048x2048,PASS,PASS,
Oil/00318.tif,Mask_oil/00318.tif,Oil,2048x2048,2048x2048,PASS,PASS,
Oil/00319.tif,Mask_oil/00319.tif,Oil,2048x2048,2048x2048,PASS,PASS,
Oil/00320.tif,Mask_oil/00320.tif,Oil,2048x2048,2048x2048,PASS,PASS,
Oil/00321.tif,Mask_oil/00321.tif,Oil,2048x2048,2048x2048,PASS,PASS,
Oil/00322.tif,Mask_oil/00322.tif,Oil,2048x2048,2048x2048,PASS,PASS,
Oil/00323.tif,Mask_oil/00323.tif,Oil,2048x2048,2048x2048,PASS,PASS,
Oil/00324.tif,Mask_oil/00324.tif,Oil,2048x2048,2048x2048,PASS,PASS,
Oil/00325.tif,Mask_oil/00325.tif,Oil,2048x2048,2048x2048,PASS,PASS,
Oil/00326.tif,Mask_oil/00326.tif,Oil,2048x2048,2048x2048,PASS,PASS,
Oil/00327.tif,Mask_oil/00327.tif,Oil,2048x2048,2048x2048,PASS,PASS,
Oil/00328.tif,Mask_oil/00328.tif,Oil,2048x2048,2048x2048,PASS,PASS,
Oil/00329.tif,Mask_oil/00329.tif,Oil,2048x2048,2048x2048,PASS,PASS,
Oil/00330.tif,Mask_oil/00330.tif,Oil,2048x2048,2048x2048,PASS,PASS,
Oil/00331.tif,Mask_oil/00331.tif,Oil,2048x2048,2048x2048,PASS,PASS,
Oil/00332.tif,Mask_oil/00332.tif,Oil,2048x2048,2048x2048,PASS,PASS,
Oil/00333.tif,Mask_oil/00333.tif,Oil,2048x2048,2048x2048,PASS,PASS,
Oil/00334.tif,Mask_oil/00334.tif,Oil,2048x2048,2048x2048,PASS,PASS,
Oil/00335.tif,Mask_oil/00335.tif,Oil,2048x2048,2048x2048,PASS,PASS,
Oil/00336.tif,Mask_oil/00336.tif,Oil,2048x2048,2048x2048,PASS,PASS,
Oil/00337.tif,Mask_oil/00337.tif,Oil,2048x2048,2048x2048,PASS,PASS,
Oil/00339.tif,Mask_oil/00339.tif,Oil,2048x2048,2048x2048,PASS,PASS,
Oil/00340.tif,Mask_oil/00340.tif,Oil,2048x2048,2048x2048,PASS,PASS,
Oil/00341.tif,Mask_oil/00341.tif,Oil,2048x2048,2048x2048,PASS,PASS,
Oil/00342.tif,Mask_oil/00342.tif,Oil,2048x2048,2048x2048,PASS,PASS,
Oil/00344.tif,Mask_oil/00344.tif,Oil,2048x2048,2048x2048,PASS,PASS,
Oil/00345.tif,Mask_oil/00345.tif,Oil,2048x2048,2048x2048,PASS,PASS,
Oil/00346.tif,Mask_oil/00346.tif,Oil,2048x2048,2048x2048,PASS,PASS,
Oil/00347.tif,Mask_oil/00347.tif,Oil,2048x2048,2048x2048,PASS,PASS,
Oil/00348.tif,Mask_oil/00348.tif,Oil,2048x2048,2048x2048,PASS,PASS,
Oil/00349.tif,Mask_oil/00349.tif,Oil,2048x2048,2048x2048,PASS,PASS,
Oil/00350.tif,Mask_oil/00350.tif,Oil,2048x2048,2048x2048,PASS,PASS,
Oil/00351.tif,Mask_oil/00351.tif,Oil,2048x2048,2048x2048,PASS,PASS,
Oil/00352.tif,Mask_oil/00352.tif,Oil,2048x2048,2048x2048,PASS,PASS,
Oil/00353.tif,Mask_oil/00353.tif,Oil,2048x2048,2048x2048,PASS,PASS,
Oil/00354.tif,Mask_oil/00354.tif,Oil,2048x2048,2048x2048,PASS,PASS,
Oil/00355.tif,Mask_oil/00355.tif,Oil,2048x2048,2048x2048,PASS,PASS,
Oil/00356.tif,Mask_oil/00356.tif,Oil,2048x2048,2048x2048,PASS,PASS,
Oil/00357.tif,Mask_oil/00357.tif,Oil,2048x2048,2048x2048,PASS,PASS,
Oil/00358.tif,Mask_oil/00358.tif,Oil,2048x2048,2048x2048,PASS,PASS,
Oil/00361.tif,Mask_oil/00361.tif,Oil,2048x2048,2048x2048,PASS,PASS,
Oil/00362.tif,Mask_oil/00362.tif,Oil,2048x2048,2048x2048,PASS,PASS,
Oil/00363.tif,Mask_oil/00363.tif,Oil,2048x2048,2048x2048,PASS,PASS,
Oil/00364.tif,Mask_oil/00364.tif,Oil,2048x2048,2048x2048,PASS,PASS,
Oil/00365.tif,Mask_oil/00365.tif,Oil,2048x2048,2048x2048,PASS,PASS,
Oil/00366.tif,Mask_oil/00366.tif,Oil,2048x2048,2048x2048,PASS,PASS,
Oil/00368.tif,Mask_oil/00368.tif,Oil,2048x2048,2048x2048,PASS,PASS,
Oil/00369.tif,Mask_oil/00369.tif,Oil,2048x2048,2048x2048,PASS,PASS,
Oil/00370.tif,Mask_oil/00370.tif,Oil,2048x2048,2048x2048,PASS,PASS,
Oil/00371.tif,Mask_oil/00371.tif,Oil,2048x2048,2048x2048,PASS,PASS,
Oil/00372.tif,Mask_oil/00372.tif,Oil,2048x2048,2048x2048,PASS,PASS,
Oil/00373.tif,Mask_oil/00373.tif,Oil,2048x2048,2048x2048,PASS,PASS,
Oil/00374.tif,Mask_oil/00374.tif,Oil,2048x2048,2048x2048,PASS,PASS,
Oil/00375.tif,Mask_oil/00375.tif,Oil,2048x2048,2048x2048,PASS,PASS,
Oil/00376.tif,Mask_oil/00376.tif,Oil,2048x2048,2048x2048,PASS,PASS,
Oil/00377.tif,Mask_oil/00377.tif,Oil,2048x2048,2048x2048,PASS,PASS,
Oil/00378.tif,Mask_oil/00378.tif,Oil,2048x2048,2048x2048,PASS,PASS,
Oil/00379.tif,Mask_oil/00379.tif,Oil,2048x2048,2048x2048,PASS,PASS,
Oil/00382.tif,Mask_oil/00382.tif,Oil,2048x2048,2048x2048,PASS,PASS,
Oil/00384.tif,Mask_oil/00384.tif,Oil,2048x2048,2048x2048,PASS,PASS,
Oil/00385.tif,Mask_oil/00385.tif,Oil,2048x2048,2048x2048,PASS,PASS,
Oil/00386.tif,Mask_oil/00386.tif,Oil,2048x2048,2048x2048,PASS,PASS,
Oil/00387.tif,Mask_oil/00387.tif,Oil,2048x2048,2048x2048,PASS,PASS,
Oil/00388.tif,Mask_oil/00388.tif,Oil,2048x2048,2048x2048,PASS,PASS,
Oil/00389.tif,Mask_oil/00389.tif,Oil,2048x2048,2048x2048,PASS,PASS,
Oil/00391.tif,Mask_oil/00391.tif,Oil,2048x2048,2048x2048,PASS,PASS,
Oil/00392.tif,Mask_oil/00392.tif,Oil,2048x2048,2048x2048,PASS,PASS,
Oil/00393.tif,Mask_oil/00393.tif,Oil,2048x2048,2048x2048,PASS,PASS,
Oil/00394.tif,Mask_oil/00394.tif,Oil,2048x2048,2048x2048,PASS,PASS,
Oil/00395.tif,Mask_oil/00395.tif,Oil,2048x2048,2048x2048,PASS,PASS,
Oil/00396.tif,Mask_oil/00396.tif,Oil,2048x2048,2048x2048,PASS,PASS,
Oil/00398.tif,Mask_oil/00398.tif,Oil,2048x2048,2048x2048,PASS,PASS,
Oil/00399.tif,Mask_oil/00399.tif,Oil,2048x2048,2048x2048,PASS,PASS,
Oil/00400.tif,Mask_oil/00400.tif,Oil,2048x2048,2048x2048,PASS,PASS,
Oil/00401.tif,Mask_oil/00401.tif,Oil,2048x2048,2048x2048,PASS,PASS,
Oil/00402.tif,Mask_oil/00402.tif,Oil,2048x2048,2048x2048,PASS,PASS,
Oil/00403.tif,Mask_oil/00403.tif,Oil,2048x2048,2048x2048,PASS,PASS,
Oil/00404.tif,Mask_oil/00404.tif,Oil,2048x2048,2048x2048,PASS,PASS,
Oil/00405.tif,Mask_oil/00405.tif,Oil,2048x2048,2048x2048,PASS,PASS,
Oil/00406.tif,Mask_oil/00406.tif,Oil,2048x2048,2048x2048,PASS,PASS,
Oil/00407.tif,Mask_oil/00407.tif,Oil,2048x2048,2048x2048,PASS,PASS,
Oil/00408.tif,Mask_oil/00408.tif,Oil,2048x2048,2048x2048,PASS,PASS,
Oil/00409.tif,Mask_oil/00409.tif,Oil,2048x2048,2048x2048,PASS,PASS,
Oil/00410.tif,Mask_oil/00410.tif,Oil,2048x2048,2048x2048,PASS,PASS,
Oil/00411.tif,Mask_oil/00411.tif,Oil,2048x2048,2048x2048,PASS,PASS,
Oil/00412.tif,Mask_oil/00412.tif,Oil,2048x2048,2048x2048,PASS,PASS,
Oil/00413.tif,Mask_oil/00413.tif,Oil,2048x2048,2048x2048,PASS,PASS,
Oil/00414.tif,Mask_oil/00414.tif,Oil,2048x2048,2048x2048,PASS,PASS,
Oil/00415.tif,Mask_oil/00415.tif,Oil,2048x2048,2048x2048,PASS,PASS,
Oil/00416.tif,Mask_oil/00416.tif,Oil,2048x2048,2048x2048,PASS,PASS,
Oil/00417.tif,Mask_oil/00417.tif,Oil,2048x2048,2048x2048,PASS,PASS,
Oil/00418.tif,Mask_oil/00418.tif,Oil,2048x2048,2048x2048,PASS,PASS,
Oil/00419.tif,Mask_oil/00419.tif,Oil,2048x2048,2048x2048,PASS,PASS,
Oil/00421.tif,Mask_oil/00421.tif,Oil,2048x2048,2048x2048,PASS,PASS,
Oil/00422.tif,Mask_oil/00422.tif,Oil,2048x2048,2048x2048,PASS,PASS,
Oil/00423.tif,Mask_oil/00423.tif,Oil,2048x2048,2048x2048,PASS,PASS,
Oil/00424.tif,Mask_oil/00424.tif,Oil,2048x2048,2048x2048,PASS,PASS,
Oil/00425.tif,Mask_oil/00425.tif,Oil,2048x2048,2048x2048,PASS,PASS,
Oil/00426.tif,Mask_oil/00426.tif,Oil,2048x2048,2048x2048,PASS,PASS,
Oil/00427.tif,Mask_oil/00427.tif,Oil,2048x2048,2048x2048,PASS,PASS,
Oil/00428.tif,Mask_oil/00428.tif,Oil,2048x2048,2048x2048,PASS,PASS,
Oil/00429.tif,Mask_oil/00429.tif,Oil,2048x2048,2048x2048,PASS,PASS,
Oil/00430.tif,Mask_oil/00430.tif,Oil,2048x2048,2048x2048,PASS,PASS,
Oil/00431.tif,Mask_oil/00431.tif,Oil,2048x2048,2048x2048,PASS,PASS,
Oil/00432.tif,Mask_oil/00432.tif,Oil,2048x2048,2048x2048,PASS,PASS,
Oil/00433.tif,Mask_oil/00433.tif,Oil,2048x2048,2048x2048,PASS,PASS,
Oil/00434.tif,Mask_oil/00434.tif,Oil,2048x2048,2048x2048,PASS,PASS,
Oil/00435.tif,Mask_oil/00435.tif,Oil,2048x2048,2048x2048,PASS,PASS,
Oil/00436.tif,Mask_oil/00436.tif,Oil,2048x2048,2048x2048,PASS,PASS,
Oil/00437.tif,Mask_oil/00437.tif,Oil,2048x2048,2048x2048,PASS,PASS,
Oil/00438.tif,Mask_oil/00438.tif,Oil,2048x2048,2048x2048,PASS,PASS,
Oil/00439.tif,Mask_oil/00439.tif,Oil,2048x2048,2048x2048,PASS,PASS,
Oil/00440.tif,Mask_oil/00440.tif,Oil,2048x2048,2048x2048,PASS,PASS,
Oil/00441.tif,Mask_oil/00441.tif,Oil,2048x2048,2048x2048,PASS,PASS,
Oil/00442.tif,Mask_oil/00442.tif,Oil,2048x2048,2048x2048,PASS,PASS,
Oil/00443.tif,Mask_oil/00443.tif,Oil,2048x2048,2048x2048,PASS,PASS,
Oil/00444.tif,Mask_oil/00444.tif,Oil,2048x2048,2048x2048,PASS,PASS,
Oil/00445.tif,Mask_oil/00445.tif,Oil,2048x2048,2048x2048,PASS,PASS,
Oil/00446.tif,Mask_oil/00446.tif,Oil,2048x2048,2048x2048,PASS,PASS,
Oil/00447.tif,Mask_oil/00447.tif,Oil,2048x2048,2048x2048,PASS,PASS,
Oil/00448.tif,Mask_oil/00448.tif,Oil,2048x2048,2048x2048,PASS,PASS,
Oil/00449.tif,Mask_oil/00449.tif,Oil,2048x2048,2048x2048,PASS,PASS,
Oil/00450.tif,Mask_oil/00450.tif,Oil,2048x2048,2048x2048,PASS,PASS,
Oil/00451.tif,Mask_oil/00451.tif,Oil,2048x2048,2048x2048,PASS,PASS,
Oil/00452.tif,Mask_oil/00452.tif,Oil,2048x2048,2048x2048,PASS,PASS,
Oil/00453.tif,Mask_oil/00453.tif,Oil,2048x2048,2048x2048,PASS,PASS,
Oil/00454.tif,Mask_oil/00454.tif,Oil,2048x2048,2048x2048,PASS,PASS,
Oil/00455.tif,Mask_oil/00455.tif,Oil,2048x2048,2048x2048,PASS,PASS,
Oil/00456.tif,Mask_oil/00456.tif,Oil,2048x2048,2048x2048,PASS,PASS,
Oil/00457.tif,Mask_oil/00457.tif,Oil,2048x2048,2048x2048,PASS,PASS,
Oil/00458.tif,Mask_oil/00458.tif,Oil,2048x2048,2048x2048,PASS,PASS,
Oil/00459.tif,Mask_oil/00459.tif,Oil,2048x2048,2048x2048,PASS,PASS,
Oil/00460.tif,Mask_oil/00460.tif,Oil,2048x2048,2048x2048,PASS,PASS,
Oil/00461.tif,Mask_oil/00461.tif,Oil,2048x2048,2048x2048,PASS,PASS,
Oil/00462.tif,Mask_oil/00462.tif,Oil,2048x2048,2048x2048,PASS,PASS,
Oil/00463.tif,Mask_oil/00463.tif,Oil,2048x2048,2048x2048,PASS,PASS,
Oil/00464.tif,Mask_oil/00464.tif,Oil,2048x2048,2048x2048,PASS,PASS,
Oil/00465.tif,Mask_oil/00465.tif,Oil,2048x2048,2048x2048,PASS,PASS,
Oil/00466.tif,Mask_oil/00466.tif,Oil,2048x2048,2048x2048,PASS,PASS,
Oil/00467.tif,Mask_oil/00467.tif,Oil,2048x2048,2048x2048,PASS,PASS,
Oil/00468.tif,Mask_oil/00468.tif,Oil,2048x2048,2048x2048,PASS,PASS,
Oil/00469.tif,Mask_oil/00469.tif,Oil,2048x2048,2048x2048,PASS,PASS,
Oil/00470.tif,Mask_oil/00470.tif,Oil,2048x2048,2048x2048,PASS,PASS,
Oil/00471.tif,Mask_oil/00471.tif,Oil,2048x2048,2048x2048,PASS,PASS,
Oil/00472.tif,Mask_oil/00472.tif,Oil,2048x2048,2048x2048,PASS,PASS,
Oil/00473.tif,Mask_oil/00473.tif,Oil,2048x2048,2048x2048,PASS,PASS,
Oil/00474.tif,Mask_oil/00474.tif,Oil,2048x2048,2048x2048,PASS,PASS,
Oil/00475.tif,Mask_oil/00475.tif,Oil,2048x2048,2048x2048,PASS,PASS,
Oil/00476.tif,Mask_oil/00476.tif,Oil,2048x2048,2048x2048,PASS,PASS,
Oil/00477.tif,Mask_oil/00477.tif,Oil,2048x2048,2048x2048,PASS,PASS,
Oil/00478.tif,Mask_oil/00478.tif,Oil,2048x2048,2048x2048,PASS,PASS,
Oil/00479.tif,Mask_oil/00479.tif,Oil,2048x2048,2048x2048,PASS,PASS,
Oil/00480.tif,Mask_oil/00480.tif,Oil,2048x2048,2048x2048,PASS,PASS,
Oil/00481.tif,Mask_oil/00481.tif,Oil,2048x2048,2048x2048,PASS,PASS,
Oil/00484.tif,Mask_oil/00484.tif,Oil,2048x2048,2048x2048,PASS,PASS,
Oil/00485.tif,Mask_oil/00485.tif,Oil,2048x2048,2048x2048,PASS,PASS,
Oil/00486.tif,Mask_oil/00486.tif,Oil,2048x2048,2048x2048,PASS,PASS,
Oil/00487.tif,Mask_oil/00487.tif,Oil,2048x2048,2048x2048,PASS,PASS,
Oil/00488.tif,Mask_oil/00488.tif,Oil,2048x2048,2048x2048,PASS,PASS,
Oil/00489.tif,Mask_oil/00489.tif,Oil,2048x2048,2048x2048,PASS,PASS,
Oil/00490.tif,Mask_oil/00490.tif,Oil,2048x2048,2048x2048,PASS,PASS,
Oil/00491.tif,Mask_oil/00491.tif,Oil,2048x2048,2048x2048,PASS,PASS,
Oil/00492.tif,Mask_oil/00492.tif,Oil,2048x2048,2048x2048,PASS,PASS,
Oil/00493.tif,Mask_oil/00493.tif,Oil,2048x2048,2048x2048,PASS,PASS,
Oil/00494.tif,Mask_oil/00494.tif,Oil,2048x2048,2048x2048,PASS,PASS,
Oil/00495.tif,Mask_oil/00495.tif,Oil,2048x2048,2048x2048,PASS,PASS,
Oil/00496.tif,Mask_oil/00496.tif,Oil,2048x2048,2048x2048,PASS,PASS,
Oil/00497.tif,Mask_oil/00497.tif,Oil,2048x2048,2048x2048,PASS,PASS,
Oil/00498.tif,Mask_oil/00498.tif,Oil,2048x2048,2048x2048,PASS,PASS,
Oil/00499.tif,Mask_oil/00499.tif,Oil,2048x2048,2048x2048,PASS,PASS,
Oil/00500.tif,Mask_oil/00500.tif,Oil,2048x2048,2048x2048,PASS,PASS,
Oil/00501.tif,Mask_oil/00501.tif,Oil,2048x2048,2048x2048,PASS,PASS,
Oil/00502.tif,Mask_oil/00502.tif,Oil,2048x2048,2048x2048,PASS,PASS,
Oil/00503.tif,Mask_oil/00503.tif,Oil,2048x2048,2048x2048,PASS,PASS,
Oil/00504.tif,Mask_oil/00504.tif,Oil,2048x2048,2048x2048,PASS,PASS,
Oil/00505.tif,Mask_oil/00505.tif,Oil,2048x2048,2048x2048,PASS,PASS,
Oil/00506.tif,Mask_oil/00506.tif,Oil,2048x2048,2048x2048,PASS,PASS,
Oil/00507.tif,Mask_oil/00507.tif,Oil,2048x2048,2048x2048,PASS,PASS,
Oil/00508.tif,Mask_oil/00508.tif,Oil,2048x2048,2048x2048,PASS,PASS,
Oil/00509.tif,Mask_oil/00509.tif,Oil,2048x2048,2048x2048,PASS,PASS,
Oil/00511.tif,Mask_oil/00511.tif,Oil,2048x2048,2048x2048,PASS,PASS,
Oil/00512.tif,Mask_oil/00512.tif,Oil,2048x2048,2048x2048,PASS,PASS,
Oil/00513.tif,Mask_oil/00513.tif,Oil,2048x2048,2048x2048,PASS,PASS,
Oil/00514.tif,Mask_oil/00514.tif,Oil,2048x2048,2048x2048,PASS,PASS,
Oil/00515.tif,Mask_oil/00515.tif,Oil,2048x2048,2048x2048,PASS,PASS,
Oil/00516.tif,Mask_oil/00516.tif,Oil,2048x2048,2048x2048,PASS,PASS,
Oil/00517.tif,Mask_oil/00517.tif,Oil,2048x2048,2048x2048,PASS,PASS,
Oil/00518.tif,Mask_oil/00518.tif,Oil,2048x2048,2048x2048,PASS,PASS,
Oil/00519.tif,Mask_oil/00519.tif,Oil,2048x2048,2048x2048,PASS,PASS,
Oil/00520.tif,Mask_oil/00520.tif,Oil,2048x2048,2048x2048,PASS,PASS,
Oil/00521.tif,Mask_oil/00521.tif,Oil,2048x2048,2048x2048,PASS,PASS,
Oil/00522.tif,Mask_oil/00522.tif,Oil,2048x2048,2048x2048,PASS,PASS,
Oil/00523.tif,Mask_oil/00523.tif,Oil,2048x2048,2048x2048,PASS,PASS,
Oil/00524.tif,Mask_oil/00524.tif,Oil,2048x2048,2048x2048,PASS,PASS,
Oil/00525.tif,Mask_oil/00525.tif,Oil,2048x2048,2048x2048,PASS,PASS,
Oil/00526.tif,Mask_oil/00526.tif,Oil,2048x2048,2048x2048,PASS,PASS,
Oil/00527.tif,Mask_oil/00527.tif,Oil,2048x2048,2048x2048,PASS,PASS,
Oil/00528.tif,Mask_oil/00528.tif,Oil,2048x2048,2048x2048,PASS,PASS,
Oil/00530.tif,Mask_oil/00530.tif,Oil,2048x2048,2048x2048,PASS,PASS,
Oil/00531.tif,Mask_oil/00531.tif,Oil,2048x2048,2048x2048,PASS,PASS,
Oil/00532.tif,Mask_oil/00532.tif,Oil,2048x2048,2048x2048,PASS,PASS,
Oil/00533.tif,Mask_oil/00533.tif,Oil,2048x2048,2048x2048,PASS,PASS,
Oil/00534.tif,Mask_oil/00534.tif,Oil,2048x2048,2048x2048,PASS,PASS,
Oil/00535.tif,Mask_oil/00535.tif,Oil,2048x2048,2048x2048,PASS,PASS,
Oil/00536.tif,Mask_oil/00536.tif,Oil,2048x2048,2048x2048,PASS,PASS,
Oil/00537.tif,Mask_oil/00537.tif,Oil,2048x2048,2048x2048,PASS,PASS,
Oil/00538.tif,Mask_oil/00538.tif,Oil,2048x2048,2048x2048,PASS,PASS,
Oil/00539.tif,Mask_oil/00539.tif,Oil,2048x2048,2048x2048,PASS,PASS,
Oil/00540.tif,Mask_oil/00540.tif,Oil,2048x2048,2048x2048,PASS,PASS,
Oil/00541.tif,Mask_oil/00541.tif,Oil,2048x2048,2048x2048,PASS,PASS,
Oil/00542.tif,Mask_oil/00542.tif,Oil,2048x2048,2048x2048,PASS,PASS,
Oil/00543.tif,Mask_oil/00543.tif,Oil,2048x2048,2048x2048,PASS,PASS,
Oil/00544.tif,Mask_oil/00544.tif,Oil,2048x2048,2048x2048,PASS,PASS,
Oil/00545.tif,Mask_oil/00545.tif,Oil,2048x2048,2048x2048,PASS,PASS,
Oil/00546.tif,Mask_oil/00546.tif,Oil,2048x2048,2048x2048,PASS,PASS,
Oil/00548.tif,Mask_oil/00548.tif,Oil,2048x2048,2048x2048,PASS,PASS,
Oil/00549.tif,Mask_oil/00549.tif,Oil,2048x2048,2048x2048,PASS,PASS,
Oil/00550.tif,Mask_oil/00550.tif,Oil,2048x2048,2048x2048,PASS,PASS,
Oil/00551.tif,Mask_oil/00551.tif,Oil,2048x2048,2048x2048,PASS,PASS,
Oil/00552.tif,Mask_oil/00552.tif,Oil,2048x2048,2048x2048,PASS,PASS,
Oil/00553.tif,Mask_oil/00553.tif,Oil,2048x2048,2048x2048,PASS,PASS,
Oil/00554.tif,Mask_oil/00554.tif,Oil,2048x2048,2048x2048,PASS,PASS,
Oil/00555.tif,Mask_oil/00555.tif,Oil,2048x2048,2048x2048,PASS,PASS,
Oil/00556.tif,Mask_oil/00556.tif,Oil,2048x2048,2048x2048,PASS,PASS,
Oil/00557.tif,Mask_oil/00557.tif,Oil,2048x2048,2048x2048,PASS,PASS,
Oil/00558.tif,Mask_oil/00558.tif,Oil,2048x2048,2048x2048,PASS,PASS,
Oil/00559.tif,Mask_oil/00559.tif,Oil,2048x2048,2048x2048,PASS,PASS,
Oil/00560.tif,Mask_oil/00560.tif,Oil,2048x2048,2048x2048,PASS,PASS,
Oil/00561.tif,Mask_oil/00561.tif,Oil,2048x2048,2048x2048,PASS,PASS,
Oil/00562.tif,Mask_oil/00562.tif,Oil,2048x2048,2048x2048,PASS,PASS,
Oil/00563.tif,Mask_oil/00563.tif,Oil,2048x2048,2048x2048,PASS,PASS,
Oil/00564.tif,Mask_oil/00564.tif,Oil,2048x2048,2048x2048,PASS,PASS,
Oil/00565.tif,Mask_oil/00565.tif,Oil,2048x2048,2048x2048,PASS,PASS,
Oil/00566.tif,Mask_oil/00566.tif,Oil,2048x2048,2048x2048,PASS,PASS,
Oil/00567.tif,Mask_oil/00567.tif,Oil,2048x2048,2048x2048,PASS,PASS,
Oil/00568.tif,Mask_oil/00568.tif,Oil,2048x2048,2048x2048,PASS,PASS,
Oil/00569.tif,Mask_oil/00569.tif,Oil,2048x2048,2048x2048,PASS,PASS,
Oil/00570.tif,Mask_oil/00570.tif,Oil,2048x2048,2048x2048,PASS,PASS,
Oil/00571.tif,Mask_oil/00571.tif,Oil,2048x2048,2048x2048,PASS,PASS,
Oil/00572.tif,Mask_oil/00572.tif,Oil,2048x2048,2048x2048,PASS,PASS,
Oil/00573.tif,Mask_oil/00573.tif,Oil,2048x2048,2048x2048,PASS,PASS,
Oil/00574.tif,Mask_oil/00574.tif,Oil,2048x2048,2048x2048,PASS,PASS,
Oil/00575.tif,Mask_oil/00575.tif,Oil,2048x2048,2048x2048,PASS,PASS,
Oil/00577.tif,Mask_oil/00577.tif,Oil,2048x2048,2048x2048,PASS,PASS,
Oil/00579.tif,Mask_oil/00579.tif,Oil,2048x2048,2048x2048,PASS,PASS,
Oil/00580.tif,Mask_oil/00580.tif,Oil,2048x2048,2048x2048,PASS,PASS,
Oil/00582.tif,Mask_oil/00582.tif,Oil,2048x2048,2048x2048,PASS,PASS,
Oil/00583.tif,Mask_oil/00583.tif,Oil,2048x2048,2048x2048,PASS,PASS,
Oil/00584.tif,Mask_oil/00584.tif,Oil,2048x2048,2048x2048,PASS,PASS,
Oil/00585.tif,Mask_oil/00585.tif,Oil,2048x2048,2048x2048,PASS,PASS,
Oil/00586.tif,Mask_oil/00586.tif,Oil,2048x2048,2048x2048,PASS,PASS,
Oil/00591.tif,Mask_oil/00591.tif,Oil,2048x2048,2048x2048,PASS,PASS,
Oil/00592.tif,Mask_oil/00592.tif,Oil,2048x2048,2048x2048,PASS,PASS,
Oil/00593.tif,Mask_oil/00593.tif,Oil,2048x2048,2048x2048,PASS,PASS,
Oil/00594.tif,Mask_oil/00594.tif,Oil,2048x2048,2048x2048,PASS,PASS,
Oil/00595.tif,Mask_oil/00595.tif,Oil,2048x2048,2048x2048,PASS,PASS,
Oil/00596.tif,Mask_oil/00596.tif,Oil,2048x2048,2048x2048,PASS,PASS,
Oil/00597.tif,Mask_oil/00597.tif,Oil,2048x2048,2048x2048,PASS,PASS,
Oil/00598.tif,Mask_oil/00598.tif,Oil,2048x2048,2048x2048,PASS,PASS,
Oil/00599.tif,Mask_oil/00599.tif,Oil,2048x2048,2048x2048,PASS,PASS,
Oil/00600.tif,Mask_oil/00600.tif,Oil,2048x2048,2048x2048,PASS,PASS,
Oil/00601.tif,Mask_oil/00601.tif,Oil,2048x2048,2048x2048,PASS,PASS,
Oil/00603.tif,Mask_oil/00603.tif,Oil,2048x2048,2048x2048,PASS,PASS,
Oil/00604.tif,Mask_oil/00604.tif,Oil,2048x2048,2048x2048,PASS,PASS,
Oil/00605.tif,Mask_oil/00605.tif,Oil,2048x2048,2048x2048,PASS,PASS,
Oil/00606.tif,Mask_oil/00606.tif,Oil,2048x2048,2048x2048,PASS,PASS,
Oil/00607.tif,Mask_oil/00607.tif,Oil,2048x2048,2048x2048,PASS,PASS,
Oil/00608.tif,Mask_oil/00608.tif,Oil,2048x2048,2048x2048,PASS,PASS,
Oil/00609.tif,Mask_oil/00609.tif,Oil,2048x2048,2048x2048,PASS,PASS,
Oil/00610.tif,Mask_oil/00610.tif,Oil,2048x2048,2048x2048,PASS,PASS,
Oil/00611.tif,Mask_oil/00611.tif,Oil,2048x2048,2048x2048,PASS,PASS,
Oil/00612.tif,Mask_oil/00612.tif,Oil,2048x2048,2048x2048,PASS,PASS,
Oil/00613.tif,Mask_oil/00613.tif,Oil,2048x2048,2048x2048,PASS,PASS,
Oil/00614.tif,Mask_oil/00614.tif,Oil,2048x2048,2048x2048,PASS,PASS,
Oil/00615.tif,Mask_oil/00615.tif,Oil,2048x2048,2048x2048,PASS,PASS,
Oil/00616.tif,Mask_oil/00616.tif,Oil,2048x2048,2048x2048,PASS,PASS,
Oil/00617.tif,Mask_oil/00617.tif,Oil,2048x2048,2048x2048,PASS,PASS,
Oil/00618.tif,Mask_oil/00618.tif,Oil,2048x2048,2048x2048,PASS,PASS,
Oil/00619.tif,Mask_oil/00619.tif,Oil,2048x2048,2048x2048,PASS,PASS,
Oil/00620.tif,Mask_oil/00620.tif,Oil,2048x2048,2048x2048,PASS,PASS,
Oil/00621.tif,Mask_oil/00621.tif,Oil,2048x2048,2048x2048,PASS,PASS,
Oil/00622.tif,Mask_oil/00622.tif,Oil,2048x2048,2048x2048,PASS,PASS,
Oil/00624.tif,Mask_oil/00624.tif,Oil,2048x2048,2048x2048,PASS,PASS,
Oil/00625.tif,Mask_oil/00625.tif,Oil,2048x2048,2048x2048,PASS,PASS,
Oil/00626.tif,Mask_oil/00626.tif,Oil,2048x2048,2048x2048,PASS,PASS,
Oil/00627.tif,Mask_oil/00627.tif,Oil,2048x2048,2048x2048,PASS,PASS,
Oil/00628.tif,Mask_oil/00628.tif,Oil,2048x2048,2048x2048,PASS,PASS,
Oil/00629.tif,Mask_oil/00629.tif,Oil,2048x2048,2048x2048,PASS,PASS,
Oil/00630.tif,Mask_oil/00630.tif,Oil,2048x2048,2048x2048,PASS,PASS,
Oil/00631.tif,Mask_oil/00631.tif,Oil,2048x2048,2048x2048,PASS,PASS,
Oil/00632.tif,Mask_oil/00632.tif,Oil,2048x2048,2048x2048,PASS,PASS,
Oil/00633.tif,Mask_oil/00633.tif,Oil,2048x2048,2048x2048,PASS,PASS,
Oil/00634.tif,Mask_oil/00634.tif,Oil,2048x2048,2048x2048,PASS,PASS,
Oil/00635.tif,Mask_oil/00635.tif,Oil,2048x2048,2048x2048,PASS,PASS,
Oil/00636.tif,Mask_oil/00636.tif,Oil,2048x2048,2048x2048,PASS,PASS,
Oil/00637.tif,Mask_oil/00637.tif,Oil,2048x2048,2048x2048,PASS,PASS,
Oil/00638.tif,Mask_oil/00638.tif,Oil,2048x2048,2048x2048,PASS,PASS,
Oil/00639.tif,Mask_oil/00639.tif,Oil,2048x2048,2048x2048,PASS,PASS,
Oil/00640.tif,Mask_oil/00640.tif,Oil,2048x2048,2048x2048,PASS,PASS,
Oil/00641.tif,Mask_oil/00641.tif,Oil,2048x2048,2048x2048,PASS,PASS,
Oil/00642.tif,Mask_oil/00642.tif,Oil,2048x2048,2048x2048,PASS,PASS,
Oil/00643.tif,Mask_oil/00643.tif,Oil,2048x2048,2048x2048,PASS,PASS,
Oil/00644.tif,Mask_oil/00644.tif,Oil,2048x2048,2048x2048,PASS,PASS,
Oil/00645.tif,Mask_oil/00645.tif,Oil,2048x2048,2048x2048,PASS,PASS,
Oil/00646.tif,Mask_oil/00646.tif,Oil,2048x2048,2048x2048,PASS,PASS,
Oil/00647.tif,Mask_oil/00647.tif,Oil,2048x2048,2048x2048,PASS,PASS,
Oil/00648.tif,Mask_oil/00648.tif,Oil,2048x2048,2048x2048,PASS,PASS,
Oil/00649.tif,Mask_oil/00649.tif,Oil,2048x2048,2048x2048,PASS,PASS,
Oil/00650.tif,Mask_oil/00650.tif,Oil,2048x2048,2048x2048,PASS,PASS,
Oil/00651.tif,Mask_oil/00651.tif,Oil,2048x2048,2048x2048,PASS,PASS,
Oil/00652.tif,Mask_oil/00652.tif,Oil,2048x2048,2048x2048,PASS,PASS,
Oil/00653.tif,Mask_oil/00653.tif,Oil,2048x2048,2048x2048,PASS,PASS,
Oil/00654.tif,Mask_oil/00654.tif,Oil,2048x2048,2048x2048,PASS,PASS,
Oil/00655.tif,Mask_oil/00655.tif,Oil,2048x2048,2048x2048,PASS,PASS,
Oil/00656.tif,Mask_oil/00656.tif,Oil,2048x2048,2048x2048,PASS,PASS,
Oil/00657.tif,Mask_oil/00657.tif,Oil,2048x2048,2048x2048,PASS,PASS,
Oil/00658.tif,Mask_oil/00658.tif,Oil,2048x2048,2048x2048,PASS,PASS,
Oil/00659.tif,Mask_oil/00659.tif,Oil,2048x2048,2048x2048,PASS,PASS,
Oil/00660.tif,Mask_oil/00660.tif,Oil,2048x2048,2048x2048,PASS,PASS,
Oil/00661.tif,Mask_oil/00661.tif,Oil,2048x2048,2048x2048,PASS,PASS,
Oil/00662.tif,Mask_oil/00662.tif,Oil,2048x2048,2048x2048,PASS,PASS,
Oil/00663.tif,Mask_oil/00663.tif,Oil,2048x2048,2048x2048,PASS,PASS,
Oil/00664.tif,Mask_oil/00664.tif,Oil,2048x2048,2048x2048,PASS,PASS,
Oil/00665.tif,Mask_oil/00665.tif,Oil,2048x2048,2048x2048,PASS,PASS,
Oil/00666.tif,Mask_oil/00666.tif,Oil,2048x2048,2048x2048,PASS,PASS,
Oil/00667.tif,Mask_oil/00667.tif,Oil,2048x2048,2048x2048,PASS,PASS,
Oil/00668.tif,Mask_oil/00668.tif,Oil,2048x2048,2048x2048,PASS,PASS,
Oil/00670.tif,Mask_oil/00670.tif,Oil,2048x2048,2048x2048,PASS,PASS,
Oil/00674.tif,Mask_oil/00674.tif,Oil,2048x2048,2048x2048,PASS,PASS,
Oil/00675.tif,Mask_oil/00675.tif,Oil,2048x2048,2048x2048,PASS,PASS,
Oil/00676.tif,Mask_oil/00676.tif,Oil,2048x2048,2048x2048,PASS,PASS,
Oil/00677.tif,Mask_oil/00677.tif,Oil,2048x2048,2048x2048,PASS,PASS,
Oil/00678.tif,Mask_oil/00678.tif,Oil,2048x2048,2048x2048,PASS,PASS,
Oil/00679.tif,Mask_oil/00679.tif,Oil,2048x2048,2048x2048,PASS,PASS,
Oil/00680.tif,Mask_oil/00680.tif,Oil,2048x2048,2048x2048,PASS,PASS,
Oil/00681.tif,Mask_oil/00681.tif,Oil,2048x2048,2048x2048,PASS,PASS,
Oil/00682.tif,Mask_oil/00682.tif,Oil,2048x2048,2048x2048,PASS,PASS,
Oil/00684.tif,Mask_oil/00684.tif,Oil,2048x2048,2048x2048,PASS,PASS,
Oil/00685.tif,Mask_oil/00685.tif,Oil,2048x2048,2048x2048,PASS,PASS,
Oil/00686.tif,Mask_oil/00686.tif,Oil,2048x2048,2048x2048,PASS,PASS,
Oil/00687.tif,Mask_oil/00687.tif,Oil,2048x2048,2048x2048,PASS,PASS,
Oil/00688.tif,Mask_oil/00688.tif,Oil,2048x2048,2048x2048,PASS,PASS,
Oil/00689.tif,Mask_oil/00689.tif,Oil,2048x2048,2048x2048,PASS,PASS,
Oil/00691.tif,Mask_oil/00691.tif,Oil,2048x2048,2048x2048,PASS,PASS,
Oil/00692.tif,Mask_oil/00692.tif,Oil,2048x2048,2048x2048,PASS,PASS,
Oil/00693.tif,Mask_oil/00693.tif,Oil,2048x2048,2048x2048,PASS,PASS,
Oil/00694.tif,Mask_oil/00694.tif,Oil,2048x2048,2048x2048,PASS,PASS,
Oil/00695.tif,Mask_oil/00695.tif,Oil,2048x2048,2048x2048,PASS,PASS,
Oil/00696.tif,Mask_oil/00696.tif,Oil,2048x2048,2048x2048,PASS,PASS,
Oil/00697.tif,Mask_oil/00697.tif,Oil,2048x2048,2048x2048,PASS,PASS,
Oil/00698.tif,Mask_oil/00698.tif,Oil,2048x2048,2048x2048,PASS,PASS,
Oil/00699.tif,Mask_oil/00699.tif,Oil,2048x2048,2048x2048,PASS,PASS,
Oil/00700.tif,Mask_oil/00700.tif,Oil,2048x2048,2048x2048,PASS,PASS,
Oil/00701.tif,Mask_oil/00701.tif,Oil,2048x2048,2048x2048,PASS,PASS,
Oil/00703.tif,Mask_oil/00703.tif,Oil,2048x2048,2048x2048,PASS,PASS,
Oil/00704.tif,Mask_oil/00704.tif,Oil,2048x2048,2048x2048,PASS,PASS,
Oil/00705.tif,Mask_oil/00705.tif,Oil,2048x2048,2048x2048,PASS,PASS,
Oil/00706.tif,Mask_oil/00706.tif,Oil,2048x2048,2048x2048,PASS,PASS,
Oil/00707.tif,Mask_oil/00707.tif,Oil,2048x2048,2048x2048,PASS,PASS,
Oil/00708.tif,Mask_oil/00708.tif,Oil,2048x2048,2048x2048,PASS,PASS,
Oil/00709.tif,Mask_oil/00709.tif,Oil,2048x2048,2048x2048,PASS,PASS,
Oil/00710.tif,Mask_oil/00710.tif,Oil,2048x2048,2048x2048,PASS,PASS,
Oil/00711.tif,Mask_oil/00711.tif,Oil,2048x2048,2048x2048,PASS,PASS,
Oil/00712.tif,Mask_oil/00712.tif,Oil,2048x2048,2048x2048,PASS,PASS,
Oil/00713.tif,Mask_oil/00713.tif,Oil,2048x2048,2048x2048,PASS,PASS,
Oil/00714.tif,Mask_oil/00714.tif,Oil,2048x2048,2048x2048,PASS,PASS,
Oil/00715.tif,Mask_oil/00715.tif,Oil,2048x2048,2048x2048,PASS,PASS,
Oil/00716.tif,Mask_oil/00716.tif,Oil,2048x2048,2048x2048,PASS,PASS,
Oil/00717.tif,Mask_oil/00717.tif,Oil,2048x2048,2048x2048,PASS,PASS,
Oil/00718.tif,Mask_oil/00718.tif,Oil,2048x2048,2048x2048,PASS,PASS,
Oil/00719.tif,Mask_oil/00719.tif,Oil,2048x2048,2048x2048,PASS,PASS,
Oil/00720.tif,Mask_oil/00720.tif,Oil,2048x2048,2048x2048,PASS,PASS,
Oil/00722.tif,Mask_oil/00722.tif,Oil,2048x2048,2048x2048,PASS,PASS,
Oil/00723.tif,Mask_oil/00723.tif,Oil,2048x2048,2048x2048,PASS,PASS,
Oil/00724.tif,Mask_oil/00724.tif,Oil,2048x2048,2048x2048,PASS,PASS,
Oil/00725.tif,Mask_oil/00725.tif,Oil,2048x2048,2048x2048,PASS,PASS,
Oil/00726.tif,Mask_oil/00726.tif,Oil,2048x2048,2048x2048,PASS,PASS,
Oil/00727.tif,Mask_oil/00727.tif,Oil,2048x2048,2048x2048,PASS,PASS,
Oil/00728.tif,Mask_oil/00728.tif,Oil,2048x2048,2048x2048,PASS,PASS,
Oil/00729.tif,Mask_oil/00729.tif,Oil,2048x2048,2048x2048,PASS,PASS,
Oil/00730.tif,Mask_oil/00730.tif,Oil,2048x2048,2048x2048,PASS,PASS,
Oil/00731.tif,Mask_oil/00731.tif,Oil,2048x2048,2048x2048,PASS,PASS,
Oil/00732.tif,Mask_oil/00732.tif,Oil,2048x2048,2048x2048,PASS,PASS,
Oil/00734.tif,Mask_oil/00734.tif,Oil,2048x2048,2048x2048,PASS,PASS,
Oil/00735.tif,Mask_oil/00735.tif,Oil,2048x2048,2048x2048,PASS,PASS,
Oil/00736.tif,Mask_oil/00736.tif,Oil,2048x2048,2048x2048,PASS,PASS,
Oil/00737.tif,Mask_oil/00737.tif,Oil,2048x2048,2048x2048,PASS,PASS,
Oil/00738.tif,Mask_oil/00738.tif,Oil,2048x2048,2048x2048,PASS,PASS,
Oil/00739.tif,Mask_oil/00739.tif,Oil,2048x2048,2048x2048,PASS,PASS,
Oil/00740.tif,Mask_oil/00740.tif,Oil,2048x2048,2048x2048,PASS,PASS,
Oil/00742.tif,Mask_oil/00742.tif,Oil,2048x2048,2048x2048,PASS,PASS,
Oil/00743.tif,Mask_oil/00743.tif,Oil,2048x2048,2048x2048,PASS,PASS,
Oil/00744.tif,Mask_oil/00744.tif,Oil,2048x2048,2048x2048,PASS,PASS,
Oil/00745.tif,Mask_oil/00745.tif,Oil,2048x2048,2048x2048,PASS,PASS,
Oil/00748.tif,Mask_oil/00748.tif,Oil,2048x2048,2048x2048,PASS,PASS,
Oil/00749.tif,Mask_oil/00749.tif,Oil,2048x2048,2048x2048,PASS,PASS,
Oil/00750.tif,Mask_oil/00750.tif,Oil,2048x2048,2048x2048,PASS,PASS,
Oil/00751.tif,Mask_oil/00751.tif,Oil,2048x2048,2048x2048,PASS,PASS,
Oil/00752.tif,Mask_oil/00752.tif,Oil,2048x2048,2048x2048,PASS,PASS,
Oil/00753.tif,Mask_oil/00753.tif,Oil,2048x2048,2048x2048,PASS,PASS,
Oil/00754.tif,Mask_oil/00754.tif,Oil,2048x2048,2048x2048,PASS,PASS,
Oil/00755.tif,Mask_oil/00755.tif,Oil,2048x2048,2048x2048,PASS,PASS,
Oil/00756.tif,Mask_oil/00756.tif,Oil,2048x2048,2048x2048,PASS,PASS,
Oil/00757.tif,Mask_oil/00757.tif,Oil,2048x2048,2048x2048,PASS,PASS,
Oil/00758.tif,Mask_oil/00758.tif,Oil,2048x2048,2048x2048,PASS,PASS,
Oil/00759.tif,Mask_oil/00759.tif,Oil,2048x2048,2048x2048,PASS,PASS,
Oil/00760.tif,Mask_oil/00760.tif,Oil,2048x2048,2048x2048,PASS,PASS,
Oil/00761.tif,Mask_oil/00761.tif,Oil,2048x2048,2048x2048,PASS,PASS,
Oil/00764.tif,Mask_oil/00764.tif,Oil,2048x2048,2048x2048,PASS,PASS,
Oil/00765.tif,Mask_oil/00765.tif,Oil,2048x2048,2048x2048,PASS,PASS,
Oil/00766.tif,Mask_oil/00766.tif,Oil,2048x2048,2048x2048,PASS,PASS,
Oil/00767.tif,Mask_oil/00767.tif,Oil,2048x2048,2048x2048,PASS,PASS,
Oil/00768.tif,Mask_oil/00768.tif,Oil,2048x2048,2048x2048,PASS,PASS,
Oil/00769.tif,Mask_oil/00769.tif,Oil,2048x2048,2048x2048,PASS,PASS,
Oil/00770.tif,Mask_oil/00770.tif,Oil,2048x2048,2048x2048,PASS,PASS,
Oil/00771.tif,Mask_oil/00771.tif,Oil,2048x2048,2048x2048,PASS,PASS,
Oil/00772.tif,Mask_oil/00772.tif,Oil,2048x2048,2048x2048,PASS,PASS,
Oil/00776.tif,Mask_oil/00776.tif,Oil,2048x2048,2048x2048,PASS,PASS,
Oil/00777.tif,Mask_oil/00777.tif,Oil,2048x2048,2048x2048,PASS,PASS,
Oil/00778.tif,Mask_oil/00778.tif,Oil,2048x2048,2048x2048,PASS,PASS,
Oil/00779.tif,Mask_oil/00779.tif,Oil,2048x2048,2048x2048,PASS,PASS,
Oil/00780.tif,Mask_oil/00780.tif,Oil,2048x2048,2048x2048,PASS,PASS,
Oil/00781.tif,Mask_oil/00781.tif,Oil,2048x2048,2048x2048,PASS,PASS,
Oil/00782.tif,Mask_oil/00782.tif,Oil,2048x2048,2048x2048,PASS,PASS,
Oil/00783.tif,Mask_oil/00783.tif,Oil,2048x2048,2048x2048,PASS,PASS,
Oil/00784.tif,Mask_oil/00784.tif,Oil,2048x2048,2048x2048,PASS,PASS,
Oil/00785.tif,Mask_oil/00785.tif,Oil,2048x2048,2048x2048,PASS,PASS,
Oil/00786.tif,Mask_oil/00786.tif,Oil,2048x2048,2048x2048,PASS,PASS,
Oil/00787.tif,Mask_oil/00787.tif,Oil,2048x2048,2048x2048,PASS,PASS,
Oil/00788.tif,Mask_oil/00788.tif,Oil,2048x2048,2048x2048,PASS,PASS,
Oil/00789.tif,Mask_oil/00789.tif,Oil,2048x2048,2048x2048,PASS,PASS,
Oil/00790.tif,Mask_oil/00790.tif,Oil,2048x2048,2048x2048,PASS,PASS,
Oil/00791.tif,Mask_oil/00791.tif,Oil,2048x2048,2048x2048,PASS,PASS,
Oil/00792.tif,Mask_oil/00792.tif,Oil,2048x2048,2048x2048,PASS,PASS,
Oil/00793.tif,Mask_oil/00793.tif,Oil,2048x2048,2048x2048,PASS,PASS,
Oil/00794.tif,Mask_oil/00794.tif,Oil,2048x2048,2048x2048,PASS,PASS,
Oil/00795.tif,Mask_oil/00795.tif,Oil,2048x2048,2048x2048,PASS,PASS,
Oil/00796.tif,Mask_oil/00796.tif,Oil,2048x2048,2048x2048,PASS,PASS,
Oil/00797.tif,Mask_oil/00797.tif,Oil,2048x2048,2048x2048,PASS,PASS,
Oil/00798.tif,Mask_oil/00798.tif,Oil,2048x2048,2048x2048,PASS,PASS,
Oil/00799.tif,Mask_oil/00799.tif,Oil,2048x2048,2048x2048,PASS,PASS,
Oil/00800.tif,Mask_oil/00800.tif,Oil,2048x2048,2048x2048,PASS,PASS,
Oil/00801.tif,Mask_oil/00801.tif,Oil,2048x2048,2048x2048,PASS,PASS,
Oil/00802.tif,Mask_oil/00802.tif,Oil,2048x2048,2048x2048,PASS,PASS,
Oil/00803.tif,Mask_oil/00803.tif,Oil,2048x2048,2048x2048,PASS,PASS,
Oil/00804.tif,Mask_oil/00804.tif,Oil,2048x2048,2048x2048,PASS,PASS,
Oil/00805.tif,Mask_oil/00805.tif,Oil,2048x2048,2048x2048,PASS,PASS,
Oil/00806.tif,Mask_oil/00806.tif,Oil,2048x2048,2048x2048,PASS,PASS,
Oil/00807.tif,Mask_oil/00807.tif,Oil,2048x2048,2048x2048,PASS,PASS,
Oil/00808.tif,Mask_oil/00808.tif,Oil,2048x2048,2048x2048,PASS,PASS,
Oil/00809.tif,Mask_oil/00809.tif,Oil,2048x2048,2048x2048,PASS,PASS,
Oil/00810.tif,Mask_oil/00810.tif,Oil,2048x2048,2048x2048,PASS,PASS,
Oil/00811.tif,Mask_oil/00811.tif,Oil,2048x2048,2048x2048,PASS,PASS,
Oil/00812.tif,Mask_oil/00812.tif,Oil,2048x2048,2048x2048,PASS,PASS,
Oil/00813.tif,Mask_oil/00813.tif,Oil,2048x2048,2048x2048,PASS,PASS,
Oil/00815.tif,Mask_oil/00815.tif,Oil,2048x2048,2048x2048,PASS,PASS,
Oil/00816.tif,Mask_oil/00816.tif,Oil,2048x2048,2048x2048,PASS,PASS,
Oil/00817.tif,Mask_oil/00817.tif,Oil,2048x2048,2048x2048,PASS,PASS,
Oil/00818.tif,Mask_oil/00818.tif,Oil,2048x2048,2048x2048,PASS,PASS,
Oil/00820.tif,Mask_oil/00820.tif,Oil,2048x2048,2048x2048,PASS,PASS,
Oil/00821.tif,Mask_oil/00821.tif,Oil,2048x2048,2048x2048,PASS,PASS,
Oil/00822.tif,Mask_oil/00822.tif,Oil,2048x2048,2048x2048,PASS,PASS,
Oil/00823.tif,Mask_oil/00823.tif,Oil,2048x2048,2048x2048,PASS,PASS,
Oil/00824.tif,Mask_oil/00824.tif,Oil,2048x2048,2048x2048,PASS,PASS,
Oil/00825.tif,Mask_oil/00825.tif,Oil,2048x2048,2048x2048,PASS,PASS,
Oil/00826.tif,Mask_oil/00826.tif,Oil,2048x2048,2048x2048,PASS,PASS,
Oil/00827.tif,Mask_oil/00827.tif,Oil,2048x2048,2048x2048,PASS,PASS,
Oil/00828.tif,Mask_oil/00828.tif,Oil,2048x2048,2048x2048,PASS,PASS,
Oil/00829.tif,Mask_oil/00829.tif,Oil,2048x2048,2048x2048,PASS,PASS,
Oil/00830.tif,Mask_oil/00830.tif,Oil,2048x2048,2048x2048,PASS,PASS,
Oil/00831.tif,Mask_oil/00831.tif,Oil,2048x2048,2048x2048,PASS,PASS,
Oil/00832.tif,Mask_oil/00832.tif,Oil,2048x2048,2048x2048,PASS,PASS,
Oil/00833.tif,Mask_oil/00833.tif,Oil,2048x2048,2048x2048,PASS,PASS,
Oil/00834.tif,Mask_oil/00834.tif,Oil,2048x2048,2048x2048,PASS,PASS,
Oil/00835.tif,Mask_oil/00835.tif,Oil,2048x2048,2048x2048,PASS,PASS,
Oil/00836.tif,Mask_oil/00836.tif,Oil,2048x2048,2048x2048,PASS,PASS,
Oil/00837.tif,Mask_oil/00837.tif,Oil,2048x2048,2048x2048,PASS,PASS,
Oil/00838.tif,Mask_oil/00838.tif,Oil,2048x2048,2048x2048,PASS,PASS,
Oil/00839.tif,Mask_oil/00839.tif,Oil,2048x2048,2048x2048,PASS,PASS,
Oil/00840.tif,Mask_oil/00840.tif,Oil,2048x2048,2048x2048,PASS,PASS,
Oil/00841.tif,Mask_oil/00841.tif,Oil,2048x2048,2048x2048,PASS,PASS,
Oil/00842.tif,Mask_oil/00842.tif,Oil,2048x2048,2048x2048,PASS,PASS,
Oil/00843.tif,Mask_oil/00843.tif,Oil,2048x2048,2048x2048,PASS,PASS,
Oil/00844.tif,Mask_oil/00844.tif,Oil,2048x2048,2048x2048,PASS,PASS,
Oil/00845.tif,Mask_oil/00845.tif,Oil,2048x2048,2048x2048,PASS,PASS,
Oil/00846.tif,Mask_oil/00846.tif,Oil,2048x2048,2048x2048,PASS,PASS,
Oil/00847.tif,Mask_oil/00847.tif,Oil,2048x2048,2048x2048,PASS,PASS,
Oil/00848.tif,Mask_oil/00848.tif,Oil,2048x2048,2048x2048,PASS,PASS,
Oil/00849.tif,Mask_oil/00849.tif,Oil,2048x2048,2048x2048,PASS,PASS,
Oil/00850.tif,Mask_oil/00850.tif,Oil,2048x2048,2048x2048,PASS,PASS,
Oil/00851.tif,Mask_oil/00851.tif,Oil,2048x2048,2048x2048,PASS,PASS,
Oil/00852.tif,Mask_oil/00852.tif,Oil,2048x2048,2048x2048,PASS,PASS,
Oil/00853.tif,Mask_oil/00853.tif,Oil,2048x2048,2048x2048,PASS,PASS,
Oil/00854.tif,Mask_oil/00854.tif,Oil,2048x2048,2048x2048,PASS,PASS,
Oil/00855.tif,Mask_oil/00855.tif,Oil,2048x2048,2048x2048,PASS,PASS,
Oil/00856.tif,Mask_oil/00856.tif,Oil,2048x2048,2048x2048,PASS,PASS,
Oil/00857.tif,Mask_oil/00857.tif,Oil,2048x2048,2048x2048,PASS,PASS,
Oil/00858.tif,Mask_oil/00858.tif,Oil,2048x2048,2048x2048,PASS,PASS,
Oil/00859.tif,Mask_oil/00859.tif,Oil,2048x2048,2048x2048,PASS,PASS,
Oil/00860.tif,Mask_oil/00860.tif,Oil,2048x2048,2048x2048,PASS,PASS,
Oil/00861.tif,Mask_oil/00861.tif,Oil,2048x2048,2048x2048,PASS,PASS,
Oil/00862.tif,Mask_oil/00862.tif,Oil,2048x2048,2048x2048,PASS,PASS,
Oil/00863.tif,Mask_oil/00863.tif,Oil,2048x2048,2048x2048,PASS,PASS,
Oil/00864.tif,Mask_oil/00864.tif,Oil,2048x2048,2048x2048,PASS,PASS,
Oil/00865.tif,Mask_oil/00865.tif,Oil,2048x2048,2048x2048,PASS,PASS,
Oil/00866.tif,Mask_oil/00866.tif,Oil,2048x2048,2048x2048,PASS,PASS,
Oil/00867.tif,Mask_oil/00867.tif,Oil,2048x2048,2048x2048,PASS,PASS,
Oil/00869.tif,Mask_oil/00869.tif,Oil,2048x2048,2048x2048,PASS,PASS,
Oil/00870.tif,Mask_oil/00870.tif,Oil,2048x2048,2048x2048,PASS,PASS,
Oil/00871.tif,Mask_oil/00871.tif,Oil,2048x2048,2048x2048,PASS,PASS,
Oil/00872.tif,Mask_oil/00872.tif,Oil,2048x2048,2048x2048,PASS,PASS,
Oil/00873.tif,Mask_oil/00873.tif,Oil,2048x2048,2048x2048,PASS,PASS,
Oil/00874.tif,Mask_oil/00874.tif,Oil,2048x2048,2048x2048,PASS,PASS,
Oil/00875.tif,Mask_oil/00875.tif,Oil,2048x2048,2048x2048,PASS,PASS,
Oil/00876.tif,Mask_oil/00876.tif,Oil,2048x2048,2048x2048,PASS,PASS,
Oil/00877.tif,Mask_oil/00877.tif,Oil,2048x2048,2048x2048,PASS,PASS,
Oil/00878.tif,Mask_oil/00878.tif,Oil,2048x2048,2048x2048,PASS,PASS,
Oil/00879.tif,Mask_oil/00879.tif,Oil,2048x2048,2048x2048,PASS,PASS,
Oil/00880.tif,Mask_oil/00880.tif,Oil,2048x2048,2048x2048,PASS,PASS,
Oil/00881.tif,Mask_oil/00881.tif,Oil,2048x2048,2048x2048,PASS,PASS,
Oil/00882.tif,Mask_oil/00882.tif,Oil,2048x2048,2048x2048,PASS,PASS,
Oil/00883.tif,Mask_oil/00883.tif,Oil,2048x2048,2048x2048,PASS,PASS,
Oil/00884.tif,Mask_oil/00884.tif,Oil,2048x2048,2048x2048,PASS,PASS,
Oil/00885.tif,Mask_oil/00885.tif,Oil,2048x2048,2048x2048,PASS,PASS,
Oil/00886.tif,Mask_oil/00886.tif,Oil,2048x2048,2048x2048,PASS,PASS,
Oil/00887.tif,Mask_oil/00887.tif,Oil,2048x2048,2048x2048,PASS,PASS,
Oil/00888.tif,Mask_oil/00888.tif,Oil,2048x2048,2048x2048,PASS,PASS,
Oil/00889.tif,Mask_oil/00889.tif,Oil,2048x2048,2048x2048,PASS,PASS,
Oil/00890.tif,Mask_oil/00890.tif,Oil,2048x2048,2048x2048,PASS,PASS,
Oil/00891.tif,Mask_oil/00891.tif,Oil,2048x2048,2048x2048,PASS,PASS,
Oil/00892.tif,Mask_oil/00892.tif,Oil,2048x2048,2048x2048,PASS,PASS,
Oil/00893.tif,Mask_oil/00893.tif,Oil,2048x2048,2048x2048,PASS,PASS,
Oil/00894.tif,Mask_oil/00894.tif,Oil,2048x2048,2048x2048,PASS,PASS,
Oil/00895.tif,Mask_oil/00895.tif,Oil,2048x2048,2048x2048,PASS,PASS,
Oil/00896.tif,Mask_oil/00896.tif,Oil,2048x2048,2048x2048,PASS,PASS,
Oil/00897.tif,Mask_oil/00897.tif,Oil,2048x2048,2048x2048,PASS,PASS,
Oil/00898.tif,Mask_oil/00898.tif,Oil,2048x2048,2048x2048,PASS,PASS,
Oil/00899.tif,Mask_oil/00899.tif,Oil,2048x2048,2048x2048,PASS,PASS,
Oil/00900.tif,Mask_oil/00900.tif,Oil,2048x2048,2048x2048,PASS,PASS,
Oil/00901.tif,Mask_oil/00901.tif,Oil,2048x2048,2048x2048,PASS,PASS,
Oil/00902.tif,Mask_oil/00902.tif,Oil,2048x2048,2048x2048,PASS,PASS,
Oil/00903.tif,Mask_oil/00903.tif,Oil,2048x2048,2048x2048,PASS,PASS,
Oil/00904.tif,Mask_oil/00904.tif,Oil,2048x2048,2048x2048,PASS,PASS,
Oil/00905.tif,Mask_oil/00905.tif,Oil,2048x2048,2048x2048,PASS,PASS,
Oil/00906.tif,Mask_oil/00906.tif,Oil,2048x2048,2048x2048,PASS,PASS,
Oil/00907.tif,Mask_oil/00907.tif,Oil,2048x2048,2048x2048,PASS,PASS,
Oil/00909.tif,Mask_oil/00909.tif,Oil,2048x2048,2048x2048,PASS,PASS,
Oil/00910.tif,Mask_oil/00910.tif,Oil,2048x2048,2048x2048,PASS,PASS,
Oil/00911.tif,Mask_oil/00911.tif,Oil,2048x2048,2048x2048,PASS,PASS,
Oil/00912.tif,Mask_oil/00912.tif,Oil,2048x2048,2048x2048,PASS,PASS,
Oil/00913.tif,Mask_oil/00913.tif,Oil,2048x2048,2048x2048,PASS,PASS,
Oil/00914.tif,Mask_oil/00914.tif,Oil,2048x2048,2048x2048,PASS,PASS,
Oil/00915.tif,Mask_oil/00915.tif,Oil,2048x2048,2048x2048,PASS,PASS,
Oil/00916.tif,Mask_oil/00916.tif,Oil,2048x2048,2048x2048,PASS,PASS,
Oil/00917.tif,Mask_oil/00917.tif,Oil,2048x2048,2048x2048,PASS,PASS,
Oil/00918.tif,Mask_oil/00918.tif,Oil,2048x2048,2048x2048,PASS,PASS,
Oil/00919.tif,Mask_oil/00919.tif,Oil,2048x2048,2048x2048,PASS,PASS,
Oil/00920.tif,Mask_oil/00920.tif,Oil,2048x2048,2048x2048,PASS,PASS,
Oil/00921.tif,Mask_oil/00921.tif,Oil,2048x2048,2048x2048,PASS,PASS,
Oil/00922.tif,Mask_oil/00922.tif,Oil,2048x2048,2048x2048,PASS,PASS,
Oil/00923.tif,Mask_oil/00923.tif,Oil,2048x2048,2048x2048,PASS,PASS,
Oil/00924.tif,Mask_oil/00924.tif,Oil,2048x2048,2048x2048,PASS,PASS,
Oil/00925.tif,Mask_oil/00925.tif,Oil,2048x2048,2048x2048,PASS,PASS,
Oil/00926.tif,Mask_oil/00926.tif,Oil,2048x2048,2048x2048,PASS,PASS,
Oil/00927.tif,Mask_oil/00927.tif,Oil,2048x2048,2048x2048,PASS,PASS,
Oil/00928.tif,Mask_oil/00928.tif,Oil,2048x2048,2048x2048,PASS,PASS,
Oil/00929.tif,Mask_oil/00929.tif,Oil,2048x2048,2048x2048,PASS,PASS,
Oil/00930.tif,Mask_oil/00930.tif,Oil,2048x2048,2048x2048,PASS,PASS,
Oil/00931.tif,Mask_oil/00931.tif,Oil,2048x2048,2048x2048,PASS,PASS,
Oil/00932.tif,Mask_oil/00932.tif,Oil,2048x2048,2048x2048,PASS,PASS,
Oil/00933.tif,Mask_oil/00933.tif,Oil,2048x2048,2048x2048,PASS,PASS,
Oil/00934.tif,Mask_oil/00934.tif,Oil,2048x2048,2048x2048,PASS,PASS,
Oil/00935.tif,Mask_oil/00935.tif,Oil,2048x2048,2048x2048,PASS,PASS,
Oil/00936.tif,Mask_oil/00936.tif,Oil,2048x2048,2048x2048,PASS,PASS,
Oil/00937.tif,Mask_oil/00937.tif,Oil,2048x2048,2048x2048,PASS,PASS,
Oil/00938.tif,Mask_oil/00938.tif,Oil,2048x2048,2048x2048,PASS,PASS,
Oil/00939.tif,Mask_oil/00939.tif,Oil,2048x2048,2048x2048,PASS,PASS,
Oil/00940.tif,Mask_oil/00940.tif,Oil,2048x2048,2048x2048,PASS,PASS,
Oil/00941.tif,Mask_oil/00941.tif,Oil,2048x2048,2048x2048,PASS,PASS,
Oil/00942.tif,Mask_oil/00942.tif,Oil,2048x2048,2048x2048,PASS,PASS,
Oil/00943.tif,Mask_oil/00943.tif,Oil,2048x2048,2048x2048,PASS,PASS,
Oil/00944.tif,Mask_oil/00944.tif,Oil,2048x2048,2048x2048,PASS,PASS,
Oil/00945.tif,Mask_oil/00945.tif,Oil,2048x2048,2048x2048,PASS,PASS,
Oil/00946.tif,Mask_oil/00946.tif,Oil,2048x2048,2048x2048,PASS,PASS,
Oil/00947.tif,Mask_oil/00947.tif,Oil,2048x2048,2048x2048,PASS,PASS,
Oil/00948.tif,Mask_oil/00948.tif,Oil,2048x2048,2048x2048,PASS,PASS,
Oil/00949.tif,Mask_oil/00949.tif,Oil,2048x2048,2048x2048,PASS,PASS,
Oil/00950.tif,Mask_oil/00950.tif,Oil,2048x2048,2048x2048,PASS,PASS,
Oil/00951.tif,Mask_oil/00951.tif,Oil,2048x2048,2048x2048,PASS,PASS,
Oil/00952.tif,Mask_oil/00952.tif,Oil,2048x2048,2048x2048,PASS,PASS,
Oil/00953.tif,Mask_oil/00953.tif,Oil,2048x2048,2048x2048,PASS,PASS,
Oil/00954.tif,Mask_oil/00954.tif,Oil,2048x2048,2048x2048,PASS,PASS,
Oil/00955.tif,Mask_oil/00955.tif,Oil,2048x2048,2048x2048,PASS,PASS,
Oil/00956.tif,Mask_oil/00956.tif,Oil,2048x2048,2048x2048,PASS,PASS,
Oil/00957.tif,Mask_oil/00957.tif,Oil,2048x2048,2048x2048,PASS,PASS,
Oil/00958.tif,Mask_oil/00958.tif,Oil,2048x2048,2048x2048,PASS,PASS,
Oil/00959.tif,Mask_oil/00959.tif,Oil,2048x2048,2048x2048,PASS,PASS,
Oil/00960.tif,Mask_oil/00960.tif,Oil,2048x2048,2048x2048,PASS,PASS,
Oil/00961.tif,Mask_oil/00961.tif,Oil,2048x2048,2048x2048,PASS,PASS,
Oil/00962.tif,Mask_oil/00962.tif,Oil,2048x2048,2048x2048,PASS,PASS,
Oil/00963.tif,Mask_oil/00963.tif,Oil,2048x2048,2048x2048,PASS,PASS,
Oil/00964.tif,Mask_oil/00964.tif,Oil,2048x2048,2048x2048,PASS,PASS,
Oil/00965.tif,Mask_oil/00965.tif,Oil,2048x2048,2048x2048,PASS,PASS,
Oil/00966.tif,Mask_oil/00966.tif,Oil,2048x2048,2048x2048,PASS,PASS,
Oil/00967.tif,Mask_oil/00967.tif,Oil,2048x2048,2048x2048,PASS,PASS,
Oil/00968.tif,Mask_oil/00968.tif,Oil,2048x2048,2048x2048,PASS,PASS,
Oil/00969.tif,Mask_oil/00969.tif,Oil,2048x2048,2048x2048,PASS,PASS,
Oil/00970.tif,Mask_oil/00970.tif,Oil,2048x2048,2048x2048,PASS,PASS,
Oil/00971.tif,Mask_oil/00971.tif,Oil,2048x2048,2048x2048,PASS,PASS,
Oil/00972.tif,Mask_oil/00972.tif,Oil,2048x2048,2048x2048,PASS,PASS,
Oil/00973.tif,Mask_oil/00973.tif,Oil,2048x2048,2048x2048,PASS,PASS,
Oil/00974.tif,Mask_oil/00974.tif,Oil,2048x2048,2048x2048,PASS,PASS,
Oil/00975.tif,Mask_oil/00975.tif,Oil,2048x2048,2048x2048,PASS,PASS,
Oil/00976.tif,Mask_oil/00976.tif,Oil,2048x2048,2048x2048,PASS,PASS,
Oil/00977.tif,Mask_oil/00977.tif,Oil,2048x2048,2048x2048,PASS,PASS,
Oil/00978.tif,Mask_oil/00978.tif,Oil,2048x2048,2048x2048,PASS,PASS,
Oil/00979.tif,Mask_oil/00979.tif,Oil,2048x2048,2048x2048,PASS,PASS,
Oil/00980.tif,Mask_oil/00980.tif,Oil,2048x2048,2048x2048,PASS,PASS,
Oil/00981.tif,Mask_oil/00981.tif,Oil,2048x2048,2048x2048,PASS,PASS,
Oil/00982.tif,Mask_oil/00982.tif,Oil,2048x2048,2048x2048,PASS,PASS,
Oil/00983.tif,Mask_oil/00983.tif,Oil,2048x2048,2048x2048,PASS,PASS,
Oil/00984.tif,Mask_oil/00984.tif,Oil,2048x2048,2048x2048,PASS,PASS,
Oil/00985.tif,Mask_oil/00985.tif,Oil,2048x2048,2048x2048,PASS,PASS,
Oil/00986.tif,Mask_oil/00986.tif,Oil,2048x2048,2048x2048,PASS,PASS,
Oil/00987.tif,Mask_oil/00987.tif,Oil,2048x2048,2048x2048,PASS,PASS,
Oil/00988.tif,Mask_oil/00988.tif,Oil,2048x2048,2048x2048,PASS,PASS,
Oil/00989.tif,Mask_oil/00989.tif,Oil,2048x2048,2048x2048,PASS,PASS,
Oil/00990.tif,Mask_oil/00990.tif,Oil,2048x2048,2048x2048,PASS,PASS,
Oil/00991.tif,Mask_oil/00991.tif,Oil,2048x2048,2048x2048,PASS,PASS,
Oil/00992.tif,Mask_oil/00992.tif,Oil,2048x2048,2048x2048,PASS,PASS,
Oil/00993.tif,Mask_oil/00993.tif,Oil,2048x2048,2048x2048,PASS,PASS,
Oil/00994.tif,Mask_oil/00994.tif,Oil,2048x2048,2048x2048,PASS,PASS,
Oil/00995.tif,Mask_oil/00995.tif,Oil,2048x2048,2048x2048,PASS,PASS,
Oil/00996.tif,Mask_oil/00996.tif,Oil,2048x2048,2048x2048,PASS,PASS,
Oil/00997.tif,Mask_oil/00997.tif,Oil,2048x2048,2048x2048,PASS,PASS,
Oil/00998.tif,Mask_oil/00998.tif,Oil,2048x2048,2048x2048,PASS,PASS,
Oil/00999.tif,Mask_oil/00999.tif,Oil,2048x2048,2048x2048,PASS,PASS,
Oil/01000.tif,Mask_oil/01000.tif,Oil,2048x2048,2048x2048,PASS,PASS,
Oil/01001.tif,Mask_oil/01001.tif,Oil,2048x2048,2048x2048,PASS,PASS,
Oil/01002.tif,Mask_oil/01002.tif,Oil,2048x2048,2048x2048,PASS,PASS,
Oil/01003.tif,Mask_oil/01003.tif,Oil,2048x2048,2048x2048,PASS,PASS,
Oil/01004.tif,Mask_oil/01004.tif,Oil,2048x2048,2048x2048,PASS,PASS,
Oil/01005.tif,Mask_oil/01005.tif,Oil,2048x2048,2048x2048,PASS,PASS,
Oil/01007.tif,Mask_oil/01007.tif,Oil,2048x2048,2048x2048,PASS,PASS,
Oil/01008.tif,Mask_oil/01008.tif,Oil,2048x2048,2048x2048,PASS,PASS,
Oil/01009.tif,Mask_oil/01009.tif,Oil,2048x2048,2048x2048,PASS,PASS,
Oil/01010.tif,Mask_oil/01010.tif,Oil,2048x2048,2048x2048,PASS,PASS,
Oil/01011.tif,Mask_oil/01011.tif,Oil,2048x2048,2048x2048,PASS,PASS,
Oil/01012.tif,Mask_oil/01012.tif,Oil,2048x2048,2048x2048,PASS,PASS,
Oil/01013.tif,Mask_oil/01013.tif,Oil,2048x2048,2048x2048,PASS,PASS,
Oil/01014.tif,Mask_oil/01014.tif,Oil,2048x2048,2048x2048,PASS,PASS,
Oil/01015.tif,Mask_oil/01015.tif,Oil,2048x2048,2048x2048,PASS,PASS,
Oil/01016.tif,Mask_oil/01016.tif,Oil,2048x2048,2048x2048,PASS,PASS,
Oil/01017.tif,Mask_oil/01017.tif,Oil,2048x2048,2048x2048,PASS,PASS,
Oil/01018.tif,Mask_oil/01018.tif,Oil,2048x2048,2048x2048,PASS,PASS,
Oil/01019.tif,Mask_oil/01019.tif,Oil,2048x2048,2048x2048,PASS,PASS,
Oil/01020.tif,Mask_oil/01020.tif,Oil,2048x2048,2048x2048,PASS,PASS,
Oil/01021.tif,Mask_oil/01021.tif,Oil,2048x2048,2048x2048,PASS,PASS,
Oil/01022.tif,Mask_oil/01022.tif,Oil,2048x2048,2048x2048,PASS,PASS,
Oil/01023.tif,Mask_oil/01023.tif,Oil,2048x2048,2048x2048,PASS,PASS,
Oil/01024.tif,Mask_oil/01024.tif,Oil,2048x2048,2048x2048,PASS,PASS,
Oil/01025.tif,Mask_oil/01025.tif,Oil,2048x2048,2048x2048,PASS,PASS,
Oil/01026.tif,Mask_oil/01026.tif,Oil,2048x2048,2048x2048,PASS,PASS,
Oil/01027.tif,Mask_oil/01027.tif,Oil,2048x2048,2048x2048,PASS,PASS,
Oil/01028.tif,Mask_oil/01028.tif,Oil,2048x2048,2048x2048,PASS,PASS,
Oil/01029.tif,Mask_oil/01029.tif,Oil,2048x2048,2048x2048,PASS,PASS,
Oil/01030.tif,Mask_oil/01030.tif,Oil,2048x2048,2048x2048,PASS,PASS,
Oil/01031.tif,Mask_oil/01031.tif,Oil,2048x2048,2048x2048,PASS,PASS,
Oil/01032.tif,Mask_oil/01032.tif,Oil,2048x2048,2048x2048,PASS,PASS,
Oil/01033.tif,Mask_oil/01033.tif,Oil,2048x2048,2048x2048,PASS,PASS,
Oil/01034.tif,Mask_oil/01034.tif,Oil,2048x2048,2048x2048,PASS,PASS,
Oil/01035.tif,Mask_oil/01035.tif,Oil,2048x2048,2048x2048,PASS,PASS,
Oil/01036.tif,Mask_oil/01036.tif,Oil,2048x2048,2048x2048,PASS,PASS,
Oil/01037.tif,Mask_oil/01037.tif,Oil,2048x2048,2048x2048,PASS,PASS,
Oil/01038.tif,Mask_oil/01038.tif,Oil,2048x2048,2048x2048,PASS,PASS,
Oil/01039.tif,Mask_oil/01039.tif,Oil,2048x2048,2048x2048,PASS,PASS,
Oil/01040.tif,Mask_oil/01040.tif,Oil,2048x2048,2048x2048,PASS,PASS,
Oil/01041.tif,Mask_oil/01041.tif,Oil,2048x2048,2048x2048,PASS,PASS,
Oil/01042.tif,Mask_oil/01042.tif,Oil,2048x2048,2048x2048,PASS,PASS,
Oil/01043.tif,Mask_oil/01043.tif,Oil,2048x2048,2048x2048,PASS,PASS,
Oil/01044.tif,Mask_oil/01044.tif,Oil,2048x2048,2048x2048,PASS,PASS,
Oil/01045.tif,Mask_oil/01045.tif,Oil,2048x2048,2048x2048,PASS,PASS,
Oil/01046.tif,Mask_oil/01046.tif,Oil,2048x2048,2048x2048,PASS,PASS,
Oil/01047.tif,Mask_oil/01047.tif,Oil,2048x2048,2048x2048,PASS,PASS,
Oil/01048.tif,Mask_oil/01048.tif,Oil,2048x2048,2048x2048,PASS,PASS,
Oil/01049.tif,Mask_oil/01049.tif,Oil,2048x2048,2048x2048,PASS,PASS,
Oil/01050.tif,Mask_oil/01050.tif,Oil,2048x2048,2048x2048,PASS,PASS,
Oil/01051.tif,Mask_oil/01051.tif,Oil,2048x2048,2048x2048,PASS,PASS,
Oil/01052.tif,Mask_oil/01052.tif,Oil,2048x2048,2048x2048,PASS,PASS,
Oil/01053.tif,Mask_oil/01053.tif,Oil,2048x2048,2048x2048,PASS,PASS,
Oil/01054.tif,Mask_oil/01054.tif,Oil,2048x2048,2048x2048,PASS,PASS,
Oil/01055.tif,Mask_oil/01055.tif,Oil,2048x2048,2048x2048,PASS,PASS,
Oil/01057.tif,Mask_oil/01057.tif,Oil,2048x2048,2048x2048,PASS,PASS,
Oil/01058.tif,Mask_oil/01058.tif,Oil,2048x2048,2048x2048,PASS,PASS,
Oil/01059.tif,Mask_oil/01059.tif,Oil,2048x2048,2048x2048,PASS,PASS,
Oil/01060.tif,Mask_oil/01060.tif,Oil,2048x2048,2048x2048,PASS,PASS,
Oil/01061.tif,Mask_oil/01061.tif,Oil,2048x2048,2048x2048,PASS,PASS,
Oil/01062.tif,Mask_oil/01062.tif,Oil,2048x2048,2048x2048,PASS,PASS,
Oil/01063.tif,Mask_oil/01063.tif,Oil,2048x2048,2048x2048,PASS,PASS,
Oil/01064.tif,Mask_oil/01064.tif,Oil,2048x2048,2048x2048,PASS,PASS,
Oil/01065.tif,Mask_oil/01065.tif,Oil,2048x2048,2048x2048,PASS,PASS,
Oil/01066.tif,Mask_oil/01066.tif,Oil,2048x2048,2048x2048,PASS,PASS,
Oil/01067.tif,Mask_oil/01067.tif,Oil,2048x2048,2048x2048,PASS,PASS,
Oil/01068.tif,Mask_oil/01068.tif,Oil,2048x2048,2048x2048,PASS,PASS,
Oil/01069.tif,Mask_oil/01069.tif,Oil,2048x2048,2048x2048,PASS,PASS,
Oil/01070.tif,Mask_oil/01070.tif,Oil,2048x2048,2048x2048,PASS,PASS,
Oil/01071.tif,Mask_oil/01071.tif,Oil,2048x2048,2048x2048,PASS,PASS,
Oil/01072.tif,Mask_oil/01072.tif,Oil,2048x2048,2048x2048,PASS,PASS,
Oil/01073.tif,Mask_oil/01073.tif,Oil,2048x2048,2048x2048,PASS,PASS,
Oil/01074.tif,Mask_oil/01074.tif,Oil,2048x2048,2048x2048,PASS,PASS,
Oil/01075.tif,Mask_oil/01075.tif,Oil,2048x2048,2048x2048,PASS,PASS,
Oil/01076.tif,Mask_oil/01076.tif,Oil,2048x2048,2048x2048,PASS,PASS,
Oil/01077.tif,Mask_oil/01077.tif,Oil,2048x2048,2048x2048,PASS,PASS,
Oil/01078.tif,Mask_oil/01078.tif,Oil,2048x2048,2048x2048,PASS,PASS,
Oil/01079.tif,Mask_oil/01079.tif,Oil,2048x2048,2048x2048,PASS,PASS,
Oil/01080.tif,Mask_oil/01080.tif,Oil,2048x2048,2048x2048,PASS,PASS,
Oil/01081.tif,Mask_oil/01081.tif,Oil,2048x2048,2048x2048,PASS,PASS,
Oil/01082.tif,Mask_oil/01082.tif,Oil,2048x2048,2048x2048,PASS,PASS,
Oil/01083.tif,Mask_oil/01083.tif,Oil,2048x2048,2048x2048,PASS,PASS,
Oil/01084.tif,Mask_oil/01084.tif,Oil,2048x2048,2048x2048,PASS,PASS,
Oil/01085.tif,Mask_oil/01085.tif,Oil,2048x2048,2048x2048,PASS,PASS,
Oil/01086.tif,Mask_oil/01086.tif,Oil,2048x2048,2048x2048,PASS,PASS,
Oil/01087.tif,Mask_oil/01087.tif,Oil,2048x2048,2048x2048,PASS,PASS,
Oil/01088.tif,Mask_oil/01088.tif,Oil,2048x2048,2048x2048,PASS,PASS,
Oil/01090.tif,Mask_oil/01090.tif,Oil,2048x2048,2048x2048,PASS,PASS,
Oil/01091.tif,Mask_oil/01091.tif,Oil,2048x2048,2048x2048,PASS,PASS,
Oil/01093.tif,Mask_oil/01093.tif,Oil,2048x2048,2048x2048,PASS,PASS,
Oil/01095.tif,Mask_oil/01095.tif,Oil,2048x2048,2048x2048,PASS,PASS,
Oil/01096.tif,Mask_oil/01096.tif,Oil,2048x2048,2048x2048,PASS,PASS,
Oil/01097.tif,Mask_oil/01097.tif,Oil,2048x2048,2048x2048,PASS,PASS,
Oil/01098.tif,Mask_oil/01098.tif,Oil,2048x2048,2048x2048,PASS,PASS,
Oil/01099.tif,Mask_oil/01099.tif,Oil,2048x2048,2048x2048,PASS,PASS,
Oil/01100.tif,Mask_oil/01100.tif,Oil,2048x2048,2048x2048,PASS,PASS,
Oil/01101.tif,Mask_oil/01101.tif,Oil,2048x2048,2048x2048,PASS,PASS,
Oil/01102.tif,Mask_oil/01102.tif,Oil,2048x2048,2048x2048,PASS,PASS,
Oil/01103.tif,Mask_oil/01103.tif,Oil,2048x2048,2048x2048,PASS,PASS,
Oil/01104.tif,Mask_oil/01104.tif,Oil,2048x2048,2048x2048,PASS,PASS,
Oil/01107.tif,Mask_oil/01107.tif,Oil,2048x2048,2048x2048,PASS,PASS,
Oil/01108.tif,Mask_oil/01108.tif,Oil,2048x2048,2048x2048,PASS,PASS,
Oil/01109.tif,Mask_oil/01109.tif,Oil,2048x2048,2048x2048,PASS,PASS,
Oil/01111.tif,Mask_oil/01111.tif,Oil,2048x2048,2048x2048,PASS,PASS,
Oil/01113.tif,Mask_oil/01113.tif,Oil,2048x2048,2048x2048,PASS,PASS,
Oil/01114.tif,Mask_oil/01114.tif,Oil,2048x2048,2048x2048,PASS,PASS,
Oil/01115.tif,Mask_oil/01115.tif,Oil,2048x2048,2048x2048,PASS,PASS,
Oil/01116.tif,Mask_oil/01116.tif,Oil,2048x2048,2048x2048,PASS,PASS,
Oil/01117.tif,Mask_oil/01117.tif,Oil,2048x2048,2048x2048,PASS,PASS,
Oil/01118.tif,Mask_oil/01118.tif,Oil,2048x2048,2048x2048,PASS,PASS,
Oil/01119.tif,Mask_oil/01119.tif,Oil,2048x2048,2048x2048,PASS,PASS,
Oil/01120.tif,Mask_oil/01120.tif,Oil,2048x2048,2048x2048,PASS,PASS,
Oil/01121.tif,Mask_oil/01121.tif,Oil,2048x2048,2048x2048,PASS,PASS,
Oil/01122.tif,Mask_oil/01122.tif,Oil,2048x2048,2048x2048,PASS,PASS,
Oil/01123.tif,Mask_oil/01123.tif,Oil,2048x2048,2048x2048,PASS,PASS,
Oil/01124.tif,Mask_oil/01124.tif,Oil,2048x2048,2048x2048,PASS,PASS,
Oil/01125.tif,Mask_oil/01125.tif,Oil,2048x2048,2048x2048,PASS,PASS,
Oil/01126.tif,Mask_oil/01126.tif,Oil,2048x2048,2048x2048,PASS,PASS,
Oil/01129.tif,Mask_oil/01129.tif,Oil,2048x2048,2048x2048,PASS,PASS,
Oil/01130.tif,Mask_oil/01130.tif,Oil,2048x2048,2048x2048,PASS,PASS,
Oil/01134.tif,Mask_oil/01134.tif,Oil,2048x2048,2048x2048,PASS,PASS,
Oil/01135.tif,Mask_oil/01135.tif,Oil,2048x2048,2048x2048,PASS,PASS,
Oil/01137.tif,Mask_oil/01137.tif,Oil,2048x2048,2048x2048,PASS,PASS,
Oil/01138.tif,Mask_oil/01138.tif,Oil,2048x2048,2048x2048,PASS,PASS,
Oil/01139.tif,Mask_oil/01139.tif,Oil,2048x2048,2048x2048,PASS,PASS,
Oil/01140.tif,Mask_oil/01140.tif,Oil,2048x2048,2048x2048,PASS,PASS,
Oil/01141.tif,Mask_oil/01141.tif,Oil,2048x2048,2048x2048,PASS,PASS,
Oil/01142.tif,Mask_oil/01142.tif,Oil,2048x2048,2048x2048,PASS,PASS,
Oil/01143.tif,Mask_oil/01143.tif,Oil,2048x2048,2048x2048,PASS,PASS,
Oil/01144.tif,Mask_oil/01144.tif,Oil,2048x2048,2048x2048,PASS,PASS,
Oil/01145.tif,Mask_oil/01145.tif,Oil,2048x2048,2048x2048,PASS,PASS,
Oil/01146.tif,Mask_oil/01146.tif,Oil,2048x2048,2048x2048,PASS,PASS,
Oil/01147.tif,Mask_oil/01147.tif,Oil,2048x2048,2048x2048,PASS,PASS,
Oil/01149.tif,Mask_oil/01149.tif,Oil,2048x2048,2048x2048,PASS,PASS,
Oil/01150.tif,Mask_oil/01150.tif,Oil,2048x2048,2048x2048,PASS,PASS,
Oil/01151.tif,Mask_oil/01151.tif,Oil,2048x2048,2048x2048,PASS,PASS,
Oil/01152.tif,Mask_oil/01152.tif,Oil,2048x2048,2048x2048,PASS,PASS,
Oil/01153.tif,Mask_oil/01153.tif,Oil,2048x2048,2048x2048,PASS,PASS,
Oil/01154.tif,Mask_oil/01154.tif,Oil,2048x2048,2048x2048,PASS,PASS,
Oil/01155.tif,Mask_oil/01155.tif,Oil,2048x2048,2048x2048,PASS,PASS,
Oil/01156.tif,Mask_oil/01156.tif,Oil,2048x2048,2048x2048,PASS,PASS,
Oil/01157.tif,Mask_oil/01157.tif,Oil,2048x2048,2048x2048,PASS,PASS,
Oil/01158.tif,Mask_oil/01158.tif,Oil,2048x2048,2048x2048,PASS,PASS,
Oil/01159.tif,Mask_oil/01159.tif,Oil,2048x2048,2048x2048,PASS,PASS,
Oil/01160.tif,Mask_oil/01160.tif,Oil,2048x2048,2048x2048,PASS,PASS,
Oil/01162.tif,Mask_oil/01162.tif,Oil,2048x2048,2048x2048,PASS,PASS,
Oil/01163.tif,Mask_oil/01163.tif,Oil,2048x2048,2048x2048,PASS,PASS,
Oil/01164.tif,Mask_oil/01164.tif,Oil,2048x2048,2048x2048,PASS,PASS,
Oil/01165.tif,Mask_oil/01165.tif,Oil,2048x2048,2048x2048,PASS,PASS,
Oil/01166.tif,Mask_oil/01166.tif,Oil,2048x2048,2048x2048,PASS,PASS,
Oil/01167.tif,Mask_oil/01167.tif,Oil,2048x2048,2048x2048,PASS,PASS,
Oil/01168.tif,Mask_oil/01168.tif,Oil,2048x2048,2048x2048,PASS,PASS,
Oil/01169.tif,Mask_oil/01169.tif,Oil,2048x2048,2048x2048,PASS,PASS,
Oil/01170.tif,Mask_oil/01170.tif,Oil,2048x2048,2048x2048,PASS,PASS,
Oil/01171.tif,Mask_oil/01171.tif,Oil,2048x2048,2048x2048,PASS,PASS,
Oil/01172.tif,Mask_oil/01172.tif,Oil,2048x2048,2048x2048,PASS,PASS,
Oil/01173.tif,Mask_oil/01173.tif,Oil,2048x2048,2048x2048,PASS,PASS,
Oil/01174.tif,Mask_oil/01174.tif,Oil,2048x2048,2048x2048,PASS,PASS,
Oil/01175.tif,Mask_oil/01175.tif,Oil,2048x2048,2048x2048,PASS,PASS,
Oil/01176.tif,Mask_oil/01176.tif,Oil,2048x2048,2048x2048,PASS,PASS,
Oil/01177.tif,Mask_oil/01177.tif,Oil,2048x2048,2048x2048,PASS,PASS,
Oil/01178.tif,Mask_oil/01178.tif,Oil,2048x2048,2048x2048,PASS,PASS,
Oil/01179.tif,Mask_oil/01179.tif,Oil,2048x2048,2048x2048,PASS,PASS,
Oil/01180.tif,Mask_oil/01180.tif,Oil,2048x2048,2048x2048,PASS,PASS,
Oil/01181.tif,Mask_oil/01181.tif,Oil,2048x2048,2048x2048,PASS,PASS,
Oil/01182.tif,Mask_oil/01182.tif,Oil,2048x2048,2048x2048,PASS,PASS,
Oil/01183.tif,Mask_oil/01183.tif,Oil,2048x2048,2048x2048,PASS,PASS,
Oil/01184.tif,Mask_oil/01184.tif,Oil,2048x2048,2048x2048,PASS,PASS,
Oil/01185.tif,Mask_oil/01185.tif,Oil,2048x2048,2048x2048,PASS,PASS,
Oil/01188.tif,Mask_oil/01188.tif,Oil,2048x2048,2048x2048,PASS,PASS,
Oil/01189.tif,Mask_oil/01189.tif,Oil,2048x2048,2048x2048,PASS,PASS,
Oil/01190.tif,Mask_oil/01190.tif,Oil,2048x2048,2048x2048,PASS,PASS,
Oil/01191.tif,Mask_oil/01191.tif,Oil,2048x2048,2048x2048,PASS,PASS,
Oil/01192.tif,Mask_oil/01192.tif,Oil,2048x2048,2048x2048,PASS,PASS,
Oil/01193.tif,Mask_oil/01193.tif,Oil,2048x2048,2048x2048,PASS,PASS,
Oil/01194.tif,Mask_oil/01194.tif,Oil,2048x2048,2048x2048,PASS,PASS,
Oil/01195.tif,Mask_oil/01195.tif,Oil,2048x2048,2048x2048,PASS,PASS,
Oil/01196.tif,Mask_oil/01196.tif,Oil,2048x2048,2048x2048,PASS,PASS,
Oil/01197.tif,Mask_oil/01197.tif,Oil,2048x2048,2048x2048,PASS,PASS,
Oil/01199.tif,Mask_oil/01199.tif,Oil,2048x2048,2048x2048,PASS,PASS,
Oil/01200.tif,Mask_oil/01200.tif,Oil,2048x2048,2048x2048,PASS,PASS,
Oil/01201.tif,Mask_oil/01201.tif,Oil,2048x2048,2048x2048,PASS,PASS,
Oil/01202.tif,Mask_oil/01202.tif,Oil,2048x2048,2048x2048,PASS,PASS,
Oil/01203.tif,Mask_oil/01203.tif,Oil,2048x2048,2048x2048,PASS,PASS,
Oil/01204.tif,Mask_oil/01204.tif,Oil,2048x2048,2048x2048,PASS,PASS,
Oil/01205.tif,Mask_oil/01205.tif,Oil,2048x2048,2048x2048,PASS,PASS,
Oil/01207.tif,Mask_oil/01207.tif,Oil,2048x2048,2048x2048,PASS,PASS,
Oil/01208.tif,Mask_oil/01208.tif,Oil,2048x2048,2048x2048,PASS,PASS,
Oil/01209.tif,Mask_oil/01209.tif,Oil,2048x2048,2048x2048,PASS,PASS,
Oil/01210.tif,Mask_oil/01210.tif,Oil,2048x2048,2048x2048,PASS,PASS,
Oil/01211.tif,Mask_oil/01211.tif,Oil,2048x2048,2048x2048,PASS,PASS,
Oil/01212.tif,Mask_oil/01212.tif,Oil,2048x2048,2048x2048,PASS,PASS,
Oil/01213.tif,Mask_oil/01213.tif,Oil,2048x2048,2048x2048,PASS,PASS,
Oil/01214.tif,Mask_oil/01214.tif,Oil,2048x2048,2048x2048,PASS,PASS,
Oil/01215.tif,Mask_oil/01215.tif,Oil,2048x2048,2048x2048,PASS,PASS,
Oil/01216.tif,Mask_oil/01216.tif,Oil,2048x2048,2048x2048,PASS,PASS,
Oil/01217.tif,Mask_oil/01217.tif,Oil,2048x2048,2048x2048,PASS,PASS,
Oil/01218.tif,Mask_oil/01218.tif,Oil,2048x2048,2048x2048,PASS,PASS,
Oil/01219.tif,Mask_oil/01219.tif,Oil,2048x2048,2048x2048,PASS,PASS,
Oil/01220.tif,Mask_oil/01220.tif,Oil,2048x2048,2048x2048,PASS,PASS,
Oil/01221.tif,Mask_oil/01221.tif,Oil,2048x2048,2048x2048,PASS,PASS,
Oil/01222.tif,Mask_oil/01222.tif,Oil,2048x2048,2048x2048,PASS,PASS,
Oil/01223.tif,Mask_oil/01223.tif,Oil,2048x2048,2048x2048,PASS,PASS,
Oil/01224.tif,Mask_oil/01224.tif,Oil,2048x2048,2048x2048,PASS,PASS,
Oil/01225.tif,Mask_oil/01225.tif,Oil,2048x2048,2048x2048,PASS,PASS,
Oil/01226.tif,Mask_oil/01226.tif,Oil,2048x2048,2048x2048,PASS,PASS,
Oil/01227.tif,Mask_oil/01227.tif,Oil,2048x2048,2048x2048,PASS,PASS,
Oil/01228.tif,Mask_oil/01228.tif,Oil,2048x2048,2048x2048,PASS,PASS,
Oil/01229.tif,Mask_oil/01229.tif,Oil,2048x2048,2048x2048,PASS,PASS,
Oil/01230.tif,Mask_oil/01230.tif,Oil,2048x2048,2048x2048,PASS,PASS,
Oil/01231.tif,Mask_oil/01231.tif,Oil,2048x2048,2048x2048,PASS,PASS,
Oil/01232.tif,Mask_oil/01232.tif,Oil,2048x2048,2048x2048,PASS,PASS,
Oil/01233.tif,Mask_oil/01233.tif,Oil,2048x2048,2048x2048,PASS,PASS,
Oil/01234.tif,Mask_oil/01234.tif,Oil,2048x2048,2048x2048,PASS,PASS,
Oil/01235.tif,Mask_oil/01235.tif,Oil,2048x2048,2048x2048,PASS,PASS,
Oil/01236.tif,Mask_oil/01236.tif,Oil,2048x2048,2048x2048,PASS,PASS,
Oil/01237.tif,Mask_oil/01237.tif,Oil,2048x2048,2048x2048,PASS,PASS,
Oil/01238.tif,Mask_oil/01238.tif,Oil,2048x2048,2048x2048,PASS,PASS,
Oil/01239.tif,Mask_oil/01239.tif,Oil,2048x2048,2048x2048,PASS,PASS,
Oil/01240.tif,Mask_oil/01240.tif,Oil,2048x2048,2048x2048,PASS,PASS,
Oil/01242.tif,Mask_oil/01242.tif,Oil,2048x2048,2048x2048,PASS,PASS,
Oil/01243.tif,Mask_oil/01243.tif,Oil,2048x2048,2048x2048,PASS,PASS,
Oil/01244.tif,Mask_oil/01244.tif,Oil,2048x2048,2048x2048,PASS,PASS,
Oil/01245.tif,Mask_oil/01245.tif,Oil,2048x2048,2048x2048,PASS,PASS,
Oil/01246.tif,Mask_oil/01246.tif,Oil,2048x2048,2048x2048,PASS,PASS,
Oil/01247.tif,Mask_oil/01247.tif,Oil,2048x2048,2048x2048,PASS,PASS,
Oil/01248.tif,Mask_oil/01248.tif,Oil,2048x2048,2048x2048,PASS,PASS,
Oil/01249.tif,Mask_oil/01249.tif,Oil,2048x2048,2048x2048,PASS,PASS,
Oil/01251.tif,Mask_oil/01251.tif,Oil,2048x2048,2048x2048,PASS,PASS,
Oil/01252.tif,Mask_oil/01252.tif,Oil,2048x2048,2048x2048,PASS,PASS,
Oil/01253.tif,Mask_oil/01253.tif,Oil,2048x2048,2048x2048,PASS,PASS,
Oil/01254.tif,Mask_oil/01254.tif,Oil,2048x2048,2048x2048,PASS,PASS,
Oil/01255.tif,Mask_oil/01255.tif,Oil,2048x2048,2048x2048,PASS,PASS,
Oil/01256.tif,Mask_oil/01256.tif,Oil,2048x2048,2048x2048,PASS,PASS,
Oil/01257.tif,Mask_oil/01257.tif,Oil,2048x2048,2048x2048,PASS,PASS,
Oil/01258.tif,Mask_oil/01258.tif,Oil,2048x2048,2048x2048,PASS,PASS,
Oil/01259.tif,Mask_oil/01259.tif,Oil,2048x2048,2048x2048,PASS,PASS,
Oil/01260.tif,Mask_oil/01260.tif,Oil,2048x2048,2048x2048,PASS,PASS,
Oil/01261.tif,Mask_oil/01261.tif,Oil,2048x2048,2048x2048,PASS,PASS,
Oil/01262.tif,Mask_oil/01262.tif,Oil,2048x2048,2048x2048,PASS,PASS,
Oil/01263.tif,Mask_oil/01263.tif,Oil,2048x2048,2048x2048,PASS,PASS,
Oil/01264.tif,Mask_oil/01264.tif,Oil,2048x2048,2048x2048,PASS,PASS,
Oil/01265.tif,Mask_oil/01265.tif,Oil,2048x2048,2048x2048,PASS,PASS,
Oil/01266.tif,Mask_oil/01266.tif,Oil,2048x2048,2048x2048,PASS,PASS,
Oil/01267.tif,Mask_oil/01267.tif,Oil,2048x2048,2048x2048,PASS,PASS,
Oil/01268.tif,Mask_oil/01268.tif,Oil,2048x2048,2048x2048,PASS,PASS,
Oil/01269.tif,Mask_oil/01269.tif,Oil,2048x2048,2048x2048,PASS,PASS,
Oil/01270.tif,Mask_oil/01270.tif,Oil,2048x2048,2048x2048,PASS,PASS,
Oil/01271.tif,Mask_oil/01271.tif,Oil,2048x2048,2048x2048,PASS,PASS,
Oil/01272.tif,Mask_oil/01272.tif,Oil,2048x2048,2048x2048,PASS,PASS,
Oil/01273.tif,Mask_oil/01273.tif,Oil,2048x2048,2048x2048,PASS,PASS,
Oil/01274.tif,Mask_oil/01274.tif,Oil,2048x2048,2048x2048,PASS,PASS,
Oil/01275.tif,Mask_oil/01275.tif,Oil,2048x2048,2048x2048,PASS,PASS,
Oil/01276.tif,Mask_oil/01276.tif,Oil,2048x2048,2048x2048,PASS,PASS,
Oil/01277.tif,Mask_oil/01277.tif,Oil,2048x2048,2048x2048,PASS,PASS,
Oil/01278.tif,Mask_oil/01278.tif,Oil,2048x2048,2048x2048,PASS,PASS,
Oil/01279.tif,Mask_oil/01279.tif,Oil,2048x2048,2048x2048,PASS,PASS,
Oil/01280.tif,Mask_oil/01280.tif,Oil,2048x2048,2048x2048,PASS,PASS,
Oil/01281.tif,Mask_oil/01281.tif,Oil,2048x2048,2048x2048,PASS,PASS,
Oil/01282.tif,Mask_oil/01282.tif,Oil,2048x2048,2048x2048,PASS,PASS,
Oil/01283.tif,Mask_oil/01283.tif,Oil,2048x2048,2048x2048,PASS,PASS,
Oil/01284.tif,Mask_oil/01284.tif,Oil,2048x2048,2048x2048,PASS,PASS,
Oil/01285.tif,Mask_oil/01285.tif,Oil,2048x2048,2048x2048,PASS,PASS,
Oil/01286.tif,Mask_oil/01286.tif,Oil,2048x2048,2048x2048,PASS,PASS,
Oil/01287.tif,Mask_oil/01287.tif,Oil,2048x2048,2048x2048,PASS,PASS,
Oil/01288.tif,Mask_oil/01288.tif,Oil,2048x2048,2048x2048,PASS,PASS,
Oil/01289.tif,Mask_oil/01289.tif,Oil,2048x2048,2048x2048,PASS,PASS,
Oil/01290.tif,Mask_oil/01290.tif,Oil,2048x2048,2048x2048,PASS,PASS,
Oil/01295.tif,Mask_oil/01295.tif,Oil,2048x2048,2048x2048,PASS,PASS,
Oil/01296.tif,Mask_oil/01296.tif,Oil,2048x2048,2048x2048,PASS,PASS,
Oil/01297.tif,Mask_oil/01297.tif,Oil,2048x2048,2048x2048,PASS,PASS,
Oil/01298.tif,Mask_oil/01298.tif,Oil,2048x2048,2048x2048,PASS,PASS,
Oil/01299.tif,Mask_oil/01299.tif,Oil,2048x2048,2048x2048,PASS,PASS,
Oil/01300.tif,Mask_oil/01300.tif,Oil,2048x2048,2048x2048,PASS,PASS,
Oil/01301.tif,Mask_oil/01301.tif,Oil,2048x2048,2048x2048,PASS,PASS,
Oil/01302.tif,Mask_oil/01302.tif,Oil,2048x2048,2048x2048,PASS,PASS,
Oil/01303.tif,Mask_oil/01303.tif,Oil,2048x2048,2048x2048,PASS,PASS,
Oil/01305.tif,Mask_oil/01305.tif,Oil,2048x2048,2048x2048,PASS,PASS,
Oil/01306.tif,Mask_oil/01306.tif,Oil,2048x2048,2048x2048,PASS,PASS,
Oil/01307.tif,Mask_oil/01307.tif,Oil,2048x2048,2048x2048,PASS,PASS,
Oil/01308.tif,Mask_oil/01308.tif,Oil,2048x2048,2048x2048,PASS,PASS,
Oil/01309.tif,Mask_oil/01309.tif,Oil,2048x2048,2048x2048,PASS,PASS,
Oil/01310.tif,Mask_oil/01310.tif,Oil,2048x2048,2048x2048,PASS,PASS,
Oil/01311.tif,Mask_oil/01311.tif,Oil,2048x2048,2048x2048,PASS,PASS,
Oil/01312.tif,Mask_oil/01312.tif,Oil,2048x2048,2048x2048,PASS,PASS,
Oil/01313.tif,Mask_oil/01313.tif,Oil,2048x2048,2048x2048,PASS,PASS,
Oil/01314.tif,Mask_oil/01314.tif,Oil,2048x2048,2048x2048,PASS,PASS,
Oil/01315.tif,Mask_oil/01315.tif,Oil,2048x2048,2048x2048,PASS,PASS,
Oil/01316.tif,Mask_oil/01316.tif,Oil,2048x2048,2048x2048,PASS,PASS,
Oil/01319.tif,Mask_oil/01319.tif,Oil,2048x2048,2048x2048,PASS,PASS,
Oil/01320.tif,Mask_oil/01320.tif,Oil,2048x2048,2048x2048,PASS,PASS,
Oil/01321.tif,Mask_oil/01321.tif,Oil,2048x2048,2048x2048,PASS,PASS,
Oil/01322.tif,Mask_oil/01322.tif,Oil,2048x2048,2048x2048,PASS,PASS,
Oil/01323.tif,Mask_oil/01323.tif,Oil,2048x2048,2048x2048,PASS,PASS,
Oil/01324.tif,Mask_oil/01324.tif,Oil,2048x2048,2048x2048,PASS,PASS,
Oil/01325.tif,Mask_oil/01325.tif,Oil,2048x2048,2048x2048,PASS,PASS,
Oil/01326.tif,Mask_oil/01326.tif,Oil,2048x2048,2048x2048,PASS,PASS,
Oil/01328.tif,Mask_oil/01328.tif,Oil,2048x2048,2048x2048,PASS,PASS,
Oil/01329.tif,Mask_oil/01329.tif,Oil,2048x2048,2048x2048,PASS,PASS,
Oil/01330.tif,Mask_oil/01330.tif,Oil,2048x2048,2048x2048,PASS,PASS,
Oil/01331.tif,Mask_oil/01331.tif,Oil,2048x2048,2048x2048,PASS,PASS,
Oil/01332.tif,Mask_oil/01332.tif,Oil,2048x2048,2048x2048,PASS,PASS,
Oil/01333.tif,Mask_oil/01333.tif,Oil,2048x2048,2048x2048,PASS,PASS,
Oil/01334.tif,Mask_oil/01334.tif,Oil,2048x2048,2048x2048,PASS,PASS,
Oil/01335.tif,Mask_oil/01335.tif,Oil,2048x2048,2048x2048,PASS,PASS,
Oil/01336.tif,Mask_oil/01336.tif,Oil,2048x2048,2048x2048,PASS,PASS,
Oil/01337.tif,Mask_oil/01337.tif,Oil,2048x2048,2048x2048,PASS,PASS,
Oil/01338.tif,Mask_oil/01338.tif,Oil,2048x2048,2048x2048,PASS,PASS,
Oil/01339.tif,Mask_oil/01339.tif,Oil,2048x2048,2048x2048,PASS,PASS,
,,Oil,,,,,"nested Mask/Oil: 150 files (*_segmentation.tif), not filename-matched to flat image IDs (separate subset); examples: ['00000_segmentation.tif', '00001_segmentation.tif', '00002_segmentation.tif']"
No_oil/00000.tif,Mask_no_oil/00000.tif,No_oil,2048x2048,2048x2048,PASS,PASS,
No_oil/00001.tif,Mask_no_oil/00001.tif,No_oil,2048x2048,2048x2048,PASS,PASS,
No_oil/00002.tif,Mask_no_oil/00002.tif,No_oil,2048x2048,2048x2048,PASS,PASS,
No_oil/00003.tif,Mask_no_oil/00003.tif,No_oil,2048x2048,2048x2048,PASS,PASS,
No_oil/00004.tif,Mask_no_oil/00004.tif,No_oil,2048x2048,2048x2048,PASS,PASS,
No_oil/00005.tif,Mask_no_oil/00005.tif,No_oil,2048x2048,2048x2048,PASS,PASS,
No_oil/00006.tif,Mask_no_oil/00006.tif,No_oil,2048x2048,2048x2048,PASS,PASS,
No_oil/00007.tif,Mask_no_oil/00007.tif,No_oil,2048x2048,2048x2048,PASS,PASS,
No_oil/00008.tif,Mask_no_oil/00008.tif,No_oil,2048x2048,2048x2048,PASS,PASS,
No_oil/00009.tif,Mask_no_oil/00009.tif,No_oil,2048x2048,2048x2048,PASS,PASS,
No_oil/00010.tif,Mask_no_oil/00010.tif,No_oil,2048x2048,2048x2048,PASS,PASS,
No_oil/00011.tif,Mask_no_oil/00011.tif,No_oil,2048x2048,2048x2048,PASS,PASS,
No_oil/00012.tif,Mask_no_oil/00012.tif,No_oil,2048x2048,2048x2048,PASS,PASS,
No_oil/00013.tif,Mask_no_oil/00013.tif,No_oil,2048x2048,2048x2048,PASS,PASS,
No_oil/00014.tif,Mask_no_oil/00014.tif,No_oil,2048x2048,2048x2048,PASS,PASS,
No_oil/00015.tif,Mask_no_oil/00015.tif,No_oil,2048x2048,2048x2048,PASS,PASS,
No_oil/00016.tif,Mask_no_oil/00016.tif,No_oil,2048x2048,2048x2048,PASS,PASS,
No_oil/00017.tif,Mask_no_oil/00017.tif,No_oil,2048x2048,2048x2048,PASS,PASS,
No_oil/00018.tif,Mask_no_oil/00018.tif,No_oil,2048x2048,2048x2048,PASS,PASS,
No_oil/00019.tif,Mask_no_oil/00019.tif,No_oil,2048x2048,2048x2048,PASS,PASS,
No_oil/00020.tif,Mask_no_oil/00020.tif,No_oil,2048x2048,2048x2048,PASS,PASS,
No_oil/00021.tif,Mask_no_oil/00021.tif,No_oil,2048x2048,2048x2048,PASS,PASS,
No_oil/00022.tif,Mask_no_oil/00022.tif,No_oil,2048x2048,2048x2048,PASS,PASS,
No_oil/00023.tif,Mask_no_oil/00023.tif,No_oil,2048x2048,2048x2048,PASS,PASS,
No_oil/00024.tif,Mask_no_oil/00024.tif,No_oil,2048x2048,2048x2048,PASS,PASS,
No_oil/00025.tif,Mask_no_oil/00025.tif,No_oil,2048x2048,2048x2048,PASS,PASS,
No_oil/00026.tif,Mask_no_oil/00026.tif,No_oil,2048x2048,2048x2048,PASS,PASS,
No_oil/00027.tif,Mask_no_oil/00027.tif,No_oil,2048x2048,2048x2048,PASS,PASS,
No_oil/00028.tif,Mask_no_oil/00028.tif,No_oil,2048x2048,2048x2048,PASS,PASS,
No_oil/00029.tif,Mask_no_oil/00029.tif,No_oil,2048x2048,2048x2048,PASS,PASS,
No_oil/00030.tif,Mask_no_oil/00030.tif,No_oil,2048x2048,2048x2048,PASS,PASS,
No_oil/00031.tif,Mask_no_oil/00031.tif,No_oil,2048x2048,2048x2048,PASS,PASS,
No_oil/00032.tif,Mask_no_oil/00032.tif,No_oil,2048x2048,2048x2048,PASS,PASS,
No_oil/00033.tif,Mask_no_oil/00033.tif,No_oil,2048x2048,2048x2048,PASS,PASS,
No_oil/00034.tif,Mask_no_oil/00034.tif,No_oil,2048x2048,2048x2048,PASS,PASS,
No_oil/00035.tif,Mask_no_oil/00035.tif,No_oil,2048x2048,2048x2048,PASS,PASS,
No_oil/00036.tif,Mask_no_oil/00036.tif,No_oil,2048x2048,2048x2048,PASS,PASS,
No_oil/00037.tif,Mask_no_oil/00037.tif,No_oil,2048x2048,2048x2048,PASS,PASS,
No_oil/00038.tif,Mask_no_oil/00038.tif,No_oil,2048x2048,2048x2048,PASS,PASS,
No_oil/00039.tif,Mask_no_oil/00039.tif,No_oil,2048x2048,2048x2048,PASS,PASS,
No_oil/00040.tif,Mask_no_oil/00040.tif,No_oil,2048x2048,2048x2048,PASS,PASS,
No_oil/00041.tif,Mask_no_oil/00041.tif,No_oil,2048x2048,2048x2048,PASS,PASS,
No_oil/00042.tif,Mask_no_oil/00042.tif,No_oil,2048x2048,2048x2048,PASS,PASS,
No_oil/00043.tif,Mask_no_oil/00043.tif,No_oil,2048x2048,2048x2048,PASS,PASS,
No_oil/00044.tif,Mask_no_oil/00044.tif,No_oil,2048x2048,2048x2048,PASS,PASS,
No_oil/00045.tif,Mask_no_oil/00045.tif,No_oil,2048x2048,2048x2048,PASS,PASS,
No_oil/00046.tif,Mask_no_oil/00046.tif,No_oil,2048x2048,2048x2048,PASS,PASS,
No_oil/00047.tif,Mask_no_oil/00047.tif,No_oil,2048x2048,2048x2048,PASS,PASS,
No_oil/00048.tif,Mask_no_oil/00048.tif,No_oil,2048x2048,2048x2048,PASS,PASS,
No_oil/00049.tif,Mask_no_oil/00049.tif,No_oil,2048x2048,2048x2048,PASS,PASS,
No_oil/00050.tif,Mask_no_oil/00050.tif,No_oil,2048x2048,2048x2048,PASS,PASS,
No_oil/00051.tif,Mask_no_oil/00051.tif,No_oil,2048x2048,2048x2048,PASS,PASS,
No_oil/00052.tif,Mask_no_oil/00052.tif,No_oil,2048x2048,2048x2048,PASS,PASS,
No_oil/00053.tif,Mask_no_oil/00053.tif,No_oil,2048x2048,2048x2048,PASS,PASS,
No_oil/00054.tif,Mask_no_oil/00054.tif,No_oil,2048x2048,2048x2048,PASS,PASS,
No_oil/00055.tif,Mask_no_oil/00055.tif,No_oil,2048x2048,2048x2048,PASS,PASS,
No_oil/00056.tif,Mask_no_oil/00056.tif,No_oil,2048x2048,2048x2048,PASS,PASS,
No_oil/00057.tif,Mask_no_oil/00057.tif,No_oil,2048x2048,2048x2048,PASS,PASS,
No_oil/00058.tif,Mask_no_oil/00058.tif,No_oil,2048x2048,2048x2048,PASS,PASS,
No_oil/00059.tif,Mask_no_oil/00059.tif,No_oil,2048x2048,2048x2048,PASS,PASS,
No_oil/00060.tif,Mask_no_oil/00060.tif,No_oil,2048x2048,2048x2048,PASS,PASS,
No_oil/00061.tif,Mask_no_oil/00061.tif,No_oil,2048x2048,2048x2048,PASS,PASS,
No_oil/00062.tif,Mask_no_oil/00062.tif,No_oil,2048x2048,2048x2048,PASS,PASS,
No_oil/00063.tif,Mask_no_oil/00063.tif,No_oil,2048x2048,2048x2048,PASS,PASS,
No_oil/00064.tif,Mask_no_oil/00064.tif,No_oil,2048x2048,2048x2048,PASS,PASS,
No_oil/00065.tif,Mask_no_oil/00065.tif,No_oil,2048x2048,2048x2048,PASS,PASS,
No_oil/00066.tif,Mask_no_oil/00066.tif,No_oil,2048x2048,2048x2048,PASS,PASS,
No_oil/00067.tif,Mask_no_oil/00067.tif,No_oil,2048x2048,2048x2048,PASS,PASS,
No_oil/00068.tif,Mask_no_oil/00068.tif,No_oil,2048x2048,2048x2048,PASS,PASS,
No_oil/00069.tif,Mask_no_oil/00069.tif,No_oil,2048x2048,2048x2048,PASS,PASS,
No_oil/00070.tif,Mask_no_oil/00070.tif,No_oil,2048x2048,2048x2048,PASS,PASS,
No_oil/00071.tif,Mask_no_oil/00071.tif,No_oil,2048x2048,2048x2048,PASS,PASS,
No_oil/00072.tif,Mask_no_oil/00072.tif,No_oil,2048x2048,2048x2048,PASS,PASS,
No_oil/00073.tif,Mask_no_oil/00073.tif,No_oil,2048x2048,2048x2048,PASS,PASS,
No_oil/00074.tif,Mask_no_oil/00074.tif,No_oil,2048x2048,2048x2048,PASS,PASS,
No_oil/00075.tif,Mask_no_oil/00075.tif,No_oil,2048x2048,2048x2048,PASS,PASS,
No_oil/00076.tif,Mask_no_oil/00076.tif,No_oil,2048x2048,2048x2048,PASS,PASS,
No_oil/00077.tif,Mask_no_oil/00077.tif,No_oil,2048x2048,2048x2048,PASS,PASS,
No_oil/00078.tif,Mask_no_oil/00078.tif,No_oil,2048x2048,2048x2048,PASS,PASS,
No_oil/00079.tif,Mask_no_oil/00079.tif,No_oil,2048x2048,2048x2048,PASS,PASS,
No_oil/00080.tif,Mask_no_oil/00080.tif,No_oil,2048x2048,2048x2048,PASS,PASS,
No_oil/00081.tif,Mask_no_oil/00081.tif,No_oil,2048x2048,2048x2048,PASS,PASS,
No_oil/00082.tif,Mask_no_oil/00082.tif,No_oil,2048x2048,2048x2048,PASS,PASS,
No_oil/00083.tif,Mask_no_oil/00083.tif,No_oil,2048x2048,2048x2048,PASS,PASS,
No_oil/00084.tif,Mask_no_oil/00084.tif,No_oil,2048x2048,2048x2048,PASS,PASS,
No_oil/00085.tif,Mask_no_oil/00085.tif,No_oil,2048x2048,2048x2048,PASS,PASS,
No_oil/00086.tif,Mask_no_oil/00086.tif,No_oil,2048x2048,2048x2048,PASS,PASS,
No_oil/00087.tif,Mask_no_oil/00087.tif,No_oil,2048x2048,2048x2048,PASS,PASS,
No_oil/00088.tif,Mask_no_oil/00088.tif,No_oil,2048x2048,2048x2048,PASS,PASS,
No_oil/00089.tif,Mask_no_oil/00089.tif,No_oil,2048x2048,2048x2048,PASS,PASS,
No_oil/00090.tif,Mask_no_oil/00090.tif,No_oil,2048x2048,2048x2048,PASS,PASS,
No_oil/00091.tif,Mask_no_oil/00091.tif,No_oil,2048x2048,2048x2048,PASS,PASS,
No_oil/00092.tif,Mask_no_oil/00092.tif,No_oil,2048x2048,2048x2048,PASS,PASS,
No_oil/00093.tif,Mask_no_oil/00093.tif,No_oil,2048x2048,2048x2048,PASS,PASS,
No_oil/00094.tif,Mask_no_oil/00094.tif,No_oil,2048x2048,2048x2048,PASS,PASS,
No_oil/00095.tif,Mask_no_oil/00095.tif,No_oil,2048x2048,2048x2048,PASS,PASS,
No_oil/00096.tif,Mask_no_oil/00096.tif,No_oil,2048x2048,2048x2048,PASS,PASS,
No_oil/00097.tif,Mask_no_oil/00097.tif,No_oil,2048x2048,2048x2048,PASS,PASS,
No_oil/00098.tif,Mask_no_oil/00098.tif,No_oil,2048x2048,2048x2048,PASS,PASS,
No_oil/00099.tif,Mask_no_oil/00099.tif,No_oil,2048x2048,2048x2048,PASS,PASS,
No_oil/00100.tif,Mask_no_oil/00100.tif,No_oil,2048x2048,2048x2048,PASS,PASS,
No_oil/00101.tif,Mask_no_oil/00101.tif,No_oil,2048x2048,2048x2048,PASS,PASS,
No_oil/00102.tif,Mask_no_oil/00102.tif,No_oil,2048x2048,2048x2048,PASS,PASS,
No_oil/00103.tif,Mask_no_oil/00103.tif,No_oil,2048x2048,2048x2048,PASS,PASS,
No_oil/00104.tif,Mask_no_oil/00104.tif,No_oil,2048x2048,2048x2048,PASS,PASS,
No_oil/00105.tif,Mask_no_oil/00105.tif,No_oil,2048x2048,2048x2048,PASS,PASS,
No_oil/00106.tif,Mask_no_oil/00106.tif,No_oil,2048x2048,2048x2048,PASS,PASS,
No_oil/00107.tif,Mask_no_oil/00107.tif,No_oil,2048x2048,2048x2048,PASS,PASS,
No_oil/00108.tif,Mask_no_oil/00108.tif,No_oil,2048x2048,2048x2048,PASS,PASS,
No_oil/00109.tif,Mask_no_oil/00109.tif,No_oil,2048x2048,2048x2048,PASS,PASS,
No_oil/00110.tif,Mask_no_oil/00110.tif,No_oil,2048x2048,2048x2048,PASS,PASS,
No_oil/00111.tif,Mask_no_oil/00111.tif,No_oil,2048x2048,2048x2048,PASS,PASS,
No_oil/00112.tif,Mask_no_oil/00112.tif,No_oil,2048x2048,2048x2048,PASS,PASS,
No_oil/00113.tif,Mask_no_oil/00113.tif,No_oil,2048x2048,2048x2048,PASS,PASS,
No_oil/00114.tif,Mask_no_oil/00114.tif,No_oil,2048x2048,2048x2048,PASS,PASS,
No_oil/00115.tif,Mask_no_oil/00115.tif,No_oil,2048x2048,2048x2048,PASS,PASS,
No_oil/00116.tif,Mask_no_oil/00116.tif,No_oil,2048x2048,2048x2048,PASS,PASS,
No_oil/00117.tif,Mask_no_oil/00117.tif,No_oil,2048x2048,2048x2048,PASS,PASS,
No_oil/00118.tif,Mask_no_oil/00118.tif,No_oil,2048x2048,2048x2048,PASS,PASS,
No_oil/00119.tif,Mask_no_oil/00119.tif,No_oil,2048x2048,2048x2048,PASS,PASS,
No_oil/00120.tif,Mask_no_oil/00120.tif,No_oil,2048x2048,2048x2048,PASS,PASS,
No_oil/00121.tif,Mask_no_oil/00121.tif,No_oil,2048x2048,2048x2048,PASS,PASS,
No_oil/00122.tif,Mask_no_oil/00122.tif,No_oil,2048x2048,2048x2048,PASS,PASS,
No_oil/00123.tif,Mask_no_oil/00123.tif,No_oil,2048x2048,2048x2048,PASS,PASS,
No_oil/00124.tif,Mask_no_oil/00124.tif,No_oil,2048x2048,2048x2048,PASS,PASS,
No_oil/00125.tif,Mask_no_oil/00125.tif,No_oil,2048x2048,2048x2048,PASS,PASS,
No_oil/00126.tif,Mask_no_oil/00126.tif,No_oil,2048x2048,2048x2048,PASS,PASS,
No_oil/00127.tif,Mask_no_oil/00127.tif,No_oil,2048x2048,2048x2048,PASS,PASS,
No_oil/00128.tif,Mask_no_oil/00128.tif,No_oil,2048x2048,2048x2048,PASS,PASS,
No_oil/00129.tif,Mask_no_oil/00129.tif,No_oil,2048x2048,2048x2048,PASS,PASS,
No_oil/00130.tif,Mask_no_oil/00130.tif,No_oil,2048x2048,2048x2048,PASS,PASS,
No_oil/00131.tif,Mask_no_oil/00131.tif,No_oil,2048x2048,2048x2048,PASS,PASS,
No_oil/00132.tif,Mask_no_oil/00132.tif,No_oil,2048x2048,2048x2048,PASS,PASS,
No_oil/00133.tif,Mask_no_oil/00133.tif,No_oil,2048x2048,2048x2048,PASS,PASS,
No_oil/00134.tif,Mask_no_oil/00134.tif,No_oil,2048x2048,2048x2048,PASS,PASS,
No_oil/00135.tif,Mask_no_oil/00135.tif,No_oil,2048x2048,2048x2048,PASS,PASS,
No_oil/00136.tif,Mask_no_oil/00136.tif,No_oil,2048x2048,2048x2048,PASS,PASS,
No_oil/00137.tif,Mask_no_oil/00137.tif,No_oil,2048x2048,2048x2048,PASS,PASS,
No_oil/00138.tif,Mask_no_oil/00138.tif,No_oil,2048x2048,2048x2048,PASS,PASS,
No_oil/00139.tif,Mask_no_oil/00139.tif,No_oil,2048x2048,2048x2048,PASS,PASS,
No_oil/00140.tif,Mask_no_oil/00140.tif,No_oil,2048x2048,2048x2048,PASS,PASS,
No_oil/00141.tif,Mask_no_oil/00141.tif,No_oil,2048x2048,2048x2048,PASS,PASS,
No_oil/00142.tif,Mask_no_oil/00142.tif,No_oil,2048x2048,2048x2048,PASS,PASS,
No_oil/00143.tif,Mask_no_oil/00143.tif,No_oil,2048x2048,2048x2048,PASS,PASS,
No_oil/00144.tif,Mask_no_oil/00144.tif,No_oil,2048x2048,2048x2048,PASS,PASS,
No_oil/00145.tif,Mask_no_oil/00145.tif,No_oil,2048x2048,2048x2048,PASS,PASS,
No_oil/00146.tif,Mask_no_oil/00146.tif,No_oil,2048x2048,2048x2048,PASS,PASS,
No_oil/00147.tif,Mask_no_oil/00147.tif,No_oil,2048x2048,2048x2048,PASS,PASS,
No_oil/00148.tif,Mask_no_oil/00148.tif,No_oil,2048x2048,2048x2048,PASS,PASS,
No_oil/00149.tif,Mask_no_oil/00149.tif,No_oil,2048x2048,2048x2048,PASS,PASS,
No_oil/00150.tif,Mask_no_oil/00150.tif,No_oil,2048x2048,2048x2048,PASS,PASS,
No_oil/00151.tif,Mask_no_oil/00151.tif,No_oil,2048x2048,2048x2048,PASS,PASS,
No_oil/00152.tif,Mask_no_oil/00152.tif,No_oil,2048x2048,2048x2048,PASS,PASS,
No_oil/00153.tif,Mask_no_oil/00153.tif,No_oil,2048x2048,2048x2048,PASS,PASS,
No_oil/00154.tif,Mask_no_oil/00154.tif,No_oil,2048x2048,2048x2048,PASS,PASS,
No_oil/00155.tif,Mask_no_oil/00155.tif,No_oil,2048x2048,2048x2048,PASS,PASS,
No_oil/00156.tif,Mask_no_oil/00156.tif,No_oil,2048x2048,2048x2048,PASS,PASS,
No_oil/00157.tif,Mask_no_oil/00157.tif,No_oil,2048x2048,2048x2048,PASS,PASS,
No_oil/00158.tif,Mask_no_oil/00158.tif,No_oil,2048x2048,2048x2048,PASS,PASS,
No_oil/00159.tif,Mask_no_oil/00159.tif,No_oil,2048x2048,2048x2048,PASS,PASS,
No_oil/00160.tif,Mask_no_oil/00160.tif,No_oil,2048x2048,2048x2048,PASS,PASS,
No_oil/00161.tif,Mask_no_oil/00161.tif,No_oil,2048x2048,2048x2048,PASS,PASS,
No_oil/00162.tif,Mask_no_oil/00162.tif,No_oil,2048x2048,2048x2048,PASS,PASS,
No_oil/00163.tif,Mask_no_oil/00163.tif,No_oil,2048x2048,2048x2048,PASS,PASS,
No_oil/00164.tif,Mask_no_oil/00164.tif,No_oil,2048x2048,2048x2048,PASS,PASS,
No_oil/00165.tif,Mask_no_oil/00165.tif,No_oil,2048x2048,2048x2048,PASS,PASS,
No_oil/00166.tif,Mask_no_oil/00166.tif,No_oil,2048x2048,2048x2048,PASS,PASS,
No_oil/00167.tif,Mask_no_oil/00167.tif,No_oil,2048x2048,2048x2048,PASS,PASS,
No_oil/00168.tif,Mask_no_oil/00168.tif,No_oil,2048x2048,2048x2048,PASS,PASS,
No_oil/00169.tif,Mask_no_oil/00169.tif,No_oil,2048x2048,2048x2048,PASS,PASS,
No_oil/00170.tif,Mask_no_oil/00170.tif,No_oil,2048x2048,2048x2048,PASS,PASS,
No_oil/00171.tif,Mask_no_oil/00171.tif,No_oil,2048x2048,2048x2048,PASS,PASS,
No_oil/00172.tif,Mask_no_oil/00172.tif,No_oil,2048x2048,2048x2048,PASS,PASS,
No_oil/00173.tif,Mask_no_oil/00173.tif,No_oil,2048x2048,2048x2048,PASS,PASS,
No_oil/00174.tif,Mask_no_oil/00174.tif,No_oil,2048x2048,2048x2048,PASS,PASS,
No_oil/00175.tif,Mask_no_oil/00175.tif,No_oil,2048x2048,2048x2048,PASS,PASS,
No_oil/00176.tif,Mask_no_oil/00176.tif,No_oil,2048x2048,2048x2048,PASS,PASS,
No_oil/00177.tif,Mask_no_oil/00177.tif,No_oil,2048x2048,2048x2048,PASS,PASS,
No_oil/00178.tif,Mask_no_oil/00178.tif,No_oil,2048x2048,2048x2048,PASS,PASS,
No_oil/00179.tif,Mask_no_oil/00179.tif,No_oil,2048x2048,2048x2048,PASS,PASS,
No_oil/00180.tif,Mask_no_oil/00180.tif,No_oil,2048x2048,2048x2048,PASS,PASS,
No_oil/00181.tif,Mask_no_oil/00181.tif,No_oil,2048x2048,2048x2048,PASS,PASS,
No_oil/00182.tif,Mask_no_oil/00182.tif,No_oil,2048x2048,2048x2048,PASS,PASS,
No_oil/00183.tif,Mask_no_oil/00183.tif,No_oil,2048x2048,2048x2048,PASS,PASS,
No_oil/00184.tif,Mask_no_oil/00184.tif,No_oil,2048x2048,2048x2048,PASS,PASS,
No_oil/00185.tif,Mask_no_oil/00185.tif,No_oil,2048x2048,2048x2048,PASS,PASS,
No_oil/00186.tif,Mask_no_oil/00186.tif,No_oil,2048x2048,2048x2048,PASS,PASS,
No_oil/00187.tif,Mask_no_oil/00187.tif,No_oil,2048x2048,2048x2048,PASS,PASS,
No_oil/00188.tif,Mask_no_oil/00188.tif,No_oil,2048x2048,2048x2048,PASS,PASS,
No_oil/00189.tif,Mask_no_oil/00189.tif,No_oil,2048x2048,2048x2048,PASS,PASS,
No_oil/00190.tif,Mask_no_oil/00190.tif,No_oil,2048x2048,2048x2048,PASS,PASS,
No_oil/00191.tif,Mask_no_oil/00191.tif,No_oil,2048x2048,2048x2048,PASS,PASS,
No_oil/00192.tif,Mask_no_oil/00192.tif,No_oil,2048x2048,2048x2048,PASS,PASS,
No_oil/00193.tif,Mask_no_oil/00193.tif,No_oil,2048x2048,2048x2048,PASS,PASS,
No_oil/00194.tif,Mask_no_oil/00194.tif,No_oil,2048x2048,2048x2048,PASS,PASS,
No_oil/00195.tif,Mask_no_oil/00195.tif,No_oil,2048x2048,2048x2048,PASS,PASS,
No_oil/00196.tif,Mask_no_oil/00196.tif,No_oil,2048x2048,2048x2048,PASS,PASS,
No_oil/00197.tif,Mask_no_oil/00197.tif,No_oil,2048x2048,2048x2048,PASS,PASS,
No_oil/00198.tif,Mask_no_oil/00198.tif,No_oil,2048x2048,2048x2048,PASS,PASS,
No_oil/00199.tif,Mask_no_oil/00199.tif,No_oil,2048x2048,2048x2048,PASS,PASS,
No_oil/00200.tif,Mask_no_oil/00200.tif,No_oil,2048x2048,2048x2048,PASS,PASS,
No_oil/00201.tif,Mask_no_oil/00201.tif,No_oil,2048x2048,2048x2048,PASS,PASS,
No_oil/00202.tif,Mask_no_oil/00202.tif,No_oil,2048x2048,2048x2048,PASS,PASS,
No_oil/00203.tif,Mask_no_oil/00203.tif,No_oil,2048x2048,2048x2048,PASS,PASS,
No_oil/00204.tif,Mask_no_oil/00204.tif,No_oil,2048x2048,2048x2048,PASS,PASS,
No_oil/00205.tif,Mask_no_oil/00205.tif,No_oil,2048x2048,2048x2048,PASS,PASS,
No_oil/00206.tif,Mask_no_oil/00206.tif,No_oil,2048x2048,2048x2048,PASS,PASS,
No_oil/00207.tif,Mask_no_oil/00207.tif,No_oil,2048x2048,2048x2048,PASS,PASS,
No_oil/00208.tif,Mask_no_oil/00208.tif,No_oil,2048x2048,2048x2048,PASS,PASS,
No_oil/00209.tif,Mask_no_oil/00209.tif,No_oil,2048x2048,2048x2048,PASS,PASS,
No_oil/00210.tif,Mask_no_oil/00210.tif,No_oil,2048x2048,2048x2048,PASS,PASS,
No_oil/00211.tif,Mask_no_oil/00211.tif,No_oil,2048x2048,2048x2048,PASS,PASS,
No_oil/00212.tif,Mask_no_oil/00212.tif,No_oil,2048x2048,2048x2048,PASS,PASS,
No_oil/00213.tif,Mask_no_oil/00213.tif,No_oil,2048x2048,2048x2048,PASS,PASS,
No_oil/00214.tif,Mask_no_oil/00214.tif,No_oil,2048x2048,2048x2048,PASS,PASS,
No_oil/00215.tif,Mask_no_oil/00215.tif,No_oil,2048x2048,2048x2048,PASS,PASS,
No_oil/00216.tif,Mask_no_oil/00216.tif,No_oil,2048x2048,2048x2048,PASS,PASS,
No_oil/00217.tif,Mask_no_oil/00217.tif,No_oil,2048x2048,2048x2048,PASS,PASS,
No_oil/00218.tif,Mask_no_oil/00218.tif,No_oil,2048x2048,2048x2048,PASS,PASS,
No_oil/00219.tif,Mask_no_oil/00219.tif,No_oil,2048x2048,2048x2048,PASS,PASS,
No_oil/00220.tif,Mask_no_oil/00220.tif,No_oil,2048x2048,2048x2048,PASS,PASS,
No_oil/00221.tif,Mask_no_oil/00221.tif,No_oil,2048x2048,2048x2048,PASS,PASS,
No_oil/00222.tif,Mask_no_oil/00222.tif,No_oil,2048x2048,2048x2048,PASS,PASS,
No_oil/00223.tif,Mask_no_oil/00223.tif,No_oil,2048x2048,2048x2048,PASS,PASS,
No_oil/00224.tif,Mask_no_oil/00224.tif,No_oil,2048x2048,2048x2048,PASS,PASS,
No_oil/00225.tif,Mask_no_oil/00225.tif,No_oil,2048x2048,2048x2048,PASS,PASS,
No_oil/00226.tif,Mask_no_oil/00226.tif,No_oil,2048x2048,2048x2048,PASS,PASS,
No_oil/00227.tif,Mask_no_oil/00227.tif,No_oil,2048x2048,2048x2048,PASS,PASS,
No_oil/00228.tif,Mask_no_oil/00228.tif,No_oil,2048x2048,2048x2048,PASS,PASS,
No_oil/00229.tif,Mask_no_oil/00229.tif,No_oil,2048x2048,2048x2048,PASS,PASS,
No_oil/00230.tif,Mask_no_oil/00230.tif,No_oil,2048x2048,2048x2048,PASS,PASS,
No_oil/00231.tif,Mask_no_oil/00231.tif,No_oil,2048x2048,2048x2048,PASS,PASS,
No_oil/00232.tif,Mask_no_oil/00232.tif,No_oil,2048x2048,2048x2048,PASS,PASS,
No_oil/00233.tif,Mask_no_oil/00233.tif,No_oil,2048x2048,2048x2048,PASS,PASS,
No_oil/00234.tif,Mask_no_oil/00234.tif,No_oil,2048x2048,2048x2048,PASS,PASS,
No_oil/00235.tif,Mask_no_oil/00235.tif,No_oil,2048x2048,2048x2048,PASS,PASS,
No_oil/00236.tif,Mask_no_oil/00236.tif,No_oil,2048x2048,2048x2048,PASS,PASS,
No_oil/00237.tif,Mask_no_oil/00237.tif,No_oil,2048x2048,2048x2048,PASS,PASS,
No_oil/00238.tif,Mask_no_oil/00238.tif,No_oil,2048x2048,2048x2048,PASS,PASS,
No_oil/00239.tif,Mask_no_oil/00239.tif,No_oil,2048x2048,2048x2048,PASS,PASS,
No_oil/00240.tif,Mask_no_oil/00240.tif,No_oil,2048x2048,2048x2048,PASS,PASS,
No_oil/00241.tif,Mask_no_oil/00241.tif,No_oil,2048x2048,2048x2048,PASS,PASS,
No_oil/00242.tif,Mask_no_oil/00242.tif,No_oil,2048x2048,2048x2048,PASS,PASS,
No_oil/00243.tif,Mask_no_oil/00243.tif,No_oil,2048x2048,2048x2048,PASS,PASS,
No_oil/00244.tif,Mask_no_oil/00244.tif,No_oil,2048x2048,2048x2048,PASS,PASS,
No_oil/00245.tif,Mask_no_oil/00245.tif,No_oil,2048x2048,2048x2048,PASS,PASS,
No_oil/00246.tif,Mask_no_oil/00246.tif,No_oil,2048x2048,2048x2048,PASS,PASS,
No_oil/00247.tif,Mask_no_oil/00247.tif,No_oil,2048x2048,2048x2048,PASS,PASS,
No_oil/00248.tif,Mask_no_oil/00248.tif,No_oil,2048x2048,2048x2048,PASS,PASS,
No_oil/00249.tif,Mask_no_oil/00249.tif,No_oil,2048x2048,2048x2048,PASS,PASS,
No_oil/00250.tif,Mask_no_oil/00250.tif,No_oil,2048x2048,2048x2048,PASS,PASS,
No_oil/00251.tif,Mask_no_oil/00251.tif,No_oil,2048x2048,2048x2048,PASS,PASS,
No_oil/00252.tif,Mask_no_oil/00252.tif,No_oil,2048x2048,2048x2048,PASS,PASS,
No_oil/00253.tif,Mask_no_oil/00253.tif,No_oil,2048x2048,2048x2048,PASS,PASS,
No_oil/00254.tif,Mask_no_oil/00254.tif,No_oil,2048x2048,2048x2048,PASS,PASS,
No_oil/00255.tif,Mask_no_oil/00255.tif,No_oil,2048x2048,2048x2048,PASS,PASS,
No_oil/00256.tif,Mask_no_oil/00256.tif,No_oil,2048x2048,2048x2048,PASS,PASS,
No_oil/00257.tif,Mask_no_oil/00257.tif,No_oil,2048x2048,2048x2048,PASS,PASS,
No_oil/00258.tif,Mask_no_oil/00258.tif,No_oil,2048x2048,2048x2048,PASS,PASS,
No_oil/00259.tif,Mask_no_oil/00259.tif,No_oil,2048x2048,2048x2048,PASS,PASS,
No_oil/00260.tif,Mask_no_oil/00260.tif,No_oil,2048x2048,2048x2048,PASS,PASS,
No_oil/00261.tif,Mask_no_oil/00261.tif,No_oil,2048x2048,2048x2048,PASS,PASS,
No_oil/00262.tif,Mask_no_oil/00262.tif,No_oil,2048x2048,2048x2048,PASS,PASS,
No_oil/00263.tif,Mask_no_oil/00263.tif,No_oil,2048x2048,2048x2048,PASS,PASS,
No_oil/00264.tif,Mask_no_oil/00264.tif,No_oil,2048x2048,2048x2048,PASS,PASS,
No_oil/00265.tif,Mask_no_oil/00265.tif,No_oil,2048x2048,2048x2048,PASS,PASS,
No_oil/00266.tif,Mask_no_oil/00266.tif,No_oil,2048x2048,2048x2048,PASS,PASS,
No_oil/00267.tif,Mask_no_oil/00267.tif,No_oil,2048x2048,2048x2048,PASS,PASS,
No_oil/00268.tif,Mask_no_oil/00268.tif,No_oil,2048x2048,2048x2048,PASS,PASS,
No_oil/00269.tif,Mask_no_oil/00269.tif,No_oil,2048x2048,2048x2048,PASS,PASS,
No_oil/00270.tif,Mask_no_oil/00270.tif,No_oil,2048x2048,2048x2048,PASS,PASS,
No_oil/00271.tif,Mask_no_oil/00271.tif,No_oil,2048x2048,2048x2048,PASS,PASS,
No_oil/00272.tif,Mask_no_oil/00272.tif,No_oil,2048x2048,2048x2048,PASS,PASS,
No_oil/00273.tif,Mask_no_oil/00273.tif,No_oil,2048x2048,2048x2048,PASS,PASS,
No_oil/00274.tif,Mask_no_oil/00274.tif,No_oil,2048x2048,2048x2048,PASS,PASS,
No_oil/00275.tif,Mask_no_oil/00275.tif,No_oil,2048x2048,2048x2048,PASS,PASS,
No_oil/00276.tif,Mask_no_oil/00276.tif,No_oil,2048x2048,2048x2048,PASS,PASS,
No_oil/00277.tif,Mask_no_oil/00277.tif,No_oil,2048x2048,2048x2048,PASS,PASS,
No_oil/00278.tif,Mask_no_oil/00278.tif,No_oil,2048x2048,2048x2048,PASS,PASS,
No_oil/00279.tif,Mask_no_oil/00279.tif,No_oil,2048x2048,2048x2048,PASS,PASS,
No_oil/00280.tif,Mask_no_oil/00280.tif,No_oil,2048x2048,2048x2048,PASS,PASS,
No_oil/00281.tif,Mask_no_oil/00281.tif,No_oil,2048x2048,2048x2048,PASS,PASS,
No_oil/00282.tif,Mask_no_oil/00282.tif,No_oil,2048x2048,2048x2048,PASS,PASS,
No_oil/00283.tif,Mask_no_oil/00283.tif,No_oil,2048x2048,2048x2048,PASS,PASS,
No_oil/00284.tif,Mask_no_oil/00284.tif,No_oil,2048x2048,2048x2048,PASS,PASS,
No_oil/00285.tif,Mask_no_oil/00285.tif,No_oil,2048x2048,2048x2048,PASS,PASS,
No_oil/00286.tif,Mask_no_oil/00286.tif,No_oil,2048x2048,2048x2048,PASS,PASS,
No_oil/00287.tif,Mask_no_oil/00287.tif,No_oil,2048x2048,2048x2048,PASS,PASS,
No_oil/00288.tif,Mask_no_oil/00288.tif,No_oil,2048x2048,2048x2048,PASS,PASS,
No_oil/00289.tif,Mask_no_oil/00289.tif,No_oil,2048x2048,2048x2048,PASS,PASS,
No_oil/00290.tif,Mask_no_oil/00290.tif,No_oil,2048x2048,2048x2048,PASS,PASS,
No_oil/00291.tif,Mask_no_oil/00291.tif,No_oil,2048x2048,2048x2048,PASS,PASS,
No_oil/00292.tif,Mask_no_oil/00292.tif,No_oil,2048x2048,2048x2048,PASS,PASS,
No_oil/00293.tif,Mask_no_oil/00293.tif,No_oil,2048x2048,2048x2048,PASS,PASS,
No_oil/00294.tif,Mask_no_oil/00294.tif,No_oil,2048x2048,2048x2048,PASS,PASS,
No_oil/00295.tif,Mask_no_oil/00295.tif,No_oil,2048x2048,2048x2048,PASS,PASS,
No_oil/00296.tif,Mask_no_oil/00296.tif,No_oil,2048x2048,2048x2048,PASS,PASS,
No_oil/00297.tif,Mask_no_oil/00297.tif,No_oil,2048x2048,2048x2048,PASS,PASS,
No_oil/00298.tif,Mask_no_oil/00298.tif,No_oil,2048x2048,2048x2048,PASS,PASS,
No_oil/00299.tif,Mask_no_oil/00299.tif,No_oil,2048x2048,2048x2048,PASS,PASS,
No_oil/00300.tif,Mask_no_oil/00300.tif,No_oil,2048x2048,2048x2048,PASS,PASS,
No_oil/00301.tif,Mask_no_oil/00301.tif,No_oil,2048x2048,2048x2048,PASS,PASS,
No_oil/00302.tif,Mask_no_oil/00302.tif,No_oil,2048x2048,2048x2048,PASS,PASS,
No_oil/00303.tif,Mask_no_oil/00303.tif,No_oil,2048x2048,2048x2048,PASS,PASS,
No_oil/00304.tif,Mask_no_oil/00304.tif,No_oil,2048x2048,2048x2048,PASS,PASS,
No_oil/00305.tif,Mask_no_oil/00305.tif,No_oil,2048x2048,2048x2048,PASS,PASS,
No_oil/00306.tif,Mask_no_oil/00306.tif,No_oil,2048x2048,2048x2048,PASS,PASS,
No_oil/00307.tif,Mask_no_oil/00307.tif,No_oil,2048x2048,2048x2048,PASS,PASS,
No_oil/00308.tif,Mask_no_oil/00308.tif,No_oil,2048x2048,2048x2048,PASS,PASS,
No_oil/00309.tif,Mask_no_oil/00309.tif,No_oil,2048x2048,2048x2048,PASS,PASS,
No_oil/00310.tif,Mask_no_oil/00310.tif,No_oil,2048x2048,2048x2048,PASS,PASS,
No_oil/00311.tif,Mask_no_oil/00311.tif,No_oil,2048x2048,2048x2048,PASS,PASS,
No_oil/00312.tif,Mask_no_oil/00312.tif,No_oil,2048x2048,2048x2048,PASS,PASS,
No_oil/00313.tif,Mask_no_oil/00313.tif,No_oil,2048x2048,2048x2048,PASS,PASS,
No_oil/00314.tif,Mask_no_oil/00314.tif,No_oil,2048x2048,2048x2048,PASS,PASS,
No_oil/00315.tif,Mask_no_oil/00315.tif,No_oil,2048x2048,2048x2048,PASS,PASS,
No_oil/00316.tif,Mask_no_oil/00316.tif,No_oil,2048x2048,2048x2048,PASS,PASS,
No_oil/00317.tif,Mask_no_oil/00317.tif,No_oil,2048x2048,2048x2048,PASS,PASS,
No_oil/00318.tif,Mask_no_oil/00318.tif,No_oil,2048x2048,2048x2048,PASS,PASS,
No_oil/00319.tif,Mask_no_oil/00319.tif,No_oil,2048x2048,2048x2048,PASS,PASS,
No_oil/00320.tif,Mask_no_oil/00320.tif,No_oil,2048x2048,2048x2048,PASS,PASS,
No_oil/00321.tif,Mask_no_oil/00321.tif,No_oil,2048x2048,2048x2048,PASS,PASS,
No_oil/00322.tif,Mask_no_oil/00322.tif,No_oil,2048x2048,2048x2048,PASS,PASS,
No_oil/00323.tif,Mask_no_oil/00323.tif,No_oil,2048x2048,2048x2048,PASS,PASS,
No_oil/00324.tif,Mask_no_oil/00324.tif,No_oil,2048x2048,2048x2048,PASS,PASS,
No_oil/00325.tif,Mask_no_oil/00325.tif,No_oil,2048x2048,2048x2048,PASS,PASS,
No_oil/00326.tif,Mask_no_oil/00326.tif,No_oil,2048x2048,2048x2048,PASS,PASS,
No_oil/00327.tif,Mask_no_oil/00327.tif,No_oil,2048x2048,2048x2048,PASS,PASS,
No_oil/00328.tif,Mask_no_oil/00328.tif,No_oil,2048x2048,2048x2048,PASS,PASS,
No_oil/00329.tif,Mask_no_oil/00329.tif,No_oil,2048x2048,2048x2048,PASS,PASS,
No_oil/00330.tif,Mask_no_oil/00330.tif,No_oil,2048x2048,2048x2048,PASS,PASS,
No_oil/00331.tif,Mask_no_oil/00331.tif,No_oil,2048x2048,2048x2048,PASS,PASS,
No_oil/00332.tif,Mask_no_oil/00332.tif,No_oil,2048x2048,2048x2048,PASS,PASS,
No_oil/00333.tif,Mask_no_oil/00333.tif,No_oil,2048x2048,2048x2048,PASS,PASS,
No_oil/00334.tif,Mask_no_oil/00334.tif,No_oil,2048x2048,2048x2048,PASS,PASS,
No_oil/00335.tif,Mask_no_oil/00335.tif,No_oil,2048x2048,2048x2048,PASS,PASS,
No_oil/00336.tif,Mask_no_oil/00336.tif,No_oil,2048x2048,2048x2048,PASS,PASS,
No_oil/00337.tif,Mask_no_oil/00337.tif,No_oil,2048x2048,2048x2048,PASS,PASS,
No_oil/00338.tif,Mask_no_oil/00338.tif,No_oil,2048x2048,2048x2048,PASS,PASS,
No_oil/00339.tif,Mask_no_oil/00339.tif,No_oil,2048x2048,2048x2048,PASS,PASS,
No_oil/00340.tif,Mask_no_oil/00340.tif,No_oil,2048x2048,2048x2048,PASS,PASS,
No_oil/00341.tif,Mask_no_oil/00341.tif,No_oil,2048x2048,2048x2048,PASS,PASS,
No_oil/00342.tif,Mask_no_oil/00342.tif,No_oil,2048x2048,2048x2048,PASS,PASS,
No_oil/00343.tif,Mask_no_oil/00343.tif,No_oil,2048x2048,2048x2048,PASS,PASS,
No_oil/00344.tif,Mask_no_oil/00344.tif,No_oil,2048x2048,2048x2048,PASS,PASS,
No_oil/00345.tif,Mask_no_oil/00345.tif,No_oil,2048x2048,2048x2048,PASS,PASS,
No_oil/00346.tif,Mask_no_oil/00346.tif,No_oil,2048x2048,2048x2048,PASS,PASS,
No_oil/00347.tif,Mask_no_oil/00347.tif,No_oil,2048x2048,2048x2048,PASS,PASS,
No_oil/00348.tif,Mask_no_oil/00348.tif,No_oil,2048x2048,2048x2048,PASS,PASS,
No_oil/00349.tif,Mask_no_oil/00349.tif,No_oil,2048x2048,2048x2048,PASS,PASS,
No_oil/00350.tif,Mask_no_oil/00350.tif,No_oil,2048x2048,2048x2048,PASS,PASS,
No_oil/00351.tif,Mask_no_oil/00351.tif,No_oil,2048x2048,2048x2048,PASS,PASS,
No_oil/00352.tif,Mask_no_oil/00352.tif,No_oil,2048x2048,2048x2048,PASS,PASS,
No_oil/00353.tif,Mask_no_oil/00353.tif,No_oil,2048x2048,2048x2048,PASS,PASS,
No_oil/00354.tif,Mask_no_oil/00354.tif,No_oil,2048x2048,2048x2048,PASS,PASS,
No_oil/00355.tif,Mask_no_oil/00355.tif,No_oil,2048x2048,2048x2048,PASS,PASS,
No_oil/00356.tif,Mask_no_oil/00356.tif,No_oil,2048x2048,2048x2048,PASS,PASS,
No_oil/00357.tif,Mask_no_oil/00357.tif,No_oil,2048x2048,2048x2048,PASS,PASS,
No_oil/00358.tif,Mask_no_oil/00358.tif,No_oil,2048x2048,2048x2048,PASS,PASS,
No_oil/00359.tif,Mask_no_oil/00359.tif,No_oil,2048x2048,2048x2048,PASS,PASS,
No_oil/00360.tif,Mask_no_oil/00360.tif,No_oil,2048x2048,2048x2048,PASS,PASS,
No_oil/00361.tif,Mask_no_oil/00361.tif,No_oil,2048x2048,2048x2048,PASS,PASS,
No_oil/00362.tif,Mask_no_oil/00362.tif,No_oil,2048x2048,2048x2048,PASS,PASS,
No_oil/00363.tif,Mask_no_oil/00363.tif,No_oil,2048x2048,2048x2048,PASS,PASS,
No_oil/00364.tif,Mask_no_oil/00364.tif,No_oil,2048x2048,2048x2048,PASS,PASS,
No_oil/00365.tif,Mask_no_oil/00365.tif,No_oil,2048x2048,2048x2048,PASS,PASS,
No_oil/00366.tif,Mask_no_oil/00366.tif,No_oil,2048x2048,2048x2048,PASS,PASS,
No_oil/00367.tif,Mask_no_oil/00367.tif,No_oil,2048x2048,2048x2048,PASS,PASS,
No_oil/00368.tif,Mask_no_oil/00368.tif,No_oil,2048x2048,2048x2048,PASS,PASS,
No_oil/00369.tif,Mask_no_oil/00369.tif,No_oil,2048x2048,2048x2048,PASS,PASS,
No_oil/00370.tif,Mask_no_oil/00370.tif,No_oil,2048x2048,2048x2048,PASS,PASS,
No_oil/00371.tif,Mask_no_oil/00371.tif,No_oil,2048x2048,2048x2048,PASS,PASS,
No_oil/00372.tif,Mask_no_oil/00372.tif,No_oil,2048x2048,2048x2048,PASS,PASS,
No_oil/00373.tif,Mask_no_oil/00373.tif,No_oil,2048x2048,2048x2048,PASS,PASS,
No_oil/00374.tif,Mask_no_oil/00374.tif,No_oil,2048x2048,2048x2048,PASS,PASS,
No_oil/00375.tif,Mask_no_oil/00375.tif,No_oil,2048x2048,2048x2048,PASS,PASS,
No_oil/00376.tif,Mask_no_oil/00376.tif,No_oil,2048x2048,2048x2048,PASS,PASS,
No_oil/00377.tif,Mask_no_oil/00377.tif,No_oil,2048x2048,2048x2048,PASS,PASS,
No_oil/00378.tif,Mask_no_oil/00378.tif,No_oil,2048x2048,2048x2048,PASS,PASS,
No_oil/00379.tif,Mask_no_oil/00379.tif,No_oil,2048x2048,2048x2048,PASS,PASS,
No_oil/00380.tif,Mask_no_oil/00380.tif,No_oil,2048x2048,2048x2048,PASS,PASS,
No_oil/00381.tif,Mask_no_oil/00381.tif,No_oil,2048x2048,2048x2048,PASS,PASS,
No_oil/00382.tif,Mask_no_oil/00382.tif,No_oil,2048x2048,2048x2048,PASS,PASS,
No_oil/00383.tif,Mask_no_oil/00383.tif,No_oil,2048x2048,2048x2048,PASS,PASS,
No_oil/00384.tif,Mask_no_oil/00384.tif,No_oil,2048x2048,2048x2048,PASS,PASS,
No_oil/00385.tif,Mask_no_oil/00385.tif,No_oil,2048x2048,2048x2048,PASS,PASS,
No_oil/00386.tif,Mask_no_oil/00386.tif,No_oil,2048x2048,2048x2048,PASS,PASS,
No_oil/00387.tif,Mask_no_oil/00387.tif,No_oil,2048x2048,2048x2048,PASS,PASS,
No_oil/00388.tif,Mask_no_oil/00388.tif,No_oil,2048x2048,2048x2048,PASS,PASS,
No_oil/00389.tif,Mask_no_oil/00389.tif,No_oil,2048x2048,2048x2048,PASS,PASS,
No_oil/00390.tif,Mask_no_oil/00390.tif,No_oil,2048x2048,2048x2048,PASS,PASS,
No_oil/00391.tif,Mask_no_oil/00391.tif,No_oil,2048x2048,2048x2048,PASS,PASS,
No_oil/00392.tif,Mask_no_oil/00392.tif,No_oil,2048x2048,2048x2048,PASS,PASS,
No_oil/00393.tif,Mask_no_oil/00393.tif,No_oil,2048x2048,2048x2048,PASS,PASS,
No_oil/00394.tif,Mask_no_oil/00394.tif,No_oil,2048x2048,2048x2048,PASS,PASS,
No_oil/00395.tif,Mask_no_oil/00395.tif,No_oil,2048x2048,2048x2048,PASS,PASS,
No_oil/00396.tif,Mask_no_oil/00396.tif,No_oil,2048x2048,2048x2048,PASS,PASS,
No_oil/00397.tif,Mask_no_oil/00397.tif,No_oil,2048x2048,2048x2048,PASS,PASS,
No_oil/00398.tif,Mask_no_oil/00398.tif,No_oil,2048x2048,2048x2048,PASS,PASS,
No_oil/00399.tif,Mask_no_oil/00399.tif,No_oil,2048x2048,2048x2048,PASS,PASS,
No_oil/00400.tif,Mask_no_oil/00400.tif,No_oil,2048x2048,2048x2048,PASS,PASS,
No_oil/00401.tif,Mask_no_oil/00401.tif,No_oil,2048x2048,2048x2048,PASS,PASS,
No_oil/00402.tif,Mask_no_oil/00402.tif,No_oil,2048x2048,2048x2048,PASS,PASS,
No_oil/00403.tif,Mask_no_oil/00403.tif,No_oil,2048x2048,2048x2048,PASS,PASS,
No_oil/00404.tif,Mask_no_oil/00404.tif,No_oil,2048x2048,2048x2048,PASS,PASS,
No_oil/00405.tif,Mask_no_oil/00405.tif,No_oil,2048x2048,2048x2048,PASS,PASS,
No_oil/00406.tif,Mask_no_oil/00406.tif,No_oil,2048x2048,2048x2048,PASS,PASS,
No_oil/00407.tif,Mask_no_oil/00407.tif,No_oil,2048x2048,2048x2048,PASS,PASS,
No_oil/00408.tif,Mask_no_oil/00408.tif,No_oil,2048x2048,2048x2048,PASS,PASS,
No_oil/00409.tif,Mask_no_oil/00409.tif,No_oil,2048x2048,2048x2048,PASS,PASS,
No_oil/00410.tif,Mask_no_oil/00410.tif,No_oil,2048x2048,2048x2048,PASS,PASS,
No_oil/00411.tif,Mask_no_oil/00411.tif,No_oil,2048x2048,2048x2048,PASS,PASS,
No_oil/00412.tif,Mask_no_oil/00412.tif,No_oil,2048x2048,2048x2048,PASS,PASS,
No_oil/00413.tif,Mask_no_oil/00413.tif,No_oil,2048x2048,2048x2048,PASS,PASS,
No_oil/00414.tif,Mask_no_oil/00414.tif,No_oil,2048x2048,2048x2048,PASS,PASS,
No_oil/00415.tif,Mask_no_oil/00415.tif,No_oil,2048x2048,2048x2048,PASS,PASS,
No_oil/00416.tif,Mask_no_oil/00416.tif,No_oil,2048x2048,2048x2048,PASS,PASS,
No_oil/00417.tif,Mask_no_oil/00417.tif,No_oil,2048x2048,2048x2048,PASS,PASS,
No_oil/00418.tif,Mask_no_oil/00418.tif,No_oil,2048x2048,2048x2048,PASS,PASS,
No_oil/00419.tif,Mask_no_oil/00419.tif,No_oil,2048x2048,2048x2048,PASS,PASS,
No_oil/00420.tif,Mask_no_oil/00420.tif,No_oil,2048x2048,2048x2048,PASS,PASS,
No_oil/00421.tif,Mask_no_oil/00421.tif,No_oil,2048x2048,2048x2048,PASS,PASS,
No_oil/00422.tif,Mask_no_oil/00422.tif,No_oil,2048x2048,2048x2048,PASS,PASS,
No_oil/00423.tif,Mask_no_oil/00423.tif,No_oil,2048x2048,2048x2048,PASS,PASS,
No_oil/00424.tif,Mask_no_oil/00424.tif,No_oil,2048x2048,2048x2048,PASS,PASS,
No_oil/00425.tif,Mask_no_oil/00425.tif,No_oil,2048x2048,2048x2048,PASS,PASS,
No_oil/00426.tif,Mask_no_oil/00426.tif,No_oil,2048x2048,2048x2048,PASS,PASS,
No_oil/00427.tif,Mask_no_oil/00427.tif,No_oil,2048x2048,2048x2048,PASS,PASS,
No_oil/00428.tif,Mask_no_oil/00428.tif,No_oil,2048x2048,2048x2048,PASS,PASS,
No_oil/00429.tif,Mask_no_oil/00429.tif,No_oil,2048x2048,2048x2048,PASS,PASS,
No_oil/00430.tif,Mask_no_oil/00430.tif,No_oil,2048x2048,2048x2048,PASS,PASS,
No_oil/00431.tif,Mask_no_oil/00431.tif,No_oil,2048x2048,2048x2048,PASS,PASS,
No_oil/00432.tif,Mask_no_oil/00432.tif,No_oil,2048x2048,2048x2048,PASS,PASS,
No_oil/00433.tif,Mask_no_oil/00433.tif,No_oil,2048x2048,2048x2048,PASS,PASS,
No_oil/00434.tif,Mask_no_oil/00434.tif,No_oil,2048x2048,2048x2048,PASS,PASS,
No_oil/00435.tif,Mask_no_oil/00435.tif,No_oil,2048x2048,2048x2048,PASS,PASS,
No_oil/00436.tif,Mask_no_oil/00436.tif,No_oil,2048x2048,2048x2048,PASS,PASS,
No_oil/00437.tif,Mask_no_oil/00437.tif,No_oil,2048x2048,2048x2048,PASS,PASS,
No_oil/00438.tif,Mask_no_oil/00438.tif,No_oil,2048x2048,2048x2048,PASS,PASS,
No_oil/00439.tif,Mask_no_oil/00439.tif,No_oil,2048x2048,2048x2048,PASS,PASS,
No_oil/00440.tif,Mask_no_oil/00440.tif,No_oil,2048x2048,2048x2048,PASS,PASS,
No_oil/00441.tif,Mask_no_oil/00441.tif,No_oil,2048x2048,2048x2048,PASS,PASS,
No_oil/00442.tif,Mask_no_oil/00442.tif,No_oil,2048x2048,2048x2048,PASS,PASS,
No_oil/00443.tif,Mask_no_oil/00443.tif,No_oil,2048x2048,2048x2048,PASS,PASS,
No_oil/00444.tif,Mask_no_oil/00444.tif,No_oil,2048x2048,2048x2048,PASS,PASS,
No_oil/00445.tif,Mask_no_oil/00445.tif,No_oil,2048x2048,2048x2048,PASS,PASS,
No_oil/00446.tif,Mask_no_oil/00446.tif,No_oil,2048x2048,2048x2048,PASS,PASS,
No_oil/00447.tif,Mask_no_oil/00447.tif,No_oil,2048x2048,2048x2048,PASS,PASS,
No_oil/00448.tif,Mask_no_oil/00448.tif,No_oil,2048x2048,2048x2048,PASS,PASS,
No_oil/00449.tif,Mask_no_oil/00449.tif,No_oil,2048x2048,2048x2048,PASS,PASS,
No_oil/00450.tif,Mask_no_oil/00450.tif,No_oil,2048x2048,2048x2048,PASS,PASS,
No_oil/00451.tif,Mask_no_oil/00451.tif,No_oil,2048x2048,2048x2048,PASS,PASS,
No_oil/00452.tif,Mask_no_oil/00452.tif,No_oil,2048x2048,2048x2048,PASS,PASS,
No_oil/00453.tif,Mask_no_oil/00453.tif,No_oil,2048x2048,2048x2048,PASS,PASS,
No_oil/00454.tif,Mask_no_oil/00454.tif,No_oil,2048x2048,2048x2048,PASS,PASS,
No_oil/00455.tif,Mask_no_oil/00455.tif,No_oil,2048x2048,2048x2048,PASS,PASS,
No_oil/00456.tif,Mask_no_oil/00456.tif,No_oil,2048x2048,2048x2048,PASS,PASS,
No_oil/00457.tif,Mask_no_oil/00457.tif,No_oil,2048x2048,2048x2048,PASS,PASS,
No_oil/00458.tif,Mask_no_oil/00458.tif,No_oil,2048x2048,2048x2048,PASS,PASS,
No_oil/00459.tif,Mask_no_oil/00459.tif,No_oil,2048x2048,2048x2048,PASS,PASS,
No_oil/00460.tif,Mask_no_oil/00460.tif,No_oil,2048x2048,2048x2048,PASS,PASS,
No_oil/00461.tif,Mask_no_oil/00461.tif,No_oil,2048x2048,2048x2048,PASS,PASS,
No_oil/00462.tif,Mask_no_oil/00462.tif,No_oil,2048x2048,2048x2048,PASS,PASS,
No_oil/00463.tif,Mask_no_oil/00463.tif,No_oil,2048x2048,2048x2048,PASS,PASS,
No_oil/00464.tif,Mask_no_oil/00464.tif,No_oil,2048x2048,2048x2048,PASS,PASS,
No_oil/00465.tif,Mask_no_oil/00465.tif,No_oil,2048x2048,2048x2048,PASS,PASS,
No_oil/00466.tif,Mask_no_oil/00466.tif,No_oil,2048x2048,2048x2048,PASS,PASS,
No_oil/00467.tif,Mask_no_oil/00467.tif,No_oil,2048x2048,2048x2048,PASS,PASS,
No_oil/00468.tif,Mask_no_oil/00468.tif,No_oil,2048x2048,2048x2048,PASS,PASS,
No_oil/00469.tif,Mask_no_oil/00469.tif,No_oil,2048x2048,2048x2048,PASS,PASS,
No_oil/00470.tif,Mask_no_oil/00470.tif,No_oil,2048x2048,2048x2048,PASS,PASS,
No_oil/00471.tif,Mask_no_oil/00471.tif,No_oil,2048x2048,2048x2048,PASS,PASS,
No_oil/00472.tif,Mask_no_oil/00472.tif,No_oil,2048x2048,2048x2048,PASS,PASS,
No_oil/00473.tif,Mask_no_oil/00473.tif,No_oil,2048x2048,2048x2048,PASS,PASS,
No_oil/00474.tif,Mask_no_oil/00474.tif,No_oil,2048x2048,2048x2048,PASS,PASS,
No_oil/00475.tif,Mask_no_oil/00475.tif,No_oil,2048x2048,2048x2048,PASS,PASS,
No_oil/00476.tif,Mask_no_oil/00476.tif,No_oil,2048x2048,2048x2048,PASS,PASS,
No_oil/00477.tif,Mask_no_oil/00477.tif,No_oil,2048x2048,2048x2048,PASS,PASS,
No_oil/00478.tif,Mask_no_oil/00478.tif,No_oil,2048x2048,2048x2048,PASS,PASS,
No_oil/00479.tif,Mask_no_oil/00479.tif,No_oil,2048x2048,2048x2048,PASS,PASS,
No_oil/00480.tif,Mask_no_oil/00480.tif,No_oil,2048x2048,2048x2048,PASS,PASS,
No_oil/00481.tif,Mask_no_oil/00481.tif,No_oil,2048x2048,2048x2048,PASS,PASS,
No_oil/00482.tif,Mask_no_oil/00482.tif,No_oil,2048x2048,2048x2048,PASS,PASS,
No_oil/00483.tif,Mask_no_oil/00483.tif,No_oil,2048x2048,2048x2048,PASS,PASS,
No_oil/00484.tif,Mask_no_oil/00484.tif,No_oil,2048x2048,2048x2048,PASS,PASS,
No_oil/00485.tif,Mask_no_oil/00485.tif,No_oil,2048x2048,2048x2048,PASS,PASS,
No_oil/00486.tif,Mask_no_oil/00486.tif,No_oil,2048x2048,2048x2048,PASS,PASS,
No_oil/00487.tif,Mask_no_oil/00487.tif,No_oil,2048x2048,2048x2048,PASS,PASS,
No_oil/00488.tif,Mask_no_oil/00488.tif,No_oil,2048x2048,2048x2048,PASS,PASS,
No_oil/00489.tif,Mask_no_oil/00489.tif,No_oil,2048x2048,2048x2048,PASS,PASS,
No_oil/00490.tif,Mask_no_oil/00490.tif,No_oil,2048x2048,2048x2048,PASS,PASS,
No_oil/00491.tif,Mask_no_oil/00491.tif,No_oil,2048x2048,2048x2048,PASS,PASS,
No_oil/00492.tif,Mask_no_oil/00492.tif,No_oil,2048x2048,2048x2048,PASS,PASS,
No_oil/00493.tif,Mask_no_oil/00493.tif,No_oil,2048x2048,2048x2048,PASS,PASS,
No_oil/00494.tif,Mask_no_oil/00494.tif,No_oil,2048x2048,2048x2048,PASS,PASS,
No_oil/00495.tif,Mask_no_oil/00495.tif,No_oil,2048x2048,2048x2048,PASS,PASS,
No_oil/00496.tif,Mask_no_oil/00496.tif,No_oil,2048x2048,2048x2048,PASS,PASS,
No_oil/00497.tif,Mask_no_oil/00497.tif,No_oil,2048x2048,2048x2048,PASS,PASS,
No_oil/00498.tif,Mask_no_oil/00498.tif,No_oil,2048x2048,2048x2048,PASS,PASS,
No_oil/00499.tif,Mask_no_oil/00499.tif,No_oil,2048x2048,2048x2048,PASS,PASS,
No_oil/00500.tif,Mask_no_oil/00500.tif,No_oil,2048x2048,2048x2048,PASS,PASS,
No_oil/00501.tif,Mask_no_oil/00501.tif,No_oil,2048x2048,2048x2048,PASS,PASS,
No_oil/00502.tif,Mask_no_oil/00502.tif,No_oil,2048x2048,2048x2048,PASS,PASS,
No_oil/00503.tif,Mask_no_oil/00503.tif,No_oil,2048x2048,2048x2048,PASS,PASS,
No_oil/00504.tif,Mask_no_oil/00504.tif,No_oil,2048x2048,2048x2048,PASS,PASS,
No_oil/00505.tif,Mask_no_oil/00505.tif,No_oil,2048x2048,2048x2048,PASS,PASS,
No_oil/00506.tif,Mask_no_oil/00506.tif,No_oil,2048x2048,2048x2048,PASS,PASS,
No_oil/00507.tif,Mask_no_oil/00507.tif,No_oil,2048x2048,2048x2048,PASS,PASS,
No_oil/00508.tif,Mask_no_oil/00508.tif,No_oil,2048x2048,2048x2048,PASS,PASS,
No_oil/00509.tif,Mask_no_oil/00509.tif,No_oil,2048x2048,2048x2048,PASS,PASS,
No_oil/00510.tif,Mask_no_oil/00510.tif,No_oil,2048x2048,2048x2048,PASS,PASS,
No_oil/00511.tif,Mask_no_oil/00511.tif,No_oil,2048x2048,2048x2048,PASS,PASS,
No_oil/00512.tif,Mask_no_oil/00512.tif,No_oil,2048x2048,2048x2048,PASS,PASS,
No_oil/00513.tif,Mask_no_oil/00513.tif,No_oil,2048x2048,2048x2048,PASS,PASS,
No_oil/00514.tif,Mask_no_oil/00514.tif,No_oil,2048x2048,2048x2048,PASS,PASS,
No_oil/00515.tif,Mask_no_oil/00515.tif,No_oil,2048x2048,2048x2048,PASS,PASS,
No_oil/00516.tif,Mask_no_oil/00516.tif,No_oil,2048x2048,2048x2048,PASS,PASS,
No_oil/00517.tif,Mask_no_oil/00517.tif,No_oil,2048x2048,2048x2048,PASS,PASS,
No_oil/00518.tif,Mask_no_oil/00518.tif,No_oil,2048x2048,2048x2048,PASS,PASS,
No_oil/00519.tif,Mask_no_oil/00519.tif,No_oil,2048x2048,2048x2048,PASS,PASS,
No_oil/00520.tif,Mask_no_oil/00520.tif,No_oil,2048x2048,2048x2048,PASS,PASS,
No_oil/00521.tif,Mask_no_oil/00521.tif,No_oil,2048x2048,2048x2048,PASS,PASS,
No_oil/00522.tif,Mask_no_oil/00522.tif,No_oil,2048x2048,2048x2048,PASS,PASS,
No_oil/00523.tif,Mask_no_oil/00523.tif,No_oil,2048x2048,2048x2048,PASS,PASS,
No_oil/00524.tif,Mask_no_oil/00524.tif,No_oil,2048x2048,2048x2048,PASS,PASS,
No_oil/00525.tif,Mask_no_oil/00525.tif,No_oil,2048x2048,2048x2048,PASS,PASS,
No_oil/00526.tif,Mask_no_oil/00526.tif,No_oil,2048x2048,2048x2048,PASS,PASS,
No_oil/00527.tif,Mask_no_oil/00527.tif,No_oil,2048x2048,2048x2048,PASS,PASS,
No_oil/00528.tif,Mask_no_oil/00528.tif,No_oil,2048x2048,2048x2048,PASS,PASS,
No_oil/00529.tif,Mask_no_oil/00529.tif,No_oil,2048x2048,2048x2048,PASS,PASS,
No_oil/00530.tif,Mask_no_oil/00530.tif,No_oil,2048x2048,2048x2048,PASS,PASS,
No_oil/00531.tif,Mask_no_oil/00531.tif,No_oil,2048x2048,2048x2048,PASS,PASS,
No_oil/00532.tif,Mask_no_oil/00532.tif,No_oil,2048x2048,2048x2048,PASS,PASS,
No_oil/00533.tif,Mask_no_oil/00533.tif,No_oil,2048x2048,2048x2048,PASS,PASS,
No_oil/00534.tif,Mask_no_oil/00534.tif,No_oil,2048x2048,2048x2048,PASS,PASS,
No_oil/00535.tif,Mask_no_oil/00535.tif,No_oil,2048x2048,2048x2048,PASS,PASS,
No_oil/00536.tif,Mask_no_oil/00536.tif,No_oil,2048x2048,2048x2048,PASS,PASS,
No_oil/00537.tif,Mask_no_oil/00537.tif,No_oil,2048x2048,2048x2048,PASS,PASS,
No_oil/00538.tif,Mask_no_oil/00538.tif,No_oil,2048x2048,2048x2048,PASS,PASS,
No_oil/00539.tif,Mask_no_oil/00539.tif,No_oil,2048x2048,2048x2048,PASS,PASS,
No_oil/00540.tif,Mask_no_oil/00540.tif,No_oil,2048x2048,2048x2048,PASS,PASS,
No_oil/00541.tif,Mask_no_oil/00541.tif,No_oil,2048x2048,2048x2048,PASS,PASS,
No_oil/00542.tif,Mask_no_oil/00542.tif,No_oil,2048x2048,2048x2048,PASS,PASS,
No_oil/00543.tif,Mask_no_oil/00543.tif,No_oil,2048x2048,2048x2048,PASS,PASS,
No_oil/00544.tif,Mask_no_oil/00544.tif,No_oil,2048x2048,2048x2048,PASS,PASS,
No_oil/00545.tif,Mask_no_oil/00545.tif,No_oil,2048x2048,2048x2048,PASS,PASS,
No_oil/00546.tif,Mask_no_oil/00546.tif,No_oil,2048x2048,2048x2048,PASS,PASS,
No_oil/00547.tif,Mask_no_oil/00547.tif,No_oil,2048x2048,2048x2048,PASS,PASS,
No_oil/00548.tif,Mask_no_oil/00548.tif,No_oil,2048x2048,2048x2048,PASS,PASS,
No_oil/00549.tif,Mask_no_oil/00549.tif,No_oil,2048x2048,2048x2048,PASS,PASS,
No_oil/00550.tif,Mask_no_oil/00550.tif,No_oil,2048x2048,2048x2048,PASS,PASS,
No_oil/00551.tif,Mask_no_oil/00551.tif,No_oil,2048x2048,2048x2048,PASS,PASS,
No_oil/00552.tif,Mask_no_oil/00552.tif,No_oil,2048x2048,2048x2048,PASS,PASS,
No_oil/00553.tif,Mask_no_oil/00553.tif,No_oil,2048x2048,2048x2048,PASS,PASS,
No_oil/00554.tif,Mask_no_oil/00554.tif,No_oil,2048x2048,2048x2048,PASS,PASS,
No_oil/00555.tif,Mask_no_oil/00555.tif,No_oil,2048x2048,2048x2048,PASS,PASS,
No_oil/00556.tif,Mask_no_oil/00556.tif,No_oil,2048x2048,2048x2048,PASS,PASS,
No_oil/00557.tif,Mask_no_oil/00557.tif,No_oil,2048x2048,2048x2048,PASS,PASS,
No_oil/00558.tif,Mask_no_oil/00558.tif,No_oil,2048x2048,2048x2048,PASS,PASS,
No_oil/00559.tif,Mask_no_oil/00559.tif,No_oil,2048x2048,2048x2048,PASS,PASS,
No_oil/00560.tif,Mask_no_oil/00560.tif,No_oil,2048x2048,2048x2048,PASS,PASS,
No_oil/00561.tif,Mask_no_oil/00561.tif,No_oil,2048x2048,2048x2048,PASS,PASS,
No_oil/00562.tif,Mask_no_oil/00562.tif,No_oil,2048x2048,2048x2048,PASS,PASS,
No_oil/00563.tif,Mask_no_oil/00563.tif,No_oil,2048x2048,2048x2048,PASS,PASS,
No_oil/00564.tif,Mask_no_oil/00564.tif,No_oil,2048x2048,2048x2048,PASS,PASS,
No_oil/00565.tif,Mask_no_oil/00565.tif,No_oil,2048x2048,2048x2048,PASS,PASS,
No_oil/00566.tif,Mask_no_oil/00566.tif,No_oil,2048x2048,2048x2048,PASS,PASS,
No_oil/00567.tif,Mask_no_oil/00567.tif,No_oil,2048x2048,2048x2048,PASS,PASS,
No_oil/00568.tif,Mask_no_oil/00568.tif,No_oil,2048x2048,2048x2048,PASS,PASS,
No_oil/00569.tif,Mask_no_oil/00569.tif,No_oil,2048x2048,2048x2048,PASS,PASS,
No_oil/00570.tif,Mask_no_oil/00570.tif,No_oil,2048x2048,2048x2048,PASS,PASS,
No_oil/00571.tif,Mask_no_oil/00571.tif,No_oil,2048x2048,2048x2048,PASS,PASS,
No_oil/00572.tif,Mask_no_oil/00572.tif,No_oil,2048x2048,2048x2048,PASS,PASS,
No_oil/00573.tif,Mask_no_oil/00573.tif,No_oil,2048x2048,2048x2048,PASS,PASS,
No_oil/00574.tif,Mask_no_oil/00574.tif,No_oil,2048x2048,2048x2048,PASS,PASS,
No_oil/00575.tif,Mask_no_oil/00575.tif,No_oil,2048x2048,2048x2048,PASS,PASS,
No_oil/00576.tif,Mask_no_oil/00576.tif,No_oil,2048x2048,2048x2048,PASS,PASS,
No_oil/00577.tif,Mask_no_oil/00577.tif,No_oil,2048x2048,2048x2048,PASS,PASS,
No_oil/00578.tif,Mask_no_oil/00578.tif,No_oil,2048x2048,2048x2048,PASS,PASS,
No_oil/00579.tif,Mask_no_oil/00579.tif,No_oil,2048x2048,2048x2048,PASS,PASS,
No_oil/00580.tif,Mask_no_oil/00580.tif,No_oil,2048x2048,2048x2048,PASS,PASS,
No_oil/00581.tif,Mask_no_oil/00581.tif,No_oil,2048x2048,2048x2048,PASS,PASS,
No_oil/00582.tif,Mask_no_oil/00582.tif,No_oil,2048x2048,2048x2048,PASS,PASS,
No_oil/00583.tif,Mask_no_oil/00583.tif,No_oil,2048x2048,2048x2048,PASS,PASS,
No_oil/00584.tif,Mask_no_oil/00584.tif,No_oil,2048x2048,2048x2048,PASS,PASS,
No_oil/00585.tif,Mask_no_oil/00585.tif,No_oil,2048x2048,2048x2048,PASS,PASS,
No_oil/00586.tif,Mask_no_oil/00586.tif,No_oil,2048x2048,2048x2048,PASS,PASS,
No_oil/00587.tif,Mask_no_oil/00587.tif,No_oil,2048x2048,2048x2048,PASS,PASS,
No_oil/00588.tif,Mask_no_oil/00588.tif,No_oil,2048x2048,2048x2048,PASS,PASS,
No_oil/00589.tif,Mask_no_oil/00589.tif,No_oil,2048x2048,2048x2048,PASS,PASS,
No_oil/00590.tif,Mask_no_oil/00590.tif,No_oil,2048x2048,2048x2048,PASS,PASS,
No_oil/00591.tif,Mask_no_oil/00591.tif,No_oil,2048x2048,2048x2048,PASS,PASS,
No_oil/00592.tif,Mask_no_oil/00592.tif,No_oil,2048x2048,2048x2048,PASS,PASS,
No_oil/00593.tif,Mask_no_oil/00593.tif,No_oil,2048x2048,2048x2048,PASS,PASS,
No_oil/00594.tif,Mask_no_oil/00594.tif,No_oil,2048x2048,2048x2048,PASS,PASS,
No_oil/00595.tif,Mask_no_oil/00595.tif,No_oil,2048x2048,2048x2048,PASS,PASS,
No_oil/00596.tif,Mask_no_oil/00596.tif,No_oil,2048x2048,2048x2048,PASS,PASS,
No_oil/00597.tif,Mask_no_oil/00597.tif,No_oil,2048x2048,2048x2048,PASS,PASS,
No_oil/00598.tif,Mask_no_oil/00598.tif,No_oil,2048x2048,2048x2048,PASS,PASS,
No_oil/00599.tif,Mask_no_oil/00599.tif,No_oil,2048x2048,2048x2048,PASS,PASS,
No_oil/00600.tif,Mask_no_oil/00600.tif,No_oil,2048x2048,2048x2048,PASS,PASS,
No_oil/00601.tif,Mask_no_oil/00601.tif,No_oil,2048x2048,2048x2048,PASS,PASS,
No_oil/00602.tif,Mask_no_oil/00602.tif,No_oil,2048x2048,2048x2048,PASS,PASS,
No_oil/00603.tif,Mask_no_oil/00603.tif,No_oil,2048x2048,2048x2048,PASS,PASS,
No_oil/00604.tif,Mask_no_oil/00604.tif,No_oil,2048x2048,2048x2048,PASS,PASS,
No_oil/00605.tif,Mask_no_oil/00605.tif,No_oil,2048x2048,2048x2048,PASS,PASS,
No_oil/00606.tif,Mask_no_oil/00606.tif,No_oil,2048x2048,2048x2048,PASS,PASS,
No_oil/00607.tif,Mask_no_oil/00607.tif,No_oil,2048x2048,2048x2048,PASS,PASS,
No_oil/00608.tif,Mask_no_oil/00608.tif,No_oil,2048x2048,2048x2048,PASS,PASS,
No_oil/00609.tif,Mask_no_oil/00609.tif,No_oil,2048x2048,2048x2048,PASS,PASS,
No_oil/00610.tif,Mask_no_oil/00610.tif,No_oil,2048x2048,2048x2048,PASS,PASS,
No_oil/00611.tif,Mask_no_oil/00611.tif,No_oil,2048x2048,2048x2048,PASS,PASS,
No_oil/00612.tif,Mask_no_oil/00612.tif,No_oil,2048x2048,2048x2048,PASS,PASS,
No_oil/00613.tif,Mask_no_oil/00613.tif,No_oil,2048x2048,2048x2048,PASS,PASS,
No_oil/00614.tif,Mask_no_oil/00614.tif,No_oil,2048x2048,2048x2048,PASS,PASS,
No_oil/00615.tif,Mask_no_oil/00615.tif,No_oil,2048x2048,2048x2048,PASS,PASS,
No_oil/00616.tif,Mask_no_oil/00616.tif,No_oil,2048x2048,2048x2048,PASS,PASS,
No_oil/00617.tif,Mask_no_oil/00617.tif,No_oil,2048x2048,2048x2048,PASS,PASS,
No_oil/00618.tif,Mask_no_oil/00618.tif,No_oil,2048x2048,2048x2048,PASS,PASS,
No_oil/00619.tif,Mask_no_oil/00619.tif,No_oil,2048x2048,2048x2048,PASS,PASS,
No_oil/00620.tif,Mask_no_oil/00620.tif,No_oil,2048x2048,2048x2048,PASS,PASS,
No_oil/00621.tif,Mask_no_oil/00621.tif,No_oil,2048x2048,2048x2048,PASS,PASS,
No_oil/00622.tif,Mask_no_oil/00622.tif,No_oil,2048x2048,2048x2048,PASS,PASS,
No_oil/00623.tif,Mask_no_oil/00623.tif,No_oil,2048x2048,2048x2048,PASS,PASS,
No_oil/00624.tif,Mask_no_oil/00624.tif,No_oil,2048x2048,2048x2048,PASS,PASS,
No_oil/00625.tif,Mask_no_oil/00625.tif,No_oil,2048x2048,2048x2048,PASS,PASS,
No_oil/00626.tif,Mask_no_oil/00626.tif,No_oil,2048x2048,2048x2048,PASS,PASS,
No_oil/00627.tif,Mask_no_oil/00627.tif,No_oil,2048x2048,2048x2048,PASS,PASS,
No_oil/00628.tif,Mask_no_oil/00628.tif,No_oil,2048x2048,2048x2048,PASS,PASS,
No_oil/00629.tif,Mask_no_oil/00629.tif,No_oil,2048x2048,2048x2048,PASS,PASS,
No_oil/00630.tif,Mask_no_oil/00630.tif,No_oil,2048x2048,2048x2048,PASS,PASS,
No_oil/00631.tif,Mask_no_oil/00631.tif,No_oil,2048x2048,2048x2048,PASS,PASS,
No_oil/00632.tif,Mask_no_oil/00632.tif,No_oil,2048x2048,2048x2048,PASS,PASS,
No_oil/00633.tif,Mask_no_oil/00633.tif,No_oil,2048x2048,2048x2048,PASS,PASS,
No_oil/00634.tif,Mask_no_oil/00634.tif,No_oil,2048x2048,2048x2048,PASS,PASS,
No_oil/00635.tif,Mask_no_oil/00635.tif,No_oil,2048x2048,2048x2048,PASS,PASS,
No_oil/00636.tif,Mask_no_oil/00636.tif,No_oil,2048x2048,2048x2048,PASS,PASS,
No_oil/00637.tif,Mask_no_oil/00637.tif,No_oil,2048x2048,2048x2048,PASS,PASS,
No_oil/00638.tif,Mask_no_oil/00638.tif,No_oil,2048x2048,2048x2048,PASS,PASS,
No_oil/00639.tif,Mask_no_oil/00639.tif,No_oil,2048x2048,2048x2048,PASS,PASS,
No_oil/00640.tif,Mask_no_oil/00640.tif,No_oil,2048x2048,2048x2048,PASS,PASS,
No_oil/00641.tif,Mask_no_oil/00641.tif,No_oil,2048x2048,2048x2048,PASS,PASS,
No_oil/00642.tif,Mask_no_oil/00642.tif,No_oil,2048x2048,2048x2048,PASS,PASS,
No_oil/00643.tif,Mask_no_oil/00643.tif,No_oil,2048x2048,2048x2048,PASS,PASS,
No_oil/00644.tif,Mask_no_oil/00644.tif,No_oil,2048x2048,2048x2048,PASS,PASS,
No_oil/00645.tif,Mask_no_oil/00645.tif,No_oil,2048x2048,2048x2048,PASS,PASS,
No_oil/00646.tif,Mask_no_oil/00646.tif,No_oil,2048x2048,2048x2048,PASS,PASS,
No_oil/00647.tif,Mask_no_oil/00647.tif,No_oil,2048x2048,2048x2048,PASS,PASS,
No_oil/00648.tif,Mask_no_oil/00648.tif,No_oil,2048x2048,2048x2048,PASS,PASS,
No_oil/00649.tif,Mask_no_oil/00649.tif,No_oil,2048x2048,2048x2048,PASS,PASS,
No_oil/00650.tif,Mask_no_oil/00650.tif,No_oil,2048x2048,2048x2048,PASS,PASS,
No_oil/00651.tif,Mask_no_oil/00651.tif,No_oil,2048x2048,2048x2048,PASS,PASS,
No_oil/00652.tif,Mask_no_oil/00652.tif,No_oil,2048x2048,2048x2048,PASS,PASS,
No_oil/00653.tif,Mask_no_oil/00653.tif,No_oil,2048x2048,2048x2048,PASS,PASS,
No_oil/00654.tif,Mask_no_oil/00654.tif,No_oil,2048x2048,2048x2048,PASS,PASS,
No_oil/00655.tif,Mask_no_oil/00655.tif,No_oil,2048x2048,2048x2048,PASS,PASS,
No_oil/00656.tif,Mask_no_oil/00656.tif,No_oil,2048x2048,2048x2048,PASS,PASS,
No_oil/00657.tif,Mask_no_oil/00657.tif,No_oil,2048x2048,2048x2048,PASS,PASS,
No_oil/00658.tif,Mask_no_oil/00658.tif,No_oil,2048x2048,2048x2048,PASS,PASS,
No_oil/00659.tif,Mask_no_oil/00659.tif,No_oil,2048x2048,2048x2048,PASS,PASS,
No_oil/00660.tif,Mask_no_oil/00660.tif,No_oil,2048x2048,2048x2048,PASS,PASS,
No_oil/00661.tif,Mask_no_oil/00661.tif,No_oil,2048x2048,2048x2048,PASS,PASS,
No_oil/00662.tif,Mask_no_oil/00662.tif,No_oil,2048x2048,2048x2048,PASS,PASS,
No_oil/00663.tif,Mask_no_oil/00663.tif,No_oil,2048x2048,2048x2048,PASS,PASS,
No_oil/00664.tif,Mask_no_oil/00664.tif,No_oil,2048x2048,2048x2048,PASS,PASS,
No_oil/00665.tif,Mask_no_oil/00665.tif,No_oil,2048x2048,2048x2048,PASS,PASS,
No_oil/00666.tif,Mask_no_oil/00666.tif,No_oil,2048x2048,2048x2048,PASS,PASS,
No_oil/00667.tif,Mask_no_oil/00667.tif,No_oil,2048x2048,2048x2048,PASS,PASS,
No_oil/00668.tif,Mask_no_oil/00668.tif,No_oil,2048x2048,2048x2048,PASS,PASS,
No_oil/00669.tif,Mask_no_oil/00669.tif,No_oil,2048x2048,2048x2048,PASS,PASS,
No_oil/00670.tif,Mask_no_oil/00670.tif,No_oil,2048x2048,2048x2048,PASS,PASS,
No_oil/00671.tif,Mask_no_oil/00671.tif,No_oil,2048x2048,2048x2048,PASS,PASS,
No_oil/00672.tif,Mask_no_oil/00672.tif,No_oil,2048x2048,2048x2048,PASS,PASS,
No_oil/00673.tif,Mask_no_oil/00673.tif,No_oil,2048x2048,2048x2048,PASS,PASS,
No_oil/00674.tif,Mask_no_oil/00674.tif,No_oil,2048x2048,2048x2048,PASS,PASS,
No_oil/00675.tif,Mask_no_oil/00675.tif,No_oil,2048x2048,2048x2048,PASS,PASS,
No_oil/00676.tif,Mask_no_oil/00676.tif,No_oil,2048x2048,2048x2048,PASS,PASS,
No_oil/00677.tif,Mask_no_oil/00677.tif,No_oil,2048x2048,2048x2048,PASS,PASS,
No_oil/00678.tif,Mask_no_oil/00678.tif,No_oil,2048x2048,2048x2048,PASS,PASS,
No_oil/00679.tif,Mask_no_oil/00679.tif,No_oil,2048x2048,2048x2048,PASS,PASS,
No_oil/00680.tif,Mask_no_oil/00680.tif,No_oil,2048x2048,2048x2048,PASS,PASS,
No_oil/00681.tif,Mask_no_oil/00681.tif,No_oil,2048x2048,2048x2048,PASS,PASS,
No_oil/00682.tif,Mask_no_oil/00682.tif,No_oil,2048x2048,2048x2048,PASS,PASS,
No_oil/00683.tif,Mask_no_oil/00683.tif,No_oil,2048x2048,2048x2048,PASS,PASS,
No_oil/00684.tif,Mask_no_oil/00684.tif,No_oil,2048x2048,2048x2048,PASS,PASS,
,,No_oil,,,,,"nested Mask/No oil: 150 files (*_segmentation.tif), not filename-matched to flat image IDs (separate subset); examples: ['00000_segmentation.tif', '00001_segmentation.tif', '00002_segmentation.tif']"
Lookalike/00000.tif,Mask_lookalike/00000.tif,Lookalike,2048x2048,2048x2048,PASS,PASS,
Lookalike/00001.tif,Mask_lookalike/00001.tif,Lookalike,2048x2048,2048x2048,PASS,PASS,
Lookalike/00002.tif,Mask_lookalike/00002.tif,Lookalike,2048x2048,2048x2048,PASS,PASS,
Lookalike/00003.tif,Mask_lookalike/00003.tif,Lookalike,2048x2048,2048x2048,PASS,PASS,
Lookalike/00004.tif,Mask_lookalike/00004.tif,Lookalike,2048x2048,2048x2048,PASS,PASS,
Lookalike/00005.tif,Mask_lookalike/00005.tif,Lookalike,2048x2048,2048x2048,PASS,PASS,
Lookalike/00006.tif,Mask_lookalike/00006.tif,Lookalike,2048x2048,2048x2048,PASS,PASS,
Lookalike/00007.tif,Mask_lookalike/00007.tif,Lookalike,2048x2048,2048x2048,PASS,PASS,
Lookalike/00008.tif,Mask_lookalike/00008.tif,Lookalike,2048x2048,2048x2048,PASS,PASS,
Lookalike/00009.tif,Mask_lookalike/00009.tif,Lookalike,2048x2048,2048x2048,PASS,PASS,
Lookalike/00010.tif,Mask_lookalike/00010.tif,Lookalike,2048x2048,2048x2048,PASS,PASS,
Lookalike/00011.tif,Mask_lookalike/00011.tif,Lookalike,2048x2048,2048x2048,PASS,PASS,
Lookalike/00012.tif,Mask_lookalike/00012.tif,Lookalike,2048x2048,2048x2048,PASS,PASS,
Lookalike/00013.tif,Mask_lookalike/00013.tif,Lookalike,2048x2048,2048x2048,PASS,PASS,
Lookalike/00014.tif,Mask_lookalike/00014.tif,Lookalike,2048x2048,2048x2048,PASS,PASS,
Lookalike/00015.tif,Mask_lookalike/00015.tif,Lookalike,2048x2048,2048x2048,PASS,PASS,
Lookalike/00016.tif,Mask_lookalike/00016.tif,Lookalike,2048x2048,2048x2048,PASS,PASS,
Lookalike/00017.tif,Mask_lookalike/00017.tif,Lookalike,2048x2048,2048x2048,PASS,PASS,
Lookalike/00018.tif,Mask_lookalike/00018.tif,Lookalike,2048x2048,2048x2048,PASS,PASS,
Lookalike/00019.tif,Mask_lookalike/00019.tif,Lookalike,2048x2048,2048x2048,PASS,PASS,
Lookalike/00020.tif,Mask_lookalike/00020.tif,Lookalike,2048x2048,2048x2048,PASS,PASS,
Lookalike/00021.tif,Mask_lookalike/00021.tif,Lookalike,2048x2048,2048x2048,PASS,PASS,
Lookalike/00022.tif,Mask_lookalike/00022.tif,Lookalike,2048x2048,2048x2048,PASS,PASS,
Lookalike/00023.tif,Mask_lookalike/00023.tif,Lookalike,2048x2048,2048x2048,PASS,PASS,
Lookalike/00024.tif,Mask_lookalike/00024.tif,Lookalike,2048x2048,2048x2048,PASS,PASS,
Lookalike/00025.tif,Mask_lookalike/00025.tif,Lookalike,2048x2048,2048x2048,PASS,PASS,
Lookalike/00026.tif,Mask_lookalike/00026.tif,Lookalike,2048x2048,2048x2048,PASS,PASS,
Lookalike/00027.tif,Mask_lookalike/00027.tif,Lookalike,2048x2048,2048x2048,PASS,PASS,
Lookalike/00028.tif,Mask_lookalike/00028.tif,Lookalike,2048x2048,2048x2048,PASS,PASS,
Lookalike/00029.tif,Mask_lookalike/00029.tif,Lookalike,2048x2048,2048x2048,PASS,PASS,
Lookalike/00030.tif,Mask_lookalike/00030.tif,Lookalike,2048x2048,2048x2048,PASS,PASS,
Lookalike/00031.tif,Mask_lookalike/00031.tif,Lookalike,2048x2048,2048x2048,PASS,PASS,
Lookalike/00032.tif,Mask_lookalike/00032.tif,Lookalike,2048x2048,2048x2048,PASS,PASS,
Lookalike/00033.tif,Mask_lookalike/00033.tif,Lookalike,2048x2048,2048x2048,PASS,PASS,
Lookalike/00034.tif,Mask_lookalike/00034.tif,Lookalike,2048x2048,2048x2048,PASS,PASS,
Lookalike/00035.tif,Mask_lookalike/00035.tif,Lookalike,2048x2048,2048x2048,PASS,PASS,
Lookalike/00036.tif,Mask_lookalike/00036.tif,Lookalike,2048x2048,2048x2048,PASS,PASS,
Lookalike/00037.tif,Mask_lookalike/00037.tif,Lookalike,2048x2048,2048x2048,PASS,PASS,
Lookalike/00038.tif,Mask_lookalike/00038.tif,Lookalike,2048x2048,2048x2048,PASS,PASS,
Lookalike/00039.tif,Mask_lookalike/00039.tif,Lookalike,2048x2048,2048x2048,PASS,PASS,
Lookalike/00040.tif,Mask_lookalike/00040.tif,Lookalike,2048x2048,2048x2048,PASS,PASS,
Lookalike/00041.tif,Mask_lookalike/00041.tif,Lookalike,2048x2048,2048x2048,PASS,PASS,
Lookalike/00042.tif,Mask_lookalike/00042.tif,Lookalike,2048x2048,2048x2048,PASS,PASS,
Lookalike/00043.tif,Mask_lookalike/00043.tif,Lookalike,2048x2048,2048x2048,PASS,PASS,
Lookalike/00044.tif,Mask_lookalike/00044.tif,Lookalike,2048x2048,2048x2048,PASS,PASS,
Lookalike/00045.tif,Mask_lookalike/00045.tif,Lookalike,2048x2048,2048x2048,PASS,PASS,
Lookalike/00046.tif,Mask_lookalike/00046.tif,Lookalike,2048x2048,2048x2048,PASS,PASS,
Lookalike/00047.tif,Mask_lookalike/00047.tif,Lookalike,2048x2048,2048x2048,PASS,PASS,
Lookalike/00048.tif,Mask_lookalike/00048.tif,Lookalike,2048x2048,2048x2048,PASS,PASS,
Lookalike/00049.tif,Mask_lookalike/00049.tif,Lookalike,2048x2048,2048x2048,PASS,PASS,
Lookalike/00050.tif,Mask_lookalike/00050.tif,Lookalike,2048x2048,2048x2048,PASS,PASS,
Lookalike/00051.tif,Mask_lookalike/00051.tif,Lookalike,2048x2048,2048x2048,PASS,PASS,
Lookalike/00052.tif,Mask_lookalike/00052.tif,Lookalike,2048x2048,2048x2048,PASS,PASS,
Lookalike/00053.tif,Mask_lookalike/00053.tif,Lookalike,2048x2048,2048x2048,PASS,PASS,
Lookalike/00054.tif,Mask_lookalike/00054.tif,Lookalike,2048x2048,2048x2048,PASS,PASS,
Lookalike/00055.tif,Mask_lookalike/00055.tif,Lookalike,2048x2048,2048x2048,PASS,PASS,
Lookalike/00056.tif,Mask_lookalike/00056.tif,Lookalike,2048x2048,2048x2048,PASS,PASS,
Lookalike/00057.tif,Mask_lookalike/00057.tif,Lookalike,2048x2048,2048x2048,PASS,PASS,
Lookalike/00058.tif,Mask_lookalike/00058.tif,Lookalike,2048x2048,2048x2048,PASS,PASS,
Lookalike/00059.tif,Mask_lookalike/00059.tif,Lookalike,2048x2048,2048x2048,PASS,PASS,
Lookalike/00060.tif,Mask_lookalike/00060.tif,Lookalike,2048x2048,2048x2048,PASS,PASS,
Lookalike/00061.tif,Mask_lookalike/00061.tif,Lookalike,2048x2048,2048x2048,PASS,PASS,
Lookalike/00062.tif,Mask_lookalike/00062.tif,Lookalike,2048x2048,2048x2048,PASS,PASS,
Lookalike/00063.tif,Mask_lookalike/00063.tif,Lookalike,2048x2048,2048x2048,PASS,PASS,
Lookalike/00064.tif,Mask_lookalike/00064.tif,Lookalike,2048x2048,2048x2048,PASS,PASS,
Lookalike/00065.tif,Mask_lookalike/00065.tif,Lookalike,2048x2048,2048x2048,PASS,PASS,
Lookalike/00066.tif,Mask_lookalike/00066.tif,Lookalike,2048x2048,2048x2048,PASS,PASS,
Lookalike/00067.tif,Mask_lookalike/00067.tif,Lookalike,2048x2048,2048x2048,PASS,PASS,
Lookalike/00068.tif,Mask_lookalike/00068.tif,Lookalike,2048x2048,2048x2048,PASS,PASS,
Lookalike/00069.tif,Mask_lookalike/00069.tif,Lookalike,2048x2048,2048x2048,PASS,PASS,
Lookalike/00070.tif,Mask_lookalike/00070.tif,Lookalike,2048x2048,2048x2048,PASS,PASS,
Lookalike/00071.tif,Mask_lookalike/00071.tif,Lookalike,2048x2048,2048x2048,PASS,PASS,
Lookalike/00072.tif,Mask_lookalike/00072.tif,Lookalike,2048x2048,2048x2048,PASS,PASS,
Lookalike/00073.tif,Mask_lookalike/00073.tif,Lookalike,2048x2048,2048x2048,PASS,PASS,
Lookalike/00074.tif,Mask_lookalike/00074.tif,Lookalike,2048x2048,2048x2048,PASS,PASS,
Lookalike/00075.tif,Mask_lookalike/00075.tif,Lookalike,2048x2048,2048x2048,PASS,PASS,
Lookalike/00076.tif,Mask_lookalike/00076.tif,Lookalike,2048x2048,2048x2048,PASS,PASS,
Lookalike/00077.tif,Mask_lookalike/00077.tif,Lookalike,2048x2048,2048x2048,PASS,PASS,
Lookalike/00078.tif,Mask_lookalike/00078.tif,Lookalike,2048x2048,2048x2048,PASS,PASS,
Lookalike/00079.tif,Mask_lookalike/00079.tif,Lookalike,2048x2048,2048x2048,PASS,PASS,
Lookalike/00080.tif,Mask_lookalike/00080.tif,Lookalike,2048x2048,2048x2048,PASS,PASS,
Lookalike/00081.tif,Mask_lookalike/00081.tif,Lookalike,2048x2048,2048x2048,PASS,PASS,
Lookalike/00082.tif,Mask_lookalike/00082.tif,Lookalike,2048x2048,2048x2048,PASS,PASS,
Lookalike/00083.tif,Mask_lookalike/00083.tif,Lookalike,2048x2048,2048x2048,PASS,PASS,
Lookalike/00084.tif,Mask_lookalike/00084.tif,Lookalike,2048x2048,2048x2048,PASS,PASS,
Lookalike/00085.tif,Mask_lookalike/00085.tif,Lookalike,2048x2048,2048x2048,PASS,PASS,
Lookalike/00086.tif,Mask_lookalike/00086.tif,Lookalike,2048x2048,2048x2048,PASS,PASS,
Lookalike/00087.tif,Mask_lookalike/00087.tif,Lookalike,2048x2048,2048x2048,PASS,PASS,
Lookalike/00088.tif,Mask_lookalike/00088.tif,Lookalike,2048x2048,2048x2048,PASS,PASS,
Lookalike/00089.tif,Mask_lookalike/00089.tif,Lookalike,2048x2048,2048x2048,PASS,PASS,
Lookalike/00090.tif,Mask_lookalike/00090.tif,Lookalike,2048x2048,2048x2048,PASS,PASS,
Lookalike/00091.tif,Mask_lookalike/00091.tif,Lookalike,2048x2048,2048x2048,PASS,PASS,
Lookalike/00092.tif,Mask_lookalike/00092.tif,Lookalike,2048x2048,2048x2048,PASS,PASS,
Lookalike/00093.tif,Mask_lookalike/00093.tif,Lookalike,2048x2048,2048x2048,PASS,PASS,
Lookalike/00094.tif,Mask_lookalike/00094.tif,Lookalike,2048x2048,2048x2048,PASS,PASS,
Lookalike/00095.tif,Mask_lookalike/00095.tif,Lookalike,2048x2048,2048x2048,PASS,PASS,
Lookalike/00096.tif,Mask_lookalike/00096.tif,Lookalike,2048x2048,2048x2048,PASS,PASS,
Lookalike/00097.tif,Mask_lookalike/00097.tif,Lookalike,2048x2048,2048x2048,PASS,PASS,
Lookalike/00098.tif,Mask_lookalike/00098.tif,Lookalike,2048x2048,2048x2048,PASS,PASS,
Lookalike/00099.tif,Mask_lookalike/00099.tif,Lookalike,2048x2048,2048x2048,PASS,PASS,
Lookalike/00100.tif,Mask_lookalike/00100.tif,Lookalike,2048x2048,2048x2048,PASS,PASS,
Lookalike/00101.tif,Mask_lookalike/00101.tif,Lookalike,2048x2048,2048x2048,PASS,PASS,
Lookalike/00102.tif,Mask_lookalike/00102.tif,Lookalike,2048x2048,2048x2048,PASS,PASS,
Lookalike/00103.tif,Mask_lookalike/00103.tif,Lookalike,2048x2048,2048x2048,PASS,PASS,
Lookalike/00104.tif,Mask_lookalike/00104.tif,Lookalike,2048x2048,2048x2048,PASS,PASS,
Lookalike/00105.tif,Mask_lookalike/00105.tif,Lookalike,2048x2048,2048x2048,PASS,PASS,
Lookalike/00106.tif,Mask_lookalike/00106.tif,Lookalike,2048x2048,2048x2048,PASS,PASS,
Lookalike/00107.tif,Mask_lookalike/00107.tif,Lookalike,2048x2048,2048x2048,PASS,PASS,
Lookalike/00108.tif,Mask_lookalike/00108.tif,Lookalike,2048x2048,2048x2048,PASS,PASS,
Lookalike/00109.tif,Mask_lookalike/00109.tif,Lookalike,2048x2048,2048x2048,PASS,PASS,
Lookalike/00110.tif,Mask_lookalike/00110.tif,Lookalike,2048x2048,2048x2048,PASS,PASS,
Lookalike/00111.tif,Mask_lookalike/00111.tif,Lookalike,2048x2048,2048x2048,PASS,PASS,
Lookalike/00112.tif,Mask_lookalike/00112.tif,Lookalike,2048x2048,2048x2048,PASS,PASS,
Lookalike/00113.tif,Mask_lookalike/00113.tif,Lookalike,2048x2048,2048x2048,PASS,PASS,
Lookalike/00114.tif,Mask_lookalike/00114.tif,Lookalike,2048x2048,2048x2048,PASS,PASS,
Lookalike/00115.tif,Mask_lookalike/00115.tif,Lookalike,2048x2048,2048x2048,PASS,PASS,
Lookalike/00116.tif,Mask_lookalike/00116.tif,Lookalike,2048x2048,2048x2048,PASS,PASS,
Lookalike/00117.tif,Mask_lookalike/00117.tif,Lookalike,2048x2048,2048x2048,PASS,PASS,
Lookalike/00118.tif,Mask_lookalike/00118.tif,Lookalike,2048x2048,2048x2048,PASS,PASS,
Lookalike/00119.tif,Mask_lookalike/00119.tif,Lookalike,2048x2048,2048x2048,PASS,PASS,
Lookalike/00120.tif,Mask_lookalike/00120.tif,Lookalike,2048x2048,2048x2048,PASS,PASS,
Lookalike/00121.tif,Mask_lookalike/00121.tif,Lookalike,2048x2048,2048x2048,PASS,PASS,
Lookalike/00122.tif,Mask_lookalike/00122.tif,Lookalike,2048x2048,2048x2048,PASS,PASS,
Lookalike/00123.tif,Mask_lookalike/00123.tif,Lookalike,2048x2048,2048x2048,PASS,PASS,
Lookalike/00124.tif,Mask_lookalike/00124.tif,Lookalike,2048x2048,2048x2048,PASS,PASS,
Lookalike/00125.tif,Mask_lookalike/00125.tif,Lookalike,2048x2048,2048x2048,PASS,PASS,
Lookalike/00126.tif,Mask_lookalike/00126.tif,Lookalike,2048x2048,2048x2048,PASS,PASS,
Lookalike/00127.tif,Mask_lookalike/00127.tif,Lookalike,2048x2048,2048x2048,PASS,PASS,
Lookalike/00128.tif,Mask_lookalike/00128.tif,Lookalike,2048x2048,2048x2048,PASS,PASS,
Lookalike/00129.tif,Mask_lookalike/00129.tif,Lookalike,2048x2048,2048x2048,PASS,PASS,
Lookalike/00130.tif,Mask_lookalike/00130.tif,Lookalike,2048x2048,2048x2048,PASS,PASS,
Lookalike/00131.tif,Mask_lookalike/00131.tif,Lookalike,2048x2048,2048x2048,PASS,PASS,
Lookalike/00132.tif,Mask_lookalike/00132.tif,Lookalike,2048x2048,2048x2048,PASS,PASS,
Lookalike/00133.tif,Mask_lookalike/00133.tif,Lookalike,2048x2048,2048x2048,PASS,PASS,
Lookalike/00134.tif,Mask_lookalike/00134.tif,Lookalike,2048x2048,2048x2048,PASS,PASS,
Lookalike/00135.tif,Mask_lookalike/00135.tif,Lookalike,2048x2048,2048x2048,PASS,PASS,
Lookalike/00136.tif,Mask_lookalike/00136.tif,Lookalike,2048x2048,2048x2048,PASS,PASS,
Lookalike/00137.tif,Mask_lookalike/00137.tif,Lookalike,2048x2048,2048x2048,PASS,PASS,
Lookalike/00138.tif,Mask_lookalike/00138.tif,Lookalike,2048x2048,2048x2048,PASS,PASS,
Lookalike/00139.tif,Mask_lookalike/00139.tif,Lookalike,2048x2048,2048x2048,PASS,PASS,
Lookalike/00140.tif,Mask_lookalike/00140.tif,Lookalike,2048x2148,2048x2148,PASS,PASS,
Lookalike/00141.tif,Mask_lookalike/00141.tif,Lookalike,2048x2048,2048x2048,PASS,PASS,
Lookalike/00142.tif,Mask_lookalike/00142.tif,Lookalike,2048x2048,2048x2048,PASS,PASS,
Lookalike/00143.tif,Mask_lookalike/00143.tif,Lookalike,2048x2048,2048x2048,PASS,PASS,
Lookalike/00144.tif,Mask_lookalike/00144.tif,Lookalike,2048x2048,2048x2048,PASS,PASS,
Lookalike/00145.tif,Mask_lookalike/00145.tif,Lookalike,2048x2048,2048x2048,PASS,PASS,
Lookalike/00146.tif,Mask_lookalike/00146.tif,Lookalike,2048x2048,2048x2048,PASS,PASS,
Lookalike/00147.tif,Mask_lookalike/00147.tif,Lookalike,2048x2048,2048x2048,PASS,PASS,
Lookalike/00148.tif,Mask_lookalike/00148.tif,Lookalike,2048x2048,2048x2048,PASS,PASS,
Lookalike/00149.tif,Mask_lookalike/00149.tif,Lookalike,2048x2048,2048x2048,PASS,PASS,
Lookalike/00150.tif,Mask_lookalike/00150.tif,Lookalike,2048x2048,2048x2048,PASS,PASS,
Lookalike/00151.tif,Mask_lookalike/00151.tif,Lookalike,2048x2048,2048x2048,PASS,PASS,
Lookalike/00152.tif,Mask_lookalike/00152.tif,Lookalike,2048x2048,2048x2048,PASS,PASS,
Lookalike/00153.tif,Mask_lookalike/00153.tif,Lookalike,2048x2048,2048x2048,PASS,PASS,
Lookalike/00154.tif,Mask_lookalike/00154.tif,Lookalike,2048x2048,2048x2048,PASS,PASS,
Lookalike/00155.tif,Mask_lookalike/00155.tif,Lookalike,2048x2048,2048x2048,PASS,PASS,
Lookalike/00156.tif,Mask_lookalike/00156.tif,Lookalike,2048x2048,2048x2048,PASS,PASS,
Lookalike/00157.tif,Mask_lookalike/00157.tif,Lookalike,2048x2048,2048x2048,PASS,PASS,
Lookalike/00158.tif,Mask_lookalike/00158.tif,Lookalike,2048x2048,2048x2048,PASS,PASS,
Lookalike/00159.tif,Mask_lookalike/00159.tif,Lookalike,2048x2048,2048x2048,PASS,PASS,
Lookalike/00160.tif,Mask_lookalike/00160.tif,Lookalike,2048x2048,2048x2048,PASS,PASS,
Lookalike/00161.tif,Mask_lookalike/00161.tif,Lookalike,2048x2048,2048x2048,PASS,PASS,
Lookalike/00162.tif,Mask_lookalike/00162.tif,Lookalike,2048x2048,2048x2048,PASS,PASS,
Lookalike/00163.tif,Mask_lookalike/00163.tif,Lookalike,2048x2048,2048x2048,PASS,PASS,
Lookalike/00164.tif,Mask_lookalike/00164.tif,Lookalike,2048x2048,2048x2048,PASS,PASS,
Lookalike/00165.tif,Mask_lookalike/00165.tif,Lookalike,2048x2048,2048x2048,PASS,PASS,
Lookalike/00166.tif,Mask_lookalike/00166.tif,Lookalike,2049x2048,2049x2048,PASS,PASS,
Lookalike/00167.tif,Mask_lookalike/00167.tif,Lookalike,2048x2048,2048x2048,PASS,PASS,
Lookalike/00168.tif,Mask_lookalike/00168.tif,Lookalike,2048x2048,2048x2048,PASS,PASS,
Lookalike/00169.tif,Mask_lookalike/00169.tif,Lookalike,2048x2048,2048x2048,PASS,PASS,
Lookalike/00170.tif,Mask_lookalike/00170.tif,Lookalike,2048x2048,2048x2048,PASS,PASS,
Lookalike/00171.tif,Mask_lookalike/00171.tif,Lookalike,2048x2048,2048x2048,PASS,PASS,
Lookalike/00172.tif,Mask_lookalike/00172.tif,Lookalike,2048x2048,2048x2048,PASS,PASS,
Lookalike/00173.tif,Mask_lookalike/00173.tif,Lookalike,2048x2048,2048x2048,PASS,PASS,
Lookalike/00174.tif,Mask_lookalike/00174.tif,Lookalike,2048x2048,2048x2048,PASS,PASS,
Lookalike/00175.tif,Mask_lookalike/00175.tif,Lookalike,2048x2048,2048x2048,PASS,PASS,
Lookalike/00176.tif,Mask_lookalike/00176.tif,Lookalike,2048x2048,2048x2048,PASS,PASS,
Lookalike/00177.tif,Mask_lookalike/00177.tif,Lookalike,2048x2048,2048x2048,PASS,PASS,
Lookalike/00178.tif,Mask_lookalike/00178.tif,Lookalike,2048x2048,2048x2048,PASS,PASS,
Lookalike/00179.tif,Mask_lookalike/00179.tif,Lookalike,2048x2048,2048x2048,PASS,PASS,
Lookalike/00180.tif,Mask_lookalike/00180.tif,Lookalike,2048x2048,2048x2048,PASS,PASS,
Lookalike/00181.tif,Mask_lookalike/00181.tif,Lookalike,2048x2048,2048x2048,PASS,PASS,
Lookalike/00182.tif,Mask_lookalike/00182.tif,Lookalike,2048x2048,2048x2048,PASS,PASS,
Lookalike/00183.tif,Mask_lookalike/00183.tif,Lookalike,2048x2048,2048x2048,PASS,PASS,
Lookalike/00184.tif,Mask_lookalike/00184.tif,Lookalike,2048x2048,2048x2048,PASS,PASS,
Lookalike/00185.tif,Mask_lookalike/00185.tif,Lookalike,2048x2048,2048x2048,PASS,PASS,
Lookalike/00186.tif,Mask_lookalike/00186.tif,Lookalike,2048x2048,2048x2048,PASS,PASS,
Lookalike/00187.tif,Mask_lookalike/00187.tif,Lookalike,2048x2048,2048x2048,PASS,PASS,
Lookalike/00188.tif,Mask_lookalike/00188.tif,Lookalike,2048x2048,2048x2048,PASS,PASS,
Lookalike/00189.tif,Mask_lookalike/00189.tif,Lookalike,2048x2048,2048x2048,PASS,PASS,
Lookalike/00190.tif,Mask_lookalike/00190.tif,Lookalike,2048x2048,2048x2048,PASS,PASS,
Lookalike/00191.tif,Mask_lookalike/00191.tif,Lookalike,2048x2048,2048x2048,PASS,PASS,
Lookalike/00192.tif,Mask_lookalike/00192.tif,Lookalike,2048x2048,2048x2048,PASS,PASS,
Lookalike/00193.tif,Mask_lookalike/00193.tif,Lookalike,2048x2048,2048x2048,PASS,PASS,
Lookalike/00194.tif,Mask_lookalike/00194.tif,Lookalike,2048x2048,2048x2048,PASS,PASS,
Lookalike/00195.tif,Mask_lookalike/00195.tif,Lookalike,2048x2048,2048x2048,PASS,PASS,
Lookalike/00196.tif,Mask_lookalike/00196.tif,Lookalike,2048x2048,2048x2048,PASS,PASS,
Lookalike/00197.tif,Mask_lookalike/00197.tif,Lookalike,2048x2048,2048x2048,PASS,PASS,
Lookalike/00198.tif,Mask_lookalike/00198.tif,Lookalike,2048x2048,2048x2048,PASS,PASS,
Lookalike/00199.tif,Mask_lookalike/00199.tif,Lookalike,2048x2048,2048x2048,PASS,PASS,
Lookalike/00200.tif,Mask_lookalike/00200.tif,Lookalike,2048x2048,2048x2048,PASS,PASS,
Lookalike/00201.tif,Mask_lookalike/00201.tif,Lookalike,2048x2048,2048x2048,PASS,PASS,
Lookalike/00202.tif,Mask_lookalike/00202.tif,Lookalike,2048x2048,2048x2048,PASS,PASS,
Lookalike/00203.tif,Mask_lookalike/00203.tif,Lookalike,2048x2048,2048x2048,PASS,PASS,
Lookalike/00204.tif,Mask_lookalike/00204.tif,Lookalike,2048x2048,2048x2048,PASS,PASS,
Lookalike/00205.tif,Mask_lookalike/00205.tif,Lookalike,2048x2048,2048x2048,PASS,PASS,
Lookalike/00206.tif,Mask_lookalike/00206.tif,Lookalike,2048x2048,2048x2048,PASS,PASS,
Lookalike/00207.tif,Mask_lookalike/00207.tif,Lookalike,2048x2048,2048x2048,PASS,PASS,
Lookalike/00208.tif,Mask_lookalike/00208.tif,Lookalike,2048x2048,2048x2048,PASS,PASS,
Lookalike/00209.tif,Mask_lookalike/00209.tif,Lookalike,2048x2048,2048x2048,PASS,PASS,
Lookalike/00210.tif,Mask_lookalike/00210.tif,Lookalike,2048x2048,2048x2048,PASS,PASS,
Lookalike/00211.tif,Mask_lookalike/00211.tif,Lookalike,2048x2048,2048x2048,PASS,PASS,
Lookalike/00212.tif,Mask_lookalike/00212.tif,Lookalike,2048x2048,2048x2048,PASS,PASS,
Lookalike/00213.tif,Mask_lookalike/00213.tif,Lookalike,2048x2048,2048x2048,PASS,PASS,
Lookalike/00214.tif,Mask_lookalike/00214.tif,Lookalike,2048x2048,2048x2048,PASS,PASS,
Lookalike/00215.tif,Mask_lookalike/00215.tif,Lookalike,2048x2048,2048x2048,PASS,PASS,
Lookalike/00216.tif,Mask_lookalike/00216.tif,Lookalike,2048x2048,2048x2048,PASS,PASS,
Lookalike/00217.tif,Mask_lookalike/00217.tif,Lookalike,2048x2048,2048x2048,PASS,PASS,
Lookalike/00218.tif,Mask_lookalike/00218.tif,Lookalike,2048x2048,2048x2048,PASS,PASS,
Lookalike/00219.tif,Mask_lookalike/00219.tif,Lookalike,2048x2048,2048x2048,PASS,PASS,
Lookalike/00220.tif,Mask_lookalike/00220.tif,Lookalike,2048x2048,2048x2048,PASS,PASS,
Lookalike/00221.tif,Mask_lookalike/00221.tif,Lookalike,2048x2048,2048x2048,PASS,PASS,
Lookalike/00222.tif,Mask_lookalike/00222.tif,Lookalike,2048x2048,2048x2048,PASS,PASS,
Lookalike/00223.tif,Mask_lookalike/00223.tif,Lookalike,2048x2048,2048x2048,PASS,PASS,
Lookalike/00224.tif,Mask_lookalike/00224.tif,Lookalike,2048x2048,2048x2048,PASS,PASS,
Lookalike/00225.tif,Mask_lookalike/00225.tif,Lookalike,2048x2048,2048x2048,PASS,PASS,
Lookalike/00226.tif,Mask_lookalike/00226.tif,Lookalike,2048x2048,2048x2048,PASS,PASS,
Lookalike/00227.tif,Mask_lookalike/00227.tif,Lookalike,2048x2048,2048x2048,PASS,PASS,
Lookalike/00228.tif,Mask_lookalike/00228.tif,Lookalike,2048x2048,2048x2048,PASS,PASS,
Lookalike/00229.tif,Mask_lookalike/00229.tif,Lookalike,2048x2048,2048x2048,PASS,PASS,
Lookalike/00230.tif,Mask_lookalike/00230.tif,Lookalike,2048x2048,2048x2048,PASS,PASS,
Lookalike/00231.tif,Mask_lookalike/00231.tif,Lookalike,2048x2048,2048x2048,PASS,PASS,
Lookalike/00232.tif,Mask_lookalike/00232.tif,Lookalike,2048x2048,2048x2048,PASS,PASS,
Lookalike/00233.tif,Mask_lookalike/00233.tif,Lookalike,2048x2048,2048x2048,PASS,PASS,
Lookalike/00234.tif,Mask_lookalike/00234.tif,Lookalike,2048x2048,2048x2048,PASS,PASS,
Lookalike/00235.tif,Mask_lookalike/00235.tif,Lookalike,2048x2048,2048x2048,PASS,PASS,
Lookalike/00236.tif,Mask_lookalike/00236.tif,Lookalike,2048x2048,2048x2048,PASS,PASS,
Lookalike/00237.tif,Mask_lookalike/00237.tif,Lookalike,2048x2048,2048x2048,PASS,PASS,
Lookalike/00238.tif,Mask_lookalike/00238.tif,Lookalike,2048x2048,2048x2048,PASS,PASS,
Lookalike/00239.tif,Mask_lookalike/00239.tif,Lookalike,2048x2048,2048x2048,PASS,PASS,
Lookalike/00240.tif,Mask_lookalike/00240.tif,Lookalike,2048x2048,2048x2048,PASS,PASS,
Lookalike/00241.tif,Mask_lookalike/00241.tif,Lookalike,2048x2048,2048x2048,PASS,PASS,
Lookalike/00242.tif,Mask_lookalike/00242.tif,Lookalike,2048x2048,2048x2048,PASS,PASS,
Lookalike/00243.tif,Mask_lookalike/00243.tif,Lookalike,2048x2048,2048x2048,PASS,PASS,
Lookalike/00244.tif,Mask_lookalike/00244.tif,Lookalike,2048x2048,2048x2048,PASS,PASS,
Lookalike/00245.tif,Mask_lookalike/00245.tif,Lookalike,2048x2048,2048x2048,PASS,PASS,
Lookalike/00246.tif,Mask_lookalike/00246.tif,Lookalike,2048x2048,2048x2048,PASS,PASS,
Lookalike/00247.tif,Mask_lookalike/00247.tif,Lookalike,2048x2048,2048x2048,PASS,PASS,
Lookalike/00248.tif,Mask_lookalike/00248.tif,Lookalike,2048x2048,2048x2048,PASS,PASS,
Lookalike/00249.tif,Mask_lookalike/00249.tif,Lookalike,2048x2048,2048x2048,PASS,PASS,
Lookalike/00250.tif,Mask_lookalike/00250.tif,Lookalike,2048x2048,2048x2048,PASS,PASS,
Lookalike/00251.tif,Mask_lookalike/00251.tif,Lookalike,2048x2048,2048x2048,PASS,PASS,
Lookalike/00252.tif,Mask_lookalike/00252.tif,Lookalike,2048x2048,2048x2048,PASS,PASS,
Lookalike/00253.tif,Mask_lookalike/00253.tif,Lookalike,2048x2048,2048x2048,PASS,PASS,
Lookalike/00254.tif,Mask_lookalike/00254.tif,Lookalike,2048x2048,2048x2048,PASS,PASS,
Lookalike/00255.tif,Mask_lookalike/00255.tif,Lookalike,2048x2048,2048x2048,PASS,PASS,
Lookalike/00256.tif,Mask_lookalike/00256.tif,Lookalike,2048x2048,2048x2048,PASS,PASS,
Lookalike/00257.tif,Mask_lookalike/00257.tif,Lookalike,2048x2048,2048x2048,PASS,PASS,
Lookalike/00258.tif,Mask_lookalike/00258.tif,Lookalike,2048x2048,2048x2048,PASS,PASS,
Lookalike/00259.tif,Mask_lookalike/00259.tif,Lookalike,2048x2048,2048x2048,PASS,PASS,
Lookalike/00260.tif,Mask_lookalike/00260.tif,Lookalike,2048x2048,2048x2048,PASS,PASS,
Lookalike/00261.tif,Mask_lookalike/00261.tif,Lookalike,2048x2048,2048x2048,PASS,PASS,
Lookalike/00262.tif,Mask_lookalike/00262.tif,Lookalike,2048x2048,2048x2048,PASS,PASS,
Lookalike/00263.tif,Mask_lookalike/00263.tif,Lookalike,2048x2048,2048x2048,PASS,PASS,
Lookalike/00264.tif,Mask_lookalike/00264.tif,Lookalike,2048x2048,2048x2048,PASS,PASS,
Lookalike/00265.tif,Mask_lookalike/00265.tif,Lookalike,2048x2048,2048x2048,PASS,PASS,
Lookalike/00266.tif,Mask_lookalike/00266.tif,Lookalike,2048x2048,2048x2048,PASS,PASS,
Lookalike/00267.tif,Mask_lookalike/00267.tif,Lookalike,2048x2048,2048x2048,PASS,PASS,
Lookalike/00268.tif,Mask_lookalike/00268.tif,Lookalike,2048x2048,2048x2048,PASS,PASS,
Lookalike/00269.tif,Mask_lookalike/00269.tif,Lookalike,2048x2048,2048x2048,PASS,PASS,
Lookalike/00270.tif,Mask_lookalike/00270.tif,Lookalike,2048x2048,2048x2048,PASS,PASS,
Lookalike/00271.tif,Mask_lookalike/00271.tif,Lookalike,2048x2048,2048x2048,PASS,PASS,
Lookalike/00272.tif,Mask_lookalike/00272.tif,Lookalike,2048x2048,2048x2048,PASS,PASS,
Lookalike/00273.tif,Mask_lookalike/00273.tif,Lookalike,2048x2048,2048x2048,PASS,PASS,
Lookalike/00274.tif,Mask_lookalike/00274.tif,Lookalike,2048x2048,2048x2048,PASS,PASS,
Lookalike/00275.tif,Mask_lookalike/00275.tif,Lookalike,2048x2048,2048x2048,PASS,PASS,
Lookalike/00276.tif,Mask_lookalike/00276.tif,Lookalike,2048x2048,2048x2048,PASS,PASS,
Lookalike/00277.tif,Mask_lookalike/00277.tif,Lookalike,2048x2048,2048x2048,PASS,PASS,
Lookalike/00278.tif,Mask_lookalike/00278.tif,Lookalike,2048x2048,2048x2048,PASS,PASS,
Lookalike/00279.tif,Mask_lookalike/00279.tif,Lookalike,2048x2048,2048x2048,PASS,PASS,
Lookalike/00280.tif,Mask_lookalike/00280.tif,Lookalike,2048x2048,2048x2048,PASS,PASS,
Lookalike/00281.tif,Mask_lookalike/00281.tif,Lookalike,2048x2048,2048x2048,PASS,PASS,
Lookalike/00282.tif,Mask_lookalike/00282.tif,Lookalike,2048x2048,2048x2048,PASS,PASS,
Lookalike/00283.tif,Mask_lookalike/00283.tif,Lookalike,2048x2048,2048x2048,PASS,PASS,
Lookalike/00284.tif,Mask_lookalike/00284.tif,Lookalike,2048x2048,2048x2048,PASS,PASS,
Lookalike/00285.tif,Mask_lookalike/00285.tif,Lookalike,2048x2048,2048x2048,PASS,PASS,
Lookalike/00286.tif,Mask_lookalike/00286.tif,Lookalike,2048x2048,2048x2048,PASS,PASS,
Lookalike/00287.tif,Mask_lookalike/00287.tif,Lookalike,2048x2048,2048x2048,PASS,PASS,
Lookalike/00288.tif,Mask_lookalike/00288.tif,Lookalike,2048x2047,2048x2047,PASS,PASS,
Lookalike/00289.tif,Mask_lookalike/00289.tif,Lookalike,2048x2048,2048x2048,PASS,PASS,
Lookalike/00290.tif,Mask_lookalike/00290.tif,Lookalike,2048x2048,2048x2048,PASS,PASS,
Lookalike/00291.tif,Mask_lookalike/00291.tif,Lookalike,2048x2048,2048x2048,PASS,PASS,
Lookalike/00292.tif,Mask_lookalike/00292.tif,Lookalike,2048x2048,2048x2048,PASS,PASS,
Lookalike/00293.tif,Mask_lookalike/00293.tif,Lookalike,2048x2048,2048x2048,PASS,PASS,
Lookalike/00294.tif,Mask_lookalike/00294.tif,Lookalike,2048x2048,2048x2048,PASS,PASS,
Lookalike/00295.tif,Mask_lookalike/00295.tif,Lookalike,2048x2048,2048x2048,PASS,PASS,
Lookalike/00296.tif,Mask_lookalike/00296.tif,Lookalike,2048x2048,2048x2048,PASS,PASS,
Lookalike/00297.tif,Mask_lookalike/00297.tif,Lookalike,2048x2048,2048x2048,PASS,PASS,
Lookalike/00298.tif,Mask_lookalike/00298.tif,Lookalike,2048x2048,2048x2048,PASS,PASS,
Lookalike/00299.tif,Mask_lookalike/00299.tif,Lookalike,2048x2048,2048x2048,PASS,PASS,
Lookalike/00300.tif,Mask_lookalike/00300.tif,Lookalike,2048x2048,2048x2048,PASS,PASS,
Lookalike/00301.tif,Mask_lookalike/00301.tif,Lookalike,2048x2048,2048x2048,PASS,PASS,
Lookalike/00302.tif,Mask_lookalike/00302.tif,Lookalike,2048x2048,2048x2048,PASS,PASS,
Lookalike/00303.tif,Mask_lookalike/00303.tif,Lookalike,2048x2048,2048x2048,PASS,PASS,
Lookalike/00304.tif,Mask_lookalike/00304.tif,Lookalike,2048x2048,2048x2048,PASS,PASS,
Lookalike/00305.tif,Mask_lookalike/00305.tif,Lookalike,2048x2048,2048x2048,PASS,PASS,
Lookalike/00306.tif,Mask_lookalike/00306.tif,Lookalike,2048x2048,2048x2048,PASS,PASS,
Lookalike/00307.tif,Mask_lookalike/00307.tif,Lookalike,2048x2048,2048x2048,PASS,PASS,
Lookalike/00308.tif,Mask_lookalike/00308.tif,Lookalike,2048x2048,2048x2048,PASS,PASS,
Lookalike/00309.tif,Mask_lookalike/00309.tif,Lookalike,2048x2048,2048x2048,PASS,PASS,
Lookalike/00310.tif,Mask_lookalike/00310.tif,Lookalike,2048x2048,2048x2048,PASS,PASS,
Lookalike/00311.tif,Mask_lookalike/00311.tif,Lookalike,2048x2048,2048x2048,PASS,PASS,
Lookalike/00312.tif,Mask_lookalike/00312.tif,Lookalike,2048x2048,2048x2048,PASS,PASS,
Lookalike/00313.tif,Mask_lookalike/00313.tif,Lookalike,2048x2048,2048x2048,PASS,PASS,
Lookalike/00314.tif,Mask_lookalike/00314.tif,Lookalike,2048x2048,2048x2048,PASS,PASS,
Lookalike/00315.tif,Mask_lookalike/00315.tif,Lookalike,2048x2048,2048x2048,PASS,PASS,
Lookalike/00316.tif,Mask_lookalike/00316.tif,Lookalike,2048x2048,2048x2048,PASS,PASS,
Lookalike/00317.tif,Mask_lookalike/00317.tif,Lookalike,2048x2048,2048x2048,PASS,PASS,
Lookalike/00318.tif,Mask_lookalike/00318.tif,Lookalike,2048x2048,2048x2048,PASS,PASS,
Lookalike/00319.tif,Mask_lookalike/00319.tif,Lookalike,2048x2048,2048x2048,PASS,PASS,
Lookalike/00320.tif,Mask_lookalike/00320.tif,Lookalike,2048x2048,2048x2048,PASS,PASS,
Lookalike/00321.tif,Mask_lookalike/00321.tif,Lookalike,2048x2048,2048x2048,PASS,PASS,
Lookalike/00322.tif,Mask_lookalike/00322.tif,Lookalike,2048x2048,2048x2048,PASS,PASS,
Lookalike/00323.tif,Mask_lookalike/00323.tif,Lookalike,2048x2048,2048x2048,PASS,PASS,
Lookalike/00324.tif,Mask_lookalike/00324.tif,Lookalike,2048x2048,2048x2048,PASS,PASS,
Lookalike/00325.tif,Mask_lookalike/00325.tif,Lookalike,2048x2048,2048x2048,PASS,PASS,
Lookalike/00326.tif,Mask_lookalike/00326.tif,Lookalike,2048x2048,2048x2048,PASS,PASS,
Lookalike/00327.tif,Mask_lookalike/00327.tif,Lookalike,2048x2048,2048x2048,PASS,PASS,
Lookalike/00328.tif,Mask_lookalike/00328.tif,Lookalike,2048x2048,2048x2048,PASS,PASS,
Lookalike/00329.tif,Mask_lookalike/00329.tif,Lookalike,2048x2048,2048x2048,PASS,PASS,
Lookalike/00330.tif,Mask_lookalike/00330.tif,Lookalike,2048x2048,2048x2048,PASS,PASS,
Lookalike/00331.tif,Mask_lookalike/00331.tif,Lookalike,2048x2048,2048x2048,PASS,PASS,
Lookalike/00332.tif,Mask_lookalike/00332.tif,Lookalike,2048x2048,2048x2048,PASS,PASS,
Lookalike/00333.tif,Mask_lookalike/00333.tif,Lookalike,2048x2048,2048x2048,PASS,PASS,
Lookalike/00334.tif,Mask_lookalike/00334.tif,Lookalike,2048x2048,2048x2048,PASS,PASS,
Lookalike/00335.tif,Mask_lookalike/00335.tif,Lookalike,2048x2048,2048x2048,PASS,PASS,
Lookalike/00336.tif,Mask_lookalike/00336.tif,Lookalike,2048x2048,2048x2048,PASS,PASS,
Lookalike/00337.tif,Mask_lookalike/00337.tif,Lookalike,2048x2048,2048x2048,PASS,PASS,
Lookalike/00338.tif,Mask_lookalike/00338.tif,Lookalike,2048x2048,2048x2048,PASS,PASS,
Lookalike/00339.tif,Mask_lookalike/00339.tif,Lookalike,2048x2048,2048x2048,PASS,PASS,
Lookalike/00340.tif,Mask_lookalike/00340.tif,Lookalike,2048x2048,2048x2048,PASS,PASS,
Lookalike/00341.tif,Mask_lookalike/00341.tif,Lookalike,2048x2048,2048x2048,PASS,PASS,
Lookalike/00342.tif,Mask_lookalike/00342.tif,Lookalike,2048x2048,2048x2048,PASS,PASS,
Lookalike/00343.tif,Mask_lookalike/00343.tif,Lookalike,2048x2048,2048x2048,PASS,PASS,
Lookalike/00344.tif,Mask_lookalike/00344.tif,Lookalike,2048x2048,2048x2048,PASS,PASS,
Lookalike/00345.tif,Mask_lookalike/00345.tif,Lookalike,2048x2048,2048x2048,PASS,PASS,
Lookalike/00346.tif,Mask_lookalike/00346.tif,Lookalike,2048x2048,2048x2048,PASS,PASS,
Lookalike/00347.tif,Mask_lookalike/00347.tif,Lookalike,2048x2048,2048x2048,PASS,PASS,
Lookalike/00348.tif,Mask_lookalike/00348.tif,Lookalike,2048x2048,2048x2048,PASS,PASS,
Lookalike/00349.tif,Mask_lookalike/00349.tif,Lookalike,2048x2048,2048x2048,PASS,PASS,
Lookalike/00350.tif,Mask_lookalike/00350.tif,Lookalike,2048x2048,2048x2048,PASS,PASS,
Lookalike/00351.tif,Mask_lookalike/00351.tif,Lookalike,2048x2048,2048x2048,PASS,PASS,
Lookalike/00352.tif,Mask_lookalike/00352.tif,Lookalike,2048x2048,2048x2048,PASS,PASS,
Lookalike/00353.tif,Mask_lookalike/00353.tif,Lookalike,2048x2048,2048x2048,PASS,PASS,
Lookalike/00354.tif,Mask_lookalike/00354.tif,Lookalike,2048x2048,2048x2048,PASS,PASS,
Lookalike/00355.tif,Mask_lookalike/00355.tif,Lookalike,2048x2048,2048x2048,PASS,PASS,
Lookalike/00356.tif,Mask_lookalike/00356.tif,Lookalike,2048x2048,2048x2048,PASS,PASS,
Lookalike/00357.tif,Mask_lookalike/00357.tif,Lookalike,2048x2048,2048x2048,PASS,PASS,
Lookalike/00358.tif,Mask_lookalike/00358.tif,Lookalike,2048x2048,2048x2048,PASS,PASS,
Lookalike/00359.tif,Mask_lookalike/00359.tif,Lookalike,2048x2048,2048x2048,PASS,PASS,
Lookalike/00360.tif,Mask_lookalike/00360.tif,Lookalike,2048x2048,2048x2048,PASS,PASS,
Lookalike/00361.tif,Mask_lookalike/00361.tif,Lookalike,2048x2048,2048x2048,PASS,PASS,
Lookalike/00362.tif,Mask_lookalike/00362.tif,Lookalike,2048x2048,2048x2048,PASS,PASS,
Lookalike/00363.tif,Mask_lookalike/00363.tif,Lookalike,2048x2048,2048x2048,PASS,PASS,
Lookalike/00364.tif,Mask_lookalike/00364.tif,Lookalike,2048x2048,2048x2048,PASS,PASS,
Lookalike/00365.tif,Mask_lookalike/00365.tif,Lookalike,2048x2048,2048x2048,PASS,PASS,
Lookalike/00366.tif,Mask_lookalike/00366.tif,Lookalike,2048x2048,2048x2048,PASS,PASS,
Lookalike/00367.tif,Mask_lookalike/00367.tif,Lookalike,2048x2048,2048x2048,PASS,PASS,
Lookalike/00368.tif,Mask_lookalike/00368.tif,Lookalike,2048x2048,2048x2048,PASS,PASS,
Lookalike/00369.tif,Mask_lookalike/00369.tif,Lookalike,2048x2048,2048x2048,PASS,PASS,
Lookalike/00370.tif,Mask_lookalike/00370.tif,Lookalike,2048x2048,2048x2048,PASS,PASS,
Lookalike/00371.tif,Mask_lookalike/00371.tif,Lookalike,2048x2048,2048x2048,PASS,PASS,
Lookalike/00372.tif,Mask_lookalike/00372.tif,Lookalike,2048x2048,2048x2048,PASS,PASS,
Lookalike/00373.tif,Mask_lookalike/00373.tif,Lookalike,2048x2048,2048x2048,PASS,PASS,
Lookalike/00374.tif,Mask_lookalike/00374.tif,Lookalike,2048x2048,2048x2048,PASS,PASS,
Lookalike/00375.tif,Mask_lookalike/00375.tif,Lookalike,2048x2048,2048x2048,PASS,PASS,
Lookalike/00376.tif,Mask_lookalike/00376.tif,Lookalike,2048x2048,2048x2048,PASS,PASS,
Lookalike/00377.tif,Mask_lookalike/00377.tif,Lookalike,2048x2048,2048x2048,PASS,PASS,
Lookalike/00378.tif,Mask_lookalike/00378.tif,Lookalike,2048x2048,2048x2048,PASS,PASS,
Lookalike/00379.tif,Mask_lookalike/00379.tif,Lookalike,2048x2048,2048x2048,PASS,PASS,
Lookalike/00380.tif,Mask_lookalike/00380.tif,Lookalike,2048x2048,2048x2048,PASS,PASS,
Lookalike/00381.tif,Mask_lookalike/00381.tif,Lookalike,2048x2048,2048x2048,PASS,PASS,
Lookalike/00382.tif,Mask_lookalike/00382.tif,Lookalike,2048x2048,2048x2048,PASS,PASS,
Lookalike/00383.tif,Mask_lookalike/00383.tif,Lookalike,2048x2048,2048x2048,PASS,PASS,
Lookalike/00384.tif,Mask_lookalike/00384.tif,Lookalike,2048x2048,2048x2048,PASS,PASS,
Lookalike/00385.tif,Mask_lookalike/00385.tif,Lookalike,2048x2048,2048x2048,PASS,PASS,
Lookalike/00386.tif,Mask_lookalike/00386.tif,Lookalike,2048x2048,2048x2048,PASS,PASS,
Lookalike/00387.tif,Mask_lookalike/00387.tif,Lookalike,2048x2048,2048x2048,PASS,PASS,
Lookalike/00388.tif,Mask_lookalike/00388.tif,Lookalike,2048x2048,2048x2048,PASS,PASS,
Lookalike/00389.tif,Mask_lookalike/00389.tif,Lookalike,2048x2048,2048x2048,PASS,PASS,
Lookalike/00390.tif,Mask_lookalike/00390.tif,Lookalike,2048x2248,2048x2248,PASS,PASS,
Lookalike/00391.tif,Mask_lookalike/00391.tif,Lookalike,2048x2048,2048x2048,PASS,PASS,
Lookalike/00392.tif,Mask_lookalike/00392.tif,Lookalike,2048x2048,2048x2048,PASS,PASS,
Lookalike/00393.tif,Mask_lookalike/00393.tif,Lookalike,2048x2048,2048x2048,PASS,PASS,
Lookalike/00394.tif,Mask_lookalike/00394.tif,Lookalike,2048x2048,2048x2048,PASS,PASS,
Lookalike/00395.tif,Mask_lookalike/00395.tif,Lookalike,2048x2048,2048x2048,PASS,PASS,
Lookalike/00396.tif,Mask_lookalike/00396.tif,Lookalike,2048x2048,2048x2048,PASS,PASS,
Lookalike/00397.tif,Mask_lookalike/00397.tif,Lookalike,2048x2048,2048x2048,PASS,PASS,
Lookalike/00398.tif,Mask_lookalike/00398.tif,Lookalike,2048x2048,2048x2048,PASS,PASS,
Lookalike/00399.tif,Mask_lookalike/00399.tif,Lookalike,2048x2048,2048x2048,PASS,PASS,
Lookalike/00400.tif,Mask_lookalike/00400.tif,Lookalike,2048x2048,2048x2048,PASS,PASS,
Lookalike/00401.tif,Mask_lookalike/00401.tif,Lookalike,2048x2048,2048x2048,PASS,PASS,
Lookalike/00402.tif,Mask_lookalike/00402.tif,Lookalike,2048x2048,2048x2048,PASS,PASS,
Lookalike/00403.tif,Mask_lookalike/00403.tif,Lookalike,2048x2048,2048x2048,PASS,PASS,
Lookalike/00404.tif,Mask_lookalike/00404.tif,Lookalike,2048x2048,2048x2048,PASS,PASS,
Lookalike/00405.tif,Mask_lookalike/00405.tif,Lookalike,2048x2048,2048x2048,PASS,PASS,
Lookalike/00406.tif,Mask_lookalike/00406.tif,Lookalike,2048x2048,2048x2048,PASS,PASS,
Lookalike/00407.tif,Mask_lookalike/00407.tif,Lookalike,2048x2048,2048x2048,PASS,PASS,
Lookalike/00408.tif,Mask_lookalike/00408.tif,Lookalike,2048x2048,2048x2048,PASS,PASS,
Lookalike/00409.tif,Mask_lookalike/00409.tif,Lookalike,2048x2048,2048x2048,PASS,PASS,
Lookalike/00410.tif,Mask_lookalike/00410.tif,Lookalike,2048x2048,2048x2048,PASS,PASS,
Lookalike/00411.tif,Mask_lookalike/00411.tif,Lookalike,2048x2048,2048x2048,PASS,PASS,
Lookalike/00412.tif,Mask_lookalike/00412.tif,Lookalike,2048x2048,2048x2048,PASS,PASS,
Lookalike/00413.tif,Mask_lookalike/00413.tif,Lookalike,2048x2048,2048x2048,PASS,PASS,
Lookalike/00414.tif,Mask_lookalike/00414.tif,Lookalike,2048x2048,2048x2048,PASS,PASS,
Lookalike/00415.tif,Mask_lookalike/00415.tif,Lookalike,2048x2048,2048x2048,PASS,PASS,
Lookalike/00416.tif,Mask_lookalike/00416.tif,Lookalike,2048x2048,2048x2048,PASS,PASS,
Lookalike/00417.tif,Mask_lookalike/00417.tif,Lookalike,2048x2048,2048x2048,PASS,PASS,
Lookalike/00418.tif,Mask_lookalike/00418.tif,Lookalike,2048x2048,2048x2048,PASS,PASS,
Lookalike/00419.tif,Mask_lookalike/00419.tif,Lookalike,2048x2048,2048x2048,PASS,PASS,
Lookalike/00420.tif,Mask_lookalike/00420.tif,Lookalike,2048x2048,2048x2048,PASS,PASS,
Lookalike/00421.tif,Mask_lookalike/00421.tif,Lookalike,2048x2048,2048x2048,PASS,PASS,
Lookalike/00422.tif,Mask_lookalike/00422.tif,Lookalike,2048x2048,2048x2048,PASS,PASS,
Lookalike/00423.tif,Mask_lookalike/00423.tif,Lookalike,2048x2048,2048x2048,PASS,PASS,
Lookalike/00424.tif,Mask_lookalike/00424.tif,Lookalike,2048x2048,2048x2048,PASS,PASS,
Lookalike/00425.tif,Mask_lookalike/00425.tif,Lookalike,2048x2048,2048x2048,PASS,PASS,
Lookalike/00426.tif,Mask_lookalike/00426.tif,Lookalike,2048x2048,2048x2048,PASS,PASS,
Lookalike/00427.tif,Mask_lookalike/00427.tif,Lookalike,2048x2048,2048x2048,PASS,PASS,
Lookalike/00428.tif,Mask_lookalike/00428.tif,Lookalike,2048x2048,2048x2048,PASS,PASS,
Lookalike/00429.tif,Mask_lookalike/00429.tif,Lookalike,2048x2048,2048x2048,PASS,PASS,
Lookalike/00430.tif,Mask_lookalike/00430.tif,Lookalike,2048x2048,2048x2048,PASS,PASS,
Lookalike/00431.tif,Mask_lookalike/00431.tif,Lookalike,2048x2048,2048x2048,PASS,PASS,
Lookalike/00432.tif,Mask_lookalike/00432.tif,Lookalike,2048x2048,2048x2048,PASS,PASS,
Lookalike/00433.tif,Mask_lookalike/00433.tif,Lookalike,2048x2048,2048x2048,PASS,PASS,
Lookalike/00434.tif,Mask_lookalike/00434.tif,Lookalike,2048x2048,2048x2048,PASS,PASS,
Lookalike/00435.tif,Mask_lookalike/00435.tif,Lookalike,2048x2048,2048x2048,PASS,PASS,
Lookalike/00436.tif,Mask_lookalike/00436.tif,Lookalike,2048x2048,2048x2048,PASS,PASS,
Lookalike/00437.tif,Mask_lookalike/00437.tif,Lookalike,2048x2048,2048x2048,PASS,PASS,
Lookalike/00438.tif,Mask_lookalike/00438.tif,Lookalike,2048x2048,2048x2048,PASS,PASS,
Lookalike/00439.tif,Mask_lookalike/00439.tif,Lookalike,2048x2048,2048x2048,PASS,PASS,
Lookalike/00440.tif,Mask_lookalike/00440.tif,Lookalike,2048x2048,2048x2048,PASS,PASS,
Lookalike/00441.tif,Mask_lookalike/00441.tif,Lookalike,2048x2048,2048x2048,PASS,PASS,
Lookalike/00442.tif,Mask_lookalike/00442.tif,Lookalike,2048x2048,2048x2048,PASS,PASS,
Lookalike/00443.tif,Mask_lookalike/00443.tif,Lookalike,2048x2048,2048x2048,PASS,PASS,
Lookalike/00444.tif,Mask_lookalike/00444.tif,Lookalike,2048x2048,2048x2048,PASS,PASS,
Lookalike/00445.tif,Mask_lookalike/00445.tif,Lookalike,2048x2048,2048x2048,PASS,PASS,
Lookalike/00446.tif,Mask_lookalike/00446.tif,Lookalike,2048x2048,2048x2048,PASS,PASS,
Lookalike/00447.tif,Mask_lookalike/00447.tif,Lookalike,2048x2048,2048x2048,PASS,PASS,
Lookalike/00448.tif,Mask_lookalike/00448.tif,Lookalike,2048x2048,2048x2048,PASS,PASS,
Lookalike/00449.tif,Mask_lookalike/00449.tif,Lookalike,2048x2048,2048x2048,PASS,PASS,
Lookalike/00450.tif,Mask_lookalike/00450.tif,Lookalike,2048x2048,2048x2048,PASS,PASS,
Lookalike/00451.tif,Mask_lookalike/00451.tif,Lookalike,2048x2048,2048x2048,PASS,PASS,
Lookalike/00452.tif,Mask_lookalike/00452.tif,Lookalike,2048x2048,2048x2048,PASS,PASS,
Lookalike/00453.tif,Mask_lookalike/00453.tif,Lookalike,2048x2048,2048x2048,PASS,PASS,
Lookalike/00454.tif,Mask_lookalike/00454.tif,Lookalike,2048x2048,2048x2048,PASS,PASS,
Lookalike/00455.tif,Mask_lookalike/00455.tif,Lookalike,2048x2048,2048x2048,PASS,PASS,
Lookalike/00456.tif,Mask_lookalike/00456.tif,Lookalike,2048x2048,2048x2048,PASS,PASS,
Lookalike/00457.tif,Mask_lookalike/00457.tif,Lookalike,2048x2048,2048x2048,PASS,PASS,
Lookalike/00458.tif,Mask_lookalike/00458.tif,Lookalike,2048x2048,2048x2048,PASS,PASS,
Lookalike/00459.tif,Mask_lookalike/00459.tif,Lookalike,2048x2048,2048x2048,PASS,PASS,
Lookalike/00460.tif,Mask_lookalike/00460.tif,Lookalike,2048x2048,2048x2048,PASS,PASS,
Lookalike/00461.tif,Mask_lookalike/00461.tif,Lookalike,2048x2048,2048x2048,PASS,PASS,
Lookalike/00462.tif,Mask_lookalike/00462.tif,Lookalike,2048x2048,2048x2048,PASS,PASS,
Lookalike/00463.tif,Mask_lookalike/00463.tif,Lookalike,2048x2048,2048x2048,PASS,PASS,
Lookalike/00464.tif,Mask_lookalike/00464.tif,Lookalike,2048x2048,2048x2048,PASS,PASS,
Lookalike/00465.tif,Mask_lookalike/00465.tif,Lookalike,2048x2048,2048x2048,PASS,PASS,
Lookalike/00466.tif,Mask_lookalike/00466.tif,Lookalike,2048x2048,2048x2048,PASS,PASS,
Lookalike/00467.tif,Mask_lookalike/00467.tif,Lookalike,2048x2048,2048x2048,PASS,PASS,
Lookalike/00468.tif,Mask_lookalike/00468.tif,Lookalike,2048x2048,2048x2048,PASS,PASS,
Lookalike/00469.tif,Mask_lookalike/00469.tif,Lookalike,2048x2048,2048x2048,PASS,PASS,
Lookalike/00470.tif,Mask_lookalike/00470.tif,Lookalike,2048x2048,2048x2048,PASS,PASS,
Lookalike/00471.tif,Mask_lookalike/00471.tif,Lookalike,2048x2048,2048x2048,PASS,PASS,
Lookalike/00472.tif,Mask_lookalike/00472.tif,Lookalike,2048x2048,2048x2048,PASS,PASS,
Lookalike/00473.tif,Mask_lookalike/00473.tif,Lookalike,2048x2048,2048x2048,PASS,PASS,
Lookalike/00474.tif,Mask_lookalike/00474.tif,Lookalike,2048x2048,2048x2048,PASS,PASS,
Lookalike/00475.tif,Mask_lookalike/00475.tif,Lookalike,2048x2048,2048x2048,PASS,PASS,
Lookalike/00476.tif,Mask_lookalike/00476.tif,Lookalike,2048x2048,2048x2048,PASS,PASS,
Lookalike/00477.tif,Mask_lookalike/00477.tif,Lookalike,2048x2048,2048x2048,PASS,PASS,
Lookalike/00478.tif,Mask_lookalike/00478.tif,Lookalike,2048x2048,2048x2048,PASS,PASS,
Lookalike/00479.tif,Mask_lookalike/00479.tif,Lookalike,2048x2048,2048x2048,PASS,PASS,
Lookalike/00480.tif,Mask_lookalike/00480.tif,Lookalike,2048x2048,2048x2048,PASS,PASS,
Lookalike/00481.tif,Mask_lookalike/00481.tif,Lookalike,2048x2048,2048x2048,PASS,PASS,
Lookalike/00482.tif,Mask_lookalike/00482.tif,Lookalike,2048x2048,2048x2048,PASS,PASS,
Lookalike/00483.tif,Mask_lookalike/00483.tif,Lookalike,2048x2048,2048x2048,PASS,PASS,
Lookalike/00484.tif,Mask_lookalike/00484.tif,Lookalike,2048x2048,2048x2048,PASS,PASS,
Lookalike/00485.tif,Mask_lookalike/00485.tif,Lookalike,2048x2048,2048x2048,PASS,PASS,
Lookalike/00486.tif,Mask_lookalike/00486.tif,Lookalike,2048x2048,2048x2048,PASS,PASS,
Lookalike/00487.tif,Mask_lookalike/00487.tif,Lookalike,2048x2048,2048x2048,PASS,PASS,
Lookalike/00488.tif,Mask_lookalike/00488.tif,Lookalike,2048x2048,2048x2048,PASS,PASS,
Lookalike/00489.tif,Mask_lookalike/00489.tif,Lookalike,2048x2048,2048x2048,PASS,PASS,
Lookalike/00490.tif,Mask_lookalike/00490.tif,Lookalike,2048x2048,2048x2048,PASS,PASS,
Lookalike/00491.tif,Mask_lookalike/00491.tif,Lookalike,2048x2048,2048x2048,PASS,PASS,
Lookalike/00492.tif,Mask_lookalike/00492.tif,Lookalike,2048x2048,2048x2048,PASS,PASS,
Lookalike/00493.tif,Mask_lookalike/00493.tif,Lookalike,2048x2048,2048x2048,PASS,PASS,
Lookalike/00494.tif,Mask_lookalike/00494.tif,Lookalike,2048x2048,2048x2048,PASS,PASS,
Lookalike/00495.tif,Mask_lookalike/00495.tif,Lookalike,2048x2048,2048x2048,PASS,PASS,
Lookalike/00496.tif,Mask_lookalike/00496.tif,Lookalike,2048x2048,2048x2048,PASS,PASS,
Lookalike/00497.tif,Mask_lookalike/00497.tif,Lookalike,2048x2048,2048x2048,PASS,PASS,
Lookalike/00498.tif,Mask_lookalike/00498.tif,Lookalike,2048x2048,2048x2048,PASS,PASS,
Lookalike/00499.tif,Mask_lookalike/00499.tif,Lookalike,2048x2048,2048x2048,PASS,PASS,
Lookalike/00500.tif,Mask_lookalike/00500.tif,Lookalike,2048x2048,2048x2048,PASS,PASS,
Lookalike/00501.tif,Mask_lookalike/00501.tif,Lookalike,2048x2048,2048x2048,PASS,PASS,
Lookalike/00502.tif,Mask_lookalike/00502.tif,Lookalike,2048x2048,2048x2048,PASS,PASS,
Lookalike/00503.tif,Mask_lookalike/00503.tif,Lookalike,2048x2048,2048x2048,PASS,PASS,
Lookalike/00504.tif,Mask_lookalike/00504.tif,Lookalike,2048x2048,2048x2048,PASS,PASS,
Lookalike/00505.tif,Mask_lookalike/00505.tif,Lookalike,2048x2048,2048x2048,PASS,PASS,
Lookalike/00506.tif,Mask_lookalike/00506.tif,Lookalike,2048x2048,2048x2048,PASS,PASS,
Lookalike/00507.tif,Mask_lookalike/00507.tif,Lookalike,2048x2048,2048x2048,PASS,PASS,
Lookalike/00508.tif,Mask_lookalike/00508.tif,Lookalike,2048x2048,2048x2048,PASS,PASS,
Lookalike/00509.tif,Mask_lookalike/00509.tif,Lookalike,2048x2048,2048x2048,PASS,PASS,
Lookalike/00510.tif,Mask_lookalike/00510.tif,Lookalike,2048x2048,2048x2048,PASS,PASS,
Lookalike/00511.tif,Mask_lookalike/00511.tif,Lookalike,2048x2048,2048x2048,PASS,PASS,
Lookalike/00512.tif,Mask_lookalike/00512.tif,Lookalike,2048x2048,2048x2048,PASS,PASS,
Lookalike/00513.tif,Mask_lookalike/00513.tif,Lookalike,2048x2048,2048x2048,PASS,PASS,
Lookalike/00514.tif,Mask_lookalike/00514.tif,Lookalike,2048x2048,2048x2048,PASS,PASS,
Lookalike/00515.tif,Mask_lookalike/00515.tif,Lookalike,2048x2048,2048x2048,PASS,PASS,
Lookalike/00516.tif,Mask_lookalike/00516.tif,Lookalike,2048x2048,2048x2048,PASS,PASS,
Lookalike/00517.tif,Mask_lookalike/00517.tif,Lookalike,2048x2048,2048x2048,PASS,PASS,
Lookalike/00518.tif,Mask_lookalike/00518.tif,Lookalike,2048x2048,2048x2048,PASS,PASS,
Lookalike/00519.tif,Mask_lookalike/00519.tif,Lookalike,2048x2048,2048x2048,PASS,PASS,
Lookalike/00520.tif,Mask_lookalike/00520.tif,Lookalike,2048x2048,2048x2048,PASS,PASS,
Lookalike/00521.tif,Mask_lookalike/00521.tif,Lookalike,2048x2048,2048x2048,PASS,PASS,
Lookalike/00522.tif,Mask_lookalike/00522.tif,Lookalike,2048x2048,2048x2048,PASS,PASS,
Lookalike/00523.tif,Mask_lookalike/00523.tif,Lookalike,2048x2048,2048x2048,PASS,PASS,
Lookalike/00524.tif,Mask_lookalike/00524.tif,Lookalike,2048x2048,2048x2048,PASS,PASS,
Lookalike/00525.tif,Mask_lookalike/00525.tif,Lookalike,2048x2048,2048x2048,PASS,PASS,
Lookalike/00526.tif,Mask_lookalike/00526.tif,Lookalike,2048x2048,2048x2048,PASS,PASS,
Lookalike/00527.tif,Mask_lookalike/00527.tif,Lookalike,2048x2048,2048x2048,PASS,PASS,
Lookalike/00528.tif,Mask_lookalike/00528.tif,Lookalike,2048x2048,2048x2048,PASS,PASS,
Lookalike/00529.tif,Mask_lookalike/00529.tif,Lookalike,2048x2048,2048x2048,PASS,PASS,
Lookalike/00530.tif,Mask_lookalike/00530.tif,Lookalike,2048x2048,2048x2048,PASS,PASS,
Lookalike/00531.tif,Mask_lookalike/00531.tif,Lookalike,2048x2048,2048x2048,PASS,PASS,
Lookalike/00532.tif,Mask_lookalike/00532.tif,Lookalike,2048x2048,2048x2048,PASS,PASS,
Lookalike/00533.tif,Mask_lookalike/00533.tif,Lookalike,2048x2048,2048x2048,PASS,PASS,
Lookalike/00534.tif,Mask_lookalike/00534.tif,Lookalike,2048x2048,2048x2048,PASS,PASS,
Lookalike/00535.tif,Mask_lookalike/00535.tif,Lookalike,2048x2048,2048x2048,PASS,PASS,
Lookalike/00536.tif,Mask_lookalike/00536.tif,Lookalike,2048x2048,2048x2048,PASS,PASS,
Lookalike/00537.tif,Mask_lookalike/00537.tif,Lookalike,2048x2048,2048x2048,PASS,PASS,
Lookalike/00538.tif,Mask_lookalike/00538.tif,Lookalike,2048x2048,2048x2048,PASS,PASS,
Lookalike/00539.tif,Mask_lookalike/00539.tif,Lookalike,2048x2048,2048x2048,PASS,PASS,
Lookalike/00540.tif,Mask_lookalike/00540.tif,Lookalike,2048x2048,2048x2048,PASS,PASS,
Lookalike/00541.tif,Mask_lookalike/00541.tif,Lookalike,2048x2048,2048x2048,PASS,PASS,
Lookalike/00542.tif,Mask_lookalike/00542.tif,Lookalike,2048x2048,2048x2048,PASS,PASS,
Lookalike/00543.tif,Mask_lookalike/00543.tif,Lookalike,2048x2048,2048x2048,PASS,PASS,
Lookalike/00544.tif,Mask_lookalike/00544.tif,Lookalike,2048x2048,2048x2048,PASS,PASS,
Lookalike/00545.tif,Mask_lookalike/00545.tif,Lookalike,2048x2048,2048x2048,PASS,PASS,
Lookalike/00546.tif,Mask_lookalike/00546.tif,Lookalike,2048x2048,2048x2048,PASS,PASS,
Lookalike/00547.tif,Mask_lookalike/00547.tif,Lookalike,2048x2048,2048x2048,PASS,PASS,
Lookalike/00548.tif,Mask_lookalike/00548.tif,Lookalike,2048x2048,2048x2048,PASS,PASS,
Lookalike/00549.tif,Mask_lookalike/00549.tif,Lookalike,2048x2048,2048x2048,PASS,PASS,
Lookalike/00550.tif,Mask_lookalike/00550.tif,Lookalike,2048x2048,2048x2048,PASS,PASS,
Lookalike/00551.tif,Mask_lookalike/00551.tif,Lookalike,2048x2048,2048x2048,PASS,PASS,
Lookalike/00552.tif,Mask_lookalike/00552.tif,Lookalike,2048x2048,2048x2048,PASS,PASS,
Lookalike/00553.tif,Mask_lookalike/00553.tif,Lookalike,2048x2048,2048x2048,PASS,PASS,
Lookalike/00554.tif,Mask_lookalike/00554.tif,Lookalike,2048x2048,2048x2048,PASS,PASS,
Lookalike/00555.tif,Mask_lookalike/00555.tif,Lookalike,2048x2048,2048x2048,PASS,PASS,
Lookalike/00556.tif,Mask_lookalike/00556.tif,Lookalike,2048x2048,2048x2048,PASS,PASS,
Lookalike/00557.tif,Mask_lookalike/00557.tif,Lookalike,2048x2048,2048x2048,PASS,PASS,
Lookalike/00558.tif,Mask_lookalike/00558.tif,Lookalike,2048x2048,2048x2048,PASS,PASS,
Lookalike/00559.tif,Mask_lookalike/00559.tif,Lookalike,2048x2048,2048x2048,PASS,PASS,
Lookalike/00560.tif,Mask_lookalike/00560.tif,Lookalike,2048x2048,2048x2048,PASS,PASS,
Lookalike/00561.tif,Mask_lookalike/00561.tif,Lookalike,2048x2048,2048x2048,PASS,PASS,
Lookalike/00562.tif,Mask_lookalike/00562.tif,Lookalike,2048x2048,2048x2048,PASS,PASS,
Lookalike/00563.tif,Mask_lookalike/00563.tif,Lookalike,2048x2048,2048x2048,PASS,PASS,
Lookalike/00564.tif,Mask_lookalike/00564.tif,Lookalike,2048x2048,2048x2048,PASS,PASS,
Lookalike/00565.tif,Mask_lookalike/00565.tif,Lookalike,2048x2048,2048x2048,PASS,PASS,
Lookalike/00566.tif,Mask_lookalike/00566.tif,Lookalike,2048x2048,2048x2048,PASS,PASS,
Lookalike/00567.tif,Mask_lookalike/00567.tif,Lookalike,2048x2048,2048x2048,PASS,PASS,
Lookalike/00568.tif,Mask_lookalike/00568.tif,Lookalike,2048x2048,2048x2048,PASS,PASS,
Lookalike/00569.tif,Mask_lookalike/00569.tif,Lookalike,2048x2048,2048x2048,PASS,PASS,
Lookalike/00570.tif,Mask_lookalike/00570.tif,Lookalike,2048x2048,2048x2048,PASS,PASS,
Lookalike/00571.tif,Mask_lookalike/00571.tif,Lookalike,2048x2048,2048x2048,PASS,PASS,
Lookalike/00572.tif,Mask_lookalike/00572.tif,Lookalike,2048x2048,2048x2048,PASS,PASS,
Lookalike/00573.tif,Mask_lookalike/00573.tif,Lookalike,2048x2048,2048x2048,PASS,PASS,
Lookalike/00574.tif,Mask_lookalike/00574.tif,Lookalike,2048x2048,2048x2048,PASS,PASS,
Lookalike/00575.tif,Mask_lookalike/00575.tif,Lookalike,2048x2048,2048x2048,PASS,PASS,
Lookalike/00576.tif,Mask_lookalike/00576.tif,Lookalike,2048x2048,2048x2048,PASS,PASS,
Lookalike/00577.tif,Mask_lookalike/00577.tif,Lookalike,2048x2048,2048x2048,PASS,PASS,
Lookalike/00578.tif,Mask_lookalike/00578.tif,Lookalike,2048x2048,2048x2048,PASS,PASS,
Lookalike/00579.tif,Mask_lookalike/00579.tif,Lookalike,2048x2048,2048x2048,PASS,PASS,
Lookalike/00580.tif,Mask_lookalike/00580.tif,Lookalike,2048x2048,2048x2048,PASS,PASS,
Lookalike/00581.tif,Mask_lookalike/00581.tif,Lookalike,2048x2048,2048x2048,PASS,PASS,
Lookalike/00582.tif,Mask_lookalike/00582.tif,Lookalike,2048x2048,2048x2048,PASS,PASS,
Lookalike/00583.tif,Mask_lookalike/00583.tif,Lookalike,2048x2048,2048x2048,PASS,PASS,
Lookalike/00584.tif,Mask_lookalike/00584.tif,Lookalike,2048x2048,2048x2048,PASS,PASS,
Lookalike/00585.tif,Mask_lookalike/00585.tif,Lookalike,2048x2048,2048x2048,PASS,PASS,
Lookalike/00586.tif,Mask_lookalike/00586.tif,Lookalike,2048x2048,2048x2048,PASS,PASS,
Lookalike/00587.tif,Mask_lookalike/00587.tif,Lookalike,2048x2048,2048x2048,PASS,PASS,
Lookalike/00588.tif,Mask_lookalike/00588.tif,Lookalike,2048x2048,2048x2048,PASS,PASS,
Lookalike/00589.tif,Mask_lookalike/00589.tif,Lookalike,2048x2048,2048x2048,PASS,PASS,
Lookalike/00590.tif,Mask_lookalike/00590.tif,Lookalike,2048x2048,2048x2048,PASS,PASS,
Lookalike/00591.tif,Mask_lookalike/00591.tif,Lookalike,2048x2048,2048x2048,PASS,PASS,
Lookalike/00592.tif,Mask_lookalike/00592.tif,Lookalike,2048x2048,2048x2048,PASS,PASS,
Lookalike/00593.tif,Mask_lookalike/00593.tif,Lookalike,2048x2048,2048x2048,PASS,PASS,
Lookalike/00594.tif,Mask_lookalike/00594.tif,Lookalike,2048x2048,2048x2048,PASS,PASS,
Lookalike/00595.tif,Mask_lookalike/00595.tif,Lookalike,2048x2048,2048x2048,PASS,PASS,
Lookalike/00596.tif,Mask_lookalike/00596.tif,Lookalike,2048x2048,2048x2048,PASS,PASS,
Lookalike/00597.tif,Mask_lookalike/00597.tif,Lookalike,2048x2048,2048x2048,PASS,PASS,
Lookalike/00598.tif,Mask_lookalike/00598.tif,Lookalike,2048x2048,2048x2048,PASS,PASS,
Lookalike/00599.tif,Mask_lookalike/00599.tif,Lookalike,2048x2048,2048x2048,PASS,PASS,
Lookalike/00600.tif,Mask_lookalike/00600.tif,Lookalike,2048x2048,2048x2048,PASS,PASS,
Lookalike/00601.tif,Mask_lookalike/00601.tif,Lookalike,2048x2048,2048x2048,PASS,PASS,
Lookalike/00602.tif,Mask_lookalike/00602.tif,Lookalike,2048x2048,2048x2048,PASS,PASS,
Lookalike/00603.tif,Mask_lookalike/00603.tif,Lookalike,2048x2048,2048x2048,PASS,PASS,
Lookalike/00604.tif,Mask_lookalike/00604.tif,Lookalike,2048x2048,2048x2048,PASS,PASS,
Lookalike/00605.tif,Mask_lookalike/00605.tif,Lookalike,2048x2048,2048x2048,PASS,PASS,
Lookalike/00606.tif,Mask_lookalike/00606.tif,Lookalike,2048x2048,2048x2048,PASS,PASS,
Lookalike/00607.tif,Mask_lookalike/00607.tif,Lookalike,2048x2048,2048x2048,PASS,PASS,
Lookalike/00608.tif,Mask_lookalike/00608.tif,Lookalike,2048x2048,2048x2048,PASS,PASS,
Lookalike/00609.tif,Mask_lookalike/00609.tif,Lookalike,2048x2048,2048x2048,PASS,PASS,
Lookalike/00610.tif,Mask_lookalike/00610.tif,Lookalike,2048x2048,2048x2048,PASS,PASS,
Lookalike/00611.tif,Mask_lookalike/00611.tif,Lookalike,2048x2048,2048x2048,PASS,PASS,
Lookalike/00612.tif,Mask_lookalike/00612.tif,Lookalike,2048x2048,2048x2048,PASS,PASS,
Lookalike/00613.tif,Mask_lookalike/00613.tif,Lookalike,2048x2048,2048x2048,PASS,PASS,
Lookalike/00614.tif,Mask_lookalike/00614.tif,Lookalike,2048x2048,2048x2048,PASS,PASS,
Lookalike/00615.tif,Mask_lookalike/00615.tif,Lookalike,2048x2048,2048x2048,PASS,PASS,
Lookalike/00616.tif,Mask_lookalike/00616.tif,Lookalike,2048x2048,2048x2048,PASS,PASS,
Lookalike/00617.tif,Mask_lookalike/00617.tif,Lookalike,2048x2048,2048x2048,PASS,PASS,
Lookalike/00618.tif,Mask_lookalike/00618.tif,Lookalike,2048x2048,2048x2048,PASS,PASS,
Lookalike/00619.tif,Mask_lookalike/00619.tif,Lookalike,2048x2048,2048x2048,PASS,PASS,
Lookalike/00620.tif,Mask_lookalike/00620.tif,Lookalike,2048x2048,2048x2048,PASS,PASS,
Lookalike/00621.tif,Mask_lookalike/00621.tif,Lookalike,2048x2048,2048x2048,PASS,PASS,
Lookalike/00622.tif,Mask_lookalike/00622.tif,Lookalike,2048x2048,2048x2048,PASS,PASS,
Lookalike/00623.tif,Mask_lookalike/00623.tif,Lookalike,2048x2048,2048x2048,PASS,PASS,
Lookalike/00624.tif,Mask_lookalike/00624.tif,Lookalike,2048x2048,2048x2048,PASS,PASS,
Lookalike/00625.tif,Mask_lookalike/00625.tif,Lookalike,2048x2048,2048x2048,PASS,PASS,
Lookalike/00626.tif,Mask_lookalike/00626.tif,Lookalike,2048x2048,2048x2048,PASS,PASS,
Lookalike/00627.tif,Mask_lookalike/00627.tif,Lookalike,2048x2048,2048x2048,PASS,PASS,
Lookalike/00628.tif,Mask_lookalike/00628.tif,Lookalike,2048x2048,2048x2048,PASS,PASS,
Lookalike/00629.tif,Mask_lookalike/00629.tif,Lookalike,2048x2048,2048x2048,PASS,PASS,
Lookalike/00630.tif,Mask_lookalike/00630.tif,Lookalike,2048x2048,2048x2048,PASS,PASS,
Lookalike/00631.tif,Mask_lookalike/00631.tif,Lookalike,2048x2048,2048x2048,PASS,PASS,
Lookalike/00632.tif,Mask_lookalike/00632.tif,Lookalike,2048x2048,2048x2048,PASS,PASS,
Lookalike/00633.tif,Mask_lookalike/00633.tif,Lookalike,2048x2048,2048x2048,PASS,PASS,
Lookalike/00634.tif,Mask_lookalike/00634.tif,Lookalike,2048x2048,2048x2048,PASS,PASS,
Lookalike/00635.tif,Mask_lookalike/00635.tif,Lookalike,2048x2048,2048x2048,PASS,PASS,
Lookalike/00636.tif,Mask_lookalike/00636.tif,Lookalike,2048x2048,2048x2048,PASS,PASS,
Lookalike/00637.tif,Mask_lookalike/00637.tif,Lookalike,2048x2048,2048x2048,PASS,PASS,
Lookalike/00638.tif,Mask_lookalike/00638.tif,Lookalike,2048x2048,2048x2048,PASS,PASS,
Lookalike/00639.tif,Mask_lookalike/00639.tif,Lookalike,2048x2048,2048x2048,PASS,PASS,
Lookalike/00640.tif,Mask_lookalike/00640.tif,Lookalike,2048x2048,2048x2048,PASS,PASS,
Lookalike/00641.tif,Mask_lookalike/00641.tif,Lookalike,2048x2048,2048x2048,PASS,PASS,
Lookalike/00642.tif,Mask_lookalike/00642.tif,Lookalike,2048x2048,2048x2048,PASS,PASS,
Lookalike/00643.tif,Mask_lookalike/00643.tif,Lookalike,2048x2048,2048x2048,PASS,PASS,
Lookalike/00644.tif,Mask_lookalike/00644.tif,Lookalike,2048x2048,2048x2048,PASS,PASS,
Lookalike/00645.tif,Mask_lookalike/00645.tif,Lookalike,2048x2048,2048x2048,PASS,PASS,
Lookalike/00646.tif,Mask_lookalike/00646.tif,Lookalike,2048x2048,2048x2048,PASS,PASS,
Lookalike/00647.tif,Mask_lookalike/00647.tif,Lookalike,2048x2048,2048x2048,PASS,PASS,
Lookalike/00648.tif,Mask_lookalike/00648.tif,Lookalike,2048x2048,2048x2048,PASS,PASS,
Lookalike/00649.tif,Mask_lookalike/00649.tif,Lookalike,2048x2048,2048x2048,PASS,PASS,
Lookalike/00650.tif,Mask_lookalike/00650.tif,Lookalike,2048x2048,2048x2048,PASS,PASS,
Lookalike/00651.tif,Mask_lookalike/00651.tif,Lookalike,2048x2048,2048x2048,PASS,PASS,
Lookalike/00652.tif,Mask_lookalike/00652.tif,Lookalike,2048x2048,2048x2048,PASS,PASS,
Lookalike/00653.tif,Mask_lookalike/00653.tif,Lookalike,2048x2048,2048x2048,PASS,PASS,
Lookalike/00654.tif,Mask_lookalike/00654.tif,Lookalike,2048x2048,2048x2048,PASS,PASS,
Lookalike/00655.tif,Mask_lookalike/00655.tif,Lookalike,2048x2048,2048x2048,PASS,PASS,
Lookalike/00656.tif,Mask_lookalike/00656.tif,Lookalike,2048x2048,2048x2048,PASS,PASS,
Lookalike/00657.tif,Mask_lookalike/00657.tif,Lookalike,2048x2048,2048x2048,PASS,PASS,
Lookalike/00658.tif,Mask_lookalike/00658.tif,Lookalike,2048x2048,2048x2048,PASS,PASS,
Lookalike/00659.tif,Mask_lookalike/00659.tif,Lookalike,2048x2048,2048x2048,PASS,PASS,
Lookalike/00660.tif,Mask_lookalike/00660.tif,Lookalike,2048x2048,2048x2048,PASS,PASS,
Lookalike/00661.tif,Mask_lookalike/00661.tif,Lookalike,2048x2048,2048x2048,PASS,PASS,
Lookalike/00662.tif,Mask_lookalike/00662.tif,Lookalike,2048x2048,2048x2048,PASS,PASS,
Lookalike/00663.tif,Mask_lookalike/00663.tif,Lookalike,2048x2048,2048x2048,PASS,PASS,
Lookalike/00664.tif,Mask_lookalike/00664.tif,Lookalike,2048x2048,2048x2048,PASS,PASS,
Lookalike/00665.tif,Mask_lookalike/00665.tif,Lookalike,2048x2048,2048x2048,PASS,PASS,
Lookalike/00666.tif,Mask_lookalike/00666.tif,Lookalike,2048x2048,2048x2048,PASS,PASS,
Lookalike/00667.tif,Mask_lookalike/00667.tif,Lookalike,2048x2048,2048x2048,PASS,PASS,
Lookalike/00668.tif,Mask_lookalike/00668.tif,Lookalike,2048x2048,2048x2048,PASS,PASS,
Lookalike/00669.tif,Mask_lookalike/00669.tif,Lookalike,2048x2048,2048x2048,PASS,PASS,
Lookalike/00670.tif,Mask_lookalike/00670.tif,Lookalike,2048x2048,2048x2048,PASS,PASS,
Lookalike/00671.tif,Mask_lookalike/00671.tif,Lookalike,2048x2048,2048x2048,PASS,PASS,
Lookalike/00672.tif,Mask_lookalike/00672.tif,Lookalike,2048x2048,2048x2048,PASS,PASS,
Lookalike/00673.tif,Mask_lookalike/00673.tif,Lookalike,2048x2048,2048x2048,PASS,PASS,
Lookalike/00674.tif,Mask_lookalike/00674.tif,Lookalike,2048x2048,2048x2048,PASS,PASS,
Lookalike/00675.tif,Mask_lookalike/00675.tif,Lookalike,2048x2048,2048x2048,PASS,PASS,
Lookalike/00676.tif,Mask_lookalike/00676.tif,Lookalike,2048x2048,2048x2048,PASS,PASS,
Lookalike/00677.tif,Mask_lookalike/00677.tif,Lookalike,2048x2048,2048x2048,PASS,PASS,
Lookalike/00678.tif,Mask_lookalike/00678.tif,Lookalike,2048x2048,2048x2048,PASS,PASS,
Lookalike/00679.tif,Mask_lookalike/00679.tif,Lookalike,2048x2048,2048x2048,PASS,PASS,
Lookalike/00680.tif,Mask_lookalike/00680.tif,Lookalike,2048x2048,2048x2048,PASS,PASS,
Lookalike/00681.tif,Mask_lookalike/00681.tif,Lookalike,2048x2048,2048x2048,PASS,PASS,
Lookalike/00682.tif,Mask_lookalike/00682.tif,Lookalike,2048x2048,2048x2048,PASS,PASS,
Lookalike/00683.tif,Mask_lookalike/00683.tif,Lookalike,2048x2048,2048x2048,PASS,PASS,
Lookalike/00684.tif,Mask_lookalike/00684.tif,Lookalike,2048x2048,2048x2048,PASS,PASS,
,,Lookalike,,,,,"nested Mask/Lookalike: 150 files (*_segmentation.tif), not filename-matched to flat image IDs (separate subset); examples: ['00000_segmentation.tif', '00001_segmentation.tif', '00002_segmentation.tif']"
