file,ok,width,height,bands,dtypes,crs,nodata,compression,band,min,max,mean,std,median_s4,P1_s4,P5_s4,P25_s4,P50_s4,P75_s4,P95_s4,P99_s4,nan,posinf,neginf,constant,mask_fg,mask_fg_pct,mask_empty,error
Mask_oil/00000.tif,True,2048,2048,1,uint8,,,,1,0.0,1.0,0.003466367721557617,0.05877373577012576,0.0,0.0,0.0,0.0,0.0,0.0,0.0,0.0,0,0,0,False,14539,0.3466367721557617,False,
Mask_oil/00001.tif,True,2048,2048,1,uint8,,,,1,0.0,1.0,0.013405084609985352,0.11500168832058287,0.0,0.0,0.0,0.0,0.0,0.0,0.0,1.0,0,0,0,False,56225,1.3405084609985352,False,
Mask_oil/00002.tif,True,2048,2048,1,uint8,,,,1,0.0,1.0,0.0038895606994628906,0.06224493567374043,0.0,0.0,0.0,0.0,0.0,0.0,0.0,0.0,0,0,0,False,16314,0.38895606994628906,False,
Mask_oil/00003.tif,True,2048,2048,1,uint8,,,,1,0.0,1.0,0.005910634994506836,0.07665311075532778,0.0,0.0,0.0,0.0,0.0,0.0,0.0,0.0,0,0,0,False,24791,0.5910634994506836,False,
Mask_oil/00004.tif,True,2048,2048,1,uint8,,,,1,0.0,1.0,0.010502099990844727,0.1019402074091819,0.0,0.0,0.0,0.0,0.0,0.0,0.0,1.0,0,0,0,False,44049,1.0502099990844727,False,
Mask_oil/00005.tif,True,2048,2048,1,uint8,,,,1,0.0,1.0,0.013239383697509766,0.11429830452294504,0.0,0.0,0.0,0.0,0.0,0.0,0.0,1.0,0,0,0,False,55530,1.3239383697509766,False,
Mask_oil/00006.tif,True,2048,2048,1,uint8,,,,1,0.0,1.0,0.021309375762939453,0.1444135944692649,0.0,0.0,0.0,0.0,0.0,0.0,0.0,1.0,0,0,0,False,89378,2.1309375762939453,False,
Mask_oil/00007.tif,True,2048,2048,1,uint8,,,,1,0.0,1.0,0.01687335968017578,0.1287969309156053,0.0,0.0,0.0,0.0,0.0,0.0,0.0,1.0,0,0,0,False,70772,1.6873359680175781,False,
Mask_oil/00008.tif,True,2048,2048,1,uint8,,,,1,0.0,1.0,0.023972749710083008,0.15296423432103573,0.0,0.0,0.0,0.0,0.0,0.0,0.0,1.0,0,0,0,False,100549,2.397274971008301,False,
Mask_oil/00009.tif,True,2048,2048,1,uint8,,,,1,0.0,1.0,0.010726690292358398,0.10301275847063908,0.0,0.0,0.0,0.0,0.0,0.0,0.0,1.0,0,0,0,False,44991,1.0726690292358398,False,
Mask_oil/00010.tif,True,2048,2048,1,uint8,,,,1,0.0,1.0,0.014905929565429688,0.12117649454089739,0.0,0.0,0.0,0.0,0.0,0.0,0.0,1.0,0,0,0,False,62520,1.4905929565429688,False,
Mask_oil/00011.tif,True,2048,2048,1,uint8,,,,1,0.0,1.0,0.011913061141967773,0.10849488520753184,0.0,0.0,0.0,0.0,0.0,0.0,0.0,1.0,0,0,0,False,49967,1.1913061141967773,False,
Mask_oil/00012.tif,True,2048,2048,1,uint8,,,,1,0.0,1.0,0.04009199142456055,0.19617498221784935,0.0,0.0,0.0,0.0,0.0,0.0,0.0,1.0,0,0,0,False,168158,4.009199142456055,False,
Mask_oil/00013.tif,True,2048,2048,1,uint8,,,,1,0.0,1.0,0.040340423583984375,0.1967563818762916,0.0,0.0,0.0,0.0,0.0,0.0,0.0,1.0,0,0,0,False,169200,4.0340423583984375,False,
Mask_oil/00014.tif,True,2048,2048,1,uint8,,,,1,0.0,1.0,0.007345438003540039,0.08539017826469382,0.0,0.0,0.0,0.0,0.0,0.0,0.0,0.0,0,0,0,False,30809,0.7345438003540039,False,
Mask_oil/00015.tif,True,2048,2048,1,uint8,,,,1,0.0,1.0,0.016528606414794922,0.12749671205478094,0.0,0.0,0.0,0.0,0.0,0.0,0.0,1.0,0,0,0,False,69326,1.6528606414794922,False,
Mask_oil/00016.tif,True,2048,2048,1,uint8,,,,1,0.0,1.0,0.019146442413330078,0.13703961528055716,0.0,0.0,0.0,0.0,0.0,0.0,0.0,1.0,0,0,0,False,80306,1.9146442413330078,False,
Mask_oil/00017.tif,True,2048,2048,1,uint8,,,,1,0.0,1.0,0.02042388916015625,0.14144523290563701,0.0,0.0,0.0,0.0,0.0,0.0,0.0,1.0,0,0,0,False,85664,2.042388916015625,False,
Mask_oil/00018.tif,True,2048,2048,1,uint8,,,,1,0.0,1.0,0.03060603141784668,0.17224779318962685,0.0,0.0,0.0,0.0,0.0,0.0,0.0,1.0,0,0,0,False,128371,3.060603141784668,False,
Mask_oil/00019.tif,True,2048,2048,1,uint8,,,,1,0.0,1.0,0.02113938331604004,0.14384891306178704,0.0,0.0,0.0,0.0,0.0,0.0,0.0,1.0,0,0,0,False,88665,2.113938331604004,False,
Mask_oil/00020.tif,True,2048,2048,1,uint8,,,,1,0.0,1.0,0.019748449325561523,0.13913464009655271,0.0,0.0,0.0,0.0,0.0,0.0,0.0,1.0,0,0,0,False,82831,1.9748449325561523,False,
Mask_oil/00021.tif,True,2048,2048,1,uint8,,,,1,0.0,1.0,0.023926973342895508,0.15282170424891836,0.0,0.0,0.0,0.0,0.0,0.0,0.0,1.0,0,0,0,False,100357,2.392697334289551,False,
Mask_oil/00022.tif,True,2048,2048,1,uint8,,,,1,0.0,1.0,0.007962226867675781,0.08887536110184556,0.0,0.0,0.0,0.0,0.0,0.0,0.0,0.0,0,0,0,False,33396,0.7962226867675781,False,
Mask_oil/00023.tif,True,2048,2048,1,uint8,,,,1,0.0,1.0,0.007931232452392578,0.08870359634298201,0.0,0.0,0.0,0.0,0.0,0.0,0.0,0.0,0,0,0,False,33266,0.7931232452392578,False,
Mask_oil/00024.tif,True,2048,2048,1,uint8,,,,1,0.0,1.0,0.007931709289550781,0.08870624147880934,0.0,0.0,0.0,0.0,0.0,0.0,0.0,0.0,0,0,0,False,33268,0.7931709289550781,False,
Mask_oil/00025.tif,True,2048,2048,1,uint8,,,,1,0.0,1.0,0.024301528930664062,0.15398365050321466,0.0,0.0,0.0,0.0,0.0,0.0,0.0,1.0,0,0,0,False,101928,2.4301528930664062,False,
Mask_oil/00026.tif,True,2048,2048,1,uint8,,,,1,0.0,1.0,0.03553438186645508,0.1851261450250181,0.0,0.0,0.0,0.0,0.0,0.0,0.0,1.0,0,0,0,False,149042,3.553438186645508,False,
Mask_oil/00027.tif,True,2048,2048,1,uint8,,,,1,0.0,1.0,0.010842323303222656,0.10356045253189584,0.0,0.0,0.0,0.0,0.0,0.0,0.0,1.0,0,0,0,False,45476,1.0842323303222656,False,
Mask_oil/00028.tif,True,2048,2048,1,uint8,,,,1,0.0,1.0,0.023548126220703125,0.15163644671449195,0.0,0.0,0.0,0.0,0.0,0.0,0.0,1.0,0,0,0,False,98768,2.3548126220703125,False,
Mask_oil/00029.tif,True,2048,2048,1,uint8,,,,1,0.0,1.0,0.003870725631713867,0.06209463032177469,0.0,0.0,0.0,0.0,0.0,0.0,0.0,0.0,0,0,0,False,16235,0.3870725631713867,False,
Mask_oil/00030.tif,True,2048,2048,1,uint8,,,,1,0.0,1.0,0.003605365753173828,0.059936358672842895,0.0,0.0,0.0,0.0,0.0,0.0,0.0,0.0,0,0,0,False,15122,0.3605365753173828,False,
Mask_oil/00031.tif,True,2048,2048,1,uint8,,,,1,0.0,1.0,0.0035381317138671875,0.05937687544694917,0.0,0.0,0.0,0.0,0.0,0.0,0.0,0.0,0,0,0,False,14840,0.35381317138671875,False,
Mask_oil/00032.tif,True,2048,2048,1,uint8,,,,1,0.0,1.0,0.002999544143676758,0.05468589286650527,0.0,0.0,0.0,0.0,0.0,0.0,0.0,0.0,0,0,0,False,12581,0.2999544143676758,False,
Mask_oil/00036.tif,True,2048,2048,1,uint8,,,,1,0.0,1.0,0.0030388832092285156,0.055042241942613354,0.0,0.0,0.0,0.0,0.0,0.0,0.0,0.0,0,0,0,False,12746,0.30388832092285156,False,
Mask_oil/00037.tif,True,2048,2048,1,uint8,,,,1,0.0,1.0,0.0030388832092285156,0.055042241942613354,0.0,0.0,0.0,0.0,0.0,0.0,0.0,0.0,0,0,0,False,12746,0.30388832092285156,False,
Mask_oil/00038.tif,True,2048,2048,1,uint8,,,,1,0.0,1.0,0.0030388832092285156,0.055042241942613354,0.0,0.0,0.0,0.0,0.0,0.0,0.0,0.0,0,0,0,False,12746,0.30388832092285156,False,
Mask_oil/00039.tif,True,2048,2048,1,uint8,,,,1,0.0,1.0,0.14350056648254395,0.35058259212592535,0.0,0.0,0.0,0.0,0.0,0.0,1.0,1.0,0,0,0,False,601885,14.350056648254395,False,
Mask_oil/00040.tif,True,2048,2048,1,uint8,,,,1,0.0,1.0,0.2624390125274658,0.4399599723055206,0.0,0.0,0.0,0.0,0.0,1.0,1.0,1.0,0,0,0,False,1100749,26.243901252746582,False,
Mask_oil/00041.tif,True,2048,2048,1,uint8,,,,1,0.0,1.0,0.325913667678833,0.4687152108679259,0.0,0.0,0.0,0.0,0.0,1.0,1.0,1.0,0,0,0,False,1366981,32.5913667678833,False,
Mask_oil/00042.tif,True,2048,2048,1,uint8,,,,1,0.0,1.0,0.3184826374053955,0.4658878052457468,0.0,0.0,0.0,0.0,0.0,1.0,1.0,1.0,0,0,0,False,1335813,31.84826374053955,False,
Mask_oil/00043.tif,True,2048,2048,1,uint8,,,,1,0.0,1.0,0.2486858367919922,0.4322513058060771,0.0,0.0,0.0,0.0,0.0,0.0,1.0,1.0,0,0,0,False,1043064,24.86858367919922,False,
Mask_oil/00045.tif,True,2048,2048,1,uint8,,,,1,0.0,1.0,0.007131338119506836,0.08414560081271097,0.0,0.0,0.0,0.0,0.0,0.0,0.0,0.0,0,0,0,False,29911,0.7131338119506836,False,
Mask_oil/00046.tif,True,2048,2048,1,uint8,,,,1,0.0,1.0,0.0162813663482666,0.1265554560582045,0.0,0.0,0.0,0.0,0.0,0.0,0.0,1.0,0,0,0,False,68289,1.6281366348266602,False,
Mask_oil/00047.tif,True,2048,2048,1,uint8,,,,1,0.0,1.0,0.008329153060913086,0.09088332228853085,0.0,0.0,0.0,0.0,0.0,0.0,0.0,0.0,0,0,0,False,34935,0.8329153060913086,False,
Mask_oil/00048.tif,True,2048,2048,1,uint8,,,,1,0.0,1.0,0.012095928192138672,0.10931430241880198,0.0,0.0,0.0,0.0,0.0,0.0,0.0,1.0,0,0,0,False,50734,1.2095928192138672,False,
Mask_oil/00050.tif,True,2048,2048,1,uint8,,,,1,0.0,1.0,0.03280138969421387,0.178116418469332,0.0,0.0,0.0,0.0,0.0,0.0,0.0,1.0,0,0,0,False,137579,3.2801389694213867,False,
Mask_oil/00051.tif,True,2048,2048,1,uint8,,,,1,0.0,1.0,0.3183414936065674,0.4658327887288605,0.0,0.0,0.0,0.0,0.0,1.0,1.0,1.0,0,0,0,False,1335221,31.83414936065674,False,
Mask_oil/00052.tif,True,2048,2048,1,uint8,,,,1,0.0,1.0,0.49419641494750977,0.49996631726601193,0.0,0.0,0.0,0.0,0.0,1.0,1.0,1.0,0,0,0,False,2072810,49.41964149475098,False,
Mask_oil/00053.tif,True,2048,2048,1,uint8,,,,1,0.0,1.0,0.5737400054931641,0.4945325182329956,1.0,0.0,0.0,0.0,1.0,1.0,1.0,1.0,0,0,0,False,2406440,57.374000549316406,False,
Mask_oil/00054.tif,True,2048,2048,1,uint8,,,,1,0.0,1.0,0.26168298721313477,0.4395509087879868,0.0,0.0,0.0,0.0,0.0,1.0,1.0,1.0,0,0,0,False,1097578,26.168298721313477,False,
Mask_oil/00055.tif,True,2048,2048,1,uint8,,,,1,0.0,1.0,0.2402637004852295,0.42724355432747424,0.0,0.0,0.0,0.0,0.0,0.0,1.0,1.0,0,0,0,False,1007739,24.02637004852295,False,
Mask_oil/00056.tif,True,2048,2048,1,uint8,,,,1,0.0,1.0,0.3696877956390381,0.4827201356838006,0.0,0.0,0.0,0.0,0.0,1.0,1.0,1.0,0,0,0,False,1550583,36.96877956390381,False,
Mask_oil/00057.tif,True,2048,2048,1,uint8,,,,1,0.0,1.0,0.4971616268157959,0.49999194357276117,0.0,0.0,0.0,0.0,0.0,1.0,1.0,1.0,0,0,0,False,2085247,49.71616268157959,False,
Mask_oil/00058.tif,True,2048,2048,1,uint8,,,,1,0.0,1.0,0.31612348556518555,0.46496174836141463,0.0,0.0,0.0,0.0,0.0,1.0,1.0,1.0,0,0,0,False,1325918,31.612348556518555,False,
Mask_oil/00059.tif,True,2048,2048,1,uint8,,,,1,0.0,1.0,0.13645291328430176,0.343268868003681,0.0,0.0,0.0,0.0,0.0,0.0,1.0,1.0,0,0,0,False,572325,13.645291328430176,False,
Mask_oil/00061.tif,True,2048,2048,1,uint8,,,,1,0.0,1.0,0.005462646484375,0.07370757069502254,0.0,0.0,0.0,0.0,0.0,0.0,0.0,0.0,0,0,0,False,22912,0.5462646484375,False,
Mask_oil/00062.tif,True,2048,2048,1,uint8,,,,1,0.0,1.0,0.005760669708251953,0.07568014530089369,0.0,0.0,0.0,0.0,0.0,0.0,0.0,0.0,0,0,0,False,24162,0.5760669708251953,False,
Mask_oil/00064.tif,True,2048,2048,1,uint8,,,,1,0.0,1.0,0.012545585632324219,0.11130226373918115,0.0,0.0,0.0,0.0,0.0,0.0,0.0,1.0,0,0,0,False,52620,1.2545585632324219,False,
Mask_oil/00065.tif,True,2048,2048,1,uint8,,,,1,0.0,1.0,0.0070116519927978516,0.08344152880388606,0.0,0.0,0.0,0.0,0.0,0.0,0.0,0.0,0,0,0,False,29409,0.7011651992797852,False,
Mask_oil/00067.tif,True,2048,2048,1,uint8,,,,1,0.0,1.0,0.010564327239990234,0.10223855549623456,0.0,0.0,0.0,0.0,0.0,0.0,0.0,1.0,0,0,0,False,44310,1.0564327239990234,False,
Mask_oil/00069.tif,True,2048,2048,1,uint8,,,,1,0.0,1.0,0.01254582405090332,0.11130330790136965,0.0,0.0,0.0,0.0,0.0,0.0,0.0,1.0,0,0,0,False,52621,1.254582405090332,False,
Mask_oil/00073.tif,True,2048,2048,1,uint8,,,,1,0.0,1.0,0.042916059494018555,0.20266788431205476,0.0,0.0,0.0,0.0,0.0,0.0,0.0,1.0,0,0,0,False,180003,4.2916059494018555,False,
Mask_oil/00074.tif,True,2048,2048,1,uint8,,,,1,0.0,1.0,0.05447673797607422,0.226955993522005,0.0,0.0,0.0,0.0,0.0,0.0,1.0,1.0,0,0,0,False,228492,5.447673797607422,False,
Mask_oil/00075.tif,True,2048,2048,1,uint8,,,,1,0.0,1.0,0.05880546569824219,0.23526024505269702,0.0,0.0,0.0,0.0,0.0,0.0,1.0,1.0,0,0,0,False,246648,5.880546569824219,False,
Mask_oil/00076.tif,True,2048,2048,1,uint8,,,,1,0.0,1.0,0.049758195877075195,0.21744497653460246,0.0,0.0,0.0,0.0,0.0,0.0,0.0,1.0,0,0,0,False,208701,4.9758195877075195,False,
Mask_oil/00077.tif,True,2048,2048,1,uint8,,,,1,0.0,1.0,0.03693103790283203,0.18859251401434685,0.0,0.0,0.0,0.0,0.0,0.0,0.0,1.0,0,0,0,False,154900,3.693103790283203,False,
Mask_oil/00078.tif,True,2048,2048,1,uint8,,,,1,0.0,1.0,0.03942275047302246,0.19459855399813294,0.0,0.0,0.0,0.0,0.0,0.0,0.0,1.0,0,0,0,False,165351,3.942275047302246,False,
Mask_oil/00079.tif,True,2048,2048,1,uint8,,,,1,0.0,1.0,0.041552066802978516,0.19956325450187298,0.0,0.0,0.0,0.0,0.0,0.0,0.0,1.0,0,0,0,False,174282,4.155206680297852,False,
Mask_oil/00080.tif,True,2048,2048,1,uint8,,,,1,0.0,1.0,0.030630826950073242,0.17231534867918152,0.0,0.0,0.0,0.0,0.0,0.0,0.0,1.0,0,0,0,False,128475,3.063082695007324,False,
Mask_oil/00082.tif,True,2048,2048,1,uint8,,,,1,0.0,1.0,0.007360696792602539,0.08547816642470701,0.0,0.0,0.0,0.0,0.0,0.0,0.0,0.0,0,0,0,False,30873,0.7360696792602539,False,
Mask_oil/00084.tif,True,2048,2048,1,uint8,,,,1,0.0,1.0,0.014621973037719727,0.12003404076429287,0.0,0.0,0.0,0.0,0.0,0.0,0.0,1.0,0,0,0,False,61329,1.4621973037719727,False,
Mask_oil/00085.tif,True,2048,2048,1,uint8,,,,1,0.0,1.0,0.05235004425048828,0.2227319400478077,0.0,0.0,0.0,0.0,0.0,0.0,1.0,1.0,0,0,0,False,219572,5.235004425048828,False,
Mask_oil/00086.tif,True,2048,2048,1,uint8,,,,1,0.0,1.0,0.049683332443237305,0.217289896038845,0.0,0.0,0.0,0.0,0.0,0.0,0.0,1.0,0,0,0,False,208387,4.9683332443237305,False,
Mask_oil/00087.tif,True,2048,2048,1,uint8,,,,1,0.0,1.0,0.007670402526855469,0.08724429753245468,0.0,0.0,0.0,0.0,0.0,0.0,0.0,0.0,0,0,0,False,32172,0.7670402526855469,False,
Mask_oil/00088.tif,True,2048,2048,1,uint8,,,,1,0.0,1.0,0.03538870811462402,0.1847602431601614,0.0,0.0,0.0,0.0,0.0,0.0,0.0,1.0,0,0,0,False,148431,3.5388708114624023,False,
Mask_oil/00089.tif,True,2048,2048,1,uint8,,,,1,0.0,1.0,0.15413975715637207,0.3610826670170513,0.0,0.0,0.0,0.0,0.0,0.0,1.0,1.0,0,0,0,False,646509,15.413975715637207,False,
Mask_oil/00090.tif,True,2048,2048,1,uint8,,,,1,0.0,1.0,0.10420680046081543,0.30552862909805234,0.0,0.0,0.0,0.0,0.0,0.0,1.0,1.0,0,0,0,False,437075,10.420680046081543,False,
Mask_oil/00091.tif,True,2048,2048,1,uint8,,,,1,0.0,1.0,0.07243752479553223,0.25921097545634303,0.0,0.0,0.0,0.0,0.0,0.0,1.0,1.0,0,0,0,False,303825,7.243752479553223,False,
Mask_oil/00092.tif,True,2048,2048,1,uint8,,,,1,0.0,1.0,0.0909416675567627,0.2875261390878366,0.0,0.0,0.0,0.0,0.0,0.0,1.0,1.0,0,0,0,False,381437,9.09416675567627,False,
Mask_oil/00093.tif,True,2048,2048,1,uint8,,,,1,0.0,1.0,0.013475418090820312,0.11529887769661032,0.0,0.0,0.0,0.0,0.0,0.0,0.0,1.0,0,0,0,False,56520,1.3475418090820312,False,
Mask_oil/00094.tif,True,2048,2048,1,uint8,,,,1,0.0,1.0,0.013226747512817383,0.11424447760416939,0.0,0.0,0.0,0.0,0.0,0.0,0.0,1.0,0,0,0,False,55477,1.3226747512817383,False,
Mask_oil/00095.tif,True,2048,2048,1,uint8,,,,1,0.0,1.0,0.01347494125366211,0.11529686557696382,0.0,0.0,0.0,0.0,0.0,0.0,0.0,1.0,0,0,0,False,56518,1.347494125366211,False,
Mask_oil/00096.tif,True,2048,2048,1,uint8,,,,1,0.0,1.0,0.005061626434326172,0.07096482489350271,0.0,0.0,0.0,0.0,0.0,0.0,0.0,0.0,0,0,0,False,21230,0.5061626434326172,False,
Mask_oil/00097.tif,True,2048,2048,1,uint8,,,,1,0.0,1.0,0.020029783248901367,0.14010207361742866,0.0,0.0,0.0,0.0,0.0,0.0,0.0,1.0,0,0,0,False,84011,2.0029783248901367,False,
Mask_oil/00098.tif,True,2048,2048,1,uint8,,,,1,0.0,1.0,0.014115333557128906,0.11796648217057207,0.0,0.0,0.0,0.0,0.0,0.0,0.0,1.0,0,0,0,False,59204,1.4115333557128906,False,
Mask_oil/00099.tif,True,2048,2048,1,uint8,,,,1,0.0,1.0,0.01484537124633789,0.12093380916392361,0.0,0.0,0.0,0.0,0.0,0.0,0.0,1.0,0,0,0,False,62266,1.484537124633789,False,
Mask_oil/00100.tif,True,2048,2048,1,uint8,,,,1,0.0,1.0,0.02272963523864746,0.14904025939512283,0.0,0.0,0.0,0.0,0.0,0.0,0.0,1.0,0,0,0,False,95335,2.272963523864746,False,
Mask_oil/00101.tif,True,2048,2048,1,uint8,,,,1,0.0,1.0,0.019906044006347656,0.1396774620988118,0.0,0.0,0.0,0.0,0.0,0.0,0.0,1.0,0,0,0,False,83492,1.9906044006347656,False,
Mask_oil/00102.tif,True,2048,2048,1,uint8,,,,1,0.0,1.0,0.0428318977355957,0.20247796490473519,0.0,0.0,0.0,0.0,0.0,0.0,0.0,1.0,0,0,0,False,179650,4.28318977355957,False,
Mask_oil/00103.tif,True,2048,2048,1,uint8,,,,1,0.0,1.0,0.009045839309692383,0.09467846693348814,0.0,0.0,0.0,0.0,0.0,0.0,0.0,0.0,0,0,0,False,37941,0.9045839309692383,False,
Mask_oil/00104.tif,True,2048,2048,1,uint8,,,,1,0.0,1.0,0.011852025985717773,0.10821994024093547,0.0,0.0,0.0,0.0,0.0,0.0,0.0,1.0,0,0,0,False,49711,1.1852025985717773,False,
Mask_oil/00108.tif,True,2048,2048,1,uint8,,,,1,0.0,1.0,0.006321430206298828,0.0792557236194694,0.0,0.0,0.0,0.0,0.0,0.0,0.0,0.0,0,0,0,False,26514,0.6321430206298828,False,
Mask_oil/00111.tif,True,2048,2048,1,uint8,,,,1,0.0,1.0,0.008270025253295898,0.0905628617900613,0.0,0.0,0.0,0.0,0.0,0.0,0.0,0.0,0,0,0,False,34687,0.8270025253295898,False,
Mask_oil/00112.tif,True,2048,2048,1,uint8,,,,1,0.0,1.0,0.016735076904296875,0.12827709891209788,0.0,0.0,0.0,0.0,0.0,0.0,0.0,1.0,0,0,0,False,70192,1.6735076904296875,False,
Mask_oil/00113.tif,True,2048,2048,1,uint8,,,,1,0.0,1.0,0.005633115768432617,0.074842392901163,0.0,0.0,0.0,0.0,0.0,0.0,0.0,0.0,0,0,0,False,23627,0.5633115768432617,False,
Mask_oil/00114.tif,True,2048,2048,1,uint8,,,,1,0.0,1.0,0.012073755264282227,0.10921529058744679,0.0,0.0,0.0,0.0,0.0,0.0,0.0,1.0,0,0,0,False,50641,1.2073755264282227,False,
Mask_oil/00115.tif,True,2048,2048,1,uint8,,,,1,0.0,1.0,0.00436091423034668,0.06589306987401816,0.0,0.0,0.0,0.0,0.0,0.0,0.0,0.0,0,0,0,False,18291,0.43609142303466797,False,
Mask_oil/00116.tif,True,2048,2048,1,uint8,,,,1,0.0,1.0,0.008107185363769531,0.08967418195471322,0.0,0.0,0.0,0.0,0.0,0.0,0.0,0.0,0,0,0,False,34004,0.8107185363769531,False,
Mask_oil/00117.tif,True,2048,2048,1,uint8,,,,1,0.0,1.0,0.006039619445800781,0.07747994864963893,0.0,0.0,0.0,0.0,0.0,0.0,0.0,0.0,0,0,0,False,25332,0.6039619445800781,False,
Mask_oil/00118.tif,True,2048,2048,1,uint8,,,,1,0.0,1.0,0.0035445690155029297,0.05943067428523141,0.0,0.0,0.0,0.0,0.0,0.0,0.0,0.0,0,0,0,False,14867,0.35445690155029297,False,
Mask_oil/00119.tif,True,2048,2048,1,uint8,,,,1,0.0,1.0,0.011382579803466797,0.10608023699296917,0.0,0.0,0.0,0.0,0.0,0.0,0.0,1.0,0,0,0,False,47742,1.1382579803466797,False,
Mask_oil/00121.tif,True,2048,2048,1,uint8,,,,1,0.0,1.0,0.008178472518920898,0.09006433870394072,0.0,0.0,0.0,0.0,0.0,0.0,0.0,0.0,0,0,0,False,34303,0.8178472518920898,False,
Mask_oil/00123.tif,True,2048,2048,1,uint8,,,,1,0.0,1.0,0.006254673004150391,0.07883877262972543,0.0,0.0,0.0,0.0,0.0,0.0,0.0,0.0,0,0,0,False,26234,0.6254673004150391,False,
Mask_oil/00126.tif,True,2048,2048,1,uint8,,,,1,0.0,1.0,0.014043569564819336,0.1176705048799291,0.0,0.0,0.0,0.0,0.0,0.0,0.0,1.0,0,0,0,False,58903,1.4043569564819336,False,
Mask_oil/00127.tif,True,2048,2048,1,uint8,,,,1,0.0,1.0,0.031948089599609375,0.17586190369305316,0.0,0.0,0.0,0.0,0.0,0.0,0.0,1.0,0,0,0,False,134000,3.1948089599609375,False,
Mask_oil/00130.tif,True,2048,2048,1,uint8,,,,1,0.0,1.0,0.005893707275390625,0.07654391869993744,0.0,0.0,0.0,0.0,0.0,0.0,0.0,0.0,0,0,0,False,24720,0.5893707275390625,False,
Mask_oil/00131.tif,True,2048,2048,1,uint8,,,,1,0.0,1.0,0.03536081314086914,0.1846900810408769,0.0,0.0,0.0,0.0,0.0,0.0,0.0,1.0,0,0,0,False,148314,3.536081314086914,False,
Mask_oil/00132.tif,True,2048,2048,1,uint8,,,,1,0.0,1.0,0.004387378692626953,0.06609182703507625,0.0,0.0,0.0,0.0,0.0,0.0,0.0,0.0,0,0,0,False,18402,0.4387378692626953,False,
Mask_oil/00133.tif,True,2048,2048,1,uint8,,,,1,0.0,1.0,0.02671504020690918,0.16124933126575255,0.0,0.0,0.0,0.0,0.0,0.0,0.0,1.0,0,0,0,False,112051,2.671504020690918,False,
Mask_oil/00134.tif,True,2048,2048,1,uint8,,,,1,0.0,1.0,0.15634584426879883,0.36318290329897873,0.0,0.0,0.0,0.0,0.0,0.0,1.0,1.0,0,0,0,False,655762,15.634584426879883,False,
Mask_oil/00135.tif,True,2048,2048,1,uint8,,,,1,0.0,1.0,0.0046596527099609375,0.0681024254089639,0.0,0.0,0.0,0.0,0.0,0.0,0.0,0.0,0,0,0,False,19544,0.46596527099609375,False,
Mask_oil/00140.tif,True,2048,2048,1,uint8,,,,1,0.0,1.0,0.023017168045043945,0.14995792083191256,0.0,0.0,0.0,0.0,0.0,0.0,0.0,1.0,0,0,0,False,96541,2.3017168045043945,False,
Mask_oil/00142.tif,True,2048,2048,1,uint8,,,,1,0.0,1.0,0.024257183074951172,0.15384658639118215,0.0,0.0,0.0,0.0,0.0,0.0,0.0,1.0,0,0,0,False,101742,2.425718307495117,False,
Mask_oil/00143.tif,True,2048,2048,1,uint8,,,,1,0.0,1.0,0.017739295959472656,0.13200232323082384,0.0,0.0,0.0,0.0,0.0,0.0,0.0,1.0,0,0,0,False,74404,1.7739295959472656,False,
Mask_oil/00145.tif,True,2048,2048,1,uint8,,,,1,0.0,1.0,0.00951075553894043,0.09705823544665823,0.0,0.0,0.0,0.0,0.0,0.0,0.0,0.0,0,0,0,False,39891,0.951075553894043,False,
Mask_oil/00146.tif,True,2048,2048,1,uint8,,,,1,0.0,1.0,0.015233993530273438,0.12248232105652238,0.0,0.0,0.0,0.0,0.0,0.0,0.0,1.0,0,0,0,False,63896,1.5233993530273438,False,
Mask_oil/00148.tif,True,2048,2048,1,uint8,,,,1,0.0,1.0,0.009464502334594727,0.09682419909378635,0.0,0.0,0.0,0.0,0.0,0.0,0.0,0.0,0,0,0,False,39697,0.9464502334594727,False,
Mask_oil/00149.tif,True,2048,2048,1,uint8,,,,1,0.0,1.0,0.007243633270263672,0.0848007255116936,0.0,0.0,0.0,0.0,0.0,0.0,0.0,0.0,0,0,0,False,30382,0.7243633270263672,False,
Mask_oil/00150.tif,True,2048,2048,1,uint8,,,,1,0.0,1.0,0.014673233032226562,0.12024112967120917,0.0,0.0,0.0,0.0,0.0,0.0,0.0,1.0,0,0,0,False,61544,1.4673233032226562,False,
Mask_oil/00151.tif,True,2048,2048,1,uint8,,,,1,0.0,1.0,0.0309298038482666,0.17312755725815102,0.0,0.0,0.0,0.0,0.0,0.0,0.0,1.0,0,0,0,False,129729,3.09298038482666,False,
Mask_oil/00152.tif,True,2048,2048,1,uint8,,,,1,0.0,1.0,0.026343822479248047,0.16015562898765037,0.0,0.0,0.0,0.0,0.0,0.0,0.0,1.0,0,0,0,False,110494,2.6343822479248047,False,
Mask_oil/00153.tif,True,2048,2048,1,uint8,,,,1,0.0,1.0,0.006854057312011719,0.08250502536437024,0.0,0.0,0.0,0.0,0.0,0.0,0.0,0.0,0,0,0,False,28748,0.6854057312011719,False,
Mask_oil/00154.tif,True,2048,2048,1,uint8,,,,1,0.0,1.0,0.009689092636108398,0.09795516382507513,0.0,0.0,0.0,0.0,0.0,0.0,0.0,0.0,0,0,0,False,40639,0.9689092636108398,False,
Mask_oil/00155.tif,True,2048,2048,1,uint8,,,,1,0.0,1.0,0.010447502136230469,0.10167768602473175,0.0,0.0,0.0,0.0,0.0,0.0,0.0,1.0,0,0,0,False,43820,1.0447502136230469,False,
Mask_oil/00156.tif,True,2048,2048,1,uint8,,,,1,0.0,1.0,0.043840646743774414,0.2047404318566853,0.0,0.0,0.0,0.0,0.0,0.0,0.0,1.0,0,0,0,False,183881,4.384064674377441,False,
Mask_oil/00157.tif,True,2048,2048,1,uint8,,,,1,0.0,1.0,0.01881861686706543,0.13588405545271318,0.0,0.0,0.0,0.0,0.0,0.0,0.0,1.0,0,0,0,False,78931,1.881861686706543,False,
Mask_oil/00158.tif,True,2048,2048,1,uint8,,,,1,0.0,1.0,0.032750606536865234,0.17798315737263645,0.0,0.0,0.0,0.0,0.0,0.0,0.0,1.0,0,0,0,False,137366,3.2750606536865234,False,
Mask_oil/00160.tif,True,2048,2048,1,uint8,,,,1,0.0,1.0,0.02167654037475586,0.1456250938957206,0.0,0.0,0.0,0.0,0.0,0.0,0.0,1.0,0,0,0,False,90918,2.167654037475586,False,
Mask_oil/00161.tif,True,2048,2048,1,uint8,,,,1,0.0,1.0,0.014091253280639648,0.11786725525615888,0.0,0.0,0.0,0.0,0.0,0.0,0.0,1.0,0,0,0,False,59103,1.4091253280639648,False,
Mask_oil/00162.tif,True,2048,2048,1,uint8,,,,1,0.0,1.0,0.008699893951416016,0.09286660215949613,0.0,0.0,0.0,0.0,0.0,0.0,0.0,0.0,0,0,0,False,36490,0.8699893951416016,False,
Mask_oil/00164.tif,True,2048,2048,1,uint8,,,,1,0.0,1.0,0.051406145095825195,0.22082471180149238,0.0,0.0,0.0,0.0,0.0,0.0,1.0,1.0,0,0,0,False,215613,5.1406145095825195,False,
Mask_oil/00165.tif,True,2048,2048,1,uint8,,,,1,0.0,1.0,0.06091594696044922,0.2391760739839187,0.0,0.0,0.0,0.0,0.0,0.0,1.0,1.0,0,0,0,False,255500,6.091594696044922,False,
Mask_oil/00167.tif,True,2048,2048,1,uint8,,,,1,0.0,1.0,0.03146529197692871,0.17457155374726815,0.0,0.0,0.0,0.0,0.0,0.0,0.0,1.0,0,0,0,False,131975,3.146529197692871,False,
Mask_oil/00168.tif,True,2048,2048,1,uint8,,,,1,0.0,1.0,0.026847362518310547,0.16163719140136332,0.0,0.0,0.0,0.0,0.0,0.0,0.0,1.0,0,0,0,False,112606,2.6847362518310547,False,
Mask_oil/00169.tif,True,2048,2048,1,uint8,,,,1,0.0,1.0,0.013719558715820312,0.1163242555293756,0.0,0.0,0.0,0.0,0.0,0.0,0.0,1.0,0,0,0,False,57544,1.3719558715820312,False,
Mask_oil/00171.tif,True,2048,2048,1,uint8,,,,1,0.0,1.0,0.022516965866088867,0.1483575145190639,0.0,0.0,0.0,0.0,0.0,0.0,0.0,1.0,0,0,0,False,94443,2.2516965866088867,False,
Mask_oil/00172.tif,True,2048,2048,1,uint8,,,,1,0.0,1.0,0.02078557014465332,0.14266579904943938,0.0,0.0,0.0,0.0,0.0,0.0,0.0,1.0,0,0,0,False,87181,2.078557014465332,False,
Mask_oil/00173.tif,True,2048,2048,1,uint8,,,,1,0.0,1.0,0.010809659957885742,0.10340605015897582,0.0,0.0,0.0,0.0,0.0,0.0,0.0,1.0,0,0,0,False,45339,1.0809659957885742,False,
Mask_oil/00174.tif,True,2048,2048,1,uint8,,,,1,0.0,1.0,0.02283191680908203,0.1493674006733236,0.0,0.0,0.0,0.0,0.0,0.0,0.0,1.0,0,0,0,False,95764,2.283191680908203,False,
Mask_oil/00175.tif,True,2048,2048,1,uint8,,,,1,0.0,1.0,0.07602977752685547,0.26504575162803934,0.0,0.0,0.0,0.0,0.0,0.0,1.0,1.0,0,0,0,False,318892,7.602977752685547,False,
Mask_oil/00176.tif,True,2048,2048,1,uint8,,,,1,0.0,1.0,0.0042417049407958984,0.06499009832267624,0.0,0.0,0.0,0.0,0.0,0.0,0.0,0.0,0,0,0,False,17791,0.42417049407958984,False,
Mask_oil/00177.tif,True,2048,2048,1,uint8,,,,1,0.0,1.0,0.02543926239013672,0.15745509302395555,0.0,0.0,0.0,0.0,0.0,0.0,0.0,1.0,0,0,0,False,106700,2.543926239013672,False,
Mask_oil/00178.tif,True,2048,2048,1,uint8,,,,1,0.0,1.0,0.016906023025512695,0.12891939113637454,0.0,0.0,0.0,0.0,0.0,0.0,0.0,1.0,0,0,0,False,70909,1.6906023025512695,False,
Mask_oil/00180.tif,True,2048,2048,1,uint8,,,,1,0.0,1.0,0.04598689079284668,0.20945667014457542,0.0,0.0,0.0,0.0,0.0,0.0,0.0,1.0,0,0,0,False,192883,4.598689079284668,False,
Mask_oil/00181.tif,True,2048,2048,1,uint8,,,,1,0.0,1.0,0.027289628982543945,0.16292607259901357,0.0,0.0,0.0,0.0,0.0,0.0,0.0,1.0,0,0,0,False,114461,2.7289628982543945,False,
Mask_oil/00183.tif,True,2048,2048,1,uint8,,,,1,0.0,1.0,0.004219532012939453,0.06482073404807472,0.0,0.0,0.0,0.0,0.0,0.0,0.0,0.0,0,0,0,False,17698,0.4219532012939453,False,
Mask_oil/00184.tif,True,2048,2048,1,uint8,,,,1,0.0,1.0,0.003473520278930664,0.058834130704910746,0.0,0.0,0.0,0.0,0.0,0.0,0.0,0.0,0,0,0,False,14569,0.3473520278930664,False,
Mask_oil/00185.tif,True,2048,2048,1,uint8,,,,1,0.0,1.0,0.007559776306152344,0.08661770077965174,0.0,0.0,0.0,0.0,0.0,0.0,0.0,0.0,0,0,0,False,31708,0.7559776306152344,False,
Mask_oil/00186.tif,True,2048,2048,1,uint8,,,,1,0.0,1.0,0.013782262802124023,0.11658607135578937,0.0,0.0,0.0,0.0,0.0,0.0,0.0,1.0,0,0,0,False,57807,1.3782262802124023,False,
Mask_oil/00188.tif,True,2048,2048,1,uint8,,,,1,0.0,1.0,0.09725069999694824,0.2962988379103972,0.0,0.0,0.0,0.0,0.0,0.0,1.0,1.0,0,0,0,False,407899,9.725069999694824,False,
Mask_oil/00189.tif,True,2048,2048,1,uint8,,,,1,0.0,1.0,0.08929800987243652,0.28517341268999596,0.0,0.0,0.0,0.0,0.0,0.0,1.0,1.0,0,0,0,False,374543,8.929800987243652,False,
Mask_oil/00190.tif,True,2048,2048,1,uint8,,,,1,0.0,1.0,0.09551692008972168,0.2939276068461338,0.0,0.0,0.0,0.0,0.0,0.0,1.0,1.0,0,0,0,False,400627,9.551692008972168,False,
Mask_oil/00191.tif,True,2048,2048,1,uint8,,,,1,0.0,1.0,0.008460521697998047,0.09159116371460596,0.0,0.0,0.0,0.0,0.0,0.0,0.0,0.0,0,0,0,False,35486,0.8460521697998047,False,
Mask_oil/00192.tif,True,2048,2048,1,uint8,,,,1,0.0,1.0,0.03195953369140625,0.17589235883810905,0.0,0.0,0.0,0.0,0.0,0.0,0.0,1.0,0,0,0,False,134048,3.195953369140625,False,
Mask_oil/00193.tif,True,2048,2048,1,uint8,,,,1,0.0,1.0,0.03528785705566406,0.18450643403438016,0.0,0.0,0.0,0.0,0.0,0.0,0.0,1.0,0,0,0,False,148008,3.5287857055664062,False,
Mask_oil/00194.tif,True,2048,2048,1,uint8,,,,1,0.0,1.0,0.0069124698638916016,0.08285341045649475,0.0,0.0,0.0,0.0,0.0,0.0,0.0,0.0,0,0,0,False,28993,0.6912469863891602,False,
Mask_oil/00195.tif,True,2048,2048,1,uint8,,,,1,0.0,1.0,0.0037283897399902344,0.060946606549806936,0.0,0.0,0.0,0.0,0.0,0.0,0.0,0.0,0,0,0,False,15638,0.37283897399902344,False,
Mask_oil/00196.tif,True,2048,2048,1,uint8,,,,1,0.0,1.0,0.0040912628173828125,0.063832001268501,0.0,0.0,0.0,0.0,0.0,0.0,0.0,0.0,0,0,0,False,17160,0.40912628173828125,False,
Mask_oil/00197.tif,True,2048,2048,1,uint8,,,,1,0.0,1.0,0.013443946838378906,0.11516599815824873,0.0,0.0,0.0,0.0,0.0,0.0,0.0,1.0,0,0,0,False,56388,1.3443946838378906,False,
Mask_oil/00198.tif,True,2048,2048,1,uint8,,,,1,0.0,1.0,0.0046002864837646484,0.06766922378771564,0.0,0.0,0.0,0.0,0.0,0.0,0.0,0.0,0,0,0,False,19295,0.46002864837646484,False,
Mask_oil/00199.tif,True,2048,2048,1,uint8,,,,1,0.0,1.0,0.013540267944335938,0.1155721812908778,0.0,0.0,0.0,0.0,0.0,0.0,0.0,1.0,0,0,0,False,56792,1.3540267944335938,False,
Mask_oil/00200.tif,True,2048,2048,1,uint8,,,,1,0.0,1.0,0.030763626098632812,0.17267664986296302,0.0,0.0,0.0,0.0,0.0,0.0,0.0,1.0,0,0,0,False,129032,3.0763626098632812,False,
Mask_oil/00201.tif,True,2048,2048,1,uint8,,,,1,0.0,1.0,0.002166271209716797,0.04649277878082519,0.0,0.0,0.0,0.0,0.0,0.0,0.0,0.0,0,0,0,False,9086,0.2166271209716797,False,
Mask_oil/00202.tif,True,2048,2048,1,uint8,,,,1,0.0,1.0,0.01410365104675293,0.11791835342263034,0.0,0.0,0.0,0.0,0.0,0.0,0.0,1.0,0,0,0,False,59155,1.410365104675293,False,
Mask_oil/00203.tif,True,2048,2048,1,uint8,,,,1,0.0,1.0,0.0019252300262451172,0.04383518581677465,0.0,0.0,0.0,0.0,0.0,0.0,0.0,0.0,0,0,0,False,8075,0.19252300262451172,False,
Mask_oil/00204.tif,True,2048,2048,1,uint8,,,,1,0.0,1.0,0.003826141357421875,0.06173736307727194,0.0,0.0,0.0,0.0,0.0,0.0,0.0,0.0,0,0,0,False,16048,0.3826141357421875,False,
Mask_oil/00206.tif,True,2048,2048,1,uint8,,,,1,0.0,1.0,0.018645048141479492,0.13526792051806447,0.0,0.0,0.0,0.0,0.0,0.0,0.0,1.0,0,0,0,False,78203,1.8645048141479492,False,
Mask_oil/00207.tif,True,2048,2048,1,uint8,,,,1,0.0,1.0,0.02031993865966797,0.14109230578786108,0.0,0.0,0.0,0.0,0.0,0.0,0.0,1.0,0,0,0,False,85228,2.031993865966797,False,
Mask_oil/00208.tif,True,2048,2048,1,uint8,,,,1,0.0,1.0,0.014713525772094727,0.12040364583952029,0.0,0.0,0.0,0.0,0.0,0.0,0.0,1.0,0,0,0,False,61713,1.4713525772094727,False,
Mask_oil/00210.tif,True,2048,2048,1,uint8,,,,1,0.0,1.0,0.01601099967956543,0.125517518971761,0.0,0.0,0.0,0.0,0.0,0.0,0.0,1.0,0,0,0,False,67155,1.601099967956543,False,
Mask_oil/00211.tif,True,2048,2048,1,uint8,,,,1,0.0,1.0,0.006421804428100586,0.07987843799166214,0.0,0.0,0.0,0.0,0.0,0.0,0.0,0.0,0,0,0,False,26935,0.6421804428100586,False,
Mask_oil/00212.tif,True,2048,2048,1,uint8,,,,1,0.0,1.0,0.0018417835235595703,0.04287646623745846,0.0,0.0,0.0,0.0,0.0,0.0,0.0,0.0,0,0,0,False,7725,0.18417835235595703,False,
Mask_oil/00213.tif,True,2048,2048,1,uint8,,,,1,0.0,1.0,0.019506454467773438,0.1382966113173787,0.0,0.0,0.0,0.0,0.0,0.0,0.0,1.0,0,0,0,False,81816,1.9506454467773438,False,
Mask_oil/00214.tif,True,2048,2048,1,uint8,,,,1,0.0,1.0,0.020101308822631836,0.14034687814928062,0.0,0.0,0.0,0.0,0.0,0.0,0.0,1.0,0,0,0,False,84311,2.0101308822631836,False,
Mask_oil/00215.tif,True,2048,2048,1,uint8,,,,1,0.0,1.0,0.016966819763183594,0.12914699683038408,0.0,0.0,0.0,0.0,0.0,0.0,0.0,1.0,0,0,0,False,71164,1.6966819763183594,False,
Mask_oil/00216.tif,True,2048,2048,1,uint8,,,,1,0.0,1.0,0.01512289047241211,0.12204174964401132,0.0,0.0,0.0,0.0,0.0,0.0,0.0,1.0,0,0,0,False,63430,1.512289047241211,False,
Mask_oil/00217.tif,True,2048,2048,1,uint8,,,,1,0.0,1.0,0.010773658752441406,0.10323558993645239,0.0,0.0,0.0,0.0,0.0,0.0,0.0,1.0,0,0,0,False,45188,1.0773658752441406,False,
Mask_oil/00218.tif,True,2048,2048,1,uint8,,,,1,0.0,1.0,0.02311873435974121,0.15028059915153696,0.0,0.0,0.0,0.0,0.0,0.0,0.0,1.0,0,0,0,False,96967,2.311873435974121,False,
Mask_oil/00219.tif,True,2048,2048,1,uint8,,,,1,0.0,1.0,0.021436691284179688,0.14483493898561375,0.0,0.0,0.0,0.0,0.0,0.0,0.0,1.0,0,0,0,False,89912,2.1436691284179688,False,
Mask_oil/00220.tif,True,2048,2048,1,uint8,,,,1,0.0,1.0,0.027203798294067383,0.1626768319474014,0.0,0.0,0.0,0.0,0.0,0.0,0.0,1.0,0,0,0,False,114101,2.7203798294067383,False,
Mask_oil/00223.tif,True,2048,2048,1,uint8,,,,1,0.0,1.0,0.08392071723937988,0.27726887754922647,0.0,0.0,0.0,0.0,0.0,0.0,1.0,1.0,0,0,0,False,351989,8.392071723937988,False,
Mask_oil/00224.tif,True,2048,2048,1,uint8,,,,1,0.0,1.0,0.04013967514038086,0.19628673317370574,0.0,0.0,0.0,0.0,0.0,0.0,0.0,1.0,0,0,0,False,168358,4.013967514038086,False,
Mask_oil/00227.tif,True,2048,2048,1,uint8,,,,1,0.0,1.0,0.00828862190246582,0.09066377804516963,0.0,0.0,0.0,0.0,0.0,0.0,0.0,0.0,0,0,0,False,34765,0.828862190246582,False,
Mask_oil/00228.tif,True,2048,2048,1,uint8,,,,1,0.0,1.0,0.018706083297729492,0.13548492811153534,0.0,0.0,0.0,0.0,0.0,0.0,0.0,1.0,0,0,0,False,78459,1.8706083297729492,False,
Mask_oil/00231.tif,True,2048,2048,1,uint8,,,,1,0.0,1.0,0.008146286010742188,0.08988839766606908,0.0,0.0,0.0,0.0,0.0,0.0,0.0,0.0,0,0,0,False,34168,0.8146286010742188,False,
Mask_oil/00232.tif,True,2048,2048,1,uint8,,,,1,0.0,1.0,0.011882543563842773,0.1083575042269623,0.0,0.0,0.0,0.0,0.0,0.0,0.0,1.0,0,0,0,False,49839,1.1882543563842773,False,
Mask_oil/00233.tif,True,2048,2048,1,uint8,,,,1,0.0,1.0,0.014423847198486328,0.11923002906349157,0.0,0.0,0.0,0.0,0.0,0.0,0.0,1.0,0,0,0,False,60498,1.4423847198486328,False,
Mask_oil/00234.tif,True,2048,2048,1,uint8,,,,1,0.0,1.0,0.043480634689331055,0.20393643396005529,0.0,0.0,0.0,0.0,0.0,0.0,0.0,1.0,0,0,0,False,182371,4.3480634689331055,False,
Mask_oil/00235.tif,True,2048,2048,1,uint8,,,,1,0.0,1.0,0.059233903884887695,0.23606195906042038,0.0,0.0,0.0,0.0,0.0,0.0,1.0,1.0,0,0,0,False,248445,5.9233903884887695,False,
Mask_oil/00236.tif,True,2048,2048,1,uint8,,,,1,0.0,1.0,0.007517337799072266,0.0863760813621856,0.0,0.0,0.0,0.0,0.0,0.0,0.0,0.0,0,0,0,False,31530,0.7517337799072266,False,
Mask_oil/00237.tif,True,2048,2048,1,uint8,,,,1,0.0,1.0,0.04078030586242676,0.19778086994498148,0.0,0.0,0.0,0.0,0.0,0.0,0.0,1.0,0,0,0,False,171045,4.078030586242676,False,
Mask_oil/00238.tif,True,2048,2048,1,uint8,,,,1,0.0,1.0,0.04214739799499512,0.20092534642808657,0.0,0.0,0.0,0.0,0.0,0.0,0.0,1.0,0,0,0,False,176779,4.214739799499512,False,
Mask_oil/00240.tif,True,2048,2048,1,uint8,,,,1,0.0,1.0,0.042528390884399414,0.20179129528595416,0.0,0.0,0.0,0.0,0.0,0.0,0.0,1.0,0,0,0,False,178377,4.252839088439941,False,
Mask_oil/00241.tif,True,2048,2048,1,uint8,,,,1,0.0,1.0,0.013788223266601562,0.1166109264423875,0.0,0.0,0.0,0.0,0.0,0.0,0.0,1.0,0,0,0,False,57832,1.3788223266601562,False,
Mask_oil/00244.tif,True,2048,2048,1,uint8,,,,1,0.0,1.0,0.0420987606048584,0.20081447896103813,0.0,0.0,0.0,0.0,0.0,0.0,0.0,1.0,0,0,0,False,176575,4.20987606048584,False,
Mask_oil/00245.tif,True,2048,2048,1,uint8,,,,1,0.0,1.0,0.01869487762451172,0.13544511499170522,0.0,0.0,0.0,0.0,0.0,0.0,0.0,1.0,0,0,0,False,78412,1.8694877624511719,False,
Mask_oil/00246.tif,True,2048,2048,1,uint8,,,,1,0.0,1.0,0.01658344268798828,0.12770447179563638,0.0,0.0,0.0,0.0,0.0,0.0,0.0,1.0,0,0,0,False,69556,1.6583442687988281,False,
Mask_oil/00247.tif,True,2048,2048,1,uint8,,,,1,0.0,1.0,0.013075590133666992,0.11359849944573802,0.0,0.0,0.0,0.0,0.0,0.0,0.0,1.0,0,0,0,False,54843,1.3075590133666992,False,
Mask_oil/00248.tif,True,2048,2048,1,uint8,,,,1,0.0,1.0,0.009999990463256836,0.09949869674519163,0.0,0.0,0.0,0.0,0.0,0.0,0.0,1.0,0,0,0,False,41943,0.9999990463256836,False,
Mask_oil/00249.tif,True,2048,2048,1,uint8,,,,1,0.0,1.0,0.00167083740234375,0.04084171525191711,0.0,0.0,0.0,0.0,0.0,0.0,0.0,0.0,0,0,0,False,7008,0.167083740234375,False,
Mask_oil/00250.tif,True,2048,2048,1,uint8,,,,1,0.0,1.0,0.016118526458740234,0.12593140816944406,0.0,0.0,0.0,0.0,0.0,0.0,0.0,1.0,0,0,0,False,67606,1.6118526458740234,False,
Mask_oil/00251.tif,True,2048,2048,1,uint8,,,,1,0.0,1.0,0.02663278579711914,0.16100770328715303,0.0,0.0,0.0,0.0,0.0,0.0,0.0,1.0,0,0,0,False,111706,2.663278579711914,False,
Mask_oil/00252.tif,True,2048,2048,1,uint8,,,,1,0.0,1.0,0.03698873519897461,0.18873412162975392,0.0,0.0,0.0,0.0,0.0,0.0,0.0,1.0,0,0,0,False,155142,3.698873519897461,False,
Mask_oil/00253.tif,True,2048,2048,1,uint8,,,,1,0.0,1.0,0.008767366409301758,0.0932228496429218,0.0,0.0,0.0,0.0,0.0,0.0,0.0,0.0,0,0,0,False,36773,0.8767366409301758,False,
Mask_oil/00254.tif,True,2048,2048,1,uint8,,,,1,0.0,1.0,0.03296518325805664,0.17854545625923776,0.0,0.0,0.0,0.0,0.0,0.0,0.0,1.0,0,0,0,False,138266,3.296518325805664,False,
Mask_oil/00255.tif,True,2048,2048,1,uint8,,,,1,0.0,1.0,0.04293084144592285,0.20270121928263748,0.0,0.0,0.0,0.0,0.0,0.0,0.0,1.0,0,0,0,False,180065,4.293084144592285,False,
Mask_oil/00256.tif,True,2048,2048,1,uint8,,,,1,0.0,1.0,0.08195090293884277,0.2742899058411577,0.0,0.0,0.0,0.0,0.0,0.0,1.0,1.0,0,0,0,False,343727,8.195090293884277,False,
Mask_oil/00257.tif,True,2048,2048,1,uint8,,,,1,0.0,1.0,0.03926897048950195,0.19423418454586355,0.0,0.0,0.0,0.0,0.0,0.0,0.0,1.0,0,0,0,False,164706,3.9268970489501953,False,
Mask_oil/00258.tif,True,2048,2048,1,uint8,,,,1,0.0,1.0,0.005149364471435547,0.07157407712975322,0.0,0.0,0.0,0.0,0.0,0.0,0.0,0.0,0,0,0,False,21598,0.5149364471435547,False,
Mask_oil/00259.tif,True,2048,2048,1,uint8,,,,1,0.0,1.0,0.004069089889526367,0.06365950358742457,0.0,0.0,0.0,0.0,0.0,0.0,0.0,0.0,0,0,0,False,17067,0.4069089889526367,False,
Mask_oil/00260.tif,True,2048,2048,1,uint8,,,,1,0.0,1.0,0.012959003448486328,0.11309760244191053,0.0,0.0,0.0,0.0,0.0,0.0,0.0,1.0,0,0,0,False,54354,1.2959003448486328,False,
Mask_oil/00261.tif,True,2048,2048,1,uint8,,,,1,0.0,1.0,0.015524864196777344,0.1236278398599966,0.0,0.0,0.0,0.0,0.0,0.0,0.0,1.0,0,0,0,False,65116,1.5524864196777344,False,
Mask_oil/00263.tif,True,2048,2048,1,uint8,,,,1,0.0,1.0,0.04380059242248535,0.20465116790755108,0.0,0.0,0.0,0.0,0.0,0.0,0.0,1.0,0,0,0,False,183713,4.380059242248535,False,
Mask_oil/00264.tif,True,2048,2048,1,uint8,,,,1,0.0,1.0,0.034021854400634766,0.18128532158941268,0.0,0.0,0.0,0.0,0.0,0.0,0.0,1.0,0,0,0,False,142698,3.4021854400634766,False,
Mask_oil/00265.tif,True,2048,2048,1,uint8,,,,1,0.0,1.0,0.017383098602294922,0.13069401855202792,0.0,0.0,0.0,0.0,0.0,0.0,0.0,1.0,0,0,0,False,72910,1.7383098602294922,False,
Mask_oil/00266.tif,True,2048,2048,1,uint8,,,,1,0.0,1.0,0.018182039260864258,0.13360932867573524,0.0,0.0,0.0,0.0,0.0,0.0,0.0,1.0,0,0,0,False,76261,1.8182039260864258,False,
Mask_oil/00267.tif,True,2048,2048,1,uint8,,,,1,0.0,1.0,0.003560781478881836,0.05956594928431417,0.0,0.0,0.0,0.0,0.0,0.0,0.0,0.0,0,0,0,False,14935,0.3560781478881836,False,
Mask_oil/00268.tif,True,2048,2048,1,uint8,,,,1,0.0,1.0,0.007046699523925781,0.08364833261784294,0.0,0.0,0.0,0.0,0.0,0.0,0.0,0.0,0,0,0,False,29556,0.7046699523925781,False,
Mask_oil/00269.tif,True,2048,2048,1,uint8,,,,1,0.0,1.0,0.16104531288146973,0.36757274120965394,0.0,0.0,0.0,0.0,0.0,0.0,1.0,1.0,0,0,0,False,675473,16.104531288146973,False,
Mask_oil/00270.tif,True,2048,2048,1,uint8,,,,1,0.0,1.0,0.012909173965454102,0.11288280291073456,0.0,0.0,0.0,0.0,0.0,0.0,0.0,1.0,0,0,0,False,54145,1.2909173965454102,False,
Mask_oil/00273.tif,True,2048,2048,1,uint8,,,,1,0.0,1.0,0.005287885665893555,0.07252533302976273,0.0,0.0,0.0,0.0,0.0,0.0,0.0,0.0,0,0,0,False,22179,0.5287885665893555,False,
Mask_oil/00274.tif,True,2048,2048,1,uint8,,,,1,0.0,1.0,0.005351543426513672,0.07295823743394443,0.0,0.0,0.0,0.0,0.0,0.0,0.0,0.0,0,0,0,False,22446,0.5351543426513672,False,
Mask_oil/00275.tif,True,2048,2048,1,uint8,,,,1,0.0,1.0,0.014914751052856445,0.12121180327793066,0.0,0.0,0.0,0.0,0.0,0.0,0.0,1.0,0,0,0,False,62557,1.4914751052856445,False,
Mask_oil/00276.tif,True,2048,2048,1,uint8,,,,1,0.0,1.0,0.023463726043701172,0.15137099987727937,0.0,0.0,0.0,0.0,0.0,0.0,0.0,1.0,0,0,0,False,98414,2.346372604370117,False,
Mask_oil/00277.tif,True,2048,2048,1,uint8,,,,1,0.0,1.0,0.013946771621704102,0.11727002678875847,0.0,0.0,0.0,0.0,0.0,0.0,0.0,1.0,0,0,0,False,58497,1.3946771621704102,False,
Mask_oil/00278.tif,True,2048,2048,1,uint8,,,,1,0.0,1.0,0.013475418090820312,0.11529887769661032,0.0,0.0,0.0,0.0,0.0,0.0,0.0,1.0,0,0,0,False,56520,1.3475418090820312,False,
Mask_oil/00279.tif,True,2048,2048,1,uint8,,,,1,0.0,1.0,0.013615608215332031,0.11588884082714182,0.0,0.0,0.0,0.0,0.0,0.0,0.0,1.0,0,0,0,False,57108,1.3615608215332031,False,
Mask_oil/00280.tif,True,2048,2048,1,uint8,,,,1,0.0,1.0,0.03359198570251465,0.18017648070454895,0.0,0.0,0.0,0.0,0.0,0.0,0.0,1.0,0,0,0,False,140895,3.359198570251465,False,
Mask_oil/00281.tif,True,2048,2048,1,uint8,,,,1,0.0,1.0,0.029840707778930664,0.17014770036113663,0.0,0.0,0.0,0.0,0.0,0.0,0.0,1.0,0,0,0,False,125161,2.9840707778930664,False,
Mask_oil/00282.tif,True,2048,2048,1,uint8,,,,1,0.0,1.0,0.02170085906982422,0.14570494770410455,0.0,0.0,0.0,0.0,0.0,0.0,0.0,1.0,0,0,0,False,91020,2.170085906982422,False,
Mask_oil/00283.tif,True,2048,2048,1,uint8,,,,1,0.0,1.0,0.020573854446411133,0.14195270677105465,0.0,0.0,0.0,0.0,0.0,0.0,0.0,1.0,0,0,0,False,86293,2.0573854446411133,False,
Mask_oil/00284.tif,True,2048,2048,1,uint8,,,,1,0.0,1.0,0.008141279220581055,0.08986099706342897,0.0,0.0,0.0,0.0,0.0,0.0,0.0,0.0,0,0,0,False,34147,0.8141279220581055,False,
Mask_oil/00285.tif,True,2048,2048,1,uint8,,,,1,0.0,1.0,0.007982730865478516,0.08898880195512159,0.0,0.0,0.0,0.0,0.0,0.0,0.0,0.0,0,0,0,False,33482,0.7982730865478516,False,
Mask_oil/00286.tif,True,2048,2048,1,uint8,,,,1,0.0,1.0,0.0249636173248291,0.15601421452831982,0.0,0.0,0.0,0.0,0.0,0.0,0.0,1.0,0,0,0,False,104705,2.49636173248291,False,
Mask_oil/00287.tif,True,2048,2048,1,uint8,,,,1,0.0,1.0,0.03599429130554199,0.18627587685729405,0.0,0.0,0.0,0.0,0.0,0.0,0.0,1.0,0,0,0,False,150971,3.599429130554199,False,
Mask_oil/00288.tif,True,2048,2048,1,uint8,,,,1,0.0,1.0,0.01468968391418457,0.12030751057471814,0.0,0.0,0.0,0.0,0.0,0.0,0.0,1.0,0,0,0,False,61613,1.468968391418457,False,
Mask_oil/00289.tif,True,2048,2048,1,uint8,,,,1,0.0,1.0,0.013713359832763672,0.11629833874506039,0.0,0.0,0.0,0.0,0.0,0.0,0.0,1.0,0,0,0,False,57518,1.3713359832763672,False,
Mask_oil/00290.tif,True,2048,2048,1,uint8,,,,1,0.0,1.0,0.027593612670898438,0.1638053882223258,0.0,0.0,0.0,0.0,0.0,0.0,0.0,1.0,0,0,0,False,115736,2.7593612670898438,False,
Mask_oil/00291.tif,True,2048,2048,1,uint8,,,,1,0.0,1.0,0.007468461990356445,0.08609694574057228,0.0,0.0,0.0,0.0,0.0,0.0,0.0,0.0,0,0,0,False,31325,0.7468461990356445,False,
Mask_oil/00293.tif,True,2048,2048,1,uint8,,,,1,0.0,1.0,0.020296096801757812,0.14101122386665357,0.0,0.0,0.0,0.0,0.0,0.0,0.0,1.0,0,0,0,False,85128,2.0296096801757812,False,
Mask_oil/00294.tif,True,2048,2048,1,uint8,,,,1,0.0,1.0,0.0072138309478759766,0.08462736904176711,0.0,0.0,0.0,0.0,0.0,0.0,0.0,0.0,0,0,0,False,30257,0.7213830947875977,False,
Mask_oil/00295.tif,True,2048,2048,1,uint8,,,,1,0.0,1.0,0.022556781768798828,0.1484855998574731,0.0,0.0,0.0,0.0,0.0,0.0,0.0,1.0,0,0,0,False,94610,2.255678176879883,False,
Mask_oil/00296.tif,True,2048,2048,1,uint8,,,,1,0.0,1.0,0.004441499710083008,0.06649641186115489,0.0,0.0,0.0,0.0,0.0,0.0,0.0,0.0,0,0,0,False,18629,0.4441499710083008,False,
Mask_oil/00297.tif,True,2048,2048,1,uint8,,,,1,0.0,1.0,0.004347801208496094,0.06579436019255369,0.0,0.0,0.0,0.0,0.0,0.0,0.0,0.0,0,0,0,False,18236,0.4347801208496094,False,
Mask_oil/00299.tif,True,2048,2048,1,uint8,,,,1,0.0,1.0,0.0105743408203125,0.10228648071240096,0.0,0.0,0.0,0.0,0.0,0.0,0.0,1.0,0,0,0,False,44352,1.05743408203125,False,
Mask_oil/00300.tif,True,2048,2048,1,uint8,,,,1,0.0,1.0,0.005911827087402344,0.07666079433381186,0.0,0.0,0.0,0.0,0.0,0.0,0.0,0.0,0,0,0,False,24796,0.5911827087402344,False,
Mask_oil/00302.tif,True,2048,2048,1,uint8,,,,1,0.0,1.0,0.0068662166595458984,0.08257767088220686,0.0,0.0,0.0,0.0,0.0,0.0,0.0,0.0,0,0,0,False,28799,0.6866216659545898,False,
Mask_oil/00303.tif,True,2048,2048,1,uint8,,,,1,0.0,1.0,0.008931159973144531,0.09408184923075562,0.0,0.0,0.0,0.0,0.0,0.0,0.0,0.0,0,0,0,False,37460,0.8931159973144531,False,
Mask_oil/00304.tif,True,2048,2048,1,uint8,,,,1,0.0,1.0,0.012310028076171875,0.11026554894859833,0.0,0.0,0.0,0.0,0.0,0.0,0.0,1.0,0,0,0,False,51632,1.2310028076171875,False,
Mask_oil/00305.tif,True,2048,2048,1,uint8,,,,1,0.0,1.0,0.006682157516479492,0.08147089227082546,0.0,0.0,0.0,0.0,0.0,0.0,0.0,0.0,0,0,0,False,28027,0.6682157516479492,False,
Mask_oil/00306.tif,True,2048,2048,1,uint8,,,,1,0.0,1.0,0.014058828353881836,0.1177335028749163,0.0,0.0,0.0,0.0,0.0,0.0,0.0,1.0,0,0,0,False,58967,1.4058828353881836,False,
Mask_oil/00307.tif,True,2048,2048,1,uint8,,,,1,0.0,1.0,0.00975489616394043,0.09828396697717878,0.0,0.0,0.0,0.0,0.0,0.0,0.0,0.0,0,0,0,False,40915,0.975489616394043,False,
Mask_oil/00308.tif,True,2048,2048,1,uint8,,,,1,0.0,1.0,0.005362033843994141,0.07302932587015987,0.0,0.0,0.0,0.0,0.0,0.0,0.0,0.0,0,0,0,False,22490,0.5362033843994141,False,
Mask_oil/00309.tif,True,2048,2048,1,uint8,,,,1,0.0,1.0,0.0037462711334228516,0.06109203373614054,0.0,0.0,0.0,0.0,0.0,0.0,0.0,0.0,0,0,0,False,15713,0.37462711334228516,False,
Mask_oil/00317.tif,True,2048,2048,1,uint8,,,,1,0.0,1.0,0.05176043510437012,0.22154298107179204,0.0,0.0,0.0,0.0,0.0,0.0,1.0,1.0,0,0,0,False,217099,5.176043510437012,False,
Mask_oil/00318.tif,True,2048,2048,1,uint8,,,,1,0.0,1.0,0.02256011962890625,0.1484963320464034,0.0,0.0,0.0,0.0,0.0,0.0,0.0,1.0,0,0,0,False,94624,2.256011962890625,False,
Mask_oil/00319.tif,True,2048,2048,1,uint8,,,,1,0.0,1.0,0.004097700119018555,0.0638819925546562,0.0,0.0,0.0,0.0,0.0,0.0,0.0,0.0,0,0,0,False,17187,0.40977001190185547,False,
Mask_oil/00320.tif,True,2048,2048,1,uint8,,,,1,0.0,1.0,0.019234418869018555,0.13734793773402532,0.0,0.0,0.0,0.0,0.0,0.0,0.0,1.0,0,0,0,False,80675,1.9234418869018555,False,
Mask_oil/00321.tif,True,2048,2048,1,uint8,,,,1,0.0,1.0,0.013391494750976562,0.11494417175007669,0.0,0.0,0.0,0.0,0.0,0.0,0.0,1.0,0,0,0,False,56168,1.3391494750976562,False,
Mask_oil/00322.tif,True,2048,2048,1,uint8,,,,1,0.0,1.0,0.015357255935668945,0.1229691450153058,0.0,0.0,0.0,0.0,0.0,0.0,0.0,1.0,0,0,0,False,64413,1.5357255935668945,False,
Mask_oil/00323.tif,True,2048,2048,1,uint8,,,,1,0.0,1.0,0.012409687042236328,0.11070540506113548,0.0,0.0,0.0,0.0,0.0,0.0,0.0,1.0,0,0,0,False,52050,1.2409687042236328,False,
Mask_oil/00324.tif,True,2048,2048,1,uint8,,,,1,0.0,1.0,0.0162203311920166,0.12632193811067774,0.0,0.0,0.0,0.0,0.0,0.0,0.0,1.0,0,0,0,False,68033,1.6220331192016602,False,
Mask_oil/00325.tif,True,2048,2048,1,uint8,,,,1,0.0,1.0,0.010621309280395508,0.10251096072891763,0.0,0.0,0.0,0.0,0.0,0.0,0.0,1.0,0,0,0,False,44549,1.0621309280395508,False,
Mask_oil/00326.tif,True,2048,2048,1,uint8,,,,1,0.0,1.0,0.028862476348876953,0.1674199325286194,0.0,0.0,0.0,0.0,0.0,0.0,0.0,1.0,0,0,0,False,121058,2.8862476348876953,False,
Mask_oil/00327.tif,True,2048,2048,1,uint8,,,,1,0.0,1.0,0.010631322860717773,0.10255875308792006,0.0,0.0,0.0,0.0,0.0,0.0,0.0,1.0,0,0,0,False,44591,1.0631322860717773,False,
Mask_oil/00328.tif,True,2048,2048,1,uint8,,,,1,0.0,1.0,0.007614612579345703,0.08692888044034718,0.0,0.0,0.0,0.0,0.0,0.0,0.0,0.0,0,0,0,False,31938,0.7614612579345703,False,
Mask_oil/00329.tif,True,2048,2048,1,uint8,,,,1,0.0,1.0,0.005513906478881836,0.0740506807141162,0.0,0.0,0.0,0.0,0.0,0.0,0.0,0.0,0,0,0,False,23127,0.5513906478881836,False,
Mask_oil/00330.tif,True,2048,2048,1,uint8,,,,1,0.0,1.0,0.033678293228149414,0.18039973889501115,0.0,0.0,0.0,0.0,0.0,0.0,0.0,1.0,0,0,0,False,141257,3.3678293228149414,False,
Mask_oil/00331.tif,True,2048,2048,1,uint8,,,,1,0.0,1.0,0.013946533203125,0.1172690386024339,0.0,0.0,0.0,0.0,0.0,0.0,0.0,1.0,0,0,0,False,58496,1.3946533203125,False,
Mask_oil/00332.tif,True,2048,2048,1,uint8,,,,1,0.0,1.0,0.03360319137573242,0.18020548522477978,0.0,0.0,0.0,0.0,0.0,0.0,0.0,1.0,0,0,0,False,140942,3.360319137573242,False,
Mask_oil/00333.tif,True,2048,2048,1,uint8,,,,1,0.0,1.0,0.024402379989624023,0.1542948600584803,0.0,0.0,0.0,0.0,0.0,0.0,0.0,1.0,0,0,0,False,102351,2.4402379989624023,False,
Mask_oil/00334.tif,True,2048,2048,1,uint8,,,,1,0.0,1.0,0.031163692474365234,0.17375993999115108,0.0,0.0,0.0,0.0,0.0,0.0,0.0,1.0,0,0,0,False,130710,3.1163692474365234,False,
Mask_oil/00335.tif,True,2048,2048,1,uint8,,,,1,0.0,1.0,0.03861427307128906,0.1926738461402195,0.0,0.0,0.0,0.0,0.0,0.0,0.0,1.0,0,0,0,False,161960,3.8614273071289062,False,
Mask_oil/00336.tif,True,2048,2048,1,uint8,,,,1,0.0,1.0,0.014037609100341797,0.11764588658804777,0.0,0.0,0.0,0.0,0.0,0.0,0.0,1.0,0,0,0,False,58878,1.4037609100341797,False,
Mask_oil/00337.tif,True,2048,2048,1,uint8,,,,1,0.0,1.0,0.005130767822265625,0.0714453850421399,0.0,0.0,0.0,0.0,0.0,0.0,0.0,0.0,0,0,0,False,21520,0.5130767822265625,False,
Mask_oil/00339.tif,True,2048,2048,1,uint8,,,,1,0.0,1.0,0.21511316299438477,0.4109008275739245,0.0,0.0,0.0,0.0,0.0,0.0,1.0,1.0,0,0,0,False,902250,21.511316299438477,False,
Mask_oil/00340.tif,True,2048,2048,1,uint8,,,,1,0.0,1.0,0.07970499992370605,0.2708359520279168,0.0,0.0,0.0,0.0,0.0,0.0,1.0,1.0,0,0,0,False,334307,7.9704999923706055,False,
Mask_oil/00341.tif,True,2048,2048,1,uint8,,,,1,0.0,1.0,0.13452672958374023,0.34121736270483577,0.0,0.0,0.0,0.0,0.0,0.0,1.0,1.0,0,0,0,False,564246,13.452672958374023,False,
Mask_oil/00342.tif,True,2048,2048,1,uint8,,,,1,0.0,1.0,0.10369420051574707,0.3048634338439871,0.0,0.0,0.0,0.0,0.0,0.0,1.0,1.0,0,0,0,False,434925,10.369420051574707,False,
Mask_oil/00344.tif,True,2048,2048,1,uint8,,,,1,0.0,1.0,0.047501325607299805,0.2127086027241237,0.0,0.0,0.0,0.0,0.0,0.0,0.0,1.0,0,0,0,False,199235,4.7501325607299805,False,
Mask_oil/00345.tif,True,2048,2048,1,uint8,,,,1,0.0,1.0,0.04469132423400879,0.20662528831732938,0.0,0.0,0.0,0.0,0.0,0.0,0.0,1.0,0,0,0,False,187449,4.469132423400879,False,
Mask_oil/00346.tif,True,2048,2048,1,uint8,,,,1,0.0,1.0,0.0067441463470458984,0.08184535928869471,0.0,0.0,0.0,0.0,0.0,0.0,0.0,0.0,0,0,0,False,28287,0.6744146347045898,False,
Mask_oil/00347.tif,True,2048,2048,1,uint8,,,,1,0.0,1.0,0.004164695739746094,0.06439993050571899,0.0,0.0,0.0,0.0,0.0,0.0,0.0,0.0,0,0,0,False,17468,0.4164695739746094,False,
Mask_oil/00348.tif,True,2048,2048,1,uint8,,,,1,0.0,1.0,0.004557132720947266,0.06735254458675587,0.0,0.0,0.0,0.0,0.0,0.0,0.0,0.0,0,0,0,False,19114,0.45571327209472656,False,
Mask_oil/00349.tif,True,2048,2048,1,uint8,,,,1,0.0,1.0,0.025469303131103516,0.15754560523581568,0.0,0.0,0.0,0.0,0.0,0.0,0.0,1.0,0,0,0,False,106826,2.5469303131103516,False,
Mask_oil/00350.tif,True,2048,2048,1,uint8,,,,1,0.0,1.0,0.021285057067871094,0.1443329602463989,0.0,0.0,0.0,0.0,0.0,0.0,0.0,1.0,0,0,0,False,89276,2.1285057067871094,False,
Mask_oil/00351.tif,True,2048,2048,1,uint8,,,,1,0.0,1.0,0.009891033172607422,0.09896060142999234,0.0,0.0,0.0,0.0,0.0,0.0,0.0,0.0,0,0,0,False,41486,0.9891033172607422,False,
Mask_oil/00352.tif,True,2048,2048,1,uint8,,,,1,0.0,1.0,0.004815101623535156,0.06922366950610308,0.0,0.0,0.0,0.0,0.0,0.0,0.0,0.0,0,0,0,False,20196,0.4815101623535156,False,
Mask_oil/00353.tif,True,2048,2048,1,uint8,,,,1,0.0,1.0,0.005051374435424805,0.07089328636576203,0.0,0.0,0.0,0.0,0.0,0.0,0.0,0.0,0,0,0,False,21187,0.5051374435424805,False,
Mask_oil/00354.tif,True,2048,2048,1,uint8,,,,1,0.0,1.0,0.016981840133666992,0.1292031626522415,0.0,0.0,0.0,0.0,0.0,0.0,0.0,1.0,0,0,0,False,71227,1.6981840133666992,False,
Mask_oil/00355.tif,True,2048,2048,1,uint8,,,,1,0.0,1.0,0.04800915718078613,0.21378558886785776,0.0,0.0,0.0,0.0,0.0,0.0,0.0,1.0,0,0,0,False,201365,4.800915718078613,False,
Mask_oil/00356.tif,True,2048,2048,1,uint8,,,,1,0.0,1.0,0.06791448593139648,0.25159910280458203,0.0,0.0,0.0,0.0,0.0,0.0,1.0,1.0,0,0,0,False,284854,6.791448593139648,False,
Mask_oil/00357.tif,True,2048,2048,1,uint8,,,,1,0.0,1.0,0.06791448593139648,0.25159910280458203,0.0,0.0,0.0,0.0,0.0,0.0,1.0,1.0,0,0,0,False,284854,6.791448593139648,False,
Mask_oil/00358.tif,True,2048,2048,1,uint8,,,,1,0.0,1.0,0.06327128410339355,0.24345025921387148,0.0,0.0,0.0,0.0,0.0,0.0,1.0,1.0,0,0,0,False,265379,6.3271284103393555,False,
Mask_oil/00361.tif,True,2048,2048,1,uint8,,,,1,0.0,1.0,0.011812925338745117,0.10804341781749757,0.0,0.0,0.0,0.0,0.0,0.0,0.0,1.0,0,0,0,False,49547,1.1812925338745117,False,
Mask_oil/00362.tif,True,2048,2048,1,uint8,,,,1,0.0,1.0,0.0068628787994384766,0.0825577355189851,0.0,0.0,0.0,0.0,0.0,0.0,0.0,0.0,0,0,0,False,28785,0.6862878799438477,False,
Mask_oil/00363.tif,True,2048,2048,1,uint8,,,,1,0.0,1.0,0.01876068115234375,0.13567873081306386,0.0,0.0,0.0,0.0,0.0,0.0,0.0,1.0,0,0,0,False,78688,1.876068115234375,False,
Mask_oil/00364.tif,True,2048,2048,1,uint8,,,,1,0.0,1.0,0.024918079376220703,0.1558754910061908,0.0,0.0,0.0,0.0,0.0,0.0,0.0,1.0,0,0,0,False,104514,2.4918079376220703,False,
Mask_oil/00365.tif,True,2048,2048,1,uint8,,,,1,0.0,1.0,0.019013643264770508,0.13657278145578847,0.0,0.0,0.0,0.0,0.0,0.0,0.0,1.0,0,0,0,False,79749,1.9013643264770508,False,
Mask_oil/00366.tif,True,2048,2048,1,uint8,,,,1,0.0,1.0,0.021053075790405273,0.143561289316336,0.0,0.0,0.0,0.0,0.0,0.0,0.0,1.0,0,0,0,False,88303,2.1053075790405273,False,
Mask_oil/00368.tif,True,2048,2048,1,uint8,,,,1,0.0,1.0,0.016264915466308594,0.12649256101124062,0.0,0.0,0.0,0.0,0.0,0.0,0.0,1.0,0,0,0,False,68220,1.6264915466308594,False,
Mask_oil/00369.tif,True,2048,2048,1,uint8,,,,1,0.0,1.0,0.014033317565917969,0.1176281580405477,0.0,0.0,0.0,0.0,0.0,0.0,0.0,1.0,0,0,0,False,58860,1.4033317565917969,False,
Mask_oil/00370.tif,True,2048,2048,1,uint8,,,,1,0.0,1.0,0.020650386810302734,0.14221092902758076,0.0,0.0,0.0,0.0,0.0,0.0,0.0,1.0,0,0,0,False,86614,2.0650386810302734,False,
Mask_oil/00371.tif,True,2048,2048,1,uint8,,,,1,0.0,1.0,0.015189647674560547,0.12230667307258122,0.0,0.0,0.0,0.0,0.0,0.0,0.0,1.0,0,0,0,False,63710,1.5189647674560547,False,
Mask_oil/00372.tif,True,2048,2048,1,uint8,,,,1,0.0,1.0,0.07114601135253906,0.257068583108017,0.0,0.0,0.0,0.0,0.0,0.0,1.0,1.0,0,0,0,False,298408,7.114601135253906,False,
Mask_oil/00373.tif,True,2048,2048,1,uint8,,,,1,0.0,1.0,0.14790081977844238,0.35500164406282275,0.0,0.0,0.0,0.0,0.0,0.0,1.0,1.0,0,0,0,False,620341,14.790081977844238,False,
Mask_oil/00374.tif,True,2048,2048,1,uint8,,,,1,0.0,1.0,0.023242950439453125,0.150674203811808,0.0,0.0,0.0,0.0,0.0,0.0,0.0,1.0,0,0,0,False,97488,2.3242950439453125,False,
Mask_oil/00375.tif,True,2048,2048,1,uint8,,,,1,0.0,1.0,0.02993607521057129,0.17041099322390652,0.0,0.0,0.0,0.0,0.0,0.0,0.0,1.0,0,0,0,False,125561,2.993607521057129,False,
Mask_oil/00376.tif,True,2048,2048,1,uint8,,,,1,0.0,1.0,0.009781837463378906,0.09841825602609987,0.0,0.0,0.0,0.0,0.0,0.0,0.0,0.0,0,0,0,False,41028,0.9781837463378906,False,
Mask_oil/00377.tif,True,2048,2048,1,uint8,,,,1,0.0,1.0,0.059209346771240234,0.2360161012010902,0.0,0.0,0.0,0.0,0.0,0.0,1.0,1.0,0,0,0,False,248342,5.920934677124023,False,
Mask_oil/00378.tif,True,2048,2048,1,uint8,,,,1,0.0,1.0,0.06472420692443848,0.24603858226392247,0.0,0.0,0.0,0.0,0.0,0.0,1.0,1.0,0,0,0,False,271473,6.472420692443848,False,
Mask_oil/00379.tif,True,2048,2048,1,uint8,,,,1,0.0,1.0,0.023653507232666016,0.1519671636514291,0.0,0.0,0.0,0.0,0.0,0.0,0.0,1.0,0,0,0,False,99210,2.3653507232666016,False,
Mask_oil/00382.tif,True,2048,2048,1,uint8,,,,1,0.0,1.0,0.039662837982177734,0.19516581992084897,0.0,0.0,0.0,0.0,0.0,0.0,0.0,1.0,0,0,0,False,166358,3.9662837982177734,False,
Mask_oil/00384.tif,True,2048,2048,1,uint8,,,,1,0.0,1.0,0.1717078685760498,0.37712634016350516,0.0,0.0,0.0,0.0,0.0,0.0,1.0,1.0,0,0,0,False,720195,17.17078685760498,False,
Mask_oil/00385.tif,True,2048,2048,1,uint8,,,,1,0.0,1.0,0.08970117568969727,0.2857531710577913,0.0,0.0,0.0,0.0,0.0,0.0,1.0,1.0,0,0,0,False,376234,8.970117568969727,False,
Mask_oil/00386.tif,True,2048,2048,1,uint8,,,,1,0.0,1.0,0.23116111755371094,0.42157520715173746,0.0,0.0,0.0,0.0,0.0,0.0,1.0,1.0,0,0,0,False,969560,23.116111755371094,False,
Mask_oil/00387.tif,True,2048,2048,1,uint8,,,,1,0.0,1.0,0.007022380828857422,0.08350489205041772,0.0,0.0,0.0,0.0,0.0,0.0,0.0,0.0,0,0,0,False,29454,0.7022380828857422,False,
Mask_oil/00388.tif,True,2048,2048,1,uint8,,,,1,0.0,1.0,0.029895305633544922,0.17029849187418503,0.0,0.0,0.0,0.0,0.0,0.0,0.0,1.0,0,0,0,False,125390,2.989530563354492,False,
Mask_oil/00389.tif,True,2048,2048,1,uint8,,,,1,0.0,1.0,0.050868988037109375,0.21973013924628046,0.0,0.0,0.0,0.0,0.0,0.0,1.0,1.0,0,0,0,False,213360,5.0868988037109375,False,
Mask_oil/00391.tif,True,2048,2048,1,uint8,,,,1,0.0,1.0,0.0061833858489990234,0.07839101726882629,0.0,0.0,0.0,0.0,0.0,0.0,0.0,0.0,0,0,0,False,25935,0.6183385848999023,False,
Mask_oil/00392.tif,True,2048,2048,1,uint8,,,,1,0.0,1.0,0.00599217414855957,0.07717686180153288,0.0,0.0,0.0,0.0,0.0,0.0,0.0,0.0,0,0,0,False,25133,0.599217414855957,False,
Mask_oil/00393.tif,True,2048,2048,1,uint8,,,,1,0.0,1.0,0.015989303588867188,0.1254338302038578,0.0,0.0,0.0,0.0,0.0,0.0,0.0,1.0,0,0,0,False,67064,1.5989303588867188,False,
Mask_oil/00394.tif,True,2048,2048,1,uint8,,,,1,0.0,1.0,0.015854358673095703,0.12491196093313298,0.0,0.0,0.0,0.0,0.0,0.0,0.0,1.0,0,0,0,False,66498,1.5854358673095703,False,
Mask_oil/00395.tif,True,2048,2048,1,uint8,,,,1,0.0,1.0,0.014282941818237305,0.11865470657017425,0.0,0.0,0.0,0.0,0.0,0.0,0.0,1.0,0,0,0,False,59907,1.4282941818237305,False,
Mask_oil/00396.tif,True,2048,2048,1,uint8,,,,1,0.0,1.0,0.043990373611450195,0.20507369563397257,0.0,0.0,0.0,0.0,0.0,0.0,0.0,1.0,0,0,0,False,184509,4.3990373611450195,False,
Mask_oil/00398.tif,True,2048,2048,1,uint8,,,,1,0.0,1.0,0.006718873977661133,0.08169290489469352,0.0,0.0,0.0,0.0,0.0,0.0,0.0,0.0,0,0,0,False,28181,0.6718873977661133,False,
Mask_oil/00399.tif,True,2048,2048,1,uint8,,,,1,0.0,1.0,0.01049184799194336,0.10189096681088718,0.0,0.0,0.0,0.0,0.0,0.0,0.0,1.0,0,0,0,False,44006,1.049184799194336,False,
Mask_oil/00400.tif,True,2048,2048,1,uint8,,,,1,0.0,1.0,0.020264863967895508,0.1409049298507976,0.0,0.0,0.0,0.0,0.0,0.0,0.0,1.0,0,0,0,False,84997,2.026486396789551,False,
Mask_oil/00401.tif,True,2048,2048,1,uint8,,,,1,0.0,1.0,0.01630711555480957,0.1266538334875485,0.0,0.0,0.0,0.0,0.0,0.0,0.0,1.0,0,0,0,False,68397,1.630711555480957,False,
Mask_oil/00402.tif,True,2048,2048,1,uint8,,,,1,0.0,1.0,0.014290332794189453,0.11868495769397555,0.0,0.0,0.0,0.0,0.0,0.0,0.0,1.0,0,0,0,False,59938,1.4290332794189453,False,
Mask_oil/00403.tif,True,2048,2048,1,uint8,,,,1,0.0,1.0,0.0042455196380615234,0.06501919102130045,0.0,0.0,0.0,0.0,0.0,0.0,0.0,0.0,0,0,0,False,17807,0.42455196380615234,False,
Mask_oil/00404.tif,True,2048,2048,1,uint8,,,,1,0.0,1.0,0.016180753707885742,0.12617026954608002,0.0,0.0,0.0,0.0,0.0,0.0,0.0,1.0,0,0,0,False,67867,1.6180753707885742,False,
Mask_oil/00405.tif,True,2048,2048,1,uint8,,,,1,0.0,1.0,0.015195608139038086,0.1223302972788135,0.0,0.0,0.0,0.0,0.0,0.0,0.0,1.0,0,0,0,False,63735,1.5195608139038086,False,
Mask_oil/00406.tif,True,2048,2048,1,uint8,,,,1,0.0,1.0,0.020415306091308594,0.14141612838890327,0.0,0.0,0.0,0.0,0.0,0.0,0.0,1.0,0,0,0,False,85628,2.0415306091308594,False,
Mask_oil/00407.tif,True,2048,2048,1,uint8,,,,1,0.0,1.0,0.022763490676879883,0.14914863113379045,0.0,0.0,0.0,0.0,0.0,0.0,0.0,1.0,0,0,0,False,95477,2.2763490676879883,False,
Mask_oil/00408.tif,True,2048,2048,1,uint8,,,,1,0.0,1.0,0.005757808685302734,0.07566145864603845,0.0,0.0,0.0,0.0,0.0,0.0,0.0,0.0,0,0,0,False,24150,0.5757808685302734,False,
Mask_oil/00409.tif,True,2048,2048,1,uint8,,,,1,0.0,1.0,0.023361682891845703,0.1510493782321084,0.0,0.0,0.0,0.0,0.0,0.0,0.0,1.0,0,0,0,False,97986,2.3361682891845703,False,
Mask_oil/00410.tif,True,2048,2048,1,uint8,,,,1,0.0,1.0,0.03229212760925293,0.17677484578898847,0.0,0.0,0.0,0.0,0.0,0.0,0.0,1.0,0,0,0,False,135443,3.229212760925293,False,
Mask_oil/00411.tif,True,2048,2048,1,uint8,,,,1,0.0,1.0,0.04066300392150879,0.19750828851870533,0.0,0.0,0.0,0.0,0.0,0.0,0.0,1.0,0,0,0,False,170553,4.066300392150879,False,
Mask_oil/00412.tif,True,2048,2048,1,uint8,,,,1,0.0,1.0,0.07971382141113281,0.2708496411058483,0.0,0.0,0.0,0.0,0.0,0.0,1.0,1.0,0,0,0,False,334344,7.971382141113281,False,
Mask_oil/00413.tif,True,2048,2048,1,uint8,,,,1,0.0,1.0,0.09223055839538574,0.2893511404737522,0.0,0.0,0.0,0.0,0.0,0.0,1.0,1.0,0,0,0,False,386843,9.223055839538574,False,
Mask_oil/00414.tif,True,2048,2048,1,uint8,,,,1,0.0,1.0,0.010149955749511719,0.1002343960314755,0.0,0.0,0.0,0.0,0.0,0.0,0.0,1.0,0,0,0,False,42572,1.0149955749511719,False,
Mask_oil/00415.tif,True,2048,2048,1,uint8,,,,1,0.0,1.0,0.005435943603515625,0.0735281858925883,0.0,0.0,0.0,0.0,0.0,0.0,0.0,0.0,0,0,0,False,22800,0.5435943603515625,False,
Mask_oil/00416.tif,True,2048,2048,1,uint8,,,,1,0.0,1.0,0.021587610244750977,0.14533267123627674,0.0,0.0,0.0,0.0,0.0,0.0,0.0,1.0,0,0,0,False,90545,2.1587610244750977,False,
Mask_oil/00417.tif,True,2048,2048,1,uint8,,,,1,0.0,1.0,0.03232717514038086,0.17686754616894532,0.0,0.0,0.0,0.0,0.0,0.0,0.0,1.0,0,0,0,False,135590,3.232717514038086,False,
Mask_oil/00418.tif,True,2048,2048,1,uint8,,,,1,0.0,1.0,0.04354143142700195,0.20407247530299044,0.0,0.0,0.0,0.0,0.0,0.0,0.0,1.0,0,0,0,False,182626,4.354143142700195,False,
Mask_oil/00419.tif,True,2048,2048,1,uint8,,,,1,0.0,1.0,0.013231039047241211,0.11426276144471387,0.0,0.0,0.0,0.0,0.0,0.0,0.0,1.0,0,0,0,False,55495,1.323103904724121,False,
Mask_oil/00421.tif,True,2048,2048,1,uint8,,,,1,0.0,1.0,0.33701205253601074,0.4726890404710859,0.0,0.0,0.0,0.0,0.0,1.0,1.0,1.0,0,0,0,False,1413531,33.701205253601074,False,
Mask_oil/00422.tif,True,2048,2048,1,uint8,,,,1,0.0,1.0,0.2125086784362793,0.4090828033852625,0.0,0.0,0.0,0.0,0.0,0.0,1.0,1.0,0,0,0,False,891326,21.25086784362793,False,
Mask_oil/00423.tif,True,2048,2048,1,uint8,,,,1,0.0,1.0,0.14759373664855957,0.35469680792287267,0.0,0.0,0.0,0.0,0.0,0.0,1.0,1.0,0,0,0,False,619053,14.759373664855957,False,
Mask_oil/00424.tif,True,2048,2048,1,uint8,,,,1,0.0,1.0,0.29444098472595215,0.45579106094740796,0.0,0.0,0.0,0.0,0.0,1.0,1.0,1.0,0,0,0,False,1234975,29.444098472595215,False,
Mask_oil/00425.tif,True,2048,2048,1,uint8,,,,1,0.0,1.0,0.19494390487670898,0.39615751769735436,0.0,0.0,0.0,0.0,0.0,0.0,1.0,1.0,0,0,0,False,817654,19.4943904876709,False,
Mask_oil/00426.tif,True,2048,2048,1,uint8,,,,1,0.0,1.0,0.02257513999938965,0.14854461637298608,0.0,0.0,0.0,0.0,0.0,0.0,0.0,1.0,0,0,0,False,94687,2.257513999938965,False,
Mask_oil/00427.tif,True,2048,2048,1,uint8,,,,1,0.0,1.0,0.03724861145019531,0.18937041055885076,0.0,0.0,0.0,0.0,0.0,0.0,0.0,1.0,0,0,0,False,156232,3.7248611450195312,False,
Mask_oil/00428.tif,True,2048,2048,1,uint8,,,,1,0.0,1.0,0.02709794044494629,0.16236884574507646,0.0,0.0,0.0,0.0,0.0,0.0,0.0,1.0,0,0,0,False,113657,2.709794044494629,False,
Mask_oil/00429.tif,True,2048,2048,1,uint8,,,,1,0.0,1.0,0.027855396270751953,0.164558418713086,0.0,0.0,0.0,0.0,0.0,0.0,0.0,1.0,0,0,0,False,116834,2.7855396270751953,False,
Mask_oil/00430.tif,True,2048,2048,1,uint8,,,,1,0.0,1.0,0.018066883087158203,0.1331933587784059,0.0,0.0,0.0,0.0,0.0,0.0,0.0,1.0,0,0,0,False,75778,1.8066883087158203,False,
Mask_oil/00431.tif,True,2048,2048,1,uint8,,,,1,0.0,1.0,0.02110004425048828,0.14371789165972243,0.0,0.0,0.0,0.0,0.0,0.0,0.0,1.0,0,0,0,False,88500,2.110004425048828,False,
Mask_oil/00432.tif,True,2048,2048,1,uint8,,,,1,0.0,1.0,0.013962984085083008,0.11733720279827164,0.0,0.0,0.0,0.0,0.0,0.0,0.0,1.0,0,0,0,False,58565,1.3962984085083008,False,
Mask_oil/00433.tif,True,2048,2048,1,uint8,,,,1,0.0,1.0,0.015473127365112305,0.12342491521024156,0.0,0.0,0.0,0.0,0.0,0.0,0.0,1.0,0,0,0,False,64899,1.5473127365112305,False,
Mask_oil/00434.tif,True,2048,2048,1,uint8,,,,1,0.0,1.0,0.009724855422973633,0.09813400333205556,0.0,0.0,0.0,0.0,0.0,0.0,0.0,0.0,0,0,0,False,40789,0.9724855422973633,False,
Mask_oil/00435.tif,True,2048,2048,1,uint8,,,,1,0.0,1.0,0.0035386085510253906,0.05938086224153368,0.0,0.0,0.0,0.0,0.0,0.0,0.0,0.0,0,0,0,False,14842,0.35386085510253906,False,
Mask_oil/00436.tif,True,2048,2048,1,uint8,,,,1,0.0,1.0,0.020021677017211914,0.1400742998077462,0.0,0.0,0.0,0.0,0.0,0.0,0.0,1.0,0,0,0,False,83977,2.0021677017211914,False,
Mask_oil/00437.tif,True,2048,2048,1,uint8,,,,1,0.0,1.0,0.0021905899047851562,0.046752446146209395,0.0,0.0,0.0,0.0,0.0,0.0,0.0,0.0,0,0,0,False,9188,0.21905899047851562,False,
Mask_oil/00438.tif,True,2048,2048,1,uint8,,,,1,0.0,1.0,0.0349583625793457,0.1836743734578036,0.0,0.0,0.0,0.0,0.0,0.0,0.0,1.0,0,0,0,False,146626,3.4958362579345703,False,
Mask_oil/00439.tif,True,2048,2048,1,uint8,,,,1,0.0,1.0,0.029115915298461914,0.1681314330361658,0.0,0.0,0.0,0.0,0.0,0.0,0.0,1.0,0,0,0,False,122121,2.9115915298461914,False,
Mask_oil/00440.tif,True,2048,2048,1,uint8,,,,1,0.0,1.0,0.024573087692260742,0.15482006024262232,0.0,0.0,0.0,0.0,0.0,0.0,0.0,1.0,0,0,0,False,103067,2.457308769226074,False,
Mask_oil/00441.tif,True,2048,2048,1,uint8,,,,1,0.0,1.0,0.035645484924316406,0.18540465023517275,0.0,0.0,0.0,0.0,0.0,0.0,0.0,1.0,0,0,0,False,149508,3.5645484924316406,False,
Mask_oil/00442.tif,True,2048,2048,1,uint8,,,,1,0.0,1.0,0.05733537673950195,0.23248232473382,0.0,0.0,0.0,0.0,0.0,0.0,1.0,1.0,0,0,0,False,240482,5.733537673950195,False,
Mask_oil/00443.tif,True,2048,2048,1,uint8,,,,1,0.0,1.0,0.008166074752807617,0.08999661091362927,0.0,0.0,0.0,0.0,0.0,0.0,0.0,0.0,0,0,0,False,34251,0.8166074752807617,False,
Mask_oil/00444.tif,True,2048,2048,1,uint8,,,,1,0.0,1.0,0.011406183242797852,0.10618889879186792,0.0,0.0,0.0,0.0,0.0,0.0,0.0,1.0,0,0,0,False,47841,1.1406183242797852,False,
Mask_oil/00445.tif,True,2048,2048,1,uint8,,,,1,0.0,1.0,0.03432607650756836,0.18206536457867248,0.0,0.0,0.0,0.0,0.0,0.0,0.0,1.0,0,0,0,False,143974,3.432607650756836,False,
Mask_oil/00446.tif,True,2048,2048,1,uint8,,,,1,0.0,1.0,0.03216242790222168,0.17643130712448987,0.0,0.0,0.0,0.0,0.0,0.0,0.0,1.0,0,0,0,False,134899,3.216242790222168,False,
Mask_oil/00447.tif,True,2048,2048,1,uint8,,,,1,0.0,1.0,0.08158445358276367,0.2737305801629872,0.0,0.0,0.0,0.0,0.0,0.0,1.0,1.0,0,0,0,False,342190,8.158445358276367,False,
Mask_oil/00448.tif,True,2048,2048,1,uint8,,,,1,0.0,1.0,0.010365962982177734,0.10128430181242232,0.0,0.0,0.0,0.0,0.0,0.0,0.0,1.0,0,0,0,False,43478,1.0365962982177734,False,
Mask_oil/00449.tif,True,2048,2048,1,uint8,,,,1,0.0,1.0,0.035715579986572266,0.18558011028338953,0.0,0.0,0.0,0.0,0.0,0.0,0.0,1.0,0,0,0,False,149802,3.5715579986572266,False,
Mask_oil/00450.tif,True,2048,2048,1,uint8,,,,1,0.0,1.0,0.008446216583251953,0.09151435957641157,0.0,0.0,0.0,0.0,0.0,0.0,0.0,0.0,0,0,0,False,35426,0.8446216583251953,False,
Mask_oil/00451.tif,True,2048,2048,1,uint8,,,,1,0.0,1.0,0.06346487998962402,0.24379722926548333,0.0,0.0,0.0,0.0,0.0,0.0,1.0,1.0,0,0,0,False,266191,6.346487998962402,False,
Mask_oil/00452.tif,True,2048,2048,1,uint8,,,,1,0.0,1.0,0.006081581115722656,0.07774699664202818,0.0,0.0,0.0,0.0,0.0,0.0,0.0,0.0,0,0,0,False,25508,0.6081581115722656,False,
Mask_oil/00453.tif,True,2048,2048,1,uint8,,,,1,0.0,1.0,0.020993709564208984,0.1433630835429492,0.0,0.0,0.0,0.0,0.0,0.0,0.0,1.0,0,0,0,False,88054,2.0993709564208984,False,
Mask_oil/00454.tif,True,2048,2048,1,uint8,,,,1,0.0,1.0,0.02448272705078125,0.15454230206302155,0.0,0.0,0.0,0.0,0.0,0.0,0.0,1.0,0,0,0,False,102688,2.448272705078125,False,
Mask_oil/00455.tif,True,2048,2048,1,uint8,,,,1,0.0,1.0,0.0034024715423583984,0.05823138955719535,0.0,0.0,0.0,0.0,0.0,0.0,0.0,0.0,0,0,0,False,14271,0.34024715423583984,False,
Mask_oil/00456.tif,True,2048,2048,1,uint8,,,,1,0.0,1.0,0.038341522216796875,0.19201939977745933,0.0,0.0,0.0,0.0,0.0,0.0,0.0,1.0,0,0,0,False,160816,3.8341522216796875,False,
Mask_oil/00457.tif,True,2048,2048,1,uint8,,,,1,0.0,1.0,0.02804112434387207,0.16509033796501713,0.0,0.0,0.0,0.0,0.0,0.0,0.0,1.0,0,0,0,False,117613,2.804112434387207,False,
Mask_oil/00458.tif,True,2048,2048,1,uint8,,,,1,0.0,1.0,0.001924276351928711,0.043824348397324964,0.0,0.0,0.0,0.0,0.0,0.0,0.0,0.0,0,0,0,False,8071,0.1924276351928711,False,
Mask_oil/00459.tif,True,2048,2048,1,uint8,,,,1,0.0,1.0,0.00518035888671875,0.07178804056751754,0.0,0.0,0.0,0.0,0.0,0.0,0.0,0.0,0,0,0,False,21728,0.518035888671875,False,
Mask_oil/00460.tif,True,2048,2048,1,uint8,,,,1,0.0,1.0,0.006317138671875,0.07922898731446276,0.0,0.0,0.0,0.0,0.0,0.0,0.0,0.0,0,0,0,False,26496,0.6317138671875,False,
Mask_oil/00461.tif,True,2048,2048,1,uint8,,,,1,0.0,1.0,0.004753828048706055,0.06878393102745285,0.0,0.0,0.0,0.0,0.0,0.0,0.0,0.0,0,0,0,False,19939,0.47538280487060547,False,
Mask_oil/00462.tif,True,2048,2048,1,uint8,,,,1,0.0,1.0,0.011720657348632812,0.10762566394661058,0.0,0.0,0.0,0.0,0.0,0.0,0.0,1.0,0,0,0,False,49160,1.1720657348632812,False,
Mask_oil/00463.tif,True,2048,2048,1,uint8,,,,1,0.0,1.0,0.014216423034667969,0.11838207782754673,0.0,0.0,0.0,0.0,0.0,0.0,0.0,1.0,0,0,0,False,59628,1.4216423034667969,False,
Mask_oil/00464.tif,True,2048,2048,1,uint8,,,,1,0.0,1.0,0.1144568920135498,0.31836537481979477,0.0,0.0,0.0,0.0,0.0,0.0,1.0,1.0,0,0,0,False,480067,11.44568920135498,False,
Mask_oil/00465.tif,True,2048,2048,1,uint8,,,,1,0.0,1.0,0.04777860641479492,0.213297471114533,0.0,0.0,0.0,0.0,0.0,0.0,0.0,1.0,0,0,0,False,200398,4.777860641479492,False,
Mask_oil/00466.tif,True,2048,2048,1,uint8,,,,1,0.0,1.0,0.0344243049621582,0.1823164068042987,0.0,0.0,0.0,0.0,0.0,0.0,0.0,1.0,0,0,0,False,144386,3.4424304962158203,False,
Mask_oil/00467.tif,True,2048,2048,1,uint8,,,,1,0.0,1.0,0.020227670669555664,0.14077823698583408,0.0,0.0,0.0,0.0,0.0,0.0,0.0,1.0,0,0,0,False,84841,2.0227670669555664,False,
Mask_oil/00468.tif,True,2048,2048,1,uint8,,,,1,0.0,1.0,0.047585487365722656,0.21288754956053513,0.0,0.0,0.0,0.0,0.0,0.0,0.0,1.0,0,0,0,False,199588,4.758548736572266,False,
Mask_oil/00469.tif,True,2048,2048,1,uint8,,,,1,0.0,1.0,0.03852677345275879,0.19246418155095402,0.0,0.0,0.0,0.0,0.0,0.0,0.0,1.0,0,0,0,False,161593,3.852677345275879,False,
Mask_oil/00470.tif,True,2048,2048,1,uint8,,,,1,0.0,1.0,0.06319308280944824,0.24330991984398512,0.0,0.0,0.0,0.0,0.0,0.0,1.0,1.0,0,0,0,False,265051,6.319308280944824,False,
Mask_oil/00471.tif,True,2048,2048,1,uint8,,,,1,0.0,1.0,0.013957738876342773,0.11731547383786421,0.0,0.0,0.0,0.0,0.0,0.0,0.0,1.0,0,0,0,False,58543,1.3957738876342773,False,
Mask_oil/00472.tif,True,2048,2048,1,uint8,,,,1,0.0,1.0,0.006721019744873047,0.08170586049031045,0.0,0.0,0.0,0.0,0.0,0.0,0.0,0.0,0,0,0,False,28190,0.6721019744873047,False,
Mask_oil/00473.tif,True,2048,2048,1,uint8,,,,1,0.0,1.0,0.014480829238891602,0.11946185509795863,0.0,0.0,0.0,0.0,0.0,0.0,0.0,1.0,0,0,0,False,60737,1.4480829238891602,False,
Mask_oil/00474.tif,True,2048,2048,1,uint8,,,,1,0.0,1.0,0.011015892028808594,0.10437692346308271,0.0,0.0,0.0,0.0,0.0,0.0,0.0,1.0,0,0,0,False,46204,1.1015892028808594,False,
Mask_oil/00475.tif,True,2048,2048,1,uint8,,,,1,0.0,1.0,0.06448101997375488,0.24560785418406128,0.0,0.0,0.0,0.0,0.0,0.0,1.0,1.0,0,0,0,False,270453,6.448101997375488,False,
Mask_oil/00476.tif,True,2048,2048,1,uint8,,,,1,0.0,1.0,0.07295012474060059,0.26005461741897873,0.0,0.0,0.0,0.0,0.0,0.0,1.0,1.0,0,0,0,False,305975,7.295012474060059,False,
Mask_oil/00477.tif,True,2048,2048,1,uint8,,,,1,0.0,1.0,0.046027183532714844,0.20954398561820053,0.0,0.0,0.0,0.0,0.0,0.0,0.0,1.0,0,0,0,False,193052,4.602718353271484,False,
Mask_oil/00478.tif,True,2048,2048,1,uint8,,,,1,0.0,1.0,0.02671670913696289,0.16125422968050734,0.0,0.0,0.0,0.0,0.0,0.0,0.0,1.0,0,0,0,False,112058,2.671670913696289,False,
Mask_oil/00479.tif,True,2048,2048,1,uint8,,,,1,0.0,1.0,0.026250600814819336,0.15987966340870355,0.0,0.0,0.0,0.0,0.0,0.0,0.0,1.0,0,0,0,False,110103,2.6250600814819336,False,
Mask_oil/00480.tif,True,2048,2048,1,uint8,,,,1,0.0,1.0,0.026360750198364258,0.16020568356754294,0.0,0.0,0.0,0.0,0.0,0.0,0.0,1.0,0,0,0,False,110565,2.636075019836426,False,
Mask_oil/00481.tif,True,2048,2048,1,uint8,,,,1,0.0,1.0,0.04931020736694336,0.2165149205398381,0.0,0.0,0.0,0.0,0.0,0.0,0.0,1.0,0,0,0,False,206822,4.931020736694336,False,
Mask_oil/00484.tif,True,2048,2048,1,uint8,,,,1,0.0,1.0,0.042847394943237305,0.20251295190633004,0.0,0.0,0.0,0.0,0.0,0.0,0.0,1.0,0,0,0,False,179715,4.2847394943237305,False,
Mask_oil/00485.tif,True,2048,2048,1,uint8,,,,1,0.0,1.0,0.04145503044128418,0.1993401888541204,0.0,0.0,0.0,0.0,0.0,0.0,0.0,1.0,0,0,0,False,173875,4.145503044128418,False,
Mask_oil/00486.tif,True,2048,2048,1,uint8,,,,1,0.0,1.0,0.0191953182220459,0.13721099803004236,0.0,0.0,0.0,0.0,0.0,0.0,0.0,1.0,0,0,0,False,80511,1.9195318222045898,False,
Mask_oil/00487.tif,True,2048,2048,1,uint8,,,,1,0.0,1.0,0.02059030532836914,0.14200825558696817,0.0,0.0,0.0,0.0,0.0,0.0,0.0,1.0,0,0,0,False,86362,2.059030532836914,False,
Mask_oil/00488.tif,True,2048,2048,1,uint8,,,,1,0.0,1.0,0.024997234344482422,0.15611653538177642,0.0,0.0,0.0,0.0,0.0,0.0,0.0,1.0,0,0,0,False,104846,2.499723434448242,False,
Mask_oil/00489.tif,True,2048,2048,1,uint8,,,,1,0.0,1.0,0.015434980392456055,0.12327506549477292,0.0,0.0,0.0,0.0,0.0,0.0,0.0,1.0,0,0,0,False,64739,1.5434980392456055,False,
Mask_oil/00490.tif,True,2048,2048,1,uint8,,,,1,0.0,1.0,0.006405353546142578,0.07977671961224965,0.0,0.0,0.0,0.0,0.0,0.0,0.0,0.0,0,0,0,False,26866,0.6405353546142578,False,
Mask_oil/00491.tif,True,2048,2048,1,uint8,,,,1,0.0,1.0,0.025670528411865234,0.15815041063152777,0.0,0.0,0.0,0.0,0.0,0.0,0.0,1.0,0,0,0,False,107670,2.5670528411865234,False,
Mask_oil/00492.tif,True,2048,2048,1,uint8,,,,1,0.0,1.0,0.02079153060913086,0.14268581872092417,0.0,0.0,0.0,0.0,0.0,0.0,0.0,1.0,0,0,0,False,87206,2.079153060913086,False,
Mask_oil/00493.tif,True,2048,2048,1,uint8,,,,1,0.0,1.0,0.008771181106567383,0.09324294873374167,0.0,0.0,0.0,0.0,0.0,0.0,0.0,0.0,0,0,0,False,36789,0.8771181106567383,False,
Mask_oil/00494.tif,True,2048,2048,1,uint8,,,,1,0.0,1.0,0.004080533981323242,0.06374859389626181,0.0,0.0,0.0,0.0,0.0,0.0,0.0,0.0,0,0,0,False,17115,0.4080533981323242,False,
Mask_oil/00495.tif,True,2048,2048,1,uint8,,,,1,0.0,1.0,0.02646183967590332,0.1605042389373879,0.0,0.0,0.0,0.0,0.0,0.0,0.0,1.0,0,0,0,False,110989,2.646183967590332,False,
Mask_oil/00496.tif,True,2048,2048,1,uint8,,,,1,0.0,1.0,0.11841511726379395,0.32309902083911657,0.0,0.0,0.0,0.0,0.0,0.0,1.0,1.0,0,0,0,False,496669,11.841511726379395,False,
Mask_oil/00497.tif,True,2048,2048,1,uint8,,,,1,0.0,1.0,0.03235292434692383,0.1769356171976859,0.0,0.0,0.0,0.0,0.0,0.0,0.0,1.0,0,0,0,False,135698,3.235292434692383,False,
Mask_oil/00498.tif,True,2048,2048,1,uint8,,,,1,0.0,1.0,0.07139849662780762,0.2574893227050329,0.0,0.0,0.0,0.0,0.0,0.0,1.0,1.0,0,0,0,False,299467,7.139849662780762,False,
Mask_oil/00499.tif,True,2048,2048,1,uint8,,,,1,0.0,1.0,0.02274799346923828,0.14909903508192726,0.0,0.0,0.0,0.0,0.0,0.0,0.0,1.0,0,0,0,False,95412,2.274799346923828,False,
Mask_oil/00500.tif,True,2048,2048,1,uint8,,,,1,0.0,1.0,0.0035810470581054688,0.05973460605104133,0.0,0.0,0.0,0.0,0.0,0.0,0.0,0.0,0,0,0,False,15020,0.3581047058105469,False,
Mask_oil/00501.tif,True,2048,2048,1,uint8,,,,1,0.0,1.0,0.025662899017333984,0.15812752648214068,0.0,0.0,0.0,0.0,0.0,0.0,0.0,1.0,0,0,0,False,107638,2.5662899017333984,False,
Mask_oil/00502.tif,True,2048,2048,1,uint8,,,,1,0.0,1.0,0.023265600204467773,0.15074585251871325,0.0,0.0,0.0,0.0,0.0,0.0,0.0,1.0,0,0,0,False,97583,2.3265600204467773,False,
Mask_oil/00503.tif,True,2048,2048,1,uint8,,,,1,0.0,1.0,0.015227556228637695,0.12245684039669394,0.0,0.0,0.0,0.0,0.0,0.0,0.0,1.0,0,0,0,False,63869,1.5227556228637695,False,
Mask_oil/00504.tif,True,2048,2048,1,uint8,,,,1,0.0,1.0,0.0022382736206054688,0.047257420071400116,0.0,0.0,0.0,0.0,0.0,0.0,0.0,0.0,0,0,0,False,9388,0.22382736206054688,False,
Mask_oil/00505.tif,True,2048,2048,1,uint8,,,,1,0.0,1.0,0.01051187515258789,0.10198713464630868,0.0,0.0,0.0,0.0,0.0,0.0,0.0,1.0,0,0,0,False,44090,1.051187515258789,False,
Mask_oil/00506.tif,True,2048,2048,1,uint8,,,,1,0.0,1.0,0.002314329147338867,0.048051774451487686,0.0,0.0,0.0,0.0,0.0,0.0,0.0,0.0,0,0,0,False,9707,0.23143291473388672,False,
Mask_oil/00507.tif,True,2048,2048,1,uint8,,,,1,0.0,1.0,0.03539538383483887,0.18477702951942726,0.0,0.0,0.0,0.0,0.0,0.0,0.0,1.0,0,0,0,False,148459,3.5395383834838867,False,
Mask_oil/00508.tif,True,2048,2048,1,uint8,,,,1,0.0,1.0,0.03267669677734375,0.17778900490487393,0.0,0.0,0.0,0.0,0.0,0.0,0.0,1.0,0,0,0,False,137056,3.267669677734375,False,
Mask_oil/00509.tif,True,2048,2048,1,uint8,,,,1,0.0,1.0,0.008539438247680664,0.09201367421255774,0.0,0.0,0.0,0.0,0.0,0.0,0.0,0.0,0,0,0,False,35817,0.8539438247680664,False,
Mask_oil/00511.tif,True,2048,2048,1,uint8,,,,1,0.0,1.0,0.008002519607543945,0.08909814413036234,0.0,0.0,0.0,0.0,0.0,0.0,0.0,0.0,0,0,0,False,33565,0.8002519607543945,False,
Mask_oil/00512.tif,True,2048,2048,1,uint8,,,,1,0.0,1.0,0.008489131927490234,0.09174457240953222,0.0,0.0,0.0,0.0,0.0,0.0,0.0,0.0,0,0,0,False,35606,0.8489131927490234,False,
Mask_oil/00513.tif,True,2048,2048,1,uint8,,,,1,0.0,1.0,0.0020089149475097656,0.04477587752622429,0.0,0.0,0.0,0.0,0.0,0.0,0.0,0.0,0,0,0,False,8426,0.20089149475097656,False,
Mask_oil/00514.tif,True,2048,2048,1,uint8,,,,1,0.0,1.0,0.019110679626464844,0.1369140662995569,0.0,0.0,0.0,0.0,0.0,0.0,0.0,1.0,0,0,0,False,80156,1.9110679626464844,False,
Mask_oil/00515.tif,True,2048,2048,1,uint8,,,,1,0.0,1.0,0.025663375854492188,0.15812895684928568,0.0,0.0,0.0,0.0,0.0,0.0,0.0,1.0,0,0,0,False,107640,2.5663375854492188,False,
Mask_oil/00516.tif,True,2048,2048,1,uint8,,,,1,0.0,1.0,0.04247713088989258,0.20167504615409293,0.0,0.0,0.0,0.0,0.0,0.0,0.0,1.0,0,0,0,False,178162,4.247713088989258,False,
Mask_oil/00517.tif,True,2048,2048,1,uint8,,,,1,0.0,1.0,0.03013324737548828,0.17095389664496072,0.0,0.0,0.0,0.0,0.0,0.0,0.0,1.0,0,0,0,False,126388,3.013324737548828,False,
Mask_oil/00518.tif,True,2048,2048,1,uint8,,,,1,0.0,1.0,0.04696846008300781,0.21157132093088304,0.0,0.0,0.0,0.0,0.0,0.0,0.0,1.0,0,0,0,False,197000,4.696846008300781,False,
Mask_oil/00519.tif,True,2048,2048,1,uint8,,,,1,0.0,1.0,0.017077207565307617,0.12955916234322842,0.0,0.0,0.0,0.0,0.0,0.0,0.0,1.0,0,0,0,False,71627,1.7077207565307617,False,
Mask_oil/00520.tif,True,2048,2048,1,uint8,,,,1,0.0,1.0,0.00479888916015625,0.0691075959861489,0.0,0.0,0.0,0.0,0.0,0.0,0.0,0.0,0,0,0,False,20128,0.479888916015625,False,
Mask_oil/00521.tif,True,2048,2048,1,uint8,,,,1,0.0,1.0,0.008382558822631836,0.09117176937088012,0.0,0.0,0.0,0.0,0.0,0.0,0.0,0.0,0,0,0,False,35159,0.8382558822631836,False,
Mask_oil/00522.tif,True,2048,2048,1,uint8,,,,1,0.0,1.0,0.03704023361206055,0.18886041063712777,0.0,0.0,0.0,0.0,0.0,0.0,0.0,1.0,0,0,0,False,155358,3.7040233612060547,False,
Mask_oil/00523.tif,True,2048,2048,1,uint8,,,,1,0.0,1.0,0.030247211456298828,0.17126680254917115,0.0,0.0,0.0,0.0,0.0,0.0,0.0,1.0,0,0,0,False,126866,3.024721145629883,False,
Mask_oil/00524.tif,True,2048,2048,1,uint8,,,,1,0.0,1.0,0.10691976547241211,0.30901121213272587,0.0,0.0,0.0,0.0,0.0,0.0,1.0,1.0,0,0,0,False,448454,10.691976547241211,False,
Mask_oil/00525.tif,True,2048,2048,1,uint8,,,,1,0.0,1.0,0.04898428916931152,0.21583518847465255,0.0,0.0,0.0,0.0,0.0,0.0,0.0,1.0,0,0,0,False,205455,4.898428916931152,False,
Mask_oil/00526.tif,True,2048,2048,1,uint8,,,,1,0.0,1.0,0.13952064514160156,0.3464890109669755,0.0,0.0,0.0,0.0,0.0,0.0,1.0,1.0,0,0,0,False,585192,13.952064514160156,False,
Mask_oil/00527.tif,True,2048,2048,1,uint8,,,,1,0.0,1.0,0.014801502227783203,0.1207576819899427,0.0,0.0,0.0,0.0,0.0,0.0,0.0,1.0,0,0,0,False,62082,1.4801502227783203,False,
Mask_oil/00528.tif,True,2048,2048,1,uint8,,,,1,0.0,1.0,0.02912116050720215,0.1681461225182309,0.0,0.0,0.0,0.0,0.0,0.0,0.0,1.0,0,0,0,False,122143,2.912116050720215,False,
Mask_oil/00530.tif,True,2048,2048,1,uint8,,,,1,0.0,1.0,0.009752035140991211,0.09826969498070137,0.0,0.0,0.0,0.0,0.0,0.0,0.0,0.0,0,0,0,False,40903,0.9752035140991211,False,
Mask_oil/00531.tif,True,2048,2048,1,uint8,,,,1,0.0,1.0,0.00837087631225586,0.091108752280013,0.0,0.0,0.0,0.0,0.0,0.0,0.0,0.0,0,0,0,False,35110,0.8370876312255859,False,
Mask_oil/00532.tif,True,2048,2048,1,uint8,,,,1,0.0,1.0,0.013907432556152344,0.1171068566559978,0.0,0.0,0.0,0.0,0.0,0.0,0.0,1.0,0,0,0,False,58332,1.3907432556152344,False,
Mask_oil/00533.tif,True,2048,2048,1,uint8,,,,1,0.0,1.0,0.02064824104309082,0.142203696101463,0.0,0.0,0.0,0.0,0.0,0.0,0.0,1.0,0,0,0,False,86605,2.064824104309082,False,
Mask_oil/00534.tif,True,2048,2048,1,uint8,,,,1,0.0,1.0,0.02332305908203125,0.15092744613584147,0.0,0.0,0.0,0.0,0.0,0.0,0.0,1.0,0,0,0,False,97824,2.332305908203125,False,
Mask_oil/00535.tif,True,2048,2048,1,uint8,,,,1,0.0,1.0,0.020118236541748047,0.140404747427565,0.0,0.0,0.0,0.0,0.0,0.0,0.0,1.0,0,0,0,False,84382,2.0118236541748047,False,
Mask_oil/00536.tif,True,2048,2048,1,uint8,,,,1,0.0,1.0,0.004185914993286133,0.06456309401628081,0.0,0.0,0.0,0.0,0.0,0.0,0.0,0.0,0,0,0,False,17557,0.4185914993286133,False,
Mask_oil/00537.tif,True,2048,2048,1,uint8,,,,1,0.0,1.0,0.15534329414367676,0.362231631843863,0.0,0.0,0.0,0.0,0.0,0.0,1.0,1.0,0,0,0,False,651557,15.534329414367676,False,
Mask_oil/00538.tif,True,2048,2048,1,uint8,,,,1,0.0,1.0,0.07082152366638184,0.25652648099553765,0.0,0.0,0.0,0.0,0.0,0.0,1.0,1.0,0,0,0,False,297047,7.082152366638184,False,
Mask_oil/00539.tif,True,2048,2048,1,uint8,,,,1,0.0,1.0,0.0451507568359375,0.20763469361616702,0.0,0.0,0.0,0.0,0.0,0.0,0.0,1.0,0,0,0,False,189376,4.51507568359375,False,
Mask_oil/00540.tif,True,2048,2048,1,uint8,,,,1,0.0,1.0,0.04741239547729492,0.21251931731586074,0.0,0.0,0.0,0.0,0.0,0.0,0.0,1.0,0,0,0,False,198862,4.741239547729492,False,
Mask_oil/00541.tif,True,2048,2048,1,uint8,,,,1,0.0,1.0,0.06777167320251465,0.2513536821171439,0.0,0.0,0.0,0.0,0.0,0.0,1.0,1.0,0,0,0,False,284255,6.777167320251465,False,
Mask_oil/00542.tif,True,2048,2048,1,uint8,,,,1,0.0,1.0,0.04833388328552246,0.21447078824880547,0.0,0.0,0.0,0.0,0.0,0.0,0.0,1.0,0,0,0,False,202727,4.833388328552246,False,
Mask_oil/00543.tif,True,2048,2048,1,uint8,,,,1,0.0,1.0,0.04108762741088867,0.1984929073912533,0.0,0.0,0.0,0.0,0.0,0.0,0.0,1.0,0,0,0,False,172334,4.108762741088867,False,
Mask_oil/00544.tif,True,2048,2048,1,uint8,,,,1,0.0,1.0,0.0295870304107666,0.1694450885751457,0.0,0.0,0.0,0.0,0.0,0.0,0.0,1.0,0,0,0,False,124097,2.95870304107666,False,
Mask_oil/00545.tif,True,2048,2048,1,uint8,,,,1,0.0,1.0,0.022600889205932617,0.1486273494785996,0.0,0.0,0.0,0.0,0.0,0.0,0.0,1.0,0,0,0,False,94795,2.2600889205932617,False,
Mask_oil/00546.tif,True,2048,2048,1,uint8,,,,1,0.0,1.0,0.017827749252319336,0.13232505661784455,0.0,0.0,0.0,0.0,0.0,0.0,0.0,1.0,0,0,0,False,74775,1.7827749252319336,False,
Mask_oil/00548.tif,True,2048,2048,1,uint8,,,,1,0.0,1.0,0.15854573249816895,0.3652519448336833,0.0,0.0,0.0,0.0,0.0,0.0,1.0,1.0,0,0,0,False,664989,15.854573249816895,False,
Mask_oil/00549.tif,True,2048,2048,1,uint8,,,,1,0.0,1.0,0.054541826248168945,0.22708371900619273,0.0,0.0,0.0,0.0,0.0,0.0,1.0,1.0,0,0,0,False,228765,5.4541826248168945,False,
Mask_oil/00550.tif,True,2048,2048,1,uint8,,,,1,0.0,1.0,0.09090614318847656,0.2874755925623474,0.0,0.0,0.0,0.0,0.0,0.0,1.0,1.0,0,0,0,False,381288,9.090614318847656,False,
Mask_oil/00551.tif,True,2048,2048,1,uint8,,,,1,0.0,1.0,0.13701486587524414,0.3438630430919162,0.0,0.0,0.0,0.0,0.0,0.0,1.0,1.0,0,0,0,False,574682,13.701486587524414,False,
Mask_oil/00552.tif,True,2048,2048,1,uint8,,,,1,0.0,1.0,0.16421914100646973,0.37047431049070995,0.0,0.0,0.0,0.0,0.0,0.0,1.0,1.0,0,0,0,False,688785,16.421914100646973,False,
Mask_oil/00553.tif,True,2048,2048,1,uint8,,,,1,0.0,1.0,0.07796764373779297,0.2681206636344345,0.0,0.0,0.0,0.0,0.0,0.0,1.0,1.0,0,0,0,False,327020,7.796764373779297,False,
Mask_oil/00554.tif,True,2048,2048,1,uint8,,,,1,0.0,1.0,0.05641341209411621,0.23071831099853266,0.0,0.0,0.0,0.0,0.0,0.0,1.0,1.0,0,0,0,False,236615,5.641341209411621,False,
Mask_oil/00555.tif,True,2048,2048,1,uint8,,,,1,0.0,1.0,0.06919193267822266,0.25378023786432813,0.0,0.0,0.0,0.0,0.0,0.0,1.0,1.0,0,0,0,False,290212,6.919193267822266,False,
Mask_oil/00556.tif,True,2048,2048,1,uint8,,,,1,0.0,1.0,0.0075190067291259766,0.08638559640896933,0.0,0.0,0.0,0.0,0.0,0.0,0.0,0.0,0,0,0,False,31537,0.7519006729125977,False,
Mask_oil/00557.tif,True,2048,2048,1,uint8,,,,1,0.0,1.0,0.005154609680175781,0.0716103322099599,0.0,0.0,0.0,0.0,0.0,0.0,0.0,0.0,0,0,0,False,21620,0.5154609680175781,False,
Mask_oil/00558.tif,True,2048,2048,1,uint8,,,,1,0.0,1.0,0.007518768310546875,0.08638423718271286,0.0,0.0,0.0,0.0,0.0,0.0,0.0,0.0,0,0,0,False,31536,0.7518768310546875,False,
Mask_oil/00559.tif,True,2048,2048,1,uint8,,,,1,0.0,1.0,0.11582064628601074,0.32000972513331766,0.0,0.0,0.0,0.0,0.0,0.0,1.0,1.0,0,0,0,False,485787,11.582064628601074,False,
Mask_oil/00560.tif,True,2048,2048,1,uint8,,,,1,0.0,1.0,0.0479891300201416,0.21374324181141155,0.0,0.0,0.0,0.0,0.0,0.0,0.0,1.0,0,0,0,False,201281,4.79891300201416,False,
Mask_oil/00561.tif,True,2048,2048,1,uint8,,,,1,0.0,1.0,0.06649613380432129,0.2491473419352474,0.0,0.0,0.0,0.0,0.0,0.0,1.0,1.0,0,0,0,False,278905,6.649613380432129,False,
Mask_oil/00562.tif,True,2048,2048,1,uint8,,,,1,0.0,1.0,0.04571866989135742,0.20887429979469113,0.0,0.0,0.0,0.0,0.0,0.0,0.0,1.0,0,0,0,False,191758,4.571866989135742,False,
Mask_oil/00563.tif,True,2048,2048,1,uint8,,,,1,0.0,1.0,0.048178672790527344,0.21414361601194337,0.0,0.0,0.0,0.0,0.0,0.0,0.0,1.0,0,0,0,False,202076,4.817867279052734,False,
Mask_oil/00564.tif,True,2048,2048,1,uint8,,,,1,0.0,1.0,0.0044252872467041016,0.06637547799819041,0.0,0.0,0.0,0.0,0.0,0.0,0.0,0.0,0,0,0,False,18561,0.44252872467041016,False,
Mask_oil/00565.tif,True,2048,2048,1,uint8,,,,1,0.0,1.0,0.0033326148986816406,0.05763253054151558,0.0,0.0,0.0,0.0,0.0,0.0,0.0,0.0,0,0,0,False,13978,0.33326148986816406,False,
Mask_oil/00566.tif,True,2048,2048,1,uint8,,,,1,0.0,1.0,0.0024580955505371094,0.04951821197096619,0.0,0.0,0.0,0.0,0.0,0.0,0.0,0.0,0,0,0,False,10310,0.24580955505371094,False,
Mask_oil/00567.tif,True,2048,2048,1,uint8,,,,1,0.0,1.0,0.00122833251953125,0.035026043435602484,0.0,0.0,0.0,0.0,0.0,0.0,0.0,0.0,0,0,0,False,5152,0.122833251953125,False,
Mask_oil/00568.tif,True,2048,2048,1,uint8,,,,1,0.0,1.0,0.004232168197631836,0.06491730855464349,0.0,0.0,0.0,0.0,0.0,0.0,0.0,0.0,0,0,0,False,17751,0.4232168197631836,False,
Mask_oil/00569.tif,True,2048,2048,1,uint8,,,,1,0.0,1.0,0.11252760887145996,0.3160144713666317,0.0,0.0,0.0,0.0,0.0,0.0,1.0,1.0,0,0,0,False,471975,11.252760887145996,False,
Mask_oil/00570.tif,True,2048,2048,1,uint8,,,,1,0.0,1.0,0.008549690246582031,0.09206841501443115,0.0,0.0,0.0,0.0,0.0,0.0,0.0,0.0,0,0,0,False,35860,0.8549690246582031,False,
Mask_oil/00571.tif,True,2048,2048,1,uint8,,,,1,0.0,1.0,0.03337907791137695,0.1796243721468865,0.0,0.0,0.0,0.0,0.0,0.0,0.0,1.0,0,0,0,False,140002,3.3379077911376953,False,
Mask_oil/00572.tif,True,2048,2048,1,uint8,,,,1,0.0,1.0,0.045308589935302734,0.20798009908012188,0.0,0.0,0.0,0.0,0.0,0.0,0.0,1.0,0,0,0,False,190038,4.530858993530273,False,
Mask_oil/00573.tif,True,2048,2048,1,uint8,,,,1,0.0,1.0,0.03946685791015625,0.1947029148134557,0.0,0.0,0.0,0.0,0.0,0.0,0.0,1.0,0,0,0,False,165536,3.946685791015625,False,
Mask_oil/00574.tif,True,2048,2048,1,uint8,,,,1,0.0,1.0,0.034327030181884766,0.18206780380060814,0.0,0.0,0.0,0.0,0.0,0.0,0.0,1.0,0,0,0,False,143978,3.4327030181884766,False,
Mask_oil/00575.tif,True,2048,2048,1,uint8,,,,1,0.0,1.0,0.009906768798828125,0.09903850125478823,0.0,0.0,0.0,0.0,0.0,0.0,0.0,0.0,0,0,0,False,41552,0.9906768798828125,False,
Mask_oil/00577.tif,True,2048,2048,1,uint8,,,,1,0.0,1.0,0.005930662155151367,0.07678209036977844,0.0,0.0,0.0,0.0,0.0,0.0,0.0,0.0,0,0,0,False,24875,0.5930662155151367,False,
Mask_oil/00579.tif,True,2048,2048,1,uint8,,,,1,0.0,1.0,0.009366750717163086,0.09632764244060793,0.0,0.0,0.0,0.0,0.0,0.0,0.0,0.0,0,0,0,False,39287,0.9366750717163086,False,
Mask_oil/00580.tif,True,2048,2048,1,uint8,,,,1,0.0,1.0,0.005159139633178711,0.07164162834151716,0.0,0.0,0.0,0.0,0.0,0.0,0.0,0.0,0,0,0,False,21639,0.5159139633178711,False,
Mask_oil/00582.tif,True,2048,2048,1,uint8,,,,1,0.0,1.0,0.005072116851806641,0.07103795100119555,0.0,0.0,0.0,0.0,0.0,0.0,0.0,0.0,0,0,0,False,21274,0.5072116851806641,False,
Mask_oil/00583.tif,True,2048,2048,1,uint8,,,,1,0.0,1.0,0.005034208297729492,0.07077333568897656,0.0,0.0,0.0,0.0,0.0,0.0,0.0,0.0,0,0,0,False,21115,0.5034208297729492,False,
Mask_oil/00584.tif,True,2048,2048,1,uint8,,,,1,0.0,1.0,0.03196883201599121,0.1759170992130229,0.0,0.0,0.0,0.0,0.0,0.0,0.0,1.0,0,0,0,False,134087,3.196883201599121,False,
Mask_oil/00585.tif,True,2048,2048,1,uint8,,,,1,0.0,1.0,0.02011275291442871,0.14038600387728062,0.0,0.0,0.0,0.0,0.0,0.0,0.0,1.0,0,0,0,False,84359,2.011275291442871,False,
Mask_oil/00586.tif,True,2048,2048,1,uint8,,,,1,0.0,1.0,0.0061893463134765625,0.07842855542268018,0.0,0.0,0.0,0.0,0.0,0.0,0.0,0.0,0,0,0,False,25960,0.6189346313476562,False,
Mask_oil/00591.tif,True,2048,2048,1,uint8,,,,1,0.0,1.0,0.012581586837768555,0.1114598156754812,0.0,0.0,0.0,0.0,0.0,0.0,0.0,1.0,0,0,0,False,52771,1.2581586837768555,False,
Mask_oil/00592.tif,True,2048,2048,1,uint8,,,,1,0.0,1.0,0.013992071151733398,0.11745762255647024,0.0,0.0,0.0,0.0,0.0,0.0,0.0,1.0,0,0,0,False,58687,1.3992071151733398,False,
Mask_oil/00593.tif,True,2048,2048,1,uint8,,,,1,0.0,1.0,0.1463935375213623,0.3535003107400951,0.0,0.0,0.0,0.0,0.0,0.0,1.0,1.0,0,0,0,False,614019,14.63935375213623,False,
Mask_oil/00594.tif,True,2048,2048,1,uint8,,,,1,0.0,1.0,0.0731050968170166,0.2603089349914659,0.0,0.0,0.0,0.0,0.0,0.0,1.0,1.0,0,0,0,False,306625,7.31050968170166,False,
Mask_oil/00595.tif,True,2048,2048,1,uint8,,,,1,0.0,1.0,0.007915019989013672,0.08861361321821375,0.0,0.0,0.0,0.0,0.0,0.0,0.0,0.0,0,0,0,False,33198,0.7915019989013672,False,
Mask_oil/00596.tif,True,2048,2048,1,uint8,,,,1,0.0,1.0,0.024282455444335938,0.15392471472096278,0.0,0.0,0.0,0.0,0.0,0.0,0.0,1.0,0,0,0,False,101848,2.4282455444335938,False,
Mask_oil/00597.tif,True,2048,2048,1,uint8,,,,1,0.0,1.0,0.014377355575561523,0.11904052764590467,0.0,0.0,0.0,0.0,0.0,0.0,0.0,1.0,0,0,0,False,60303,1.4377355575561523,False,
Mask_oil/00598.tif,True,2048,2048,1,uint8,,,,1,0.0,1.0,0.02093982696533203,0.14318292709675265,0.0,0.0,0.0,0.0,0.0,0.0,0.0,1.0,0,0,0,False,87828,2.093982696533203,False,
Mask_oil/00599.tif,True,2048,2048,1,uint8,,,,1,0.0,1.0,0.09509944915771484,0.2933522522968148,0.0,0.0,0.0,0.0,0.0,0.0,1.0,1.0,0,0,0,False,398876,9.509944915771484,False,
Mask_oil/00600.tif,True,2048,2048,1,uint8,,,,1,0.0,1.0,0.007264375686645508,0.08492116657541146,0.0,0.0,0.0,0.0,0.0,0.0,0.0,0.0,0,0,0,False,30469,0.7264375686645508,False,
Mask_oil/00601.tif,True,2048,2048,1,uint8,,,,1,0.0,1.0,0.0030236244201660156,0.054904299608790126,0.0,0.0,0.0,0.0,0.0,0.0,0.0,0.0,0,0,0,False,12682,0.30236244201660156,False,
Mask_oil/00603.tif,True,2048,2048,1,uint8,,,,1,0.0,1.0,0.03065013885498047,0.17236794320044224,0.0,0.0,0.0,0.0,0.0,0.0,0.0,1.0,0,0,0,False,128556,3.065013885498047,False,
Mask_oil/00604.tif,True,2048,2048,1,uint8,,,,1,0.0,1.0,0.015038251876831055,0.12170498287794153,0.0,0.0,0.0,0.0,0.0,0.0,0.0,1.0,0,0,0,False,63075,1.5038251876831055,False,
Mask_oil/00605.tif,True,2048,2048,1,uint8,,,,1,0.0,1.0,0.0023775100708007812,0.04870171985324566,0.0,0.0,0.0,0.0,0.0,0.0,0.0,0.0,0,0,0,False,9972,0.23775100708007812,False,
Mask_oil/00606.tif,True,2048,2048,1,uint8,,,,1,0.0,1.0,0.012356758117675781,0.11047202653385622,0.0,0.0,0.0,0.0,0.0,0.0,0.0,1.0,0,0,0,False,51828,1.2356758117675781,False,
Mask_oil/00607.tif,True,2048,2048,1,uint8,,,,1,0.0,1.0,0.025864124298095703,0.1587298691878386,0.0,0.0,0.0,0.0,0.0,0.0,0.0,1.0,0,0,0,False,108482,2.5864124298095703,False,
Mask_oil/00608.tif,True,2048,2048,1,uint8,,,,1,0.0,1.0,0.027399301528930664,0.16324392731326148,0.0,0.0,0.0,0.0,0.0,0.0,0.0,1.0,0,0,0,False,114921,2.7399301528930664,False,
Mask_oil/00609.tif,True,2048,2048,1,uint8,,,,1,0.0,1.0,0.02406454086303711,0.15324959620204004,0.0,0.0,0.0,0.0,0.0,0.0,0.0,1.0,0,0,0,False,100934,2.406454086303711,False,
Mask_oil/00610.tif,True,2048,2048,1,uint8,,,,1,0.0,1.0,0.0068912506103515625,0.0827270286869829,0.0,0.0,0.0,0.0,0.0,0.0,0.0,0.0,0,0,0,False,28904,0.6891250610351562,False,
Mask_oil/00611.tif,True,2048,2048,1,uint8,,,,1,0.0,1.0,0.010147333145141602,0.10022157839099877,0.0,0.0,0.0,0.0,0.0,0.0,0.0,1.0,0,0,0,False,42561,1.0147333145141602,False,
Mask_oil/00612.tif,True,2048,2048,1,uint8,,,,1,0.0,1.0,0.016541004180908203,0.1275437154923573,0.0,0.0,0.0,0.0,0.0,0.0,0.0,1.0,0,0,0,False,69378,1.6541004180908203,False,
Mask_oil/00613.tif,True,2048,2048,1,uint8,,,,1,0.0,1.0,0.007607936859130859,0.08689105912508109,0.0,0.0,0.0,0.0,0.0,0.0,0.0,0.0,0,0,0,False,31910,0.7607936859130859,False,
Mask_oil/00614.tif,True,2048,2048,1,uint8,,,,1,0.0,1.0,0.009176015853881836,0.0953510177550882,0.0,0.0,0.0,0.0,0.0,0.0,0.0,0.0,0,0,0,False,38487,0.9176015853881836,False,
Mask_oil/00615.tif,True,2048,2048,1,uint8,,,,1,0.0,1.0,0.01816082000732422,0.1335327848282428,0.0,0.0,0.0,0.0,0.0,0.0,0.0,1.0,0,0,0,False,76172,1.8160820007324219,False,
Mask_oil/00616.tif,True,2048,2048,1,uint8,,,,1,0.0,1.0,0.046301841735839844,0.21013800510071728,0.0,0.0,0.0,0.0,0.0,0.0,0.0,1.0,0,0,0,False,194204,4.630184173583984,False,
Mask_oil/00617.tif,True,2048,2048,1,uint8,,,,1,0.0,1.0,0.042572021484375,0.20189017923393132,0.0,0.0,0.0,0.0,0.0,0.0,0.0,1.0,0,0,0,False,178560,4.2572021484375,False,
Mask_oil/00618.tif,True,2048,2048,1,uint8,,,,1,0.0,1.0,0.03170585632324219,0.1752158525877499,0.0,0.0,0.0,0.0,0.0,0.0,0.0,1.0,0,0,0,False,132984,3.1705856323242188,False,
Mask_oil/00619.tif,True,2048,2048,1,uint8,,,,1,0.0,1.0,0.0024194717407226562,0.049128585337036734,0.0,0.0,0.0,0.0,0.0,0.0,0.0,0.0,0,0,0,False,10148,0.24194717407226562,False,
Mask_oil/00620.tif,True,2048,2048,1,uint8,,,,1,0.0,1.0,0.0016016960144042969,0.03998913082678515,0.0,0.0,0.0,0.0,0.0,0.0,0.0,0.0,0,0,0,False,6718,0.1601696014404297,False,
Mask_oil/00621.tif,True,2048,2048,1,uint8,,,,1,0.0,1.0,0.009927749633789062,0.0991422685891233,0.0,0.0,0.0,0.0,0.0,0.0,0.0,1.0,0,0,0,False,41640,0.9927749633789062,False,
Mask_oil/00622.tif,True,2048,2048,1,uint8,,,,1,0.0,1.0,0.006937742233276367,0.08300367441252815,0.0,0.0,0.0,0.0,0.0,0.0,0.0,0.0,0,0,0,False,29099,0.6937742233276367,False,
Mask_oil/00624.tif,True,2048,2048,1,uint8,,,,1,0.0,1.0,0.004476308822631836,0.06675531051501644,0.0,0.0,0.0,0.0,0.0,0.0,0.0,0.0,0,0,0,False,18775,0.4476308822631836,False,
Mask_oil/00625.tif,True,2048,2048,1,uint8,,,,1,0.0,1.0,0.004555940628051758,0.06734377501332565,0.0,0.0,0.0,0.0,0.0,0.0,0.0,0.0,0,0,0,False,19109,0.4555940628051758,False,
Mask_oil/00626.tif,True,2048,2048,1,uint8,,,,1,0.0,1.0,0.007527351379394531,0.08643315544746506,0.0,0.0,0.0,0.0,0.0,0.0,0.0,0.0,0,0,0,False,31572,0.7527351379394531,False,
Mask_oil/00627.tif,True,2048,2048,1,uint8,,,,1,0.0,1.0,0.005230426788330078,0.07213230499534863,0.0,0.0,0.0,0.0,0.0,0.0,0.0,0.0,0,0,0,False,21938,0.5230426788330078,False,
Mask_oil/00628.tif,True,2048,2048,1,uint8,,,,1,0.0,1.0,0.006207466125488281,0.07854255846220695,0.0,0.0,0.0,0.0,0.0,0.0,0.0,0.0,0,0,0,False,26036,0.6207466125488281,False,
Mask_oil/00629.tif,True,2048,2048,1,uint8,,,,1,0.0,1.0,0.011927366256713867,0.10855921974154047,0.0,0.0,0.0,0.0,0.0,0.0,0.0,1.0,0,0,0,False,50027,1.1927366256713867,False,
Mask_oil/00630.tif,True,2048,2048,1,uint8,,,,1,0.0,1.0,0.005541563034057617,0.07423512721883882,0.0,0.0,0.0,0.0,0.0,0.0,0.0,0.0,0,0,0,False,23243,0.5541563034057617,False,
Mask_oil/00631.tif,True,2048,2048,1,uint8,,,,1,0.0,1.0,0.014209985733032227,0.1183556590894548,0.0,0.0,0.0,0.0,0.0,0.0,0.0,1.0,0,0,0,False,59601,1.4209985733032227,False,
Mask_oil/00632.tif,True,2048,2048,1,uint8,,,,1,0.0,1.0,0.012566804885864258,0.11139515384802373,0.0,0.0,0.0,0.0,0.0,0.0,0.0,1.0,0,0,0,False,52709,1.2566804885864258,False,
Mask_oil/00633.tif,True,2048,2048,1,uint8,,,,1,0.0,1.0,0.007094860076904297,0.08393165694416765,0.0,0.0,0.0,0.0,0.0,0.0,0.0,0.0,0,0,0,False,29758,0.7094860076904297,False,
Mask_oil/00634.tif,True,2048,2048,1,uint8,,,,1,0.0,1.0,0.0178377628326416,0.13236153916364085,0.0,0.0,0.0,0.0,0.0,0.0,0.0,1.0,0,0,0,False,74817,1.7837762832641602,False,
Mask_oil/00635.tif,True,2048,2048,1,uint8,,,,1,0.0,1.0,0.007349729537963867,0.08541493437147071,0.0,0.0,0.0,0.0,0.0,0.0,0.0,0.0,0,0,0,False,30827,0.7349729537963867,False,
Mask_oil/00636.tif,True,2048,2048,1,uint8,,,,1,0.0,1.0,0.0066030025482177734,0.0809901407923582,0.0,0.0,0.0,0.0,0.0,0.0,0.0,0.0,0,0,0,False,27695,0.6603002548217773,False,
Mask_oil/00637.tif,True,2048,2048,1,uint8,,,,1,0.0,1.0,0.007648944854736328,0.08712312263311922,0.0,0.0,0.0,0.0,0.0,0.0,0.0,0.0,0,0,0,False,32082,0.7648944854736328,False,
Mask_oil/00638.tif,True,2048,2048,1,uint8,,,,1,0.0,1.0,0.03303861618041992,0.1787374219946758,0.0,0.0,0.0,0.0,0.0,0.0,0.0,1.0,0,0,0,False,138574,3.303861618041992,False,
Mask_oil/00639.tif,True,2048,2048,1,uint8,,,,1,0.0,1.0,0.013753414154052734,0.11646569346017666,0.0,0.0,0.0,0.0,0.0,0.0,0.0,1.0,0,0,0,False,57686,1.3753414154052734,False,
Mask_oil/00640.tif,True,2048,2048,1,uint8,,,,1,0.0,1.0,0.009076356887817383,0.09483657856261134,0.0,0.0,0.0,0.0,0.0,0.0,0.0,0.0,0,0,0,False,38069,0.9076356887817383,False,
Mask_oil/00641.tif,True,2048,2048,1,uint8,,,,1,0.0,1.0,0.03084540367126465,0.17289871238277452,0.0,0.0,0.0,0.0,0.0,0.0,0.0,1.0,0,0,0,False,129375,3.084540367126465,False,
Mask_oil/00642.tif,True,2048,2048,1,uint8,,,,1,0.0,1.0,0.037953853607177734,0.191084689610504,0.0,0.0,0.0,0.0,0.0,0.0,0.0,1.0,0,0,0,False,159190,3.7953853607177734,False,
Mask_oil/00643.tif,True,2048,2048,1,uint8,,,,1,0.0,1.0,0.051857709884643555,0.2217396847886361,0.0,0.0,0.0,0.0,0.0,0.0,1.0,1.0,0,0,0,False,217507,5.1857709884643555,False,
Mask_oil/00644.tif,True,2048,2048,1,uint8,,,,1,0.0,1.0,0.04595661163330078,0.20939102531027146,0.0,0.0,0.0,0.0,0.0,0.0,0.0,1.0,0,0,0,False,192756,4.595661163330078,False,
Mask_oil/00645.tif,True,2048,2048,1,uint8,,,,1,0.0,1.0,0.0335543155670166,0.1800789367856376,0.0,0.0,0.0,0.0,0.0,0.0,0.0,1.0,0,0,0,False,140737,3.35543155670166,False,
Mask_oil/00646.tif,True,2048,2048,1,uint8,,,,1,0.0,1.0,0.024203062057495117,0.15367912624860983,0.0,0.0,0.0,0.0,0.0,0.0,0.0,1.0,0,0,0,False,101515,2.4203062057495117,False,
Mask_oil/00647.tif,True,2048,2048,1,uint8,,,,1,0.0,1.0,0.029556751251220703,0.16936100409094818,0.0,0.0,0.0,0.0,0.0,0.0,0.0,1.0,0,0,0,False,123970,2.9556751251220703,False,
Mask_oil/00648.tif,True,2048,2048,1,uint8,,,,1,0.0,1.0,0.028337955474853516,0.16593648108345174,0.0,0.0,0.0,0.0,0.0,0.0,0.0,1.0,0,0,0,False,118858,2.8337955474853516,False,
Mask_oil/00649.tif,True,2048,2048,1,uint8,,,,1,0.0,1.0,0.02378106117248535,0.15236640804979246,0.0,0.0,0.0,0.0,0.0,0.0,0.0,1.0,0,0,0,False,99745,2.378106117248535,False,
Mask_oil/00650.tif,True,2048,2048,1,uint8,,,,1,0.0,1.0,0.02104806900024414,0.14354458468226902,0.0,0.0,0.0,0.0,0.0,0.0,0.0,1.0,0,0,0,False,88282,2.104806900024414,False,
Mask_oil/00651.tif,True,2048,2048,1,uint8,,,,1,0.0,1.0,0.014880657196044922,0.12107527921693478,0.0,0.0,0.0,0.0,0.0,0.0,0.0,1.0,0,0,0,False,62414,1.4880657196044922,False,
Mask_oil/00652.tif,True,2048,2048,1,uint8,,,,1,0.0,1.0,0.026116132736206055,0.1594806582225911,0.0,0.0,0.0,0.0,0.0,0.0,0.0,1.0,0,0,0,False,109539,2.6116132736206055,False,
Mask_oil/00653.tif,True,2048,2048,1,uint8,,,,1,0.0,1.0,0.05206441879272461,0.22215696047727246,0.0,0.0,0.0,0.0,0.0,0.0,1.0,1.0,0,0,0,False,218374,5.206441879272461,False,
Mask_oil/00654.tif,True,2048,2048,1,uint8,,,,1,0.0,1.0,0.042265892028808594,0.20119514507019717,0.0,0.0,0.0,0.0,0.0,0.0,0.0,1.0,0,0,0,False,177276,4.226589202880859,False,
Mask_oil/00655.tif,True,2048,2048,1,uint8,,,,1,0.0,1.0,0.02981710433959961,0.17008246420016684,0.0,0.0,0.0,0.0,0.0,0.0,0.0,1.0,0,0,0,False,125062,2.981710433959961,False,
Mask_oil/00656.tif,True,2048,2048,1,uint8,,,,1,0.0,1.0,0.029350757598876953,0.1687877087564403,0.0,0.0,0.0,0.0,0.0,0.0,0.0,1.0,0,0,0,False,123106,2.9350757598876953,False,
Mask_oil/00657.tif,True,2048,2048,1,uint8,,,,1,0.0,1.0,0.04619646072387695,0.20991033261958367,0.0,0.0,0.0,0.0,0.0,0.0,0.0,1.0,0,0,0,False,193762,4.619646072387695,False,
Mask_oil/00658.tif,True,2048,2048,1,uint8,,,,1,0.0,1.0,0.03332662582397461,0.17948805485369604,0.0,0.0,0.0,0.0,0.0,0.0,0.0,1.0,0,0,0,False,139782,3.332662582397461,False,
Mask_oil/00659.tif,True,2048,2048,1,uint8,,,,1,0.0,1.0,0.021553993225097656,0.14522196321889502,0.0,0.0,0.0,0.0,0.0,0.0,0.0,1.0,0,0,0,False,90404,2.1553993225097656,False,
Mask_oil/00660.tif,True,2048,2048,1,uint8,,,,1,0.0,1.0,0.02641439437866211,0.16036419222591625,0.0,0.0,0.0,0.0,0.0,0.0,0.0,1.0,0,0,0,False,110790,2.641439437866211,False,
Mask_oil/00661.tif,True,2048,2048,1,uint8,,,,1,0.0,1.0,0.01624751091003418,0.12642598348149206,0.0,0.0,0.0,0.0,0.0,0.0,0.0,1.0,0,0,0,False,68147,1.624751091003418,False,
Mask_oil/00662.tif,True,2048,2048,1,uint8,,,,1,0.0,1.0,0.027065753936767578,0.16227507171652067,0.0,0.0,0.0,0.0,0.0,0.0,0.0,1.0,0,0,0,False,113522,2.706575393676758,False,
Mask_oil/00663.tif,True,2048,2048,1,uint8,,,,1,0.0,1.0,0.0240170955657959,0.15310217074352447,0.0,0.0,0.0,0.0,0.0,0.0,0.0,1.0,0,0,0,False,100735,2.40170955657959,False,
Mask_oil/00664.tif,True,2048,2048,1,uint8,,,,1,0.0,1.0,0.009247779846191406,0.09571968665905557,0.0,0.0,0.0,0.0,0.0,0.0,0.0,0.0,0,0,0,False,38788,0.9247779846191406,False,
Mask_oil/00665.tif,True,2048,2048,1,uint8,,,,1,0.0,1.0,0.005932807922363281,0.0767958964562536,0.0,0.0,0.0,0.0,0.0,0.0,0.0,0.0,0,0,0,False,24884,0.5932807922363281,False,
Mask_oil/00666.tif,True,2048,2048,1,uint8,,,,1,0.0,1.0,0.031080245971679688,0.17353461983713675,0.0,0.0,0.0,0.0,0.0,0.0,0.0,1.0,0,0,0,False,130360,3.1080245971679688,False,
Mask_oil/00667.tif,True,2048,2048,1,uint8,,,,1,0.0,1.0,0.03357124328613281,0.18012277732245885,0.0,0.0,0.0,0.0,0.0,0.0,0.0,1.0,0,0,0,False,140808,3.3571243286132812,False,
Mask_oil/00668.tif,True,2048,2048,1,uint8,,,,1,0.0,1.0,0.03289198875427246,0.17835387809089343,0.0,0.0,0.0,0.0,0.0,0.0,0.0,1.0,0,0,0,False,137959,3.289198875427246,False,
Mask_oil/00670.tif,True,2048,2048,1,uint8,,,,1,0.0,1.0,0.0030829906463623047,0.055439027904868134,0.0,0.0,0.0,0.0,0.0,0.0,0.0,0.0,0,0,0,False,12931,0.30829906463623047,False,
Mask_oil/00674.tif,True,2048,2048,1,uint8,,,,1,0.0,1.0,0.023821115493774414,0.15249154058637704,0.0,0.0,0.0,0.0,0.0,0.0,0.0,1.0,0,0,0,False,99913,2.3821115493774414,False,
Mask_oil/00675.tif,True,2048,2048,1,uint8,,,,1,0.0,1.0,0.025327682495117188,0.1571183980141846,0.0,0.0,0.0,0.0,0.0,0.0,0.0,1.0,0,0,0,False,106232,2.5327682495117188,False,
Mask_oil/00676.tif,True,2048,2048,1,uint8,,,,1,0.0,1.0,0.028288841247558594,0.165796811514664,0.0,0.0,0.0,0.0,0.0,0.0,0.0,1.0,0,0,0,False,118652,2.8288841247558594,False,
Mask_oil/00677.tif,True,2048,2048,1,uint8,,,,1,0.0,1.0,0.02924180030822754,0.16848358205760372,0.0,0.0,0.0,0.0,0.0,0.0,0.0,1.0,0,0,0,False,122649,2.924180030822754,False,
Mask_oil/00678.tif,True,2048,2048,1,uint8,,,,1,0.0,1.0,0.02490997314453125,0.15585078242495282,0.0,0.0,0.0,0.0,0.0,0.0,0.0,1.0,0,0,0,False,104480,2.490997314453125,False,
Mask_oil/00679.tif,True,2048,2048,1,uint8,,,,1,0.0,1.0,0.0179135799407959,0.13263741400713683,0.0,0.0,0.0,0.0,0.0,0.0,0.0,1.0,0,0,0,False,75135,1.7913579940795898,False,
Mask_oil/00680.tif,True,2048,2048,1,uint8,,,,1,0.0,1.0,0.017780780792236328,0.13215379157124008,0.0,0.0,0.0,0.0,0.0,0.0,0.0,1.0,0,0,0,False,74578,1.7780780792236328,False,
Mask_oil/00681.tif,True,2048,2048,1,uint8,,,,1,0.0,1.0,0.018462657928466797,0.13461719128953487,0.0,0.0,0.0,0.0,0.0,0.0,0.0,1.0,0,0,0,False,77438,1.8462657928466797,False,
Mask_oil/00682.tif,True,2048,2048,1,uint8,,,,1,0.0,1.0,0.0033342838287353516,0.057646911279658215,0.0,0.0,0.0,0.0,0.0,0.0,0.0,0.0,0,0,0,False,13985,0.33342838287353516,False,
Mask_oil/00684.tif,True,2048,2048,1,uint8,,,,1,0.0,1.0,0.004968881607055664,0.07031494736278146,0.0,0.0,0.0,0.0,0.0,0.0,0.0,0.0,0,0,0,False,20841,0.4968881607055664,False,
Mask_oil/00685.tif,True,2048,2048,1,uint8,,,,1,0.0,1.0,0.010699748992919922,0.10288471394919865,0.0,0.0,0.0,0.0,0.0,0.0,0.0,1.0,0,0,0,False,44878,1.0699748992919922,False,
Mask_oil/00686.tif,True,2048,2048,1,uint8,,,,1,0.0,1.0,0.030900001525878906,0.17304678971763557,0.0,0.0,0.0,0.0,0.0,0.0,0.0,1.0,0,0,0,False,129604,3.0900001525878906,False,
Mask_oil/00687.tif,True,2048,2048,1,uint8,,,,1,0.0,1.0,0.022960901260375977,0.14977883119348756,0.0,0.0,0.0,0.0,0.0,0.0,0.0,1.0,0,0,0,False,96305,2.2960901260375977,False,
Mask_oil/00688.tif,True,2048,2048,1,uint8,,,,1,0.0,1.0,0.012309074401855469,0.11026133088814526,0.0,0.0,0.0,0.0,0.0,0.0,0.0,1.0,0,0,0,False,51628,1.2309074401855469,False,
Mask_oil/00689.tif,True,2048,2048,1,uint8,,,,1,0.0,1.0,0.004474639892578125,0.06674292090109538,0.0,0.0,0.0,0.0,0.0,0.0,0.0,0.0,0,0,0,False,18768,0.4474639892578125,False,
Mask_oil/00691.tif,True,2048,2048,1,uint8,,,,1,0.0,1.0,0.05046272277832031,0.21889777611505948,0.0,0.0,0.0,0.0,0.0,0.0,1.0,1.0,0,0,0,False,211656,5.046272277832031,False,
Mask_oil/00692.tif,True,2048,2048,1,uint8,,,,1,0.0,1.0,0.026220321655273438,0.15978991328481104,0.0,0.0,0.0,0.0,0.0,0.0,0.0,1.0,0,0,0,False,109976,2.6220321655273438,False,
Mask_oil/00693.tif,True,2048,2048,1,uint8,,,,1,0.0,1.0,0.02225518226623535,0.14751233551310886,0.0,0.0,0.0,0.0,0.0,0.0,0.0,1.0,0,0,0,False,93345,2.225518226623535,False,
Mask_oil/00694.tif,True,2048,2048,1,uint8,,,,1,0.0,1.0,0.0295259952545166,0.16927554713763848,0.0,0.0,0.0,0.0,0.0,0.0,0.0,1.0,0,0,0,False,123841,2.95259952545166,False,
Mask_oil/00695.tif,True,2048,2048,1,uint8,,,,1,0.0,1.0,0.01987314224243164,0.1395643237358449,0.0,0.0,0.0,0.0,0.0,0.0,0.0,1.0,0,0,0,False,83354,1.987314224243164,False,
Mask_oil/00696.tif,True,2048,2048,1,uint8,,,,1,0.0,1.0,0.005291938781738281,0.07255297489192718,0.0,0.0,0.0,0.0,0.0,0.0,0.0,0.0,0,0,0,False,22196,0.5291938781738281,False,
Mask_oil/00697.tif,True,2048,2048,1,uint8,,,,1,0.0,1.0,0.012869119644165039,0.11270982833696981,0.0,0.0,0.0,0.0,0.0,0.0,0.0,1.0,0,0,0,False,53977,1.286911964416504,False,
Mask_oil/00698.tif,True,2048,2048,1,uint8,,,,1,0.0,1.0,0.027223587036132812,0.16273433363927514,0.0,0.0,0.0,0.0,0.0,0.0,0.0,1.0,0,0,0,False,114184,2.7223587036132812,False,
Mask_oil/00699.tif,True,2048,2048,1,uint8,,,,1,0.0,1.0,0.0050542354583740234,0.07091325801502381,0.0,0.0,0.0,0.0,0.0,0.0,0.0,0.0,0,0,0,False,21199,0.5054235458374023,False,
Mask_oil/00700.tif,True,2048,2048,1,uint8,,,,1,0.0,1.0,0.011285066604614258,0.10563008035755572,0.0,0.0,0.0,0.0,0.0,0.0,0.0,1.0,0,0,0,False,47333,1.1285066604614258,False,
Mask_oil/00701.tif,True,2048,2048,1,uint8,,,,1,0.0,1.0,0.013191938400268555,0.11409606111304664,0.0,0.0,0.0,0.0,0.0,0.0,0.0,1.0,0,0,0,False,55331,1.3191938400268555,False,
Mask_oil/00703.tif,True,2048,2048,1,uint8,,,,1,0.0,1.0,0.01246190071105957,0.11093512402177799,0.0,0.0,0.0,0.0,0.0,0.0,0.0,1.0,0,0,0,False,52269,1.246190071105957,False,
Mask_oil/00704.tif,True,2048,2048,1,uint8,,,,1,0.0,1.0,0.004751443862915039,0.06876676264106524,0.0,0.0,0.0,0.0,0.0,0.0,0.0,0.0,0,0,0,False,19929,0.4751443862915039,False,
Mask_oil/00705.tif,True,2048,2048,1,uint8,,,,1,0.0,1.0,0.007498264312744141,0.08626726114257001,0.0,0.0,0.0,0.0,0.0,0.0,0.0,0.0,0,0,0,False,31450,0.7498264312744141,False,
Mask_oil/00706.tif,True,2048,2048,1,uint8,,,,1,0.0,1.0,0.0074999332427978516,0.08627678855956235,0.0,0.0,0.0,0.0,0.0,0.0,0.0,0.0,0,0,0,False,31457,0.7499933242797852,False,
Mask_oil/00707.tif,True,2048,2048,1,uint8,,,,1,0.0,1.0,0.00881338119506836,0.09346499615887637,0.0,0.0,0.0,0.0,0.0,0.0,0.0,0.0,0,0,0,False,36966,0.8813381195068359,False,
Mask_oil/00708.tif,True,2048,2048,1,uint8,,,,1,0.0,1.0,0.0052394866943359375,0.07219442134622185,0.0,0.0,0.0,0.0,0.0,0.0,0.0,0.0,0,0,0,False,21976,0.5239486694335938,False,
Mask_oil/00709.tif,True,2048,2048,1,uint8,,,,1,0.0,1.0,0.009000062942504883,0.09444078467238523,0.0,0.0,0.0,0.0,0.0,0.0,0.0,0.0,0,0,0,False,37749,0.9000062942504883,False,
Mask_oil/00710.tif,True,2048,2048,1,uint8,,,,1,0.0,1.0,0.029484272003173828,0.1691595392155485,0.0,0.0,0.0,0.0,0.0,0.0,0.0,1.0,0,0,0,False,123666,2.948427200317383,False,
Mask_oil/00711.tif,True,2048,2048,1,uint8,,,,1,0.0,1.0,0.02671337127685547,0.16124443268491578,0.0,0.0,0.0,0.0,0.0,0.0,0.0,1.0,0,0,0,False,112044,2.671337127685547,False,
Mask_oil/00712.tif,True,2048,2048,1,uint8,,,,1,0.0,1.0,0.014569997787475586,0.11982367442182927,0.0,0.0,0.0,0.0,0.0,0.0,0.0,1.0,0,0,0,False,61111,1.4569997787475586,False,
Mask_oil/00713.tif,True,2048,2048,1,uint8,,,,1,0.0,1.0,0.009285688400268555,0.09591383837174734,0.0,0.0,0.0,0.0,0.0,0.0,0.0,0.0,0,0,0,False,38947,0.9285688400268555,False,
Mask_oil/00714.tif,True,2048,2048,1,uint8,,,,1,0.0,1.0,0.0036628246307373047,0.06041033311000502,0.0,0.0,0.0,0.0,0.0,0.0,0.0,0.0,0,0,0,False,15363,0.36628246307373047,False,
Mask_oil/00715.tif,True,2048,2048,1,uint8,,,,1,0.0,1.0,0.011949300765991211,0.10865778838718876,0.0,0.0,0.0,0.0,0.0,0.0,0.0,1.0,0,0,0,False,50119,1.194930076599121,False,
Mask_oil/00716.tif,True,2048,2048,1,uint8,,,,1,0.0,1.0,0.02664041519165039,0.16103013218049247,0.0,0.0,0.0,0.0,0.0,0.0,0.0,1.0,0,0,0,False,111738,2.664041519165039,False,
Mask_oil/00717.tif,True,2048,2048,1,uint8,,,,1,0.0,1.0,0.012842893600463867,0.1125964195009372,0.0,0.0,0.0,0.0,0.0,0.0,0.0,1.0,0,0,0,False,53867,1.2842893600463867,False,
Mask_oil/00718.tif,True,2048,2048,1,uint8,,,,1,0.0,1.0,0.0051288604736328125,0.07143217247063692,0.0,0.0,0.0,0.0,0.0,0.0,0.0,0.0,0,0,0,False,21512,0.5128860473632812,False,
Mask_oil/00719.tif,True,2048,2048,1,uint8,,,,1,0.0,1.0,0.00421595573425293,0.06479337505871838,0.0,0.0,0.0,0.0,0.0,0.0,0.0,0.0,0,0,0,False,17683,0.42159557342529297,False,
Mask_oil/00720.tif,True,2048,2048,1,uint8,,,,1,0.0,1.0,0.010004758834838867,0.09952217660147702,0.0,0.0,0.0,0.0,0.0,0.0,0.0,1.0,0,0,0,False,41963,1.0004758834838867,False,
Mask_oil/00722.tif,True,2048,2048,1,uint8,,,,1,0.0,1.0,0.002666950225830078,0.05157361343093019,0.0,0.0,0.0,0.0,0.0,0.0,0.0,0.0,0,0,0,False,11186,0.2666950225830078,False,
Mask_oil/00723.tif,True,2048,2048,1,uint8,,,,1,0.0,1.0,0.034085988998413086,0.18145008777185298,0.0,0.0,0.0,0.0,0.0,0.0,0.0,1.0,0,0,0,False,142967,3.4085988998413086,False,
Mask_oil/00724.tif,True,2048,2048,1,uint8,,,,1,0.0,1.0,0.012819528579711914,0.11249528108638986,0.0,0.0,0.0,0.0,0.0,0.0,0.0,1.0,0,0,0,False,53769,1.2819528579711914,False,
Mask_oil/00725.tif,True,2048,2048,1,uint8,,,,1,0.0,1.0,0.006730556488037109,0.08176341539709829,0.0,0.0,0.0,0.0,0.0,0.0,0.0,0.0,0,0,0,False,28230,0.6730556488037109,False,
Mask_oil/00726.tif,True,2048,2048,1,uint8,,,,1,0.0,1.0,0.001466989517211914,0.038273195045204995,0.0,0.0,0.0,0.0,0.0,0.0,0.0,0.0,0,0,0,False,6153,0.1466989517211914,False,
Mask_oil/00727.tif,True,2048,2048,1,uint8,,,,1,0.0,1.0,0.029994964599609375,0.17057334697506982,0.0,0.0,0.0,0.0,0.0,0.0,0.0,1.0,0,0,0,False,125808,2.9994964599609375,False,
Mask_oil/00728.tif,True,2048,2048,1,uint8,,,,1,0.0,1.0,0.011371850967407227,0.10603080671664394,0.0,0.0,0.0,0.0,0.0,0.0,0.0,1.0,0,0,0,False,47697,1.1371850967407227,False,
Mask_oil/00729.tif,True,2048,2048,1,uint8,,,,1,0.0,1.0,0.01960015296936035,0.138621740621513,0.0,0.0,0.0,0.0,0.0,0.0,0.0,1.0,0,0,0,False,82209,1.9600152969360352,False,
Mask_oil/00730.tif,True,2048,2048,1,uint8,,,,1,0.0,1.0,0.0160980224609375,0.1258525968495869,0.0,0.0,0.0,0.0,0.0,0.0,0.0,1.0,0,0,0,False,67520,1.60980224609375,False,
Mask_oil/00731.tif,True,2048,2048,1,uint8,,,,1,0.0,1.0,0.005246877670288086,0.07224505481346885,0.0,0.0,0.0,0.0,0.0,0.0,0.0,0.0,0,0,0,False,22007,0.5246877670288086,False,
Mask_oil/00732.tif,True,2048,2048,1,uint8,,,,1,0.0,1.0,0.006506681442260742,0.08040114762159606,0.0,0.0,0.0,0.0,0.0,0.0,0.0,0.0,0,0,0,False,27291,0.6506681442260742,False,
Mask_oil/00734.tif,True,2048,2048,1,uint8,,,,1,0.0,1.0,0.07317805290222168,0.260428541975839,0.0,0.0,0.0,0.0,0.0,0.0,1.0,1.0,0,0,0,False,306931,7.317805290222168,False,
Mask_oil/00735.tif,True,2048,2048,1,uint8,,,,1,0.0,1.0,0.07894086837768555,0.2696464494063708,0.0,0.0,0.0,0.0,0.0,0.0,1.0,1.0,0,0,0,False,331102,7.894086837768555,False,
Mask_oil/00736.tif,True,2048,2048,1,uint8,,,,1,0.0,1.0,0.02637338638305664,0.16024303689629277,0.0,0.0,0.0,0.0,0.0,0.0,0.0,1.0,0,0,0,False,110618,2.637338638305664,False,
Mask_oil/00737.tif,True,2048,2048,1,uint8,,,,1,0.0,1.0,0.008405923843383789,0.0912976685776971,0.0,0.0,0.0,0.0,0.0,0.0,0.0,0.0,0,0,0,False,35257,0.8405923843383789,False,
Mask_oil/00738.tif,True,2048,2048,1,uint8,,,,1,0.0,1.0,0.014383792877197266,0.11906678537553264,0.0,0.0,0.0,0.0,0.0,0.0,0.0,1.0,0,0,0,False,60330,1.4383792877197266,False,
Mask_oil/00739.tif,True,2048,2048,1,uint8,,,,1,0.0,1.0,0.015294790267944336,0.1227226941466163,0.0,0.0,0.0,0.0,0.0,0.0,0.0,1.0,0,0,0,False,64151,1.5294790267944336,False,
Mask_oil/00740.tif,True,2048,2048,1,uint8,,,,1,0.0,1.0,0.0038824081420898438,0.06218790114731384,0.0,0.0,0.0,0.0,0.0,0.0,0.0,0.0,0,0,0,False,16284,0.3882408142089844,False,
Mask_oil/00742.tif,True,2048,2048,1,uint8,,,,1,0.0,1.0,0.003973245620727539,0.0629083376029355,0.0,0.0,0.0,0.0,0.0,0.0,0.0,0.0,0,0,0,False,16665,0.3973245620727539,False,
Mask_oil/00743.tif,True,2048,2048,1,uint8,,,,1,0.0,1.0,0.002784252166748047,0.052692505222469786,0.0,0.0,0.0,0.0,0.0,0.0,0.0,0.0,0,0,0,False,11678,0.2784252166748047,False,
Mask_oil/00744.tif,True,2048,2048,1,uint8,,,,1,0.0,1.0,0.026656150817871094,0.1610763807683982,0.0,0.0,0.0,0.0,0.0,0.0,0.0,1.0,0,0,0,False,111804,2.6656150817871094,False,
Mask_oil/00745.tif,True,2048,2048,1,uint8,,,,1,0.0,1.0,0.044318437576293945,0.20580163669682047,0.0,0.0,0.0,0.0,0.0,0.0,0.0,1.0,0,0,0,False,185885,4.4318437576293945,False,
Mask_oil/00748.tif,True,2048,2048,1,uint8,,,,1,0.0,1.0,0.026654481887817383,0.16107147631753238,0.0,0.0,0.0,0.0,0.0,0.0,0.0,1.0,0,0,0,False,111797,2.6654481887817383,False,
Mask_oil/00749.tif,True,2048,2048,1,uint8,,,,1,0.0,1.0,0.05156087875366211,0.2211387676003741,0.0,0.0,0.0,0.0,0.0,0.0,1.0,1.0,0,0,0,False,216262,5.156087875366211,False,
Mask_oil/00750.tif,True,2048,2048,1,uint8,,,,1,0.0,1.0,0.018736600875854492,0.13559329136603115,0.0,0.0,0.0,0.0,0.0,0.0,0.0,1.0,0,0,0,False,78587,1.8736600875854492,False,
Mask_oil/00751.tif,True,2048,2048,1,uint8,,,,1,0.0,1.0,0.015683650970458984,0.12424843686218272,0.0,0.0,0.0,0.0,0.0,0.0,0.0,1.0,0,0,0,False,65782,1.5683650970458984,False,
Mask_oil/00752.tif,True,2048,2048,1,uint8,,,,1,0.0,1.0,0.013623952865600586,0.115923857656293,0.0,0.0,0.0,0.0,0.0,0.0,0.0,1.0,0,0,0,False,57143,1.3623952865600586,False,
Mask_oil/00753.tif,True,2048,2048,1,uint8,,,,1,0.0,1.0,0.006196737289428711,0.07847507716717783,0.0,0.0,0.0,0.0,0.0,0.0,0.0,0.0,0,0,0,False,25991,0.6196737289428711,False,
Mask_oil/00754.tif,True,2048,2048,1,uint8,,,,1,0.0,1.0,0.015756845474243164,0.1245333983112321,0.0,0.0,0.0,0.0,0.0,0.0,0.0,1.0,0,0,0,False,66089,1.5756845474243164,False,
Mask_oil/00755.tif,True,2048,2048,1,uint8,,,,1,0.0,1.0,0.008296966552734375,0.0907090232488322,0.0,0.0,0.0,0.0,0.0,0.0,0.0,0.0,0,0,0,False,34800,0.8296966552734375,False,
Mask_oil/00756.tif,True,2048,2048,1,uint8,,,,1,0.0,1.0,0.006294727325439453,0.07908921376102951,0.0,0.0,0.0,0.0,0.0,0.0,0.0,0.0,0,0,0,False,26402,0.6294727325439453,False,
Mask_oil/00757.tif,True,2048,2048,1,uint8,,,,1,0.0,1.0,0.005966901779174805,0.07701491973853174,0.0,0.0,0.0,0.0,0.0,0.0,0.0,0.0,0,0,0,False,25027,0.5966901779174805,False,
Mask_oil/00758.tif,True,2048,2048,1,uint8,,,,1,0.0,1.0,0.0054225921630859375,0.07343832553455162,0.0,0.0,0.0,0.0,0.0,0.0,0.0,0.0,0,0,0,False,22744,0.5422592163085938,False,
Mask_oil/00759.tif,True,2048,2048,1,uint8,,,,1,0.0,1.0,0.02786397933959961,0.1645830428536366,0.0,0.0,0.0,0.0,0.0,0.0,0.0,1.0,0,0,0,False,116870,2.786397933959961,False,
Mask_oil/00760.tif,True,2048,2048,1,uint8,,,,1,0.0,1.0,0.017035245895385742,0.12940265179921734,0.0,0.0,0.0,0.0,0.0,0.0,0.0,1.0,0,0,0,False,71451,1.7035245895385742,False,
Mask_oil/00761.tif,True,2048,2048,1,uint8,,,,1,0.0,1.0,0.0042247772216796875,0.06486083933396841,0.0,0.0,0.0,0.0,0.0,0.0,0.0,0.0,0,0,0,False,17720,0.42247772216796875,False,
Mask_oil/00764.tif,True,2048,2048,1,uint8,,,,1,0.0,1.0,0.00533294677734375,0.07283204278347387,0.0,0.0,0.0,0.0,0.0,0.0,0.0,0.0,0,0,0,False,22368,0.533294677734375,False,
Mask_oil/00765.tif,True,2048,2048,1,uint8,,,,1,0.0,1.0,0.02578449249267578,0.15849180559123846,0.0,0.0,0.0,0.0,0.0,0.0,0.0,1.0,0,0,0,False,108148,2.578449249267578,False,
Mask_oil/00766.tif,True,2048,2048,1,uint8,,,,1,0.0,1.0,0.011376142501831055,0.1060505817221626,0.0,0.0,0.0,0.0,0.0,0.0,0.0,1.0,0,0,0,False,47715,1.1376142501831055,False,
Mask_oil/00767.tif,True,2048,2048,1,uint8,,,,1,0.0,1.0,0.027357816696166992,0.1631237768131486,0.0,0.0,0.0,0.0,0.0,0.0,0.0,1.0,0,0,0,False,114747,2.735781669616699,False,
Mask_oil/00768.tif,True,2048,2048,1,uint8,,,,1,0.0,1.0,0.013265132904052734,0.11440790686438831,0.0,0.0,0.0,0.0,0.0,0.0,0.0,1.0,0,0,0,False,55638,1.3265132904052734,False,
Mask_oil/00769.tif,True,2048,2048,1,uint8,,,,1,0.0,1.0,0.041884422302246094,0.20032502956608594,0.0,0.0,0.0,0.0,0.0,0.0,0.0,1.0,0,0,0,False,175676,4.188442230224609,False,
Mask_oil/00770.tif,True,2048,2048,1,uint8,,,,1,0.0,1.0,0.029871225357055664,0.1702320041964015,0.0,0.0,0.0,0.0,0.0,0.0,0.0,1.0,0,0,0,False,125289,2.9871225357055664,False,
Mask_oil/00771.tif,True,2048,2048,1,uint8,,,,1,0.0,1.0,0.02662062644958496,0.1609719500317264,0.0,0.0,0.0,0.0,0.0,0.0,0.0,1.0,0,0,0,False,111655,2.662062644958496,False,
Mask_oil/00772.tif,True,2048,2048,1,uint8,,,,1,0.0,1.0,0.030965328216552734,0.17322377626929247,0.0,0.0,0.0,0.0,0.0,0.0,0.0,1.0,0,0,0,False,129878,3.0965328216552734,False,
Mask_oil/00776.tif,True,2048,2048,1,uint8,,,,1,0.0,1.0,0.02700948715209961,0.16211099517269079,0.0,0.0,0.0,0.0,0.0,0.0,0.0,1.0,0,0,0,False,113286,2.700948715209961,False,
Mask_oil/00777.tif,True,2048,2048,1,uint8,,,,1,0.0,1.0,0.022423744201660156,0.1480571507818473,0.0,0.0,0.0,0.0,0.0,0.0,0.0,1.0,0,0,0,False,94052,2.2423744201660156,False,
Mask_oil/00778.tif,True,2048,2048,1,uint8,,,,1,0.0,1.0,0.06531429290771484,0.24707961479992654,0.0,0.0,0.0,0.0,0.0,0.0,1.0,1.0,0,0,0,False,273948,6.531429290771484,False,
Mask_oil/00779.tif,True,2048,2048,1,uint8,,,,1,0.0,1.0,0.038419485092163086,0.19220673312195946,0.0,0.0,0.0,0.0,0.0,0.0,0.0,1.0,0,0,0,False,161143,3.8419485092163086,False,
Mask_oil/00780.tif,True,2048,2048,1,uint8,,,,1,0.0,1.0,0.010118722915649414,0.10008163848681598,0.0,0.0,0.0,0.0,0.0,0.0,0.0,1.0,0,0,0,False,42441,1.0118722915649414,False,
Mask_oil/00781.tif,True,2048,2048,1,uint8,,,,1,0.0,1.0,0.005408525466918945,0.0733435294977862,0.0,0.0,0.0,0.0,0.0,0.0,0.0,0.0,0,0,0,False,22685,0.5408525466918945,False,
Mask_oil/00782.tif,True,2048,2048,1,uint8,,,,1,0.0,1.0,0.006043672561645508,0.07750578419455623,0.0,0.0,0.0,0.0,0.0,0.0,0.0,0.0,0,0,0,False,25349,0.6043672561645508,False,
Mask_oil/00783.tif,True,2048,2048,1,uint8,,,,1,0.0,1.0,0.02291417121887207,0.14962991671528889,0.0,0.0,0.0,0.0,0.0,0.0,0.0,1.0,0,0,0,False,96109,2.291417121887207,False,
Mask_oil/00784.tif,True,2048,2048,1,uint8,,,,1,0.0,1.0,0.06004071235656738,0.23756225545377221,0.0,0.0,0.0,0.0,0.0,0.0,1.0,1.0,0,0,0,False,251829,6.004071235656738,False,
Mask_oil/00785.tif,True,2048,2048,1,uint8,,,,1,0.0,1.0,0.0695199966430664,0.254336325973728,0.0,0.0,0.0,0.0,0.0,0.0,1.0,1.0,0,0,0,False,291588,6.951999664306641,False,
Mask_oil/00786.tif,True,2048,2048,1,uint8,,,,1,0.0,1.0,0.06108903884887695,0.2394935660542833,0.0,0.0,0.0,0.0,0.0,0.0,1.0,1.0,0,0,0,False,256226,6.108903884887695,False,
Mask_oil/00787.tif,True,2048,2048,1,uint8,,,,1,0.0,1.0,0.03634238243103027,0.18714062538707893,0.0,0.0,0.0,0.0,0.0,0.0,0.0,1.0,0,0,0,False,152431,3.6342382431030273,False,
Mask_oil/00788.tif,True,2048,2048,1,uint8,,,,1,0.0,1.0,0.02146625518798828,0.1449325880407593,0.0,0.0,0.0,0.0,0.0,0.0,0.0,1.0,0,0,0,False,90036,2.146625518798828,False,
Mask_oil/00789.tif,True,2048,2048,1,uint8,,,,1,0.0,1.0,0.03946685791015625,0.1947029148134557,0.0,0.0,0.0,0.0,0.0,0.0,0.0,1.0,0,0,0,False,165536,3.946685791015625,False,
Mask_oil/00790.tif,True,2048,2048,1,uint8,,,,1,0.0,1.0,0.008618831634521484,0.09243672092722273,0.0,0.0,0.0,0.0,0.0,0.0,0.0,0.0,0,0,0,False,36150,0.8618831634521484,False,
Mask_oil/00791.tif,True,2048,2048,1,uint8,,,,1,0.0,1.0,0.003046751022338867,0.05511323190075813,0.0,0.0,0.0,0.0,0.0,0.0,0.0,0.0,0,0,0,False,12779,0.3046751022338867,False,
Mask_oil/00792.tif,True,2048,2048,1,uint8,,,,1,0.0,1.0,0.008018732070922852,0.08918762249829068,0.0,0.0,0.0,0.0,0.0,0.0,0.0,0.0,0,0,0,False,33633,0.8018732070922852,False,
Mask_oil/00793.tif,True,2048,2048,1,uint8,,,,1,0.0,1.0,0.0155792236328125,0.12384066950647238,0.0,0.0,0.0,0.0,0.0,0.0,0.0,1.0,0,0,0,False,65344,1.55792236328125,False,
Mask_oil/00794.tif,True,2048,2048,1,uint8,,,,1,0.0,1.0,0.038100242614746094,0.19143827759213564,0.0,0.0,0.0,0.0,0.0,0.0,0.0,1.0,0,0,0,False,159804,3.8100242614746094,False,
Mask_oil/00795.tif,True,2048,2048,1,uint8,,,,1,0.0,1.0,0.025045156478881836,0.15626226868899018,0.0,0.0,0.0,0.0,0.0,0.0,0.0,1.0,0,0,0,False,105047,2.5045156478881836,False,
Mask_oil/00796.tif,True,2048,2048,1,uint8,,,,1,0.0,1.0,0.013404130935668945,0.11499765306095767,0.0,0.0,0.0,0.0,0.0,0.0,0.0,1.0,0,0,0,False,56221,1.3404130935668945,False,
Mask_oil/00797.tif,True,2048,2048,1,uint8,,,,1,0.0,1.0,0.04958677291870117,0.2170896701140115,0.0,0.0,0.0,0.0,0.0,0.0,0.0,1.0,0,0,0,False,207982,4.958677291870117,False,
Mask_oil/00798.tif,True,2048,2048,1,uint8,,,,1,0.0,1.0,0.024475574493408203,0.15452029234578166,0.0,0.0,0.0,0.0,0.0,0.0,0.0,1.0,0,0,0,False,102658,2.4475574493408203,False,
Mask_oil/00799.tif,True,2048,2048,1,uint8,,,,1,0.0,1.0,0.05966806411743164,0.23687082184581051,0.0,0.0,0.0,0.0,0.0,0.0,1.0,1.0,0,0,0,False,250266,5.966806411743164,False,
Mask_oil/00800.tif,True,2048,2048,1,uint8,,,,1,0.0,1.0,0.03837299346923828,0.19209504637404912,0.0,0.0,0.0,0.0,0.0,0.0,0.0,1.0,0,0,0,False,160948,3.837299346923828,False,
Mask_oil/00801.tif,True,2048,2048,1,uint8,,,,1,0.0,1.0,0.01683354377746582,0.12864748571720305,0.0,0.0,0.0,0.0,0.0,0.0,0.0,1.0,0,0,0,False,70605,1.683354377746582,False,
Mask_oil/00802.tif,True,2048,2048,1,uint8,,,,1,0.0,1.0,0.04559469223022461,0.2086044493069496,0.0,0.0,0.0,0.0,0.0,0.0,0.0,1.0,0,0,0,False,191238,4.559469223022461,False,
Mask_oil/00803.tif,True,2048,2048,1,uint8,,,,1,0.0,1.0,0.029082536697387695,0.1680379205912546,0.0,0.0,0.0,0.0,0.0,0.0,0.0,1.0,0,0,0,False,121981,2.9082536697387695,False,
Mask_oil/00804.tif,True,2048,2048,1,uint8,,,,1,0.0,1.0,0.09386444091796875,0.2916400309441862,0.0,0.0,0.0,0.0,0.0,0.0,1.0,1.0,0,0,0,False,393696,9.386444091796875,False,
Mask_oil/00805.tif,True,2048,2048,1,uint8,,,,1,0.0,1.0,0.014739751815795898,0.1205093006045784,0.0,0.0,0.0,0.0,0.0,0.0,0.0,1.0,0,0,0,False,61823,1.4739751815795898,False,
Mask_oil/00806.tif,True,2048,2048,1,uint8,,,,1,0.0,1.0,0.0190432071685791,0.13667685769476,0.0,0.0,0.0,0.0,0.0,0.0,0.0,1.0,0,0,0,False,79873,1.9043207168579102,False,
Mask_oil/00807.tif,True,2048,2048,1,uint8,,,,1,0.0,1.0,0.015775442123413086,0.12460568826993385,0.0,0.0,0.0,0.0,0.0,0.0,0.0,1.0,0,0,0,False,66167,1.5775442123413086,False,
Mask_oil/00808.tif,True,2048,2048,1,uint8,,,,1,0.0,1.0,0.007772922515869141,0.08782086421478347,0.0,0.0,0.0,0.0,0.0,0.0,0.0,0.0,0,0,0,False,32602,0.7772922515869141,False,
Mask_oil/00809.tif,True,2048,2048,1,uint8,,,,1,0.0,1.0,0.02251458168029785,0.14834984088990136,0.0,0.0,0.0,0.0,0.0,0.0,0.0,1.0,0,0,0,False,94433,2.251458168029785,False,
Mask_oil/00810.tif,True,2048,2048,1,uint8,,,,1,0.0,1.0,0.02360248565673828,0.15180714188588673,0.0,0.0,0.0,0.0,0.0,0.0,0.0,1.0,0,0,0,False,98996,2.360248565673828,False,
Mask_oil/00811.tif,True,2048,2048,1,uint8,,,,1,0.0,1.0,0.0185544490814209,0.13494510550852098,0.0,0.0,0.0,0.0,0.0,0.0,0.0,1.0,0,0,0,False,77823,1.8554449081420898,False,
Mask_oil/00812.tif,True,2048,2048,1,uint8,,,,1,0.0,1.0,0.030040264129638672,0.17069811557442635,0.0,0.0,0.0,0.0,0.0,0.0,0.0,1.0,0,0,0,False,125998,3.004026412963867,False,
Mask_oil/00813.tif,True,2048,2048,1,uint8,,,,1,0.0,1.0,0.009946584701538086,0.09923532714871863,0.0,0.0,0.0,0.0,0.0,0.0,0.0,0.0,0,0,0,False,41719,0.9946584701538086,False,
Mask_oil/00815.tif,True,2048,2048,1,uint8,,,,1,0.0,1.0,0.0024194717407226562,0.049128585337036734,0.0,0.0,0.0,0.0,0.0,0.0,0.0,0.0,0,0,0,False,10148,0.24194717407226562,False,
Mask_oil/00816.tif,True,2048,2048,1,uint8,,,,1,0.0,1.0,0.005345344543457031,0.07291619734440878,0.0,0.0,0.0,0.0,0.0,0.0,0.0,0.0,0,0,0,False,22420,0.5345344543457031,False,
Mask_oil/00817.tif,True,2048,2048,1,uint8,,,,1,0.0,1.0,0.01128244400024414,0.10561794571769277,0.0,0.0,0.0,0.0,0.0,0.0,0.0,1.0,0,0,0,False,47322,1.128244400024414,False,
Mask_oil/00818.tif,True,2048,2048,1,uint8,,,,1,0.0,1.0,0.003858327865600586,0.061995493156213506,0.0,0.0,0.0,0.0,0.0,0.0,0.0,0.0,0,0,0,False,16183,0.3858327865600586,False,
Mask_oil/00820.tif,True,2048,2048,1,uint8,,,,1,0.0,1.0,0.005838155746459961,0.0761844582834323,0.0,0.0,0.0,0.0,0.0,0.0,0.0,0.0,0,0,0,False,24487,0.5838155746459961,False,
Mask_oil/00821.tif,True,2048,2048,1,uint8,,,,1,0.0,1.0,0.0071218013763427734,0.08408972185409282,0.0,0.0,0.0,0.0,0.0,0.0,0.0,0.0,0,0,0,False,29871,0.7121801376342773,False,
Mask_oil/00822.tif,True,2048,2048,1,uint8,,,,1,0.0,1.0,0.006538867950439453,0.08059845629021792,0.0,0.0,0.0,0.0,0.0,0.0,0.0,0.0,0,0,0,False,27426,0.6538867950439453,False,
Mask_oil/00823.tif,True,2048,2048,1,uint8,,,,1,0.0,1.0,0.009508371353149414,0.09704618605262147,0.0,0.0,0.0,0.0,0.0,0.0,0.0,0.0,0,0,0,False,39881,0.9508371353149414,False,
Mask_oil/00824.tif,True,2048,2048,1,uint8,,,,1,0.0,1.0,0.011288642883300781,0.10564662524261759,0.0,0.0,0.0,0.0,0.0,0.0,0.0,1.0,0,0,0,False,47348,1.1288642883300781,False,
Mask_oil/00825.tif,True,2048,2048,1,uint8,,,,1,0.0,1.0,0.0249326229095459,0.1559198102371738,0.0,0.0,0.0,0.0,0.0,0.0,0.0,1.0,0,0,0,False,104575,2.49326229095459,False,
Mask_oil/00826.tif,True,2048,2048,1,uint8,,,,1,0.0,1.0,0.01686573028564453,0.1287683090965181,0.0,0.0,0.0,0.0,0.0,0.0,0.0,1.0,0,0,0,False,70740,1.6865730285644531,False,
Mask_oil/00827.tif,True,2048,2048,1,uint8,,,,1,0.0,1.0,0.021094560623168945,0.14369961772838644,0.0,0.0,0.0,0.0,0.0,0.0,0.0,1.0,0,0,0,False,88477,2.1094560623168945,False,
Mask_oil/00828.tif,True,2048,2048,1,uint8,,,,1,0.0,1.0,0.010499715805053711,0.10192875832201045,0.0,0.0,0.0,0.0,0.0,0.0,0.0,1.0,0,0,0,False,44039,1.049971580505371,False,
Mask_oil/00829.tif,True,2048,2048,1,uint8,,,,1,0.0,1.0,0.028952836990356445,0.16767399983469797,0.0,0.0,0.0,0.0,0.0,0.0,0.0,1.0,0,0,0,False,121437,2.8952836990356445,False,
Mask_oil/00830.tif,True,2048,2048,1,uint8,,,,1,0.0,1.0,0.06289219856262207,0.24276896408433635,0.0,0.0,0.0,0.0,0.0,0.0,1.0,1.0,0,0,0,False,263789,6.289219856262207,False,
Mask_oil/00831.tif,True,2048,2048,1,uint8,,,,1,0.0,1.0,0.055292367935180664,0.22855004262371353,0.0,0.0,0.0,0.0,0.0,0.0,1.0,1.0,0,0,0,False,231913,5.529236793518066,False,
Mask_oil/00832.tif,True,2048,2048,1,uint8,,,,1,0.0,1.0,0.04763054847717285,0.21298328415379583,0.0,0.0,0.0,0.0,0.0,0.0,0.0,1.0,0,0,0,False,199777,4.763054847717285,False,
Mask_oil/00833.tif,True,2048,2048,1,uint8,,,,1,0.0,1.0,0.04143047332763672,0.19928369026963721,0.0,0.0,0.0,0.0,0.0,0.0,0.0,1.0,0,0,0,False,173772,4.143047332763672,False,
Mask_oil/00834.tif,True,2048,2048,1,uint8,,,,1,0.0,1.0,0.026949644088745117,0.16193628615055702,0.0,0.0,0.0,0.0,0.0,0.0,0.0,1.0,0,0,0,False,113035,2.6949644088745117,False,
Mask_oil/00835.tif,True,2048,2048,1,uint8,,,,1,0.0,1.0,0.03387880325317383,0.18091719084516697,0.0,0.0,0.0,0.0,0.0,0.0,0.0,1.0,0,0,0,False,142098,3.387880325317383,False,
Mask_oil/00836.tif,True,2048,2048,1,uint8,,,,1,0.0,1.0,0.019943952560424805,0.13980769405398377,0.0,0.0,0.0,0.0,0.0,0.0,0.0,1.0,0,0,0,False,83651,1.9943952560424805,False,
Mask_oil/00837.tif,True,2048,2048,1,uint8,,,,1,0.0,1.0,0.012167930603027344,0.10963517714614801,0.0,0.0,0.0,0.0,0.0,0.0,0.0,1.0,0,0,0,False,51036,1.2167930603027344,False,
Mask_oil/00838.tif,True,2048,2048,1,uint8,,,,1,0.0,1.0,0.04649996757507324,0.21056524069891114,0.0,0.0,0.0,0.0,0.0,0.0,0.0,1.0,0,0,0,False,195035,4.649996757507324,False,
Mask_oil/00839.tif,True,2048,2048,1,uint8,,,,1,0.0,1.0,0.015341758728027344,0.12290805167749727,0.0,0.0,0.0,0.0,0.0,0.0,0.0,1.0,0,0,0,False,64348,1.5341758728027344,False,
Mask_oil/00840.tif,True,2048,2048,1,uint8,,,,1,0.0,1.0,0.018911361694335938,0.13621204826740527,0.0,0.0,0.0,0.0,0.0,0.0,0.0,1.0,0,0,0,False,79320,1.8911361694335938,False,
Mask_oil/00841.tif,True,2048,2048,1,uint8,,,,1,0.0,1.0,0.07578730583190918,0.26465749584444015,0.0,0.0,0.0,0.0,0.0,0.0,1.0,1.0,0,0,0,False,317875,7.578730583190918,False,
Mask_oil/00842.tif,True,2048,2048,1,uint8,,,,1,0.0,1.0,0.05085897445678711,0.219709670187707,0.0,0.0,0.0,0.0,0.0,0.0,1.0,1.0,0,0,0,False,213318,5.085897445678711,False,
Mask_oil/00843.tif,True,2048,2048,1,uint8,,,,1,0.0,1.0,0.013256549835205078,0.11437138506493573,0.0,0.0,0.0,0.0,0.0,0.0,0.0,1.0,0,0,0,False,55602,1.3256549835205078,False,
Mask_oil/00844.tif,True,2048,2048,1,uint8,,,,1,0.0,1.0,0.003000974655151367,0.05469889218503887,0.0,0.0,0.0,0.0,0.0,0.0,0.0,0.0,0,0,0,False,12587,0.3000974655151367,False,
Mask_oil/00845.tif,True,2048,2048,1,uint8,,,,1,0.0,1.0,0.05366015434265137,0.22534582795910424,0.0,0.0,0.0,0.0,0.0,0.0,1.0,1.0,0,0,0,False,225067,5.366015434265137,False,
Mask_oil/00846.tif,True,2048,2048,1,uint8,,,,1,0.0,1.0,0.05495500564575195,0.22789241540741834,0.0,0.0,0.0,0.0,0.0,0.0,1.0,1.0,0,0,0,False,230498,5.495500564575195,False,
Mask_oil/00847.tif,True,2048,2048,1,uint8,,,,1,0.0,1.0,0.0035402774810791016,0.05939481388501917,0.0,0.0,0.0,0.0,0.0,0.0,0.0,0.0,0,0,0,False,14849,0.35402774810791016,False,
Mask_oil/00848.tif,True,2048,2048,1,uint8,,,,1,0.0,1.0,0.00263214111328125,0.051236831932126956,0.0,0.0,0.0,0.0,0.0,0.0,0.0,0.0,0,0,0,False,11040,0.263214111328125,False,
Mask_oil/00849.tif,True,2048,2048,1,uint8,,,,1,0.0,1.0,0.0024726390838623047,0.04966412326643108,0.0,0.0,0.0,0.0,0.0,0.0,0.0,0.0,0,0,0,False,10371,0.24726390838623047,False,
Mask_oil/00850.tif,True,2048,2048,1,uint8,,,,1,0.0,1.0,0.0022699832916259766,0.04759023500132895,0.0,0.0,0.0,0.0,0.0,0.0,0.0,0.0,0,0,0,False,9521,0.22699832916259766,False,
Mask_oil/00851.tif,True,2048,2048,1,uint8,,,,1,0.0,1.0,0.005838155746459961,0.0761844582834323,0.0,0.0,0.0,0.0,0.0,0.0,0.0,0.0,0,0,0,False,24487,0.5838155746459961,False,
Mask_oil/00852.tif,True,2048,2048,1,uint8,,,,1,0.0,1.0,0.0017812252044677734,0.0421669591177588,0.0,0.0,0.0,0.0,0.0,0.0,0.0,0.0,0,0,0,False,7471,0.17812252044677734,False,
Mask_oil/00853.tif,True,2048,2048,1,uint8,,,,1,0.0,1.0,0.004079103469848633,0.06373746453014037,0.0,0.0,0.0,0.0,0.0,0.0,0.0,0.0,0,0,0,False,17109,0.4079103469848633,False,
Mask_oil/00854.tif,True,2048,2048,1,uint8,,,,1,0.0,1.0,0.008997440338134766,0.09442714866761821,0.0,0.0,0.0,0.0,0.0,0.0,0.0,0.0,0,0,0,False,37738,0.8997440338134766,False,
Mask_oil/00855.tif,True,2048,2048,1,uint8,,,,1,0.0,1.0,0.024265050888061523,0.15387091405935466,0.0,0.0,0.0,0.0,0.0,0.0,0.0,1.0,0,0,0,False,101775,2.4265050888061523,False,
Mask_oil/00856.tif,True,2048,2048,1,uint8,,,,1,0.0,1.0,0.024276018142700195,0.15390481826712082,0.0,0.0,0.0,0.0,0.0,0.0,0.0,1.0,0,0,0,False,101821,2.4276018142700195,False,
Mask_oil/00857.tif,True,2048,2048,1,uint8,,,,1,0.0,1.0,0.007344722747802734,0.08538605152810759,0.0,0.0,0.0,0.0,0.0,0.0,0.0,0.0,0,0,0,False,30806,0.7344722747802734,False,
Mask_oil/00858.tif,True,2048,2048,1,uint8,,,,1,0.0,1.0,0.0074961185455322266,0.08625501001265697,0.0,0.0,0.0,0.0,0.0,0.0,0.0,0.0,0,0,0,False,31441,0.7496118545532227,False,
Mask_oil/00859.tif,True,2048,2048,1,uint8,,,,1,0.0,1.0,0.004861116409301758,0.06955203775991739,0.0,0.0,0.0,0.0,0.0,0.0,0.0,0.0,0,0,0,False,20389,0.4861116409301758,False,
Mask_oil/00860.tif,True,2048,2048,1,uint8,,,,1,0.0,1.0,0.011163473129272461,0.10506593166657055,0.0,0.0,0.0,0.0,0.0,0.0,0.0,1.0,0,0,0,False,46823,1.116347312927246,False,
Mask_oil/00861.tif,True,2048,2048,1,uint8,,,,1,0.0,1.0,0.02763223648071289,0.1639167349229079,0.0,0.0,0.0,0.0,0.0,0.0,0.0,1.0,0,0,0,False,115898,2.763223648071289,False,
Mask_oil/00862.tif,True,2048,2048,1,uint8,,,,1,0.0,1.0,0.01793813705444336,0.13272663746761373,0.0,0.0,0.0,0.0,0.0,0.0,0.0,1.0,0,0,0,False,75238,1.793813705444336,False,
Mask_oil/00863.tif,True,2048,2048,1,uint8,,,,1,0.0,1.0,0.0042302608489990234,0.06490274063665147,0.0,0.0,0.0,0.0,0.0,0.0,0.0,0.0,0,0,0,False,17743,0.42302608489990234,False,
Mask_oil/00864.tif,True,2048,2048,1,uint8,,,,1,0.0,1.0,0.004323720932006836,0.06561269975628926,0.0,0.0,0.0,0.0,0.0,0.0,0.0,0.0,0,0,0,False,18135,0.4323720932006836,False,
Mask_oil/00865.tif,True,2048,2048,1,uint8,,,,1,0.0,1.0,0.02057790756225586,0.14196639490603088,0.0,0.0,0.0,0.0,0.0,0.0,0.0,1.0,0,0,0,False,86310,2.057790756225586,False,
Mask_oil/00866.tif,True,2048,2048,1,uint8,,,,1,0.0,1.0,0.01510000228881836,0.12195077785605157,0.0,0.0,0.0,0.0,0.0,0.0,0.0,1.0,0,0,0,False,63334,1.510000228881836,False,
Mask_oil/00867.tif,True,2048,2048,1,uint8,,,,1,0.0,1.0,0.013373374938964844,0.11486743568873953,0.0,0.0,0.0,0.0,0.0,0.0,0.0,1.0,0,0,0,False,56092,1.3373374938964844,False,
Mask_oil/00869.tif,True,2048,2048,1,uint8,,,,1,0.0,1.0,0.004467010498046875,0.06668625282063173,0.0,0.0,0.0,0.0,0.0,0.0,0.0,0.0,0,0,0,False,18736,0.4467010498046875,False,
Mask_oil/00870.tif,True,2048,2048,1,uint8,,,,1,0.0,1.0,0.007668495178222656,0.0872335334600418,0.0,0.0,0.0,0.0,0.0,0.0,0.0,0.0,0,0,0,False,32164,0.7668495178222656,False,
Mask_oil/00871.tif,True,2048,2048,1,uint8,,,,1,0.0,1.0,0.008100509643554688,0.0896375556732186,0.0,0.0,0.0,0.0,0.0,0.0,0.0,0.0,0,0,0,False,33976,0.8100509643554688,False,
Mask_oil/00872.tif,True,2048,2048,1,uint8,,,,1,0.0,1.0,0.007864952087402344,0.08833512673939631,0.0,0.0,0.0,0.0,0.0,0.0,0.0,0.0,0,0,0,False,32988,0.7864952087402344,False,
Mask_oil/00873.tif,True,2048,2048,1,uint8,,,,1,0.0,1.0,0.004446983337402344,0.0665372653225184,0.0,0.0,0.0,0.0,0.0,0.0,0.0,0.0,0,0,0,False,18652,0.4446983337402344,False,
Mask_oil/00874.tif,True,2048,2048,1,uint8,,,,1,0.0,1.0,0.005817890167236328,0.07605289160339863,0.0,0.0,0.0,0.0,0.0,0.0,0.0,0.0,0,0,0,False,24402,0.5817890167236328,False,
Mask_oil/00875.tif,True,2048,2048,1,uint8,,,,1,0.0,1.0,0.03853726387023926,0.19248933259699044,0.0,0.0,0.0,0.0,0.0,0.0,0.0,1.0,0,0,0,False,161637,3.853726387023926,False,
Mask_oil/00876.tif,True,2048,2048,1,uint8,,,,1,0.0,1.0,0.03212237358093262,0.176325059751754,0.0,0.0,0.0,0.0,0.0,0.0,0.0,1.0,0,0,0,False,134731,3.2122373580932617,False,
Mask_oil/00877.tif,True,2048,2048,1,uint8,,,,1,0.0,1.0,0.007103919982910156,0.08398484567936389,0.0,0.0,0.0,0.0,0.0,0.0,0.0,0.0,0,0,0,False,29796,0.7103919982910156,False,
Mask_oil/00878.tif,True,2048,2048,1,uint8,,,,1,0.0,1.0,0.00965738296508789,0.09779630831147729,0.0,0.0,0.0,0.0,0.0,0.0,0.0,0.0,0,0,0,False,40506,0.9657382965087891,False,
Mask_oil/00879.tif,True,2048,2048,1,uint8,,,,1,0.0,1.0,0.0037682056427001953,0.06126994588649902,0.0,0.0,0.0,0.0,0.0,0.0,0.0,0.0,0,0,0,False,15805,0.37682056427001953,False,
Mask_oil/00880.tif,True,2048,2048,1,uint8,,,,1,0.0,1.0,0.005320310592651367,0.07274616751313494,0.0,0.0,0.0,0.0,0.0,0.0,0.0,0.0,0,0,0,False,22315,0.5320310592651367,False,
Mask_oil/00881.tif,True,2048,2048,1,uint8,,,,1,0.0,1.0,0.011189699172973633,0.10518787860486581,0.0,0.0,0.0,0.0,0.0,0.0,0.0,1.0,0,0,0,False,46933,1.1189699172973633,False,
Mask_oil/00882.tif,True,2048,2048,1,uint8,,,,1,0.0,1.0,0.03870534896850586,0.19289179591089933,0.0,0.0,0.0,0.0,0.0,0.0,0.0,1.0,0,0,0,False,162342,3.870534896850586,False,
Mask_oil/00883.tif,True,2048,2048,1,uint8,,,,1,0.0,1.0,0.02635669708251953,0.1601937002550969,0.0,0.0,0.0,0.0,0.0,0.0,0.0,1.0,0,0,0,False,110548,2.635669708251953,False,
Mask_oil/00884.tif,True,2048,2048,1,uint8,,,,1,0.0,1.0,0.012811899185180664,0.11246223554798042,0.0,0.0,0.0,0.0,0.0,0.0,0.0,1.0,0,0,0,False,53737,1.2811899185180664,False,
Mask_oil/00885.tif,True,2048,2048,1,uint8,,,,1,0.0,1.0,0.019465923309326172,0.13815571337820814,0.0,0.0,0.0,0.0,0.0,0.0,0.0,1.0,0,0,0,False,81646,1.9465923309326172,False,
Mask_oil/00886.tif,True,2048,2048,1,uint8,,,,1,0.0,1.0,0.03242778778076172,0.177133357559799,0.0,0.0,0.0,0.0,0.0,0.0,0.0,1.0,0,0,0,False,136012,3.242778778076172,False,
Mask_oil/00887.tif,True,2048,2048,1,uint8,,,,1,0.0,1.0,0.00662994384765625,0.08115409843152209,0.0,0.0,0.0,0.0,0.0,0.0,0.0,0.0,0,0,0,False,27808,0.662994384765625,False,
Mask_oil/00888.tif,True,2048,2048,1,uint8,,,,1,0.0,1.0,0.0038881301879882812,0.06223353301580697,0.0,0.0,0.0,0.0,0.0,0.0,0.0,0.0,0,0,0,False,16308,0.3888130187988281,False,
Mask_oil/00889.tif,True,2048,2048,1,uint8,,,,1,0.0,1.0,0.0066378116607666016,0.0812019157232315,0.0,0.0,0.0,0.0,0.0,0.0,0.0,0.0,0,0,0,False,27841,0.6637811660766602,False,
Mask_oil/00890.tif,True,2048,2048,1,uint8,,,,1,0.0,1.0,0.016086816787719727,0.12580950327124762,0.0,0.0,0.0,0.0,0.0,0.0,0.0,1.0,0,0,0,False,67473,1.6086816787719727,False,
Mask_oil/00891.tif,True,2048,2048,1,uint8,,,,1,0.0,1.0,0.008827924728393555,0.09354139443788173,0.0,0.0,0.0,0.0,0.0,0.0,0.0,0.0,0,0,0,False,37027,0.8827924728393555,False,
Mask_oil/00892.tif,True,2048,2048,1,uint8,,,,1,0.0,1.0,0.009778022766113281,0.09839925323344,0.0,0.0,0.0,0.0,0.0,0.0,0.0,0.0,0,0,0,False,41012,0.9778022766113281,False,
Mask_oil/00893.tif,True,2048,2048,1,uint8,,,,1,0.0,1.0,0.03175497055053711,0.17534706269530617,0.0,0.0,0.0,0.0,0.0,0.0,0.0,1.0,0,0,0,False,133190,3.175497055053711,False,
Mask_oil/00894.tif,True,2048,2048,1,uint8,,,,1,0.0,1.0,0.0038595199584960938,0.06200503257144588,0.0,0.0,0.0,0.0,0.0,0.0,0.0,0.0,0,0,0,False,16188,0.3859519958496094,False,
Mask_oil/00895.tif,True,2048,2048,1,uint8,,,,1,0.0,1.0,0.027601242065429688,0.16382738935194946,0.0,0.0,0.0,0.0,0.0,0.0,0.0,1.0,0,0,0,False,115768,2.7601242065429688,False,
Mask_oil/00896.tif,True,2048,2048,1,uint8,,,,1,0.0,1.0,0.04427957534790039,0.20571556711855815,0.0,0.0,0.0,0.0,0.0,0.0,0.0,1.0,0,0,0,False,185722,4.427957534790039,False,
Mask_oil/00897.tif,True,2048,2048,1,uint8,,,,1,0.0,1.0,0.03969264030456543,0.19523609965940678,0.0,0.0,0.0,0.0,0.0,0.0,0.0,1.0,0,0,0,False,166483,3.969264030456543,False,
Mask_oil/00898.tif,True,2048,2048,1,uint8,,,,1,0.0,1.0,0.06815552711486816,0.2520126013487473,0.0,0.0,0.0,0.0,0.0,0.0,1.0,1.0,0,0,0,False,285865,6.815552711486816,False,
Mask_oil/00899.tif,True,2048,2048,1,uint8,,,,1,0.0,1.0,0.05626273155212402,0.23042837626997603,0.0,0.0,0.0,0.0,0.0,0.0,1.0,1.0,0,0,0,False,235983,5.626273155212402,False,
Mask_oil/00900.tif,True,2048,2048,1,uint8,,,,1,0.0,1.0,0.002026081085205078,0.044966388343308746,0.0,0.0,0.0,0.0,0.0,0.0,0.0,0.0,0,0,0,False,8498,0.2026081085205078,False,
Mask_oil/00901.tif,True,2048,2048,1,uint8,,,,1,0.0,1.0,0.0043182373046875,0.06557125994876037,0.0,0.0,0.0,0.0,0.0,0.0,0.0,0.0,0,0,0,False,18112,0.43182373046875,False,
Mask_oil/00902.tif,True,2048,2048,1,uint8,,,,1,0.0,1.0,0.004447460174560547,0.066540816590693,0.0,0.0,0.0,0.0,0.0,0.0,0.0,0.0,0,0,0,False,18654,0.4447460174560547,False,
Mask_oil/00903.tif,True,2048,2048,1,uint8,,,,1,0.0,1.0,0.006618022918701172,0.08108159280224284,0.0,0.0,0.0,0.0,0.0,0.0,0.0,0.0,0,0,0,False,27758,0.6618022918701172,False,
Mask_oil/00904.tif,True,2048,2048,1,uint8,,,,1,0.0,1.0,0.00845193862915039,0.09154508923235297,0.0,0.0,0.0,0.0,0.0,0.0,0.0,0.0,0,0,0,False,35450,0.8451938629150391,False,
Mask_oil/00905.tif,True,2048,2048,1,uint8,,,,1,0.0,1.0,0.00728297233581543,0.08502899887550822,0.0,0.0,0.0,0.0,0.0,0.0,0.0,0.0,0,0,0,False,30547,0.728297233581543,False,
Mask_oil/00906.tif,True,2048,2048,1,uint8,,,,1,0.0,1.0,0.0040357112884521484,0.06339892998188856,0.0,0.0,0.0,0.0,0.0,0.0,0.0,0.0,0,0,0,False,16927,0.40357112884521484,False,
Mask_oil/00907.tif,True,2048,2048,1,uint8,,,,1,0.0,1.0,0.008613824844360352,0.09241010153609308,0.0,0.0,0.0,0.0,0.0,0.0,0.0,0.0,0,0,0,False,36129,0.8613824844360352,False,
Mask_oil/00909.tif,True,2048,2048,1,uint8,,,,1,0.0,1.0,0.0022614002227783203,0.04750038201752422,0.0,0.0,0.0,0.0,0.0,0.0,0.0,0.0,0,0,0,False,9485,0.22614002227783203,False,
Mask_oil/00910.tif,True,2048,2048,1,uint8,,,,1,0.0,1.0,0.010555028915405273,0.10219403250679676,0.0,0.0,0.0,0.0,0.0,0.0,0.0,1.0,0,0,0,False,44271,1.0555028915405273,False,
Mask_oil/00911.tif,True,2048,2048,1,uint8,,,,1,0.0,1.0,0.023379087448120117,0.15110428755734653,0.0,0.0,0.0,0.0,0.0,0.0,0.0,1.0,0,0,0,False,98059,2.3379087448120117,False,
Mask_oil/00912.tif,True,2048,2048,1,uint8,,,,1,0.0,1.0,0.02169489860534668,0.14568538011705365,0.0,0.0,0.0,0.0,0.0,0.0,0.0,1.0,0,0,0,False,90995,2.169489860534668,False,
Mask_oil/00913.tif,True,2048,2048,1,uint8,,,,1,0.0,1.0,0.015055418014526367,0.12177336491587248,0.0,0.0,0.0,0.0,0.0,0.0,0.0,1.0,0,0,0,False,63147,1.5055418014526367,False,
Mask_oil/00914.tif,True,2048,2048,1,uint8,,,,1,0.0,1.0,0.0024247169494628906,0.049181680503800174,0.0,0.0,0.0,0.0,0.0,0.0,0.0,0.0,0,0,0,False,10170,0.24247169494628906,False,
Mask_oil/00915.tif,True,2048,2048,1,uint8,,,,1,0.0,1.0,0.003197193145751953,0.05645326475714854,0.0,0.0,0.0,0.0,0.0,0.0,0.0,0.0,0,0,0,False,13410,0.3197193145751953,False,
Mask_oil/00916.tif,True,2048,2048,1,uint8,,,,1,0.0,1.0,0.006594657897949219,0.08093928826693644,0.0,0.0,0.0,0.0,0.0,0.0,0.0,0.0,0,0,0,False,27660,0.6594657897949219,False,
Mask_oil/00917.tif,True,2048,2048,1,uint8,,,,1,0.0,1.0,0.006394863128662109,0.07971178616884574,0.0,0.0,0.0,0.0,0.0,0.0,0.0,0.0,0,0,0,False,26822,0.6394863128662109,False,
Mask_oil/00918.tif,True,2048,2048,1,uint8,,,,1,0.0,1.0,0.01629018783569336,0.12658916863606928,0.0,0.0,0.0,0.0,0.0,0.0,0.0,1.0,0,0,0,False,68326,1.629018783569336,False,
Mask_oil/00919.tif,True,2048,2048,1,uint8,,,,1,0.0,1.0,0.0058269500732421875,0.07611173842506903,0.0,0.0,0.0,0.0,0.0,0.0,0.0,0.0,0,0,0,False,24440,0.5826950073242188,False,
Mask_oil/00920.tif,True,2048,2048,1,uint8,,,,1,0.0,1.0,0.0026886463165283203,0.05178240528898729,0.0,0.0,0.0,0.0,0.0,0.0,0.0,0.0,0,0,0,False,11277,0.26886463165283203,False,
Mask_oil/00921.tif,True,2048,2048,1,uint8,,,,1,0.0,1.0,0.037848472595214844,0.1908296772449823,0.0,0.0,0.0,0.0,0.0,0.0,0.0,1.0,0,0,0,False,158748,3.7848472595214844,False,
Mask_oil/00922.tif,True,2048,2048,1,uint8,,,,1,0.0,1.0,0.06224322319030762,0.24159678051908964,0.0,0.0,0.0,0.0,0.0,0.0,1.0,1.0,0,0,0,False,261067,6.224322319030762,False,
Mask_oil/00923.tif,True,2048,2048,1,uint8,,,,1,0.0,1.0,0.04113173484802246,0.19859485198870194,0.0,0.0,0.0,0.0,0.0,0.0,0.0,1.0,0,0,0,False,172519,4.113173484802246,False,
Mask_oil/00924.tif,True,2048,2048,1,uint8,,,,1,0.0,1.0,0.017923355102539062,0.13267293787508946,0.0,0.0,0.0,0.0,0.0,0.0,0.0,1.0,0,0,0,False,75176,1.7923355102539062,False,
Mask_oil/00925.tif,True,2048,2048,1,uint8,,,,1,0.0,1.0,0.010511398315429688,0.1019848460354972,0.0,0.0,0.0,0.0,0.0,0.0,0.0,1.0,0,0,0,False,44088,1.0511398315429688,False,
Mask_oil/00926.tif,True,2048,2048,1,uint8,,,,1,0.0,1.0,0.03564310073852539,0.18539867882018124,0.0,0.0,0.0,0.0,0.0,0.0,0.0,1.0,0,0,0,False,149498,3.564310073852539,False,
Mask_oil/00927.tif,True,2048,2048,1,uint8,,,,1,0.0,1.0,0.09019136428833008,0.286455724495322,0.0,0.0,0.0,0.0,0.0,0.0,1.0,1.0,0,0,0,False,378290,9.019136428833008,False,
Mask_oil/00928.tif,True,2048,2048,1,uint8,,,,1,0.0,1.0,0.04892230033874512,0.21570560694685414,0.0,0.0,0.0,0.0,0.0,0.0,0.0,1.0,0,0,0,False,205195,4.892230033874512,False,
Mask_oil/00929.tif,True,2048,2048,1,uint8,,,,1,0.0,1.0,0.019372940063476562,0.1378318876631003,0.0,0.0,0.0,0.0,0.0,0.0,0.0,1.0,0,0,0,False,81256,1.9372940063476562,False,
Mask_oil/00930.tif,True,2048,2048,1,uint8,,,,1,0.0,1.0,0.07364296913146973,0.26118897800054874,0.0,0.0,0.0,0.0,0.0,0.0,1.0,1.0,0,0,0,False,308881,7.364296913146973,False,
Mask_oil/00931.tif,True,2048,2048,1,uint8,,,,1,0.0,1.0,0.09258723258972168,0.28985312996602,0.0,0.0,0.0,0.0,0.0,0.0,1.0,1.0,0,0,0,False,388339,9.258723258972168,False,
Mask_oil/00932.tif,True,2048,2048,1,uint8,,,,1,0.0,1.0,0.10350990295410156,0.30462370712821096,0.0,0.0,0.0,0.0,0.0,0.0,1.0,1.0,0,0,0,False,434152,10.350990295410156,False,
Mask_oil/00933.tif,True,2048,2048,1,uint8,,,,1,0.0,1.0,0.09236764907836914,0.28954423924869305,0.0,0.0,0.0,0.0,0.0,0.0,1.0,1.0,0,0,0,False,387418,9.236764907836914,False,
Mask_oil/00934.tif,True,2048,2048,1,uint8,,,,1,0.0,1.0,0.04634284973144531,0.2102265207109084,0.0,0.0,0.0,0.0,0.0,0.0,0.0,1.0,0,0,0,False,194376,4.634284973144531,False,
Mask_oil/00935.tif,True,2048,2048,1,uint8,,,,1,0.0,1.0,0.01793503761291504,0.1327153798123577,0.0,0.0,0.0,0.0,0.0,0.0,0.0,1.0,0,0,0,False,75225,1.793503761291504,False,
Mask_oil/00936.tif,True,2048,2048,1,uint8,,,,1,0.0,1.0,0.026762008666992188,0.1613871232753717,0.0,0.0,0.0,0.0,0.0,0.0,0.0,1.0,0,0,0,False,112248,2.6762008666992188,False,
Mask_oil/00937.tif,True,2048,2048,1,uint8,,,,1,0.0,1.0,0.016942739486694336,0.1290568985578855,0.0,0.0,0.0,0.0,0.0,0.0,0.0,1.0,0,0,0,False,71063,1.6942739486694336,False,
Mask_oil/00938.tif,True,2048,2048,1,uint8,,,,1,0.0,1.0,0.0053937435150146484,0.07324377820613083,0.0,0.0,0.0,0.0,0.0,0.0,0.0,0.0,0,0,0,False,22623,0.5393743515014648,False,
Mask_oil/00939.tif,True,2048,2048,1,uint8,,,,1,0.0,1.0,0.010981559753417969,0.1042159541471462,0.0,0.0,0.0,0.0,0.0,0.0,0.0,1.0,0,0,0,False,46060,1.0981559753417969,False,
Mask_oil/00940.tif,True,2048,2048,1,uint8,,,,1,0.0,1.0,0.007981300354003906,0.08898089232336953,0.0,0.0,0.0,0.0,0.0,0.0,0.0,0.0,0,0,0,False,33476,0.7981300354003906,False,
Mask_oil/00941.tif,True,2048,2048,1,uint8,,,,1,0.0,1.0,0.04009509086608887,0.19618224831653078,0.0,0.0,0.0,0.0,0.0,0.0,0.0,1.0,0,0,0,False,168171,4.009509086608887,False,
Mask_oil/00942.tif,True,2048,2048,1,uint8,,,,1,0.0,1.0,0.014419794082641602,0.11921352113437392,0.0,0.0,0.0,0.0,0.0,0.0,0.0,1.0,0,0,0,False,60481,1.4419794082641602,False,
Mask_oil/00943.tif,True,2048,2048,1,uint8,,,,1,0.0,1.0,0.009693622589111328,0.09797783560689223,0.0,0.0,0.0,0.0,0.0,0.0,0.0,0.0,0,0,0,False,40658,0.9693622589111328,False,
Mask_oil/00944.tif,True,2048,2048,1,uint8,,,,1,0.0,1.0,0.009382963180541992,0.09641018194410061,0.0,0.0,0.0,0.0,0.0,0.0,0.0,0.0,0,0,0,False,39355,0.9382963180541992,False,
Mask_oil/00945.tif,True,2048,2048,1,uint8,,,,1,0.0,1.0,0.0015492439270019531,0.03932993478581678,0.0,0.0,0.0,0.0,0.0,0.0,0.0,0.0,0,0,0,False,6498,0.1549243927001953,False,
Mask_oil/00946.tif,True,2048,2048,1,uint8,,,,1,0.0,1.0,0.01787590980529785,0.13250042133491768,0.0,0.0,0.0,0.0,0.0,0.0,0.0,1.0,0,0,0,False,74977,1.7875909805297852,False,
Mask_oil/00947.tif,True,2048,2048,1,uint8,,,,1,0.0,1.0,0.01226806640625,0.1100797935722167,0.0,0.0,0.0,0.0,0.0,0.0,0.0,1.0,0,0,0,False,51456,1.226806640625,False,
Mask_oil/00948.tif,True,2048,2048,1,uint8,,,,1,0.0,1.0,0.010599851608276367,0.10240847012898341,0.0,0.0,0.0,0.0,0.0,0.0,0.0,1.0,0,0,0,False,44459,1.0599851608276367,False,
Mask_oil/00949.tif,True,2048,2048,1,uint8,,,,1,0.0,1.0,0.012849569320678711,0.11262529861870194,0.0,0.0,0.0,0.0,0.0,0.0,0.0,1.0,0,0,0,False,53895,1.284956932067871,False,
Mask_oil/00950.tif,True,2048,2048,1,uint8,,,,1,0.0,1.0,0.00880742073059082,0.09343366668746966,0.0,0.0,0.0,0.0,0.0,0.0,0.0,0.0,0,0,0,False,36941,0.880742073059082,False,
Mask_oil/00951.tif,True,2048,2048,1,uint8,,,,1,0.0,1.0,0.008093595504760742,0.08959960500228814,0.0,0.0,0.0,0.0,0.0,0.0,0.0,0.0,0,0,0,False,33947,0.8093595504760742,False,
Mask_oil/00952.tif,True,2048,2048,1,uint8,,,,1,0.0,1.0,0.020760774612426758,0.14258248437279655,0.0,0.0,0.0,0.0,0.0,0.0,0.0,1.0,0,0,0,False,87077,2.076077461242676,False,
Mask_oil/00953.tif,True,2048,2048,1,uint8,,,,1,0.0,1.0,0.009473323822021484,0.09686888023397713,0.0,0.0,0.0,0.0,0.0,0.0,0.0,0.0,0,0,0,False,39734,0.9473323822021484,False,
Mask_oil/00954.tif,True,2048,2048,1,uint8,,,,1,0.0,1.0,0.0027933120727539062,0.052777926071588994,0.0,0.0,0.0,0.0,0.0,0.0,0.0,0.0,0,0,0,False,11716,0.2793312072753906,False,
Mask_oil/00955.tif,True,2048,2048,1,uint8,,,,1,0.0,1.0,0.009566068649291992,0.09733734627515292,0.0,0.0,0.0,0.0,0.0,0.0,0.0,0.0,0,0,0,False,40123,0.9566068649291992,False,
Mask_oil/00956.tif,True,2048,2048,1,uint8,,,,1,0.0,1.0,0.0054934024810791016,0.07391363210030999,0.0,0.0,0.0,0.0,0.0,0.0,0.0,0.0,0,0,0,False,23041,0.5493402481079102,False,
Mask_oil/00957.tif,True,2048,2048,1,uint8,,,,1,0.0,1.0,0.00956583023071289,0.09733614499614246,0.0,0.0,0.0,0.0,0.0,0.0,0.0,0.0,0,0,0,False,40122,0.9565830230712891,False,
Mask_oil/00958.tif,True,2048,2048,1,uint8,,,,1,0.0,1.0,0.006836891174316406,0.08240235490195023,0.0,0.0,0.0,0.0,0.0,0.0,0.0,0.0,0,0,0,False,28676,0.6836891174316406,False,
Mask_oil/00959.tif,True,2048,2048,1,uint8,,,,1,0.0,1.0,0.013466119766235352,0.11525963467179981,0.0,0.0,0.0,0.0,0.0,0.0,0.0,1.0,0,0,0,False,56481,1.3466119766235352,False,
Mask_oil/00960.tif,True,2048,2048,1,uint8,,,,1,0.0,1.0,0.013482809066772461,0.11533006081001353,0.0,0.0,0.0,0.0,0.0,0.0,0.0,1.0,0,0,0,False,56551,1.348280906677246,False,
Mask_oil/00961.tif,True,2048,2048,1,uint8,,,,1,0.0,1.0,0.003000497817993164,0.05469455942630293,0.0,0.0,0.0,0.0,0.0,0.0,0.0,0.0,0,0,0,False,12585,0.3000497817993164,False,
Mask_oil/00962.tif,True,2048,2048,1,uint8,,,,1,0.0,1.0,0.027760744094848633,0.16428659465138645,0.0,0.0,0.0,0.0,0.0,0.0,0.0,1.0,0,0,0,False,116437,2.7760744094848633,False,
Mask_oil/00963.tif,True,2048,2048,1,uint8,,,,1,0.0,1.0,0.04692721366882324,0.21148297871484564,0.0,0.0,0.0,0.0,0.0,0.0,0.0,1.0,0,0,0,False,196827,4.692721366882324,False,
Mask_oil/00964.tif,True,2048,2048,1,uint8,,,,1,0.0,1.0,0.00563502311706543,0.07485499069224154,0.0,0.0,0.0,0.0,0.0,0.0,0.0,0.0,0,0,0,False,23635,0.563502311706543,False,
Mask_oil/00965.tif,True,2048,2048,1,uint8,,,,1,0.0,1.0,0.010278701782226562,0.10086153911129164,0.0,0.0,0.0,0.0,0.0,0.0,0.0,1.0,0,0,0,False,43112,1.0278701782226562,False,
Mask_oil/00966.tif,True,2048,2048,1,uint8,,,,1,0.0,1.0,0.03632521629333496,0.18709808912593787,0.0,0.0,0.0,0.0,0.0,0.0,0.0,1.0,0,0,0,False,152359,3.632521629333496,False,
Mask_oil/00967.tif,True,2048,2048,1,uint8,,,,1,0.0,1.0,0.014277219772338867,0.11863128073114276,0.0,0.0,0.0,0.0,0.0,0.0,0.0,1.0,0,0,0,False,59883,1.4277219772338867,False,
Mask_oil/00968.tif,True,2048,2048,1,uint8,,,,1,0.0,1.0,0.006716489791870117,0.08167850731217988,0.0,0.0,0.0,0.0,0.0,0.0,0.0,0.0,0,0,0,False,28171,0.6716489791870117,False,
Mask_oil/00969.tif,True,2048,2048,1,uint8,,,,1,0.0,1.0,0.020688772201538086,0.14234025047867152,0.0,0.0,0.0,0.0,0.0,0.0,0.0,1.0,0,0,0,False,86775,2.0688772201538086,False,
Mask_oil/00970.tif,True,2048,2048,1,uint8,,,,1,0.0,1.0,0.010918140411376953,0.1039179225222214,0.0,0.0,0.0,0.0,0.0,0.0,0.0,1.0,0,0,0,False,45794,1.0918140411376953,False,
Mask_oil/00971.tif,True,2048,2048,1,uint8,,,,1,0.0,1.0,0.007381916046142578,0.08560037010218052,0.0,0.0,0.0,0.0,0.0,0.0,0.0,0.0,0,0,0,False,30962,0.7381916046142578,False,
Mask_oil/00972.tif,True,2048,2048,1,uint8,,,,1,0.0,1.0,0.010916471481323242,0.10391006751860331,0.0,0.0,0.0,0.0,0.0,0.0,0.0,1.0,0,0,0,False,45787,1.0916471481323242,False,
Mask_oil/00973.tif,True,2048,2048,1,uint8,,,,1,0.0,1.0,0.0026628971099853516,0.051534513570683706,0.0,0.0,0.0,0.0,0.0,0.0,0.0,0.0,0,0,0,False,11169,0.26628971099853516,False,
Mask_oil/00974.tif,True,2048,2048,1,uint8,,,,1,0.0,1.0,0.026830673217773438,0.16158832938196524,0.0,0.0,0.0,0.0,0.0,0.0,0.0,1.0,0,0,0,False,112536,2.6830673217773438,False,
Mask_oil/00975.tif,True,2048,2048,1,uint8,,,,1,0.0,1.0,0.03875112533569336,0.19300123217459195,0.0,0.0,0.0,0.0,0.0,0.0,0.0,1.0,0,0,0,False,162534,3.875112533569336,False,
Mask_oil/00976.tif,True,2048,2048,1,uint8,,,,1,0.0,1.0,0.039949655532836914,0.19584095729863196,0.0,0.0,0.0,0.0,0.0,0.0,0.0,1.0,0,0,0,False,167561,3.9949655532836914,False,
Mask_oil/00977.tif,True,2048,2048,1,uint8,,,,1,0.0,1.0,0.04336380958557129,0.20367471518035224,0.0,0.0,0.0,0.0,0.0,0.0,0.0,1.0,0,0,0,False,181881,4.336380958557129,False,
Mask_oil/00978.tif,True,2048,2048,1,uint8,,,,1,0.0,1.0,0.02605128288269043,0.15928783237540922,0.0,0.0,0.0,0.0,0.0,0.0,0.0,1.0,0,0,0,False,109267,2.605128288269043,False,
Mask_oil/00979.tif,True,2048,2048,1,uint8,,,,1,0.0,1.0,0.008684635162353516,0.09278584091579022,0.0,0.0,0.0,0.0,0.0,0.0,0.0,0.0,0,0,0,False,36426,0.8684635162353516,False,
Mask_oil/00980.tif,True,2048,2048,1,uint8,,,,1,0.0,1.0,0.026031494140625,0.15922894037652705,0.0,0.0,0.0,0.0,0.0,0.0,0.0,1.0,0,0,0,False,109184,2.6031494140625,False,
Mask_oil/00981.tif,True,2048,2048,1,uint8,,,,1,0.0,1.0,0.005080461502075195,0.07109606468012929,0.0,0.0,0.0,0.0,0.0,0.0,0.0,0.0,0,0,0,False,21309,0.5080461502075195,False,
Mask_oil/00982.tif,True,2048,2048,1,uint8,,,,1,0.0,1.0,0.017057180404663086,0.12948448942365978,0.0,0.0,0.0,0.0,0.0,0.0,0.0,1.0,0,0,0,False,71543,1.7057180404663086,False,
Mask_oil/00983.tif,True,2048,2048,1,uint8,,,,1,0.0,1.0,0.006462574005126953,0.0801299515933662,0.0,0.0,0.0,0.0,0.0,0.0,0.0,0.0,0,0,0,False,27106,0.6462574005126953,False,
Mask_oil/00984.tif,True,2048,2048,1,uint8,,,,1,0.0,1.0,0.014664173126220703,0.1202045554575405,0.0,0.0,0.0,0.0,0.0,0.0,0.0,1.0,0,0,0,False,61506,1.4664173126220703,False,
Mask_oil/00985.tif,True,2048,2048,1,uint8,,,,1,0.0,1.0,0.03312325477600098,0.1789583883729542,0.0,0.0,0.0,0.0,0.0,0.0,0.0,1.0,0,0,0,False,138929,3.3123254776000977,False,
Mask_oil/00986.tif,True,2048,2048,1,uint8,,,,1,0.0,1.0,0.03070807456970215,0.17252561759322516,0.0,0.0,0.0,0.0,0.0,0.0,0.0,1.0,0,0,0,False,128799,3.070807456970215,False,
Mask_oil/00987.tif,True,2048,2048,1,uint8,,,,1,0.0,1.0,0.034110307693481445,0.18151251913445934,0.0,0.0,0.0,0.0,0.0,0.0,0.0,1.0,0,0,0,False,143069,3.4110307693481445,False,
Mask_oil/00988.tif,True,2048,2048,1,uint8,,,,1,0.0,1.0,0.04873323440551758,0.21530979139345813,0.0,0.0,0.0,0.0,0.0,0.0,0.0,1.0,0,0,0,False,204402,4.873323440551758,False,
Mask_oil/00989.tif,True,2048,2048,1,uint8,,,,1,0.0,1.0,0.05000615119934082,0.21795764735739254,0.0,0.0,0.0,0.0,0.0,0.0,0.0,1.0,0,0,0,False,209741,5.000615119934082,False,
Mask_oil/00990.tif,True,2048,2048,1,uint8,,,,1,0.0,1.0,0.054541826248168945,0.22708371900619273,0.0,0.0,0.0,0.0,0.0,0.0,1.0,1.0,0,0,0,False,228765,5.4541826248168945,False,
Mask_oil/00991.tif,True,2048,2048,1,uint8,,,,1,0.0,1.0,0.0388951301574707,0.19334502581526145,0.0,0.0,0.0,0.0,0.0,0.0,0.0,1.0,0,0,0,False,163138,3.8895130157470703,False,
Mask_oil/00992.tif,True,2048,2048,1,uint8,,,,1,0.0,1.0,0.0316777229309082,0.17514064291540332,0.0,0.0,0.0,0.0,0.0,0.0,0.0,1.0,0,0,0,False,132866,3.1677722930908203,False,
Mask_oil/00993.tif,True,2048,2048,1,uint8,,,,1,0.0,1.0,0.04417848587036133,0.20549147733315756,0.0,0.0,0.0,0.0,0.0,0.0,0.0,1.0,0,0,0,False,185298,4.417848587036133,False,
Mask_oil/00994.tif,True,2048,2048,1,uint8,,,,1,0.0,1.0,0.0031681060791015625,0.05619670081929296,0.0,0.0,0.0,0.0,0.0,0.0,0.0,0.0,0,0,0,False,13288,0.31681060791015625,False,
Mask_oil/00995.tif,True,2048,2048,1,uint8,,,,1,0.0,1.0,0.007900476455688477,0.08853281271631207,0.0,0.0,0.0,0.0,0.0,0.0,0.0,0.0,0,0,0,False,33137,0.7900476455688477,False,
Mask_oil/00996.tif,True,2048,2048,1,uint8,,,,1,0.0,1.0,0.008029937744140625,0.08924941368975961,0.0,0.0,0.0,0.0,0.0,0.0,0.0,0.0,0,0,0,False,33680,0.8029937744140625,False,
Mask_oil/00997.tif,True,2048,2048,1,uint8,,,,1,0.0,1.0,0.010728120803833008,0.10301955264827825,0.0,0.0,0.0,0.0,0.0,0.0,0.0,1.0,0,0,0,False,44997,1.0728120803833008,False,
Mask_oil/00998.tif,True,2048,2048,1,uint8,,,,1,0.0,1.0,0.024387359619140625,0.1542485536721409,0.0,0.0,0.0,0.0,0.0,0.0,0.0,1.0,0,0,0,False,102288,2.4387359619140625,False,
Mask_oil/00999.tif,True,2048,2048,1,uint8,,,,1,0.0,1.0,0.04480743408203125,0.20688095111202404,0.0,0.0,0.0,0.0,0.0,0.0,0.0,1.0,0,0,0,False,187936,4.480743408203125,False,
Mask_oil/01000.tif,True,2048,2048,1,uint8,,,,1,0.0,1.0,0.03507494926452637,0.18396928330190687,0.0,0.0,0.0,0.0,0.0,0.0,0.0,1.0,0,0,0,False,147115,3.5074949264526367,False,
Mask_oil/01001.tif,True,2048,2048,1,uint8,,,,1,0.0,1.0,0.021132707595825195,0.14382668829356585,0.0,0.0,0.0,0.0,0.0,0.0,0.0,1.0,0,0,0,False,88637,2.1132707595825195,False,
Mask_oil/01002.tif,True,2048,2048,1,uint8,,,,1,0.0,1.0,0.04750466346740723,0.2127157032667208,0.0,0.0,0.0,0.0,0.0,0.0,0.0,1.0,0,0,0,False,199249,4.750466346740723,False,
Mask_oil/01003.tif,True,2048,2048,1,uint8,,,,1,0.0,1.0,0.017233610153198242,0.13014074240715637,0.0,0.0,0.0,0.0,0.0,0.0,0.0,1.0,0,0,0,False,72283,1.7233610153198242,False,
Mask_oil/01004.tif,True,2048,2048,1,uint8,,,,1,0.0,1.0,0.012126684188842773,0.10945148568853164,0.0,0.0,0.0,0.0,0.0,0.0,0.0,1.0,0,0,0,False,50863,1.2126684188842773,False,
Mask_oil/01005.tif,True,2048,2048,1,uint8,,,,1,0.0,1.0,0.03499770164489746,0.18377394408477007,0.0,0.0,0.0,0.0,0.0,0.0,0.0,1.0,0,0,0,False,146791,3.499770164489746,False,
Mask_oil/01007.tif,True,2048,2048,1,uint8,,,,1,0.0,1.0,0.021098852157592773,0.14371391928141414,0.0,0.0,0.0,0.0,0.0,0.0,0.0,1.0,0,0,0,False,88495,2.1098852157592773,False,
Mask_oil/01008.tif,True,2048,2048,1,uint8,,,,1,0.0,1.0,0.00978994369506836,0.09845862429221602,0.0,0.0,0.0,0.0,0.0,0.0,0.0,0.0,0,0,0,False,41062,0.9789943695068359,False,
Mask_oil/01009.tif,True,2048,2048,1,uint8,,,,1,0.0,1.0,0.03840184211730957,0.19216435840006024,0.0,0.0,0.0,0.0,0.0,0.0,0.0,1.0,0,0,0,False,161069,3.840184211730957,False,
Mask_oil/01010.tif,True,2048,2048,1,uint8,,,,1,0.0,1.0,0.05199289321899414,0.22201268493874943,0.0,0.0,0.0,0.0,0.0,0.0,1.0,1.0,0,0,0,False,218074,5.199289321899414,False,
Mask_oil/01011.tif,True,2048,2048,1,uint8,,,,1,0.0,1.0,0.020093441009521484,0.14031997234149657,0.0,0.0,0.0,0.0,0.0,0.0,0.0,1.0,0,0,0,False,84278,2.0093441009521484,False,
Mask_oil/01012.tif,True,2048,2048,1,uint8,,,,1,0.0,1.0,0.026777029037475586,0.1614311610359096,0.0,0.0,0.0,0.0,0.0,0.0,0.0,1.0,0,0,0,False,112311,2.6777029037475586,False,
Mask_oil/01013.tif,True,2048,2048,1,uint8,,,,1,0.0,1.0,0.0026280879974365234,0.05119747211449266,0.0,0.0,0.0,0.0,0.0,0.0,0.0,0.0,0,0,0,False,11023,0.26280879974365234,False,
Mask_oil/01014.tif,True,2048,2048,1,uint8,,,,1,0.0,1.0,0.00947713851928711,0.09688819517760332,0.0,0.0,0.0,0.0,0.0,0.0,0.0,0.0,0,0,0,False,39750,0.9477138519287109,False,
Mask_oil/01015.tif,True,2048,2048,1,uint8,,,,1,0.0,1.0,0.007693290710449219,0.0873733597184733,0.0,0.0,0.0,0.0,0.0,0.0,0.0,0.0,0,0,0,False,32268,0.7693290710449219,False,
Mask_oil/01016.tif,True,2048,2048,1,uint8,,,,1,0.0,1.0,0.01086568832397461,0.1036707535480516,0.0,0.0,0.0,0.0,0.0,0.0,0.0,1.0,0,0,0,False,45574,1.086568832397461,False,
Mask_oil/01017.tif,True,2048,2048,1,uint8,,,,1,0.0,1.0,0.010462522506713867,0.10174997852339022,0.0,0.0,0.0,0.0,0.0,0.0,0.0,1.0,0,0,0,False,43883,1.0462522506713867,False,
Mask_oil/01018.tif,True,2048,2048,1,uint8,,,,1,0.0,1.0,0.016529560089111328,0.12750032836181946,0.0,0.0,0.0,0.0,0.0,0.0,0.0,1.0,0,0,0,False,69330,1.6529560089111328,False,
Mask_oil/01019.tif,True,2048,2048,1,uint8,,,,1,0.0,1.0,0.004370689392089844,0.06596655566518322,0.0,0.0,0.0,0.0,0.0,0.0,0.0,0.0,0,0,0,False,18332,0.4370689392089844,False,
Mask_oil/01020.tif,True,2048,2048,1,uint8,,,,1,0.0,1.0,0.016760587692260742,0.12837316850678251,0.0,0.0,0.0,0.0,0.0,0.0,0.0,1.0,0,0,0,False,70299,1.6760587692260742,False,
Mask_oil/01021.tif,True,2048,2048,1,uint8,,,,1,0.0,1.0,0.015662670135498047,0.12416662554698273,0.0,0.0,0.0,0.0,0.0,0.0,0.0,1.0,0,0,0,False,65694,1.5662670135498047,False,
Mask_oil/01022.tif,True,2048,2048,1,uint8,,,,1,0.0,1.0,0.013388872146606445,0.11493306856274338,0.0,0.0,0.0,0.0,0.0,0.0,0.0,1.0,0,0,0,False,56157,1.3388872146606445,False,
Mask_oil/01023.tif,True,2048,2048,1,uint8,,,,1,0.0,1.0,0.015617132186889648,0.12398885985904888,0.0,0.0,0.0,0.0,0.0,0.0,0.0,1.0,0,0,0,False,65503,1.5617132186889648,False,
Mask_oil/01024.tif,True,2048,2048,1,uint8,,,,1,0.0,1.0,0.016229629516601562,0.1263575428787511,0.0,0.0,0.0,0.0,0.0,0.0,0.0,1.0,0,0,0,False,68072,1.6229629516601562,False,
Mask_oil/01025.tif,True,2048,2048,1,uint8,,,,1,0.0,1.0,0.012236833572387695,0.1099413183316872,0.0,0.0,0.0,0.0,0.0,0.0,0.0,1.0,0,0,0,False,51325,1.2236833572387695,False,
Mask_oil/01026.tif,True,2048,2048,1,uint8,,,,1,0.0,1.0,0.01601433753967285,0.12553038888188897,0.0,0.0,0.0,0.0,0.0,0.0,0.0,1.0,0,0,0,False,67169,1.6014337539672852,False,
Mask_oil/01027.tif,True,2048,2048,1,uint8,,,,1,0.0,1.0,0.005603790283203125,0.07464842809908996,0.0,0.0,0.0,0.0,0.0,0.0,0.0,0.0,0,0,0,False,23504,0.5603790283203125,False,
Mask_oil/01028.tif,True,2048,2048,1,uint8,,,,1,0.0,1.0,0.01216268539428711,0.10961183548452559,0.0,0.0,0.0,0.0,0.0,0.0,0.0,1.0,0,0,0,False,51014,1.216268539428711,False,
Mask_oil/01029.tif,True,2048,2048,1,uint8,,,,1,0.0,1.0,0.019573688507080078,0.1385299939554892,0.0,0.0,0.0,0.0,0.0,0.0,0.0,1.0,0,0,0,False,82098,1.9573688507080078,False,
Mask_oil/01030.tif,True,2048,2048,1,uint8,,,,1,0.0,1.0,0.010392189025878906,0.1014110025250185,0.0,0.0,0.0,0.0,0.0,0.0,0.0,1.0,0,0,0,False,43588,1.0392189025878906,False,
Mask_oil/01031.tif,True,2048,2048,1,uint8,,,,1,0.0,1.0,0.016751766204833984,0.12833995688737224,0.0,0.0,0.0,0.0,0.0,0.0,0.0,1.0,0,0,0,False,70262,1.6751766204833984,False,
Mask_oil/01032.tif,True,2048,2048,1,uint8,,,,1,0.0,1.0,0.022320032119750977,0.14772219970581354,0.0,0.0,0.0,0.0,0.0,0.0,0.0,1.0,0,0,0,False,93617,2.2320032119750977,False,
Mask_oil/01033.tif,True,2048,2048,1,uint8,,,,1,0.0,1.0,0.016440391540527344,0.12716172799439893,0.0,0.0,0.0,0.0,0.0,0.0,0.0,1.0,0,0,0,False,68956,1.6440391540527344,False,
Mask_oil/01034.tif,True,2048,2048,1,uint8,,,,1,0.0,1.0,0.008960962295532227,0.09423727208631559,0.0,0.0,0.0,0.0,0.0,0.0,0.0,0.0,0,0,0,False,37585,0.8960962295532227,False,
Mask_oil/01035.tif,True,2048,2048,1,uint8,,,,1,0.0,1.0,0.0230257511138916,0.14998521893684297,0.0,0.0,0.0,0.0,0.0,0.0,0.0,1.0,0,0,0,False,96577,2.30257511138916,False,
Mask_oil/01036.tif,True,2048,2048,1,uint8,,,,1,0.0,1.0,0.04570603370666504,0.20884681512886483,0.0,0.0,0.0,0.0,0.0,0.0,0.0,1.0,0,0,0,False,191705,4.570603370666504,False,
Mask_oil/01037.tif,True,2048,2048,1,uint8,,,,1,0.0,1.0,0.03340554237365723,0.179693105355712,0.0,0.0,0.0,0.0,0.0,0.0,0.0,1.0,0,0,0,False,140113,3.3405542373657227,False,
Mask_oil/01038.tif,True,2048,2048,1,uint8,,,,1,0.0,1.0,0.018316030502319336,0.1340915863466364,0.0,0.0,0.0,0.0,0.0,0.0,0.0,1.0,0,0,0,False,76823,1.8316030502319336,False,
Mask_oil/01039.tif,True,2048,2048,1,uint8,,,,1,0.0,1.0,0.03490400314331055,0.18353668218610228,0.0,0.0,0.0,0.0,0.0,0.0,0.0,1.0,0,0,0,False,146398,3.4904003143310547,False,
Mask_oil/01040.tif,True,2048,2048,1,uint8,,,,1,0.0,1.0,0.03029918670654297,0.1714092937721436,0.0,0.0,0.0,0.0,0.0,0.0,0.0,1.0,0,0,0,False,127084,3.029918670654297,False,
Mask_oil/01041.tif,True,2048,2048,1,uint8,,,,1,0.0,1.0,0.013333559036254883,0.11469862788927158,0.0,0.0,0.0,0.0,0.0,0.0,0.0,1.0,0,0,0,False,55925,1.3333559036254883,False,
Mask_oil/01042.tif,True,2048,2048,1,uint8,,,,1,0.0,1.0,0.013333559036254883,0.11469862788927158,0.0,0.0,0.0,0.0,0.0,0.0,0.0,1.0,0,0,0,False,55925,1.3333559036254883,False,
Mask_oil/01043.tif,True,2048,2048,1,uint8,,,,1,0.0,1.0,0.013333559036254883,0.11469862788927158,0.0,0.0,0.0,0.0,0.0,0.0,0.0,1.0,0,0,0,False,55925,1.3333559036254883,False,
Mask_oil/01044.tif,True,2048,2048,1,uint8,,,,1,0.0,1.0,0.015169382095336914,0.1222263144424415,0.0,0.0,0.0,0.0,0.0,0.0,0.0,1.0,0,0,0,False,63625,1.5169382095336914,False,
Mask_oil/01045.tif,True,2048,2048,1,uint8,,,,1,0.0,1.0,0.012981176376342773,0.11319304499936847,0.0,0.0,0.0,0.0,0.0,0.0,0.0,1.0,0,0,0,False,54447,1.2981176376342773,False,
Mask_oil/01046.tif,True,2048,2048,1,uint8,,,,1,0.0,1.0,0.009504318237304688,0.09702569851409844,0.0,0.0,0.0,0.0,0.0,0.0,0.0,0.0,0,0,0,False,39864,0.9504318237304688,False,
Mask_oil/01047.tif,True,2048,2048,1,uint8,,,,1,0.0,1.0,0.010537385940551758,0.1021094972962438,0.0,0.0,0.0,0.0,0.0,0.0,0.0,1.0,0,0,0,False,44197,1.0537385940551758,False,
Mask_oil/01048.tif,True,2048,2048,1,uint8,,,,1,0.0,1.0,0.010699033737182617,0.10288131226939733,0.0,0.0,0.0,0.0,0.0,0.0,0.0,1.0,0,0,0,False,44875,1.0699033737182617,False,
Mask_oil/01049.tif,True,2048,2048,1,uint8,,,,1,0.0,1.0,0.008967399597167969,0.09427080853388646,0.0,0.0,0.0,0.0,0.0,0.0,0.0,0.0,0,0,0,False,37612,0.8967399597167969,False,
Mask_oil/01050.tif,True,2048,2048,1,uint8,,,,1,0.0,1.0,0.008630037307739258,0.092496268918299,0.0,0.0,0.0,0.0,0.0,0.0,0.0,0.0,0,0,0,False,36197,0.8630037307739258,False,
Mask_oil/01051.tif,True,2048,2048,1,uint8,,,,1,0.0,1.0,0.007935523986816406,0.08872739963433543,0.0,0.0,0.0,0.0,0.0,0.0,0.0,0.0,0,0,0,False,33284,0.7935523986816406,False,
Mask_oil/01052.tif,True,2048,2048,1,uint8,,,,1,0.0,1.0,0.0041043758392333984,0.06393379339757431,0.0,0.0,0.0,0.0,0.0,0.0,0.0,0.0,0,0,0,False,17215,0.41043758392333984,False,
Mask_oil/01053.tif,True,2048,2048,1,uint8,,,,1,0.0,1.0,0.009354114532470703,0.09626325921027255,0.0,0.0,0.0,0.0,0.0,0.0,0.0,0.0,0,0,0,False,39234,0.9354114532470703,False,
Mask_oil/01054.tif,True,2048,2048,1,uint8,,,,1,0.0,1.0,0.006314992904663086,0.07921561569082917,0.0,0.0,0.0,0.0,0.0,0.0,0.0,0.0,0,0,0,False,26487,0.6314992904663086,False,
Mask_oil/01055.tif,True,2048,2048,1,uint8,,,,1,0.0,1.0,0.009131193161010742,0.09512000038092437,0.0,0.0,0.0,0.0,0.0,0.0,0.0,0.0,0,0,0,False,38299,0.9131193161010742,False,
Mask_oil/01057.tif,True,2048,2048,1,uint8,,,,1,0.0,1.0,0.08377695083618164,0.27705301540458577,0.0,0.0,0.0,0.0,0.0,0.0,1.0,1.0,0,0,0,False,351386,8.377695083618164,False,
Mask_oil/01058.tif,True,2048,2048,1,uint8,,,,1,0.0,1.0,0.17005562782287598,0.3756816621404929,0.0,0.0,0.0,0.0,0.0,0.0,1.0,1.0,0,0,0,False,713265,17.005562782287598,False,
Mask_oil/01059.tif,True,2048,2048,1,uint8,,,,1,0.0,1.0,0.07578015327453613,0.26464603084917776,0.0,0.0,0.0,0.0,0.0,0.0,1.0,1.0,0,0,0,False,317845,7.578015327453613,False,
Mask_oil/01060.tif,True,2048,2048,1,uint8,,,,1,0.0,1.0,0.003686666488647461,0.06060589887831831,0.0,0.0,0.0,0.0,0.0,0.0,0.0,0.0,0,0,0,False,15463,0.3686666488647461,False,
Mask_oil/01061.tif,True,2048,2048,1,uint8,,,,1,0.0,1.0,0.008105993270874023,0.08966764268099485,0.0,0.0,0.0,0.0,0.0,0.0,0.0,0.0,0,0,0,False,33999,0.8105993270874023,False,
Mask_oil/01062.tif,True,2048,2048,1,uint8,,,,1,0.0,1.0,0.015062093734741211,0.12179994690913079,0.0,0.0,0.0,0.0,0.0,0.0,0.0,1.0,0,0,0,False,63175,1.506209373474121,False,
Mask_oil/01063.tif,True,2048,2048,1,uint8,,,,1,0.0,1.0,0.022402286529541016,0.14798791872240571,0.0,0.0,0.0,0.0,0.0,0.0,0.0,1.0,0,0,0,False,93962,2.2402286529541016,False,
Mask_oil/01064.tif,True,2048,2048,1,uint8,,,,1,0.0,1.0,0.02241826057434082,0.14803946152010206,0.0,0.0,0.0,0.0,0.0,0.0,0.0,1.0,0,0,0,False,94029,2.241826057434082,False,
Mask_oil/01065.tif,True,2048,2048,1,uint8,,,,1,0.0,1.0,0.0024521350860595703,0.04945828666239143,0.0,0.0,0.0,0.0,0.0,0.0,0.0,0.0,0,0,0,False,10285,0.24521350860595703,False,
Mask_oil/01066.tif,True,2048,2048,1,uint8,,,,1,0.0,1.0,0.005719900131225586,0.07541341308888222,0.0,0.0,0.0,0.0,0.0,0.0,0.0,0.0,0,0,0,False,23991,0.5719900131225586,False,
Mask_oil/01067.tif,True,2048,2048,1,uint8,,,,1,0.0,1.0,0.019510269165039062,0.13830986429805645,0.0,0.0,0.0,0.0,0.0,0.0,0.0,1.0,0,0,0,False,81832,1.9510269165039062,False,
Mask_oil/01068.tif,True,2048,2048,1,uint8,,,,1,0.0,1.0,0.014019489288330078,0.11757101347026178,0.0,0.0,0.0,0.0,0.0,0.0,0.0,1.0,0,0,0,False,58802,1.4019489288330078,False,
Mask_oil/01069.tif,True,2048,2048,1,uint8,,,,1,0.0,1.0,0.020063161849975586,0.14021637346100943,0.0,0.0,0.0,0.0,0.0,0.0,0.0,1.0,0,0,0,False,84151,2.0063161849975586,False,
Mask_oil/01070.tif,True,2048,2048,1,uint8,,,,1,0.0,1.0,0.004182577133178711,0.06453745564944222,0.0,0.0,0.0,0.0,0.0,0.0,0.0,0.0,0,0,0,False,17543,0.4182577133178711,False,
Mask_oil/01071.tif,True,2048,2048,1,uint8,,,,1,0.0,1.0,0.010105133056640625,0.1000150955733594,0.0,0.0,0.0,0.0,0.0,0.0,0.0,1.0,0,0,0,False,42384,1.0105133056640625,False,
Mask_oil/01072.tif,True,2048,2048,1,uint8,,,,1,0.0,1.0,0.010105133056640625,0.1000150955733594,0.0,0.0,0.0,0.0,0.0,0.0,0.0,1.0,0,0,0,False,42384,1.0105133056640625,False,
Mask_oil/01073.tif,True,2048,2048,1,uint8,,,,1,0.0,1.0,0.015620231628417969,0.12400096770708098,0.0,0.0,0.0,0.0,0.0,0.0,0.0,1.0,0,0,0,False,65516,1.5620231628417969,False,
Mask_oil/01074.tif,True,2048,2048,1,uint8,,,,1,0.0,1.0,0.009697675704956055,0.09799811626188311,0.0,0.0,0.0,0.0,0.0,0.0,0.0,0.0,0,0,0,False,40675,0.9697675704956055,False,
Mask_oil/01075.tif,True,2048,2048,1,uint8,,,,1,0.0,1.0,0.00862431526184082,0.0924658663946064,0.0,0.0,0.0,0.0,0.0,0.0,0.0,0.0,0,0,0,False,36173,0.862431526184082,False,
Mask_oil/01076.tif,True,2048,2048,1,uint8,,,,1,0.0,1.0,0.011280059814453125,0.10560691296044726,0.0,0.0,0.0,0.0,0.0,0.0,0.0,1.0,0,0,0,False,47312,1.1280059814453125,False,
Mask_oil/01077.tif,True,2048,2048,1,uint8,,,,1,0.0,1.0,0.0054666996002197266,0.07373475975210528,0.0,0.0,0.0,0.0,0.0,0.0,0.0,0.0,0,0,0,False,22929,0.5466699600219727,False,
Mask_oil/01078.tif,True,2048,2048,1,uint8,,,,1,0.0,1.0,0.009200096130371094,0.0954748886438891,0.0,0.0,0.0,0.0,0.0,0.0,0.0,0.0,0,0,0,False,38588,0.9200096130371094,False,
Mask_oil/01079.tif,True,2048,2048,1,uint8,,,,1,0.0,1.0,0.003412008285522461,0.05831266144656739,0.0,0.0,0.0,0.0,0.0,0.0,0.0,0.0,0,0,0,False,14311,0.3412008285522461,False,
Mask_oil/01080.tif,True,2048,2048,1,uint8,,,,1,0.0,1.0,0.014955282211303711,0.12137389235450914,0.0,0.0,0.0,0.0,0.0,0.0,0.0,1.0,0,0,0,False,62727,1.495528221130371,False,
Mask_oil/01081.tif,True,2048,2048,1,uint8,,,,1,0.0,1.0,0.009194135665893555,0.09544424307023813,0.0,0.0,0.0,0.0,0.0,0.0,0.0,0.0,0,0,0,False,38563,0.9194135665893555,False,
Mask_oil/01082.tif,True,2048,2048,1,uint8,,,,1,0.0,1.0,0.007227420806884766,0.08470646489710791,0.0,0.0,0.0,0.0,0.0,0.0,0.0,0.0,0,0,0,False,30314,0.7227420806884766,False,
Mask_oil/01083.tif,True,2048,2048,1,uint8,,,,1,0.0,1.0,0.031950950622558594,0.17586951804355813,0.0,0.0,0.0,0.0,0.0,0.0,0.0,1.0,0,0,0,False,134012,3.1950950622558594,False,
Mask_oil/01084.tif,True,2048,2048,1,uint8,,,,1,0.0,1.0,0.009022951126098633,0.09455970325183274,0.0,0.0,0.0,0.0,0.0,0.0,0.0,0.0,0,0,0,False,37845,0.9022951126098633,False,
Mask_oil/01085.tif,True,2048,2048,1,uint8,,,,1,0.0,1.0,0.012791633605957031,0.11237440863314023,0.0,0.0,0.0,0.0,0.0,0.0,0.0,1.0,0,0,0,False,53652,1.2791633605957031,False,
Mask_oil/01086.tif,True,2048,2048,1,uint8,,,,1,0.0,1.0,0.012623310089111328,0.1116421162980417,0.0,0.0,0.0,0.0,0.0,0.0,0.0,1.0,0,0,0,False,52946,1.2623310089111328,False,
Mask_oil/01087.tif,True,2048,2048,1,uint8,,,,1,0.0,1.0,0.012939453125,0.11301337831348078,0.0,0.0,0.0,0.0,0.0,0.0,0.0,1.0,0,0,0,False,54272,1.2939453125,False,
Mask_oil/01088.tif,True,2048,2048,1,uint8,,,,1,0.0,1.0,0.00886082649230957,0.09371399173113241,0.0,0.0,0.0,0.0,0.0,0.0,0.0,0.0,0,0,0,False,37165,0.886082649230957,False,
Mask_oil/01090.tif,True,2048,2048,1,uint8,,,,1,0.0,1.0,0.010249137878417969,0.1007178884367973,0.0,0.0,0.0,0.0,0.0,0.0,0.0,1.0,0,0,0,False,42988,1.0249137878417969,False,
Mask_oil/01091.tif,True,2048,2048,1,uint8,,,,1,0.0,1.0,0.009428024291992188,0.0966392086574688,0.0,0.0,0.0,0.0,0.0,0.0,0.0,0.0,0,0,0,False,39544,0.9428024291992188,False,
Mask_oil/01093.tif,True,2048,2048,1,uint8,,,,1,0.0,1.0,0.011505365371704102,0.10664423068955814,0.0,0.0,0.0,0.0,0.0,0.0,0.0,1.0,0,0,0,False,48257,1.1505365371704102,False,
Mask_oil/01095.tif,True,2048,2048,1,uint8,,,,1,0.0,1.0,0.01201939582824707,0.1089721521865609,0.0,0.0,0.0,0.0,0.0,0.0,0.0,1.0,0,0,0,False,50413,1.201939582824707,False,
Mask_oil/01096.tif,True,2048,2048,1,uint8,,,,1,0.0,1.0,0.02946186065673828,0.16909718928291273,0.0,0.0,0.0,0.0,0.0,0.0,0.0,1.0,0,0,0,False,123572,2.946186065673828,False,
Mask_oil/01097.tif,True,2048,2048,1,uint8,,,,1,0.0,1.0,0.029314279556274414,0.1686859584268086,0.0,0.0,0.0,0.0,0.0,0.0,0.0,1.0,0,0,0,False,122953,2.9314279556274414,False,
Mask_oil/01098.tif,True,2048,2048,1,uint8,,,,1,0.0,1.0,0.019909381866455078,0.13968893435111726,0.0,0.0,0.0,0.0,0.0,0.0,0.0,1.0,0,0,0,False,83506,1.9909381866455078,False,
Mask_oil/01099.tif,True,2048,2048,1,uint8,,,,1,0.0,1.0,0.0160219669342041,0.1255598005325087,0.0,0.0,0.0,0.0,0.0,0.0,0.0,1.0,0,0,0,False,67201,1.6021966934204102,False,
Mask_oil/01100.tif,True,2048,2048,1,uint8,,,,1,0.0,1.0,0.026407241821289062,0.1603430678285813,0.0,0.0,0.0,0.0,0.0,0.0,0.0,1.0,0,0,0,False,110760,2.6407241821289062,False,
Mask_oil/01101.tif,True,2048,2048,1,uint8,,,,1,0.0,1.0,0.012073040008544922,0.10921209508793885,0.0,0.0,0.0,0.0,0.0,0.0,0.0,1.0,0,0,0,False,50638,1.2073040008544922,False,
Mask_oil/01102.tif,True,2048,2048,1,uint8,,,,1,0.0,1.0,0.00539708137512207,0.07326631482306437,0.0,0.0,0.0,0.0,0.0,0.0,0.0,0.0,0,0,0,False,22637,0.539708137512207,False,
Mask_oil/01103.tif,True,2048,2048,1,uint8,,,,1,0.0,1.0,0.021455049514770508,0.14489558435331718,0.0,0.0,0.0,0.0,0.0,0.0,0.0,1.0,0,0,0,False,89989,2.145504951477051,False,
Mask_oil/01104.tif,True,2048,2048,1,uint8,,,,1,0.0,1.0,0.011835813522338867,0.10814678469840557,0.0,0.0,0.0,0.0,0.0,0.0,0.0,1.0,0,0,0,False,49643,1.1835813522338867,False,
Mask_oil/01107.tif,True,2048,2048,1,uint8,,,,1,0.0,1.0,0.008902549743652344,0.09393239245177426,0.0,0.0,0.0,0.0,0.0,0.0,0.0,0.0,0,0,0,False,37340,0.8902549743652344,False,
Mask_oil/01108.tif,True,2048,2048,1,uint8,,,,1,0.0,1.0,0.0020363330841064453,0.04507977852293663,0.0,0.0,0.0,0.0,0.0,0.0,0.0,0.0,0,0,0,False,8541,0.20363330841064453,False,
Mask_oil/01109.tif,True,2048,2048,1,uint8,,,,1,0.0,1.0,0.0020363330841064453,0.04507977852293663,0.0,0.0,0.0,0.0,0.0,0.0,0.0,0.0,0,0,0,False,8541,0.20363330841064453,False,
Mask_oil/01111.tif,True,2048,2048,1,uint8,,,,1,0.0,1.0,0.03577756881713867,0.18573511888351535,0.0,0.0,0.0,0.0,0.0,0.0,0.0,1.0,0,0,0,False,150062,3.577756881713867,False,
Mask_oil/01113.tif,True,2048,2048,1,uint8,,,,1,0.0,1.0,0.019426822662353516,0.13801964071681605,0.0,0.0,0.0,0.0,0.0,0.0,0.0,1.0,0,0,0,False,81482,1.9426822662353516,False,
Mask_oil/01114.tif,True,2048,2048,1,uint8,,,,1,0.0,1.0,0.00412440299987793,0.06408894054181678,0.0,0.0,0.0,0.0,0.0,0.0,0.0,0.0,0,0,0,False,17299,0.41244029998779297,False,
Mask_oil/01115.tif,True,2048,2048,1,uint8,,,,1,0.0,1.0,0.013052701950073242,0.11350034767292916,0.0,0.0,0.0,0.0,0.0,0.0,0.0,1.0,0,0,0,False,54747,1.3052701950073242,False,
Mask_oil/01116.tif,True,2048,2048,1,uint8,,,,1,0.0,1.0,0.013356447219848633,0.11479569912462761,0.0,0.0,0.0,0.0,0.0,0.0,0.0,1.0,0,0,0,False,56021,1.3356447219848633,False,
Mask_oil/01117.tif,True,2048,2048,1,uint8,,,,1,0.0,1.0,0.013242483139038086,0.1143115032678268,0.0,0.0,0.0,0.0,0.0,0.0,0.0,1.0,0,0,0,False,55543,1.3242483139038086,False,
Mask_oil/01118.tif,True,2048,2048,1,uint8,,,,1,0.0,1.0,0.01009988784790039,0.09998940000500166,0.0,0.0,0.0,0.0,0.0,0.0,0.0,1.0,0,0,0,False,42362,1.009988784790039,False,
Mask_oil/01119.tif,True,2048,2048,1,uint8,,,,1,0.0,1.0,0.002846240997314453,0.05327419553122937,0.0,0.0,0.0,0.0,0.0,0.0,0.0,0.0,0,0,0,False,11938,0.2846240997314453,False,
Mask_oil/01120.tif,True,2048,2048,1,uint8,,,,1,0.0,1.0,0.041826725006103516,0.20019303204998748,0.0,0.0,0.0,0.0,0.0,0.0,0.0,1.0,0,0,0,False,175434,4.182672500610352,False,
Mask_oil/01121.tif,True,2048,2048,1,uint8,,,,1,0.0,1.0,0.0533747673034668,0.2247796732775621,0.0,0.0,0.0,0.0,0.0,0.0,1.0,1.0,0,0,0,False,223870,5.33747673034668,False,
Mask_oil/01122.tif,True,2048,2048,1,uint8,,,,1,0.0,1.0,0.05957627296447754,0.23670010702181696,0.0,0.0,0.0,0.0,0.0,0.0,1.0,1.0,0,0,0,False,249881,5.957627296447754,False,
Mask_oil/01123.tif,True,2048,2048,1,uint8,,,,1,0.0,1.0,0.029393911361694336,0.1689079907421647,0.0,0.0,0.0,0.0,0.0,0.0,0.0,1.0,0,0,0,False,123287,2.9393911361694336,False,
Mask_oil/01124.tif,True,2048,2048,1,uint8,,,,1,0.0,1.0,0.01380300521850586,0.11667254289439208,0.0,0.0,0.0,0.0,0.0,0.0,0.0,1.0,0,0,0,False,57894,1.380300521850586,False,
Mask_oil/01125.tif,True,2048,2048,1,uint8,,,,1,0.0,1.0,0.018273115158081055,0.13393733019774795,0.0,0.0,0.0,0.0,0.0,0.0,0.0,1.0,0,0,0,False,76643,1.8273115158081055,False,
Mask_oil/01126.tif,True,2048,2048,1,uint8,,,,1,0.0,1.0,0.015735864639282227,0.12445178666188933,0.0,0.0,0.0,0.0,0.0,0.0,0.0,1.0,0,0,0,False,66001,1.5735864639282227,False,
Mask_oil/01129.tif,True,2048,2048,1,uint8,,,,1,0.0,1.0,0.017170190811157227,0.1299052553158096,0.0,0.0,0.0,0.0,0.0,0.0,0.0,1.0,0,0,0,False,72017,1.7170190811157227,False,
Mask_oil/01130.tif,True,2048,2048,1,uint8,,,,1,0.0,1.0,0.020068645477294922,0.14023514162292408,0.0,0.0,0.0,0.0,0.0,0.0,0.0,1.0,0,0,0,False,84174,2.006864547729492,False,
Mask_oil/01134.tif,True,2048,2048,1,uint8,,,,1,0.0,1.0,0.010682106018066406,0.10280077153934787,0.0,0.0,0.0,0.0,0.0,0.0,0.0,1.0,0,0,0,False,44804,1.0682106018066406,False,
Mask_oil/01135.tif,True,2048,2048,1,uint8,,,,1,0.0,1.0,0.011157989501953125,0.10504041494694996,0.0,0.0,0.0,0.0,0.0,0.0,0.0,1.0,0,0,0,False,46800,1.1157989501953125,False,
Mask_oil/01137.tif,True,2048,2048,1,uint8,,,,1,0.0,1.0,0.04777359962463379,0.21328685567455624,0.0,0.0,0.0,0.0,0.0,0.0,0.0,1.0,0,0,0,False,200377,4.777359962463379,False,
Mask_oil/01138.tif,True,2048,2048,1,uint8,,,,1,0.0,1.0,0.006653308868408203,0.08129601681207858,0.0,0.0,0.0,0.0,0.0,0.0,0.0,0.0,0,0,0,False,27906,0.6653308868408203,False,
Mask_oil/01139.tif,True,2048,2048,1,uint8,,,,1,0.0,1.0,0.006653308868408203,0.08129601681207858,0.0,0.0,0.0,0.0,0.0,0.0,0.0,0.0,0,0,0,False,27906,0.6653308868408203,False,
Mask_oil/01140.tif,True,2048,2048,1,uint8,,,,1,0.0,1.0,0.05374765396118164,0.2255190538620866,0.0,0.0,0.0,0.0,0.0,0.0,1.0,1.0,0,0,0,False,225434,5.374765396118164,False,
Mask_oil/01141.tif,True,2048,2048,1,uint8,,,,1,0.0,1.0,0.06395554542541504,0.24467372894275494,0.0,0.0,0.0,0.0,0.0,0.0,1.0,1.0,0,0,0,False,268249,6.395554542541504,False,
Mask_oil/01142.tif,True,2048,2048,1,uint8,,,,1,0.0,1.0,0.0711374282836914,0.2570542638838618,0.0,0.0,0.0,0.0,0.0,0.0,1.0,1.0,0,0,0,False,298372,7.113742828369141,False,
Mask_oil/01143.tif,True,2048,2048,1,uint8,,,,1,0.0,1.0,0.06662392616271973,0.24936956234750102,0.0,0.0,0.0,0.0,0.0,0.0,1.0,1.0,0,0,0,False,279441,6.662392616271973,False,
Mask_oil/01144.tif,True,2048,2048,1,uint8,,,,1,0.0,1.0,0.0704202651977539,0.25585396508014474,0.0,0.0,0.0,0.0,0.0,0.0,1.0,1.0,0,0,0,False,295364,7.042026519775391,False,
Mask_oil/01145.tif,True,2048,2048,1,uint8,,,,1,0.0,1.0,0.02180004119873047,0.14603013183060584,0.0,0.0,0.0,0.0,0.0,0.0,0.0,1.0,0,0,0,False,91436,2.180004119873047,False,
Mask_oil/01146.tif,True,2048,2048,1,uint8,,,,1,0.0,1.0,0.04336833953857422,0.20368487097534063,0.0,0.0,0.0,0.0,0.0,0.0,0.0,1.0,0,0,0,False,181900,4.336833953857422,False,
Mask_oil/01147.tif,True,2048,2048,1,uint8,,,,1,0.0,1.0,0.036133766174316406,0.18662292762781382,0.0,0.0,0.0,0.0,0.0,0.0,0.0,1.0,0,0,0,False,151556,3.6133766174316406,False,
Mask_oil/01149.tif,True,2048,2048,1,uint8,,,,1,0.0,1.0,0.033333539962768555,0.17950603075194735,0.0,0.0,0.0,0.0,0.0,0.0,0.0,1.0,0,0,0,False,139811,3.3333539962768555,False,
Mask_oil/01150.tif,True,2048,2048,1,uint8,,,,1,0.0,1.0,0.017298221588134766,0.1303801868307549,0.0,0.0,0.0,0.0,0.0,0.0,0.0,1.0,0,0,0,False,72554,1.7298221588134766,False,
Mask_oil/01151.tif,True,2048,2048,1,uint8,,,,1,0.0,1.0,0.01682591438293457,0.12861882827997123,0.0,0.0,0.0,0.0,0.0,0.0,0.0,1.0,0,0,0,False,70573,1.682591438293457,False,
Mask_oil/01152.tif,True,2048,2048,1,uint8,,,,1,0.0,1.0,0.018413066864013672,0.13443967358140615,0.0,0.0,0.0,0.0,0.0,0.0,0.0,1.0,0,0,0,False,77230,1.8413066864013672,False,
Mask_oil/01153.tif,True,2048,2048,1,uint8,,,,1,0.0,1.0,0.024701356887817383,0.1552134010184625,0.0,0.0,0.0,0.0,0.0,0.0,0.0,1.0,0,0,0,False,103605,2.4701356887817383,False,
Mask_oil/01154.tif,True,2048,2048,1,uint8,,,,1,0.0,1.0,0.03151416778564453,0.17470267603681053,0.0,0.0,0.0,0.0,0.0,0.0,0.0,1.0,0,0,0,False,132180,3.151416778564453,False,
Mask_oil/01155.tif,True,2048,2048,1,uint8,,,,1,0.0,1.0,0.02971339225769043,0.1697954845637276,0.0,0.0,0.0,0.0,0.0,0.0,0.0,1.0,0,0,0,False,124627,2.971339225769043,False,
Mask_oil/01156.tif,True,2048,2048,1,uint8,,,,1,0.0,1.0,0.027103185653686523,0.16238412170254923,0.0,0.0,0.0,0.0,0.0,0.0,0.0,1.0,0,0,0,False,113679,2.7103185653686523,False,
Mask_oil/01157.tif,True,2048,2048,1,uint8,,,,1,0.0,1.0,0.012715339660644531,0.11204311579904841,0.0,0.0,0.0,0.0,0.0,0.0,0.0,1.0,0,0,0,False,53332,1.2715339660644531,False,
Mask_oil/01158.tif,True,2048,2048,1,uint8,,,,1,0.0,1.0,0.0528562068939209,0.22374634809691962,0.0,0.0,0.0,0.0,0.0,0.0,1.0,1.0,0,0,0,False,221695,5.28562068939209,False,
Mask_oil/01159.tif,True,2048,2048,1,uint8,,,,1,0.0,1.0,0.006284475326538086,0.07902519026492894,0.0,0.0,0.0,0.0,0.0,0.0,0.0,0.0,0,0,0,False,26359,0.6284475326538086,False,
Mask_oil/01160.tif,True,2048,2048,1,uint8,,,,1,0.0,1.0,0.02035999298095703,0.1412284095597356,0.0,0.0,0.0,0.0,0.0,0.0,0.0,1.0,0,0,0,False,85396,2.035999298095703,False,
Mask_oil/01162.tif,True,2048,2048,1,uint8,,,,1,0.0,1.0,0.045418500900268555,0.2082202215834016,0.0,0.0,0.0,0.0,0.0,0.0,0.0,1.0,0,0,0,False,190499,4.5418500900268555,False,
Mask_oil/01163.tif,True,2048,2048,1,uint8,,,,1,0.0,1.0,0.054045915603637695,0.2261082807201058,0.0,0.0,0.0,0.0,0.0,0.0,1.0,1.0,0,0,0,False,226685,5.4045915603637695,False,
Mask_oil/01164.tif,True,2048,2048,1,uint8,,,,1,0.0,1.0,0.025347471237182617,0.1571781694099496,0.0,0.0,0.0,0.0,0.0,0.0,0.0,1.0,0,0,0,False,106315,2.5347471237182617,False,
Mask_oil/01165.tif,True,2048,2048,1,uint8,,,,1,0.0,1.0,0.04864668846130371,0.21512830628035115,0.0,0.0,0.0,0.0,0.0,0.0,0.0,1.0,0,0,0,False,204039,4.864668846130371,False,
Mask_oil/01166.tif,True,2048,2048,1,uint8,,,,1,0.0,1.0,0.06302547454833984,0.24300877372287694,0.0,0.0,0.0,0.0,0.0,0.0,1.0,1.0,0,0,0,False,264348,6.302547454833984,False,
Mask_oil/01167.tif,True,2048,2048,1,uint8,,,,1,0.0,1.0,0.018584489822387695,0.1350522364140234,0.0,0.0,0.0,0.0,0.0,0.0,0.0,1.0,0,0,0,False,77949,1.8584489822387695,False,
Mask_oil/01168.tif,True,2048,2048,1,uint8,,,,1,0.0,1.0,0.01701974868774414,0.12934479828099069,0.0,0.0,0.0,0.0,0.0,0.0,0.0,1.0,0,0,0,False,71386,1.701974868774414,False,
Mask_oil/01169.tif,True,2048,2048,1,uint8,,,,1,0.0,1.0,0.04427194595336914,0.2056986649321553,0.0,0.0,0.0,0.0,0.0,0.0,0.0,1.0,0,0,0,False,185690,4.427194595336914,False,
Mask_oil/01170.tif,True,2048,2048,1,uint8,,,,1,0.0,1.0,0.026839733123779297,0.16161485652508437,0.0,0.0,0.0,0.0,0.0,0.0,0.0,1.0,0,0,0,False,112574,2.6839733123779297,False,
Mask_oil/01171.tif,True,2048,2048,1,uint8,,,,1,0.0,1.0,0.007885217666625977,0.08844795649971743,0.0,0.0,0.0,0.0,0.0,0.0,0.0,0.0,0,0,0,False,33073,0.7885217666625977,False,
Mask_oil/01172.tif,True,2048,2048,1,uint8,,,,1,0.0,1.0,0.0025463104248046875,0.05039669362195519,0.0,0.0,0.0,0.0,0.0,0.0,0.0,0.0,0,0,0,False,10680,0.25463104248046875,False,
Mask_oil/01173.tif,True,2048,2048,1,uint8,,,,1,0.0,1.0,0.06851840019226074,0.2526333885838409,0.0,0.0,0.0,0.0,0.0,0.0,1.0,1.0,0,0,0,False,287387,6.851840019226074,False,
Mask_oil/01174.tif,True,2048,2048,1,uint8,,,,1,0.0,1.0,0.008938312530517578,0.09411917498376392,0.0,0.0,0.0,0.0,0.0,0.0,0.0,0.0,0,0,0,False,37490,0.8938312530517578,False,
Mask_oil/01175.tif,True,2048,2048,1,uint8,,,,1,0.0,1.0,0.015677928924560547,0.12422613038003306,0.0,0.0,0.0,0.0,0.0,0.0,0.0,1.0,0,0,0,False,65758,1.5677928924560547,False,
Mask_oil/01176.tif,True,2048,2048,1,uint8,,,,1,0.0,1.0,0.08141350746154785,0.2734690992861101,0.0,0.0,0.0,0.0,0.0,0.0,1.0,1.0,0,0,0,False,341473,8.141350746154785,False,
Mask_oil/01177.tif,True,2048,2048,1,uint8,,,,1,0.0,1.0,0.06616878509521484,0.24857690354141537,0.0,0.0,0.0,0.0,0.0,0.0,1.0,1.0,0,0,0,False,277532,6.616878509521484,False,
Mask_oil/01178.tif,True,2048,2048,1,uint8,,,,1,0.0,1.0,0.04134225845336914,0.19908057695150466,0.0,0.0,0.0,0.0,0.0,0.0,0.0,1.0,0,0,0,False,173402,4.134225845336914,False,
Mask_oil/01179.tif,True,2048,2048,1,uint8,,,,1,0.0,1.0,0.03828096389770508,0.19187373895551127,0.0,0.0,0.0,0.0,0.0,0.0,0.0,1.0,0,0,0,False,160562,3.828096389770508,False,
Mask_oil/01180.tif,True,2048,2048,1,uint8,,,,1,0.0,1.0,0.01450037956237793,0.11954128389357754,0.0,0.0,0.0,0.0,0.0,0.0,0.0,1.0,0,0,0,False,60819,1.450037956237793,False,
Mask_oil/01181.tif,True,2048,2048,1,uint8,,,,1,0.0,1.0,0.048148155212402344,0.21407921515655076,0.0,0.0,0.0,0.0,0.0,0.0,0.0,1.0,0,0,0,False,201948,4.814815521240234,False,
Mask_oil/01182.tif,True,2048,2048,1,uint8,,,,1,0.0,1.0,0.07448101043701172,0.2625520701142794,0.0,0.0,0.0,0.0,0.0,0.0,1.0,1.0,0,0,0,False,312396,7.448101043701172,False,
Mask_oil/01183.tif,True,2048,2048,1,uint8,,,,1,0.0,1.0,0.06368398666381836,0.244189140844594,0.0,0.0,0.0,0.0,0.0,0.0,1.0,1.0,0,0,0,False,267110,6.368398666381836,False,
Mask_oil/01184.tif,True,2048,2048,1,uint8,,,,1,0.0,1.0,0.026347637176513672,0.16016691041450623,0.0,0.0,0.0,0.0,0.0,0.0,0.0,1.0,0,0,0,False,110510,2.634763717651367,False,
Mask_oil/01185.tif,True,2048,2048,1,uint8,,,,1,0.0,1.0,0.017563819885253906,0.13135955281703826,0.0,0.0,0.0,0.0,0.0,0.0,0.0,1.0,0,0,0,False,73668,1.7563819885253906,False,
Mask_oil/01188.tif,True,2048,2048,1,uint8,,,,1,0.0,1.0,0.05694246292114258,0.23173264517028427,0.0,0.0,0.0,0.0,0.0,0.0,1.0,1.0,0,0,0,False,238834,5.694246292114258,False,
Mask_oil/01189.tif,True,2048,2048,1,uint8,,,,1,0.0,1.0,0.02146148681640625,0.14491684305157723,0.0,0.0,0.0,0.0,0.0,0.0,0.0,1.0,0,0,0,False,90016,2.146148681640625,False,
Mask_oil/01190.tif,True,2048,2048,1,uint8,,,,1,0.0,1.0,0.014126300811767578,0.1180116453454617,0.0,0.0,0.0,0.0,0.0,0.0,0.0,1.0,0,0,0,False,59250,1.4126300811767578,False,
Mask_oil/01191.tif,True,2048,2048,1,uint8,,,,1,0.0,1.0,0.06666040420532227,0.24943294633328877,0.0,0.0,0.0,0.0,0.0,0.0,1.0,1.0,0,0,0,False,279594,6.666040420532227,False,
Mask_oil/01192.tif,True,2048,2048,1,uint8,,,,1,0.0,1.0,0.06717920303344727,0.2503320948524942,0.0,0.0,0.0,0.0,0.0,0.0,1.0,1.0,0,0,0,False,281770,6.717920303344727,False,
Mask_oil/01193.tif,True,2048,2048,1,uint8,,,,1,0.0,1.0,0.05039238929748535,0.21875327745744985,0.0,0.0,0.0,0.0,0.0,0.0,1.0,1.0,0,0,0,False,211361,5.039238929748535,False,
Mask_oil/01194.tif,True,2048,2048,1,uint8,,,,1,0.0,1.0,0.04383039474487305,0.20471758898878634,0.0,0.0,0.0,0.0,0.0,0.0,0.0,1.0,0,0,0,False,183838,4.383039474487305,False,
Mask_oil/01195.tif,True,2048,2048,1,uint8,,,,1,0.0,1.0,0.029606103897094727,0.16949803098894442,0.0,0.0,0.0,0.0,0.0,0.0,0.0,1.0,0,0,0,False,124177,2.9606103897094727,False,
Mask_oil/01196.tif,True,2048,2048,1,uint8,,,,1,0.0,1.0,0.004764556884765625,0.06886113477468592,0.0,0.0,0.0,0.0,0.0,0.0,0.0,0.0,0,0,0,False,19984,0.4764556884765625,False,
Mask_oil/01197.tif,True,2048,2048,1,uint8,,,,1,0.0,1.0,0.020659685134887695,0.1422422670833638,0.0,0.0,0.0,0.0,0.0,0.0,0.0,1.0,0,0,0,False,86653,2.0659685134887695,False,
Mask_oil/01199.tif,True,2048,2048,1,uint8,,,,1,0.0,1.0,0.004935026168823242,0.0700761848671592,0.0,0.0,0.0,0.0,0.0,0.0,0.0,0.0,0,0,0,False,20699,0.4935026168823242,False,
Mask_oil/01200.tif,True,2048,2048,1,uint8,,,,1,0.0,1.0,0.017834901809692383,0.1323511166825993,0.0,0.0,0.0,0.0,0.0,0.0,0.0,1.0,0,0,0,False,74805,1.7834901809692383,False,
Mask_oil/01201.tif,True,2048,2048,1,uint8,,,,1,0.0,1.0,0.03710007667541504,0.18900703951465236,0.0,0.0,0.0,0.0,0.0,0.0,0.0,1.0,0,0,0,False,155609,3.710007667541504,False,
Mask_oil/01202.tif,True,2048,2048,1,uint8,,,,1,0.0,1.0,0.03534054756164551,0.18463908919751684,0.0,0.0,0.0,0.0,0.0,0.0,0.0,1.0,0,0,0,False,148229,3.534054756164551,False,
Mask_oil/01203.tif,True,2048,2048,1,uint8,,,,1,0.0,1.0,0.008689403533935547,0.09281108662309678,0.0,0.0,0.0,0.0,0.0,0.0,0.0,0.0,0,0,0,False,36446,0.8689403533935547,False,
Mask_oil/01204.tif,True,2048,2048,1,uint8,,,,1,0.0,1.0,0.05034780502319336,0.21866161883727986,0.0,0.0,0.0,0.0,0.0,0.0,1.0,1.0,0,0,0,False,211174,5.034780502319336,False,
Mask_oil/01205.tif,True,2048,2048,1,uint8,,,,1,0.0,1.0,0.04296541213989258,0.20277915449952383,0.0,0.0,0.0,0.0,0.0,0.0,0.0,1.0,0,0,0,False,180210,4.296541213989258,False,
Mask_oil/01207.tif,True,2048,2048,1,uint8,,,,1,0.0,1.0,0.06920838356018066,0.2538081622114773,0.0,0.0,0.0,0.0,0.0,0.0,1.0,1.0,0,0,0,False,290281,6.920838356018066,False,
Mask_oil/01208.tif,True,2048,2048,1,uint8,,,,1,0.0,1.0,0.02612018585205078,0.15949270122204687,0.0,0.0,0.0,0.0,0.0,0.0,0.0,1.0,0,0,0,False,109556,2.612018585205078,False,
Mask_oil/01209.tif,True,2048,2048,1,uint8,,,,1,0.0,1.0,0.17131352424621582,0.3767826968645947,0.0,0.0,0.0,0.0,0.0,0.0,1.0,1.0,0,0,0,False,718541,17.131352424621582,False,
Mask_oil/01210.tif,True,2048,2048,1,uint8,,,,1,0.0,1.0,0.12555956840515137,0.3313523248553773,0.0,0.0,0.0,0.0,0.0,0.0,1.0,1.0,0,0,0,False,526635,12.555956840515137,False,
Mask_oil/01211.tif,True,2048,2048,1,uint8,,,,1,0.0,1.0,0.10137820243835449,0.3018288629483975,0.0,0.0,0.0,0.0,0.0,0.0,1.0,1.0,0,0,0,False,425211,10.13782024383545,False,
Mask_oil/01212.tif,True,2048,2048,1,uint8,,,,1,0.0,1.0,0.006953239440917969,0.08309567920292385,0.0,0.0,0.0,0.0,0.0,0.0,0.0,0.0,0,0,0,False,29164,0.6953239440917969,False,
Mask_oil/01213.tif,True,2048,2048,1,uint8,,,,1,0.0,1.0,0.012603759765625,0.11155673446903783,0.0,0.0,0.0,0.0,0.0,0.0,0.0,1.0,0,0,0,False,52864,1.2603759765625,False,
Mask_oil/01214.tif,True,2048,2048,1,uint8,,,,1,0.0,1.0,0.028683185577392578,0.16691453035169057,0.0,0.0,0.0,0.0,0.0,0.0,0.0,1.0,0,0,0,False,120306,2.868318557739258,False,
Mask_oil/01215.tif,True,2048,2048,1,uint8,,,,1,0.0,1.0,0.007808208465576172,0.08801840913203485,0.0,0.0,0.0,0.0,0.0,0.0,0.0,0.0,0,0,0,False,32750,0.7808208465576172,False,
Mask_oil/01216.tif,True,2048,2048,1,uint8,,,,1,0.0,1.0,0.020159244537353516,0.14054483055963565,0.0,0.0,0.0,0.0,0.0,0.0,0.0,1.0,0,0,0,False,84554,2.0159244537353516,False,
Mask_oil/01217.tif,True,2048,2048,1,uint8,,,,1,0.0,1.0,0.017638444900512695,0.1316333170667832,0.0,0.0,0.0,0.0,0.0,0.0,0.0,1.0,0,0,0,False,73981,1.7638444900512695,False,
Mask_oil/01218.tif,True,2048,2048,1,uint8,,,,1,0.0,1.0,0.02509140968322754,0.1564027840012318,0.0,0.0,0.0,0.0,0.0,0.0,0.0,1.0,0,0,0,False,105241,2.509140968322754,False,
Mask_oil/01219.tif,True,2048,2048,1,uint8,,,,1,0.0,1.0,0.09631896018981934,0.2950281649228957,0.0,0.0,0.0,0.0,0.0,0.0,1.0,1.0,0,0,0,False,403991,9.631896018981934,False,
Mask_oil/01220.tif,True,2048,2048,1,uint8,,,,1,0.0,1.0,0.1150214672088623,0.31904784796325286,0.0,0.0,0.0,0.0,0.0,0.0,1.0,1.0,0,0,0,False,482435,11.50214672088623,False,
Mask_oil/01221.tif,True,2048,2048,1,uint8,,,,1,0.0,1.0,0.06277060508728027,0.24254990460574702,0.0,0.0,0.0,0.0,0.0,0.0,1.0,1.0,0,0,0,False,263279,6.277060508728027,False,
Mask_oil/01222.tif,True,2048,2048,1,uint8,,,,1,0.0,1.0,0.041129350662231445,0.19858934305831882,0.0,0.0,0.0,0.0,0.0,0.0,0.0,1.0,0,0,0,False,172509,4.1129350662231445,False,
Mask_oil/01223.tif,True,2048,2048,1,uint8,,,,1,0.0,1.0,0.09659147262573242,0.2954006771179186,0.0,0.0,0.0,0.0,0.0,0.0,1.0,1.0,0,0,0,False,405134,9.659147262573242,False,
Mask_oil/01224.tif,True,2048,2048,1,uint8,,,,1,0.0,1.0,0.05164361000061035,0.22130645617946895,0.0,0.0,0.0,0.0,0.0,0.0,1.0,1.0,0,0,0,False,216609,5.164361000061035,False,
Mask_oil/01225.tif,True,2048,2048,1,uint8,,,,1,0.0,1.0,0.027277469635009766,0.1628907894428684,0.0,0.0,0.0,0.0,0.0,0.0,0.0,1.0,0,0,0,False,114410,2.7277469635009766,False,
Mask_oil/01226.tif,True,2048,2048,1,uint8,,,,1,0.0,1.0,0.016290664672851562,0.12659099066429755,0.0,0.0,0.0,0.0,0.0,0.0,0.0,1.0,0,0,0,False,68328,1.6290664672851562,False,
Mask_oil/01227.tif,True,2048,2048,1,uint8,,,,1,0.0,1.0,0.01674175262451172,0.12830224605817067,0.0,0.0,0.0,0.0,0.0,0.0,0.0,1.0,0,0,0,False,70220,1.6741752624511719,False,
Mask_oil/01228.tif,True,2048,2048,1,uint8,,,,1,0.0,1.0,0.009937047958374023,0.09918822024941772,0.0,0.0,0.0,0.0,0.0,0.0,0.0,0.0,0,0,0,False,41679,0.9937047958374023,False,
Mask_oil/01229.tif,True,2048,2048,1,uint8,,,,1,0.0,1.0,0.025578737258911133,0.15787484112153755,0.0,0.0,0.0,0.0,0.0,0.0,0.0,1.0,0,0,0,False,107285,2.5578737258911133,False,
Mask_oil/01230.tif,True,2048,2048,1,uint8,,,,1,0.0,1.0,0.009858369827270508,0.09879869620404548,0.0,0.0,0.0,0.0,0.0,0.0,0.0,0.0,0,0,0,False,41349,0.9858369827270508,False,
Mask_oil/01231.tif,True,2048,2048,1,uint8,,,,1,0.0,1.0,0.0165250301361084,0.12748314992621224,0.0,0.0,0.0,0.0,0.0,0.0,0.0,1.0,0,0,0,False,69311,1.6525030136108398,False,
Mask_oil/01232.tif,True,2048,2048,1,uint8,,,,1,0.0,1.0,0.0076885223388671875,0.0873464879838447,0.0,0.0,0.0,0.0,0.0,0.0,0.0,0.0,0,0,0,False,32248,0.7688522338867188,False,
Mask_oil/01233.tif,True,2048,2048,1,uint8,,,,1,0.0,1.0,0.033429861068725586,0.17975623899506601,0.0,0.0,0.0,0.0,0.0,0.0,0.0,1.0,0,0,0,False,140215,3.3429861068725586,False,
Mask_oil/01234.tif,True,2048,2048,1,uint8,,,,1,0.0,1.0,0.018697738647460938,0.13545528124415152,0.0,0.0,0.0,0.0,0.0,0.0,0.0,1.0,0,0,0,False,78424,1.8697738647460938,False,
Mask_oil/01235.tif,True,2048,2048,1,uint8,,,,1,0.0,1.0,0.023490190505981445,0.15145428833801355,0.0,0.0,0.0,0.0,0.0,0.0,0.0,1.0,0,0,0,False,98525,2.3490190505981445,False,
Mask_oil/01236.tif,True,2048,2048,1,uint8,,,,1,0.0,1.0,0.01895904541015625,0.13638035051755765,0.0,0.0,0.0,0.0,0.0,0.0,0.0,1.0,0,0,0,False,79520,1.895904541015625,False,
Mask_oil/01237.tif,True,2048,2048,1,uint8,,,,1,0.0,1.0,0.03952980041503906,0.19485172643368145,0.0,0.0,0.0,0.0,0.0,0.0,0.0,1.0,0,0,0,False,165800,3.9529800415039062,False,
Mask_oil/01238.tif,True,2048,2048,1,uint8,,,,1,0.0,1.0,0.054288625717163086,0.22658634300174596,0.0,0.0,0.0,0.0,0.0,0.0,1.0,1.0,0,0,0,False,227703,5.428862571716309,False,
Mask_oil/01239.tif,True,2048,2048,1,uint8,,,,1,0.0,1.0,0.025557518005371094,0.15781106196580844,0.0,0.0,0.0,0.0,0.0,0.0,0.0,1.0,0,0,0,False,107196,2.5557518005371094,False,
Mask_oil/01240.tif,True,2048,2048,1,uint8,,,,1,0.0,1.0,0.0024831295013427734,0.04976910255592655,0.0,0.0,0.0,0.0,0.0,0.0,0.0,0.0,0,0,0,False,10415,0.24831295013427734,False,
Mask_oil/01242.tif,True,2048,2048,1,uint8,,,,1,0.0,1.0,0.0013663768768310547,0.03693927301750152,0.0,0.0,0.0,0.0,0.0,0.0,0.0,0.0,0,0,0,False,5731,0.13663768768310547,False,
Mask_oil/01243.tif,True,2048,2048,1,uint8,,,,1,0.0,1.0,0.003381490707397461,0.05805218538516225,0.0,0.0,0.0,0.0,0.0,0.0,0.0,0.0,0,0,0,False,14183,0.3381490707397461,False,
Mask_oil/01244.tif,True,2048,2048,1,uint8,,,,1,0.0,1.0,0.008689403533935547,0.09281108662309678,0.0,0.0,0.0,0.0,0.0,0.0,0.0,0.0,0,0,0,False,36446,0.8689403533935547,False,
Mask_oil/01245.tif,True,2048,2048,1,uint8,,,,1,0.0,1.0,0.014060020446777344,0.11773842309039792,0.0,0.0,0.0,0.0,0.0,0.0,0.0,1.0,0,0,0,False,58972,1.4060020446777344,False,
Mask_oil/01246.tif,True,2048,2048,1,uint8,,,,1,0.0,1.0,0.007565736770629883,0.0866515804688375,0.0,0.0,0.0,0.0,0.0,0.0,0.0,0.0,0,0,0,False,31733,0.7565736770629883,False,
Mask_oil/01247.tif,True,2048,2048,1,uint8,,,,1,0.0,1.0,0.005536556243896484,0.07420177079325435,0.0,0.0,0.0,0.0,0.0,0.0,0.0,0.0,0,0,0,False,23222,0.5536556243896484,False,
Mask_oil/01248.tif,True,2048,2048,1,uint8,,,,1,0.0,1.0,0.007106781005859375,0.08400163492214976,0.0,0.0,0.0,0.0,0.0,0.0,0.0,0.0,0,0,0,False,29808,0.7106781005859375,False,
Mask_oil/01249.tif,True,2048,2048,1,uint8,,,,1,0.0,1.0,0.017389535903930664,0.1307177874085106,0.0,0.0,0.0,0.0,0.0,0.0,0.0,1.0,0,0,0,False,72937,1.7389535903930664,False,
Mask_oil/01251.tif,True,2048,2048,1,uint8,,,,1,0.0,1.0,0.009210824966430664,0.09553002496528744,0.0,0.0,0.0,0.0,0.0,0.0,0.0,0.0,0,0,0,False,38633,0.9210824966430664,False,
Mask_oil/01252.tif,True,2048,2048,1,uint8,,,,1,0.0,1.0,0.022736310958862305,0.14906163531520852,0.0,0.0,0.0,0.0,0.0,0.0,0.0,1.0,0,0,0,False,95363,2.2736310958862305,False,
Mask_oil/01253.tif,True,2048,2048,1,uint8,,,,1,0.0,1.0,0.03763008117675781,0.19029991636201113,0.0,0.0,0.0,0.0,0.0,0.0,0.0,1.0,0,0,0,False,157832,3.7630081176757812,False,
Mask_oil/01254.tif,True,2048,2048,1,uint8,,,,1,0.0,1.0,0.025995969772338867,0.15912315773618405,0.0,0.0,0.0,0.0,0.0,0.0,0.0,1.0,0,0,0,False,109035,2.5995969772338867,False,
Mask_oil/01255.tif,True,2048,2048,1,uint8,,,,1,0.0,1.0,0.015307188034057617,0.12277164993819877,0.0,0.0,0.0,0.0,0.0,0.0,0.0,1.0,0,0,0,False,64203,1.5307188034057617,False,
Mask_oil/01256.tif,True,2048,2048,1,uint8,,,,1,0.0,1.0,0.027336835861206055,0.16306297331492375,0.0,0.0,0.0,0.0,0.0,0.0,0.0,1.0,0,0,0,False,114659,2.7336835861206055,False,
Mask_oil/01257.tif,True,2048,2048,1,uint8,,,,1,0.0,1.0,0.0455937385559082,0.20860237189544056,0.0,0.0,0.0,0.0,0.0,0.0,0.0,1.0,0,0,0,False,191234,4.55937385559082,False,
Mask_oil/01258.tif,True,2048,2048,1,uint8,,,,1,0.0,1.0,0.03256416320800781,0.1774929251620189,0.0,0.0,0.0,0.0,0.0,0.0,0.0,1.0,0,0,0,False,136584,3.2564163208007812,False,
Mask_oil/01259.tif,True,2048,2048,1,uint8,,,,1,0.0,1.0,0.001653909683227539,0.04063464366753159,0.0,0.0,0.0,0.0,0.0,0.0,0.0,0.0,0,0,0,False,6937,0.1653909683227539,False,
Mask_oil/01260.tif,True,2048,2048,1,uint8,,,,1,0.0,1.0,0.009705066680908203,0.09803508740051864,0.0,0.0,0.0,0.0,0.0,0.0,0.0,0.0,0,0,0,False,40706,0.9705066680908203,False,
Mask_oil/01261.tif,True,2048,2048,1,uint8,,,,1,0.0,1.0,0.044138431549072266,0.20540260565401824,0.0,0.0,0.0,0.0,0.0,0.0,0.0,1.0,0,0,0,False,185130,4.413843154907227,False,
Mask_oil/01262.tif,True,2048,2048,1,uint8,,,,1,0.0,1.0,0.030171871185302734,0.17106001687852201,0.0,0.0,0.0,0.0,0.0,0.0,0.0,1.0,0,0,0,False,126550,3.0171871185302734,False,
Mask_oil/01263.tif,True,2048,2048,1,uint8,,,,1,0.0,1.0,0.030520200729370117,0.1720137147927719,0.0,0.0,0.0,0.0,0.0,0.0,0.0,1.0,0,0,0,False,128011,3.0520200729370117,False,
Mask_oil/01264.tif,True,2048,2048,1,uint8,,,,1,0.0,1.0,0.036371707916259766,0.18721326550090955,0.0,0.0,0.0,0.0,0.0,0.0,0.0,1.0,0,0,0,False,152554,3.6371707916259766,False,
Mask_oil/01265.tif,True,2048,2048,1,uint8,,,,1,0.0,1.0,0.015745878219604492,0.12449074479132125,0.0,0.0,0.0,0.0,0.0,0.0,0.0,1.0,0,0,0,False,66043,1.5745878219604492,False,
Mask_oil/01266.tif,True,2048,2048,1,uint8,,,,1,0.0,1.0,0.01037144660949707,0.10131080744285588,0.0,0.0,0.0,0.0,0.0,0.0,0.0,1.0,0,0,0,False,43501,1.037144660949707,False,
Mask_oil/01267.tif,True,2048,2048,1,uint8,,,,1,0.0,1.0,0.005437135696411133,0.07353620368111169,0.0,0.0,0.0,0.0,0.0,0.0,0.0,0.0,0,0,0,False,22805,0.5437135696411133,False,
Mask_oil/01268.tif,True,2048,2048,1,uint8,,,,1,0.0,1.0,0.035111188888549805,0.18406084130901496,0.0,0.0,0.0,0.0,0.0,0.0,0.0,1.0,0,0,0,False,147267,3.5111188888549805,False,
Mask_oil/01269.tif,True,2048,2048,1,uint8,,,,1,0.0,1.0,0.015293598175048828,0.12271798576373787,0.0,0.0,0.0,0.0,0.0,0.0,0.0,1.0,0,0,0,False,64146,1.5293598175048828,False,
Mask_oil/01270.tif,True,2048,2048,1,uint8,,,,1,0.0,1.0,0.012193679809570312,0.10974968784589773,0.0,0.0,0.0,0.0,0.0,0.0,0.0,1.0,0,0,0,False,51144,1.2193679809570312,False,
Mask_oil/01271.tif,True,2048,2048,1,uint8,,,,1,0.0,1.0,0.06066179275512695,0.23870890149900356,0.0,0.0,0.0,0.0,0.0,0.0,1.0,1.0,0,0,0,False,254434,6.066179275512695,False,
Mask_oil/01272.tif,True,2048,2048,1,uint8,,,,1,0.0,1.0,0.07088470458984375,0.2566321555165181,0.0,0.0,0.0,0.0,0.0,0.0,1.0,1.0,0,0,0,False,297312,7.088470458984375,False,
Mask_oil/01273.tif,True,2048,2048,1,uint8,,,,1,0.0,1.0,0.03234124183654785,0.17690473683035673,0.0,0.0,0.0,0.0,0.0,0.0,0.0,1.0,0,0,0,False,135649,3.234124183654785,False,
Mask_oil/01274.tif,True,2048,2048,1,uint8,,,,1,0.0,1.0,0.020289897918701172,0.14099013426885534,0.0,0.0,0.0,0.0,0.0,0.0,0.0,1.0,0,0,0,False,85102,2.028989791870117,False,
Mask_oil/01275.tif,True,2048,2048,1,uint8,,,,1,0.0,1.0,0.010818958282470703,0.10345002863292432,0.0,0.0,0.0,0.0,0.0,0.0,0.0,1.0,0,0,0,False,45378,1.0818958282470703,False,
Mask_oil/01276.tif,True,2048,2048,1,uint8,,,,1,0.0,1.0,0.02027416229248047,0.14093658373828505,0.0,0.0,0.0,0.0,0.0,0.0,0.0,1.0,0,0,0,False,85036,2.027416229248047,False,
Mask_oil/01277.tif,True,2048,2048,1,uint8,,,,1,0.0,1.0,0.02664947509765625,0.16105676196507754,0.0,0.0,0.0,0.0,0.0,0.0,0.0,1.0,0,0,0,False,111776,2.664947509765625,False,
Mask_oil/01278.tif,True,2048,2048,1,uint8,,,,1,0.0,1.0,0.008606910705566406,0.09237332836740708,0.0,0.0,0.0,0.0,0.0,0.0,0.0,0.0,0,0,0,False,36100,0.8606910705566406,False,
Mask_oil/01279.tif,True,2048,2048,1,uint8,,,,1,0.0,1.0,0.00802159309387207,0.08920340317559872,0.0,0.0,0.0,0.0,0.0,0.0,0.0,0.0,0,0,0,False,33645,0.802159309387207,False,
Mask_oil/01280.tif,True,2048,2048,1,uint8,,,,1,0.0,1.0,0.02401280403137207,0.15308882805065493,0.0,0.0,0.0,0.0,0.0,0.0,0.0,1.0,0,0,0,False,100717,2.401280403137207,False,
Mask_oil/01281.tif,True,2048,2048,1,uint8,,,,1,0.0,1.0,0.026430845260620117,0.16041276657245604,0.0,0.0,0.0,0.0,0.0,0.0,0.0,1.0,0,0,0,False,110859,2.6430845260620117,False,
Mask_oil/01282.tif,True,2048,2048,1,uint8,,,,1,0.0,1.0,0.030898571014404297,0.17304291179840944,0.0,0.0,0.0,0.0,0.0,0.0,0.0,1.0,0,0,0,False,129598,3.0898571014404297,False,
Mask_oil/01283.tif,True,2048,2048,1,uint8,,,,1,0.0,1.0,0.023209095001220703,0.15056703792811033,0.0,0.0,0.0,0.0,0.0,0.0,0.0,1.0,0,0,0,False,97346,2.3209095001220703,False,
Mask_oil/01284.tif,True,2048,2048,1,uint8,,,,1,0.0,1.0,0.023645639419555664,0.15194249950555644,0.0,0.0,0.0,0.0,0.0,0.0,0.0,1.0,0,0,0,False,99177,2.3645639419555664,False,
Mask_oil/01285.tif,True,2048,2048,1,uint8,,,,1,0.0,1.0,0.028763771057128906,0.1671419053729554,0.0,0.0,0.0,0.0,0.0,0.0,0.0,1.0,0,0,0,False,120644,2.8763771057128906,False,
Mask_oil/01286.tif,True,2048,2048,1,uint8,,,,1,0.0,1.0,0.033742427825927734,0.1805654352038058,0.0,0.0,0.0,0.0,0.0,0.0,0.0,1.0,0,0,0,False,141526,3.3742427825927734,False,
Mask_oil/01287.tif,True,2048,2048,1,uint8,,,,1,0.0,1.0,0.03938698768615723,0.19451388867422226,0.0,0.0,0.0,0.0,0.0,0.0,0.0,1.0,0,0,0,False,165201,3.9386987686157227,False,
Mask_oil/01288.tif,True,2048,2048,1,uint8,,,,1,0.0,1.0,0.05576610565185547,0.22946949059141078,0.0,0.0,0.0,0.0,0.0,0.0,1.0,1.0,0,0,0,False,233900,5.576610565185547,False,
Mask_oil/01289.tif,True,2048,2048,1,uint8,,,,1,0.0,1.0,0.029917478561401367,0.17035968724416425,0.0,0.0,0.0,0.0,0.0,0.0,0.0,1.0,0,0,0,False,125483,2.9917478561401367,False,
Mask_oil/01290.tif,True,2048,2048,1,uint8,,,,1,0.0,1.0,0.026932716369628906,0.16188682824301065,0.0,0.0,0.0,0.0,0.0,0.0,0.0,1.0,0,0,0,False,112964,2.6932716369628906,False,
Mask_oil/01295.tif,True,2048,2048,1,uint8,,,,1,0.0,1.0,0.013202190399169922,0.11413979397140152,0.0,0.0,0.0,0.0,0.0,0.0,0.0,1.0,0,0,0,False,55374,1.3202190399169922,False,
Mask_oil/01296.tif,True,2048,2048,1,uint8,,,,1,0.0,1.0,0.01758265495300293,0.13142870766239229,0.0,0.0,0.0,0.0,0.0,0.0,0.0,1.0,0,0,0,False,73747,1.758265495300293,False,
Mask_oil/01297.tif,True,2048,2048,1,uint8,,,,1,0.0,1.0,0.021048545837402344,0.1435461756910755,0.0,0.0,0.0,0.0,0.0,0.0,0.0,1.0,0,0,0,False,88284,2.1048545837402344,False,
Mask_oil/01298.tif,True,2048,2048,1,uint8,,,,1,0.0,1.0,0.037131309509277344,0.18908351425601228,0.0,0.0,0.0,0.0,0.0,0.0,0.0,1.0,0,0,0,False,155740,3.7131309509277344,False,
Mask_oil/01299.tif,True,2048,2048,1,uint8,,,,1,0.0,1.0,0.058113813400268555,0.23395853925930407,0.0,0.0,0.0,0.0,0.0,0.0,1.0,1.0,0,0,0,False,243747,5.8113813400268555,False,
Mask_oil/01300.tif,True,2048,2048,1,uint8,,,,1,0.0,1.0,0.03985953330993652,0.19562911571197827,0.0,0.0,0.0,0.0,0.0,0.0,0.0,1.0,0,0,0,False,167183,3.9859533309936523,False,
Mask_oil/01301.tif,True,2048,2048,1,uint8,,,,1,0.0,1.0,0.029618024826049805,0.16953111051206296,0.0,0.0,0.0,0.0,0.0,0.0,0.0,1.0,0,0,0,False,124227,2.9618024826049805,False,
Mask_oil/01302.tif,True,2048,2048,1,uint8,,,,1,0.0,1.0,0.017613649368286133,0.13154242176658146,0.0,0.0,0.0,0.0,0.0,0.0,0.0,1.0,0,0,0,False,73877,1.7613649368286133,False,
Mask_oil/01303.tif,True,2048,2048,1,uint8,,,,1,0.0,1.0,0.02659893035888672,0.16090813299100146,0.0,0.0,0.0,0.0,0.0,0.0,0.0,1.0,0,0,0,False,111564,2.659893035888672,False,
Mask_oil/01305.tif,True,2048,2048,1,uint8,,,,1,0.0,1.0,0.10403299331665039,0.30530334033257506,0.0,0.0,0.0,0.0,0.0,0.0,1.0,1.0,0,0,0,False,436346,10.403299331665039,False,
Mask_oil/01306.tif,True,2048,2048,1,uint8,,,,1,0.0,1.0,0.11247873306274414,0.31595453418386654,0.0,0.0,0.0,0.0,0.0,0.0,1.0,1.0,0,0,0,False,471770,11.247873306274414,False,
Mask_oil/01307.tif,True,2048,2048,1,uint8,,,,1,0.0,1.0,0.05437421798706055,0.22675463039452176,0.0,0.0,0.0,0.0,0.0,0.0,1.0,1.0,0,0,0,False,228062,5.437421798706055,False,
Mask_oil/01308.tif,True,2048,2048,1,uint8,,,,1,0.0,1.0,0.051195621490478516,0.22039652862666,0.0,0.0,0.0,0.0,0.0,0.0,1.0,1.0,0,0,0,False,214730,5.119562149047852,False,
Mask_oil/01309.tif,True,2048,2048,1,uint8,,,,1,0.0,1.0,0.03203868865966797,0.1761028423638779,0.0,0.0,0.0,0.0,0.0,0.0,0.0,1.0,0,0,0,False,134380,3.203868865966797,False,
Mask_oil/01310.tif,True,2048,2048,1,uint8,,,,1,0.0,1.0,0.025226354598999023,0.15681194352677535,0.0,0.0,0.0,0.0,0.0,0.0,0.0,1.0,0,0,0,False,105807,2.5226354598999023,False,
Mask_oil/01311.tif,True,2048,2048,1,uint8,,,,1,0.0,1.0,0.029036521911621094,0.167908910742989,0.0,0.0,0.0,0.0,0.0,0.0,0.0,1.0,0,0,0,False,121788,2.9036521911621094,False,
Mask_oil/01312.tif,True,2048,2048,1,uint8,,,,1,0.0,1.0,0.021485567092895508,0.1449963361592016,0.0,0.0,0.0,0.0,0.0,0.0,0.0,1.0,0,0,0,False,90117,2.148556709289551,False,
Mask_oil/01313.tif,True,2048,2048,1,uint8,,,,1,0.0,1.0,0.01657891273498535,0.12768732273609268,0.0,0.0,0.0,0.0,0.0,0.0,0.0,1.0,0,0,0,False,69537,1.6578912734985352,False,
Mask_oil/01314.tif,True,2048,2048,1,uint8,,,,1,0.0,1.0,0.012659549713134766,0.11180020355167264,0.0,0.0,0.0,0.0,0.0,0.0,0.0,1.0,0,0,0,False,53098,1.2659549713134766,False,
Mask_oil/01315.tif,True,2048,2048,1,uint8,,,,1,0.0,1.0,0.011428356170654297,0.1062908690616977,0.0,0.0,0.0,0.0,0.0,0.0,0.0,1.0,0,0,0,False,47934,1.1428356170654297,False,
Mask_oil/01316.tif,True,2048,2048,1,uint8,,,,1,0.0,1.0,0.0062062740325927734,0.07853506347629152,0.0,0.0,0.0,0.0,0.0,0.0,0.0,0.0,0,0,0,False,26031,0.6206274032592773,False,
Mask_oil/01319.tif,True,2048,2048,1,uint8,,,,1,0.0,1.0,0.014696359634399414,0.12033443666671569,0.0,0.0,0.0,0.0,0.0,0.0,0.0,1.0,0,0,0,False,61641,1.4696359634399414,False,
Mask_oil/01320.tif,True,2048,2048,1,uint8,,,,1,0.0,1.0,0.030726909637451172,0.17257684277325008,0.0,0.0,0.0,0.0,0.0,0.0,0.0,1.0,0,0,0,False,128878,3.072690963745117,False,
Mask_oil/01321.tif,True,2048,2048,1,uint8,,,,1,0.0,1.0,0.027995824813842773,0.16496077899560063,0.0,0.0,0.0,0.0,0.0,0.0,0.0,1.0,0,0,0,False,117423,2.7995824813842773,False,
Mask_oil/01322.tif,True,2048,2048,1,uint8,,,,1,0.0,1.0,0.011029243469238281,0.10443945259208584,0.0,0.0,0.0,0.0,0.0,0.0,0.0,1.0,0,0,0,False,46260,1.1029243469238281,False,
Mask_oil/01323.tif,True,2048,2048,1,uint8,,,,1,0.0,1.0,0.004994392395019531,0.07049431494542026,0.0,0.0,0.0,0.0,0.0,0.0,0.0,0.0,0,0,0,False,20948,0.4994392395019531,False,
Mask_oil/01324.tif,True,2048,2048,1,uint8,,,,1,0.0,1.0,0.002756357192993164,0.0524286151640285,0.0,0.0,0.0,0.0,0.0,0.0,0.0,0.0,0,0,0,False,11561,0.2756357192993164,False,
Mask_oil/01325.tif,True,2048,2048,1,uint8,,,,1,0.0,1.0,0.002466917037963867,0.049606767263062714,0.0,0.0,0.0,0.0,0.0,0.0,0.0,0.0,0,0,0,False,10347,0.24669170379638672,False,
Mask_oil/01326.tif,True,2048,2048,1,uint8,,,,1,0.0,1.0,0.027603864669799805,0.163834951475841,0.0,0.0,0.0,0.0,0.0,0.0,0.0,1.0,0,0,0,False,115779,2.7603864669799805,False,
Mask_oil/01328.tif,True,2048,2048,1,uint8,,,,1,0.0,1.0,0.005774259567260742,0.07576884249947759,0.0,0.0,0.0,0.0,0.0,0.0,0.0,0.0,0,0,0,False,24219,0.5774259567260742,False,
Mask_oil/01329.tif,True,2048,2048,1,uint8,,,,1,0.0,1.0,0.008499383926391602,0.0917994792973435,0.0,0.0,0.0,0.0,0.0,0.0,0.0,0.0,0,0,0,False,35649,0.8499383926391602,False,
Mask_oil/01330.tif,True,2048,2048,1,uint8,,,,1,0.0,1.0,0.00885152816772461,0.09366524764724955,0.0,0.0,0.0,0.0,0.0,0.0,0.0,0.0,0,0,0,False,37126,0.8851528167724609,False,
Mask_oil/01331.tif,True,2048,2048,1,uint8,,,,1,0.0,1.0,0.005287885665893555,0.07252533302976273,0.0,0.0,0.0,0.0,0.0,0.0,0.0,0.0,0,0,0,False,22179,0.5287885665893555,False,
Mask_oil/01332.tif,True,2048,2048,1,uint8,,,,1,0.0,1.0,0.007449626922607422,0.08598912711105622,0.0,0.0,0.0,0.0,0.0,0.0,0.0,0.0,0,0,0,False,31246,0.7449626922607422,False,
Mask_oil/01333.tif,True,2048,2048,1,uint8,,,,1,0.0,1.0,0.005118608474731445,0.07136111211306795,0.0,0.0,0.0,0.0,0.0,0.0,0.0,0.0,0,0,0,False,21469,0.5118608474731445,False,
Mask_oil/01334.tif,True,2048,2048,1,uint8,,,,1,0.0,1.0,0.0221555233001709,0.14718918468238923,0.0,0.0,0.0,0.0,0.0,0.0,0.0,1.0,0,0,0,False,92927,2.21555233001709,False,
Mask_oil/01335.tif,True,2048,2048,1,uint8,,,,1,0.0,1.0,0.047792673110961914,0.21332729199019673,0.0,0.0,0.0,0.0,0.0,0.0,0.0,1.0,0,0,0,False,200457,4.779267311096191,False,
Mask_oil/01336.tif,True,2048,2048,1,uint8,,,,1,0.0,1.0,0.04674816131591797,0.2110989595651738,0.0,0.0,0.0,0.0,0.0,0.0,0.0,1.0,0,0,0,False,196076,4.674816131591797,False,
Mask_oil/01337.tif,True,2048,2048,1,uint8,,,,1,0.0,1.0,0.022431373596191406,0.14808175807566404,0.0,0.0,0.0,0.0,0.0,0.0,0.0,1.0,0,0,0,False,94084,2.2431373596191406,False,
Mask_oil/01338.tif,True,2048,2048,1,uint8,,,,1,0.0,1.0,0.019446849822998047,0.1380893546040382,0.0,0.0,0.0,0.0,0.0,0.0,0.0,1.0,0,0,0,False,81566,1.9446849822998047,False,
Mask_oil/01339.tif,True,2048,2048,1,uint8,,,,1,0.0,1.0,0.01785898208618164,0.1324388117019595,0.0,0.0,0.0,0.0,0.0,0.0,0.0,1.0,0,0,0,False,74906,1.785898208618164,False,
Mask_no_oil/00000.tif,True,2048,2048,1,uint8,,,,1,0.0,0.0,0.0,0.0,0.0,0.0,0.0,0.0,0.0,0.0,0.0,0.0,0,0,0,True,0,0.0,True,
Mask_no_oil/00001.tif,True,2048,2048,1,uint8,,,,1,0.0,0.0,0.0,0.0,0.0,0.0,0.0,0.0,0.0,0.0,0.0,0.0,0,0,0,True,0,0.0,True,
Mask_no_oil/00002.tif,True,2048,2048,1,uint8,,,,1,0.0,0.0,0.0,0.0,0.0,0.0,0.0,0.0,0.0,0.0,0.0,0.0,0,0,0,True,0,0.0,True,
Mask_no_oil/00003.tif,True,2048,2048,1,uint8,,,,1,0.0,0.0,0.0,0.0,0.0,0.0,0.0,0.0,0.0,0.0,0.0,0.0,0,0,0,True,0,0.0,True,
Mask_no_oil/00004.tif,True,2048,2048,1,uint8,,,,1,0.0,0.0,0.0,0.0,0.0,0.0,0.0,0.0,0.0,0.0,0.0,0.0,0,0,0,True,0,0.0,True,
Mask_no_oil/00005.tif,True,2048,2048,1,uint8,,,,1,0.0,0.0,0.0,0.0,0.0,0.0,0.0,0.0,0.0,0.0,0.0,0.0,0,0,0,True,0,0.0,True,
Mask_no_oil/00006.tif,True,2048,2048,1,uint8,,,,1,0.0,0.0,0.0,0.0,0.0,0.0,0.0,0.0,0.0,0.0,0.0,0.0,0,0,0,True,0,0.0,True,
Mask_no_oil/00007.tif,True,2048,2048,1,uint8,,,,1,0.0,0.0,0.0,0.0,0.0,0.0,0.0,0.0,0.0,0.0,0.0,0.0,0,0,0,True,0,0.0,True,
Mask_no_oil/00008.tif,True,2048,2048,1,uint8,,,,1,0.0,0.0,0.0,0.0,0.0,0.0,0.0,0.0,0.0,0.0,0.0,0.0,0,0,0,True,0,0.0,True,
Mask_no_oil/00009.tif,True,2048,2048,1,uint8,,,,1,0.0,0.0,0.0,0.0,0.0,0.0,0.0,0.0,0.0,0.0,0.0,0.0,0,0,0,True,0,0.0,True,
Mask_no_oil/00010.tif,True,2048,2048,1,uint8,,,,1,0.0,0.0,0.0,0.0,0.0,0.0,0.0,0.0,0.0,0.0,0.0,0.0,0,0,0,True,0,0.0,True,
Mask_no_oil/00011.tif,True,2048,2048,1,uint8,,,,1,0.0,0.0,0.0,0.0,0.0,0.0,0.0,0.0,0.0,0.0,0.0,0.0,0,0,0,True,0,0.0,True,
Mask_no_oil/00012.tif,True,2048,2048,1,uint8,,,,1,0.0,0.0,0.0,0.0,0.0,0.0,0.0,0.0,0.0,0.0,0.0,0.0,0,0,0,True,0,0.0,True,
Mask_no_oil/00013.tif,True,2048,2048,1,uint8,,,,1,0.0,0.0,0.0,0.0,0.0,0.0,0.0,0.0,0.0,0.0,0.0,0.0,0,0,0,True,0,0.0,True,
Mask_no_oil/00014.tif,True,2048,2048,1,uint8,,,,1,0.0,0.0,0.0,0.0,0.0,0.0,0.0,0.0,0.0,0.0,0.0,0.0,0,0,0,True,0,0.0,True,
Mask_no_oil/00015.tif,True,2048,2048,1,uint8,,,,1,0.0,0.0,0.0,0.0,0.0,0.0,0.0,0.0,0.0,0.0,0.0,0.0,0,0,0,True,0,0.0,True,
Mask_no_oil/00016.tif,True,2048,2048,1,uint8,,,,1,0.0,0.0,0.0,0.0,0.0,0.0,0.0,0.0,0.0,0.0,0.0,0.0,0,0,0,True,0,0.0,True,
Mask_no_oil/00017.tif,True,2048,2048,1,uint8,,,,1,0.0,0.0,0.0,0.0,0.0,0.0,0.0,0.0,0.0,0.0,0.0,0.0,0,0,0,True,0,0.0,True,
Mask_no_oil/00018.tif,True,2048,2048,1,uint8,,,,1,0.0,0.0,0.0,0.0,0.0,0.0,0.0,0.0,0.0,0.0,0.0,0.0,0,0,0,True,0,0.0,True,
Mask_no_oil/00019.tif,True,2048,2048,1,uint8,,,,1,0.0,0.0,0.0,0.0,0.0,0.0,0.0,0.0,0.0,0.0,0.0,0.0,0,0,0,True,0,0.0,True,
Mask_no_oil/00020.tif,True,2048,2048,1,uint8,,,,1,0.0,0.0,0.0,0.0,0.0,0.0,0.0,0.0,0.0,0.0,0.0,0.0,0,0,0,True,0,0.0,True,
Mask_no_oil/00021.tif,True,2048,2048,1,uint8,,,,1,0.0,0.0,0.0,0.0,0.0,0.0,0.0,0.0,0.0,0.0,0.0,0.0,0,0,0,True,0,0.0,True,
Mask_no_oil/00022.tif,True,2048,2048,1,uint8,,,,1,0.0,0.0,0.0,0.0,0.0,0.0,0.0,0.0,0.0,0.0,0.0,0.0,0,0,0,True,0,0.0,True,
Mask_no_oil/00023.tif,True,2048,2048,1,uint8,,,,1,0.0,0.0,0.0,0.0,0.0,0.0,0.0,0.0,0.0,0.0,0.0,0.0,0,0,0,True,0,0.0,True,
Mask_no_oil/00024.tif,True,2048,2048,1,uint8,,,,1,0.0,0.0,0.0,0.0,0.0,0.0,0.0,0.0,0.0,0.0,0.0,0.0,0,0,0,True,0,0.0,True,
Mask_no_oil/00025.tif,True,2048,2048,1,uint8,,,,1,0.0,0.0,0.0,0.0,0.0,0.0,0.0,0.0,0.0,0.0,0.0,0.0,0,0,0,True,0,0.0,True,
Mask_no_oil/00026.tif,True,2048,2048,1,uint8,,,,1,0.0,0.0,0.0,0.0,0.0,0.0,0.0,0.0,0.0,0.0,0.0,0.0,0,0,0,True,0,0.0,True,
Mask_no_oil/00027.tif,True,2048,2048,1,uint8,,,,1,0.0,0.0,0.0,0.0,0.0,0.0,0.0,0.0,0.0,0.0,0.0,0.0,0,0,0,True,0,0.0,True,
Mask_no_oil/00028.tif,True,2048,2048,1,uint8,,,,1,0.0,0.0,0.0,0.0,0.0,0.0,0.0,0.0,0.0,0.0,0.0,0.0,0,0,0,True,0,0.0,True,
Mask_no_oil/00029.tif,True,2048,2048,1,uint8,,,,1,0.0,0.0,0.0,0.0,0.0,0.0,0.0,0.0,0.0,0.0,0.0,0.0,0,0,0,True,0,0.0,True,
Mask_no_oil/00030.tif,True,2048,2048,1,uint8,,,,1,0.0,0.0,0.0,0.0,0.0,0.0,0.0,0.0,0.0,0.0,0.0,0.0,0,0,0,True,0,0.0,True,
Mask_no_oil/00031.tif,True,2048,2048,1,uint8,,,,1,0.0,0.0,0.0,0.0,0.0,0.0,0.0,0.0,0.0,0.0,0.0,0.0,0,0,0,True,0,0.0,True,
Mask_no_oil/00032.tif,True,2048,2048,1,uint8,,,,1,0.0,0.0,0.0,0.0,0.0,0.0,0.0,0.0,0.0,0.0,0.0,0.0,0,0,0,True,0,0.0,True,
Mask_no_oil/00033.tif,True,2048,2048,1,uint8,,,,1,0.0,0.0,0.0,0.0,0.0,0.0,0.0,0.0,0.0,0.0,0.0,0.0,0,0,0,True,0,0.0,True,
Mask_no_oil/00034.tif,True,2048,2048,1,uint8,,,,1,0.0,0.0,0.0,0.0,0.0,0.0,0.0,0.0,0.0,0.0,0.0,0.0,0,0,0,True,0,0.0,True,
Mask_no_oil/00035.tif,True,2048,2048,1,uint8,,,,1,0.0,0.0,0.0,0.0,0.0,0.0,0.0,0.0,0.0,0.0,0.0,0.0,0,0,0,True,0,0.0,True,
Mask_no_oil/00036.tif,True,2048,2048,1,uint8,,,,1,0.0,0.0,0.0,0.0,0.0,0.0,0.0,0.0,0.0,0.0,0.0,0.0,0,0,0,True,0,0.0,True,
Mask_no_oil/00037.tif,True,2048,2048,1,uint8,,,,1,0.0,0.0,0.0,0.0,0.0,0.0,0.0,0.0,0.0,0.0,0.0,0.0,0,0,0,True,0,0.0,True,
Mask_no_oil/00038.tif,True,2048,2048,1,uint8,,,,1,0.0,0.0,0.0,0.0,0.0,0.0,0.0,0.0,0.0,0.0,0.0,0.0,0,0,0,True,0,0.0,True,
Mask_no_oil/00039.tif,True,2048,2048,1,uint8,,,,1,0.0,0.0,0.0,0.0,0.0,0.0,0.0,0.0,0.0,0.0,0.0,0.0,0,0,0,True,0,0.0,True,
Mask_no_oil/00040.tif,True,2048,2048,1,uint8,,,,1,0.0,0.0,0.0,0.0,0.0,0.0,0.0,0.0,0.0,0.0,0.0,0.0,0,0,0,True,0,0.0,True,
Mask_no_oil/00041.tif,True,2048,2048,1,uint8,,,,1,0.0,0.0,0.0,0.0,0.0,0.0,0.0,0.0,0.0,0.0,0.0,0.0,0,0,0,True,0,0.0,True,
Mask_no_oil/00042.tif,True,2048,2048,1,uint8,,,,1,0.0,0.0,0.0,0.0,0.0,0.0,0.0,0.0,0.0,0.0,0.0,0.0,0,0,0,True,0,0.0,True,
Mask_no_oil/00043.tif,True,2048,2048,1,uint8,,,,1,0.0,0.0,0.0,0.0,0.0,0.0,0.0,0.0,0.0,0.0,0.0,0.0,0,0,0,True,0,0.0,True,
Mask_no_oil/00044.tif,True,2048,2048,1,uint8,,,,1,0.0,0.0,0.0,0.0,0.0,0.0,0.0,0.0,0.0,0.0,0.0,0.0,0,0,0,True,0,0.0,True,
Mask_no_oil/00045.tif,True,2048,2048,1,uint8,,,,1,0.0,0.0,0.0,0.0,0.0,0.0,0.0,0.0,0.0,0.0,0.0,0.0,0,0,0,True,0,0.0,True,
Mask_no_oil/00046.tif,True,2048,2048,1,uint8,,,,1,0.0,0.0,0.0,0.0,0.0,0.0,0.0,0.0,0.0,0.0,0.0,0.0,0,0,0,True,0,0.0,True,
Mask_no_oil/00047.tif,True,2048,2048,1,uint8,,,,1,0.0,0.0,0.0,0.0,0.0,0.0,0.0,0.0,0.0,0.0,0.0,0.0,0,0,0,True,0,0.0,True,
Mask_no_oil/00048.tif,True,2048,2048,1,uint8,,,,1,0.0,0.0,0.0,0.0,0.0,0.0,0.0,0.0,0.0,0.0,0.0,0.0,0,0,0,True,0,0.0,True,
Mask_no_oil/00049.tif,True,2048,2048,1,uint8,,,,1,0.0,0.0,0.0,0.0,0.0,0.0,0.0,0.0,0.0,0.0,0.0,0.0,0,0,0,True,0,0.0,True,
Mask_no_oil/00050.tif,True,2048,2048,1,uint8,,,,1,0.0,0.0,0.0,0.0,0.0,0.0,0.0,0.0,0.0,0.0,0.0,0.0,0,0,0,True,0,0.0,True,
Mask_no_oil/00051.tif,True,2048,2048,1,uint8,,,,1,0.0,0.0,0.0,0.0,0.0,0.0,0.0,0.0,0.0,0.0,0.0,0.0,0,0,0,True,0,0.0,True,
Mask_no_oil/00052.tif,True,2048,2048,1,uint8,,,,1,0.0,0.0,0.0,0.0,0.0,0.0,0.0,0.0,0.0,0.0,0.0,0.0,0,0,0,True,0,0.0,True,
Mask_no_oil/00053.tif,True,2048,2048,1,uint8,,,,1,0.0,0.0,0.0,0.0,0.0,0.0,0.0,0.0,0.0,0.0,0.0,0.0,0,0,0,True,0,0.0,True,
Mask_no_oil/00054.tif,True,2048,2048,1,uint8,,,,1,0.0,0.0,0.0,0.0,0.0,0.0,0.0,0.0,0.0,0.0,0.0,0.0,0,0,0,True,0,0.0,True,
Mask_no_oil/00055.tif,True,2048,2048,1,uint8,,,,1,0.0,0.0,0.0,0.0,0.0,0.0,0.0,0.0,0.0,0.0,0.0,0.0,0,0,0,True,0,0.0,True,
Mask_no_oil/00056.tif,True,2048,2048,1,uint8,,,,1,0.0,0.0,0.0,0.0,0.0,0.0,0.0,0.0,0.0,0.0,0.0,0.0,0,0,0,True,0,0.0,True,
Mask_no_oil/00057.tif,True,2048,2048,1,uint8,,,,1,0.0,0.0,0.0,0.0,0.0,0.0,0.0,0.0,0.0,0.0,0.0,0.0,0,0,0,True,0,0.0,True,
Mask_no_oil/00058.tif,True,2048,2048,1,uint8,,,,1,0.0,0.0,0.0,0.0,0.0,0.0,0.0,0.0,0.0,0.0,0.0,0.0,0,0,0,True,0,0.0,True,
Mask_no_oil/00059.tif,True,2048,2048,1,uint8,,,,1,0.0,0.0,0.0,0.0,0.0,0.0,0.0,0.0,0.0,0.0,0.0,0.0,0,0,0,True,0,0.0,True,
Mask_no_oil/00060.tif,True,2048,2048,1,uint8,,,,1,0.0,0.0,0.0,0.0,0.0,0.0,0.0,0.0,0.0,0.0,0.0,0.0,0,0,0,True,0,0.0,True,
Mask_no_oil/00061.tif,True,2048,2048,1,uint8,,,,1,0.0,0.0,0.0,0.0,0.0,0.0,0.0,0.0,0.0,0.0,0.0,0.0,0,0,0,True,0,0.0,True,
Mask_no_oil/00062.tif,True,2048,2048,1,uint8,,,,1,0.0,0.0,0.0,0.0,0.0,0.0,0.0,0.0,0.0,0.0,0.0,0.0,0,0,0,True,0,0.0,True,
Mask_no_oil/00063.tif,True,2048,2048,1,uint8,,,,1,0.0,0.0,0.0,0.0,0.0,0.0,0.0,0.0,0.0,0.0,0.0,0.0,0,0,0,True,0,0.0,True,
Mask_no_oil/00064.tif,True,2048,2048,1,uint8,,,,1,0.0,0.0,0.0,0.0,0.0,0.0,0.0,0.0,0.0,0.0,0.0,0.0,0,0,0,True,0,0.0,True,
Mask_no_oil/00065.tif,True,2048,2048,1,uint8,,,,1,0.0,0.0,0.0,0.0,0.0,0.0,0.0,0.0,0.0,0.0,0.0,0.0,0,0,0,True,0,0.0,True,
Mask_no_oil/00066.tif,True,2048,2048,1,uint8,,,,1,0.0,0.0,0.0,0.0,0.0,0.0,0.0,0.0,0.0,0.0,0.0,0.0,0,0,0,True,0,0.0,True,
Mask_no_oil/00067.tif,True,2048,2048,1,uint8,,,,1,0.0,0.0,0.0,0.0,0.0,0.0,0.0,0.0,0.0,0.0,0.0,0.0,0,0,0,True,0,0.0,True,
Mask_no_oil/00068.tif,True,2048,2048,1,uint8,,,,1,0.0,0.0,0.0,0.0,0.0,0.0,0.0,0.0,0.0,0.0,0.0,0.0,0,0,0,True,0,0.0,True,
Mask_no_oil/00069.tif,True,2048,2048,1,uint8,,,,1,0.0,0.0,0.0,0.0,0.0,0.0,0.0,0.0,0.0,0.0,0.0,0.0,0,0,0,True,0,0.0,True,
Mask_no_oil/00070.tif,True,2048,2048,1,uint8,,,,1,0.0,0.0,0.0,0.0,0.0,0.0,0.0,0.0,0.0,0.0,0.0,0.0,0,0,0,True,0,0.0,True,
Mask_no_oil/00071.tif,True,2048,2048,1,uint8,,,,1,0.0,0.0,0.0,0.0,0.0,0.0,0.0,0.0,0.0,0.0,0.0,0.0,0,0,0,True,0,0.0,True,
Mask_no_oil/00072.tif,True,2048,2048,1,uint8,,,,1,0.0,0.0,0.0,0.0,0.0,0.0,0.0,0.0,0.0,0.0,0.0,0.0,0,0,0,True,0,0.0,True,
Mask_no_oil/00073.tif,True,2048,2048,1,uint8,,,,1,0.0,0.0,0.0,0.0,0.0,0.0,0.0,0.0,0.0,0.0,0.0,0.0,0,0,0,True,0,0.0,True,
Mask_no_oil/00074.tif,True,2048,2048,1,uint8,,,,1,0.0,0.0,0.0,0.0,0.0,0.0,0.0,0.0,0.0,0.0,0.0,0.0,0,0,0,True,0,0.0,True,
Mask_no_oil/00075.tif,True,2048,2048,1,uint8,,,,1,0.0,0.0,0.0,0.0,0.0,0.0,0.0,0.0,0.0,0.0,0.0,0.0,0,0,0,True,0,0.0,True,
Mask_no_oil/00076.tif,True,2048,2048,1,uint8,,,,1,0.0,0.0,0.0,0.0,0.0,0.0,0.0,0.0,0.0,0.0,0.0,0.0,0,0,0,True,0,0.0,True,
Mask_no_oil/00077.tif,True,2048,2048,1,uint8,,,,1,0.0,0.0,0.0,0.0,0.0,0.0,0.0,0.0,0.0,0.0,0.0,0.0,0,0,0,True,0,0.0,True,
Mask_no_oil/00078.tif,True,2048,2048,1,uint8,,,,1,0.0,0.0,0.0,0.0,0.0,0.0,0.0,0.0,0.0,0.0,0.0,0.0,0,0,0,True,0,0.0,True,
Mask_no_oil/00079.tif,True,2048,2048,1,uint8,,,,1,0.0,0.0,0.0,0.0,0.0,0.0,0.0,0.0,0.0,0.0,0.0,0.0,0,0,0,True,0,0.0,True,
Mask_no_oil/00080.tif,True,2048,2048,1,uint8,,,,1,0.0,0.0,0.0,0.0,0.0,0.0,0.0,0.0,0.0,0.0,0.0,0.0,0,0,0,True,0,0.0,True,
Mask_no_oil/00081.tif,True,2048,2048,1,uint8,,,,1,0.0,0.0,0.0,0.0,0.0,0.0,0.0,0.0,0.0,0.0,0.0,0.0,0,0,0,True,0,0.0,True,
Mask_no_oil/00082.tif,True,2048,2048,1,uint8,,,,1,0.0,0.0,0.0,0.0,0.0,0.0,0.0,0.0,0.0,0.0,0.0,0.0,0,0,0,True,0,0.0,True,
Mask_no_oil/00083.tif,True,2048,2048,1,uint8,,,,1,0.0,0.0,0.0,0.0,0.0,0.0,0.0,0.0,0.0,0.0,0.0,0.0,0,0,0,True,0,0.0,True,
Mask_no_oil/00084.tif,True,2048,2048,1,uint8,,,,1,0.0,0.0,0.0,0.0,0.0,0.0,0.0,0.0,0.0,0.0,0.0,0.0,0,0,0,True,0,0.0,True,
Mask_no_oil/00085.tif,True,2048,2048,1,uint8,,,,1,0.0,0.0,0.0,0.0,0.0,0.0,0.0,0.0,0.0,0.0,0.0,0.0,0,0,0,True,0,0.0,True,
Mask_no_oil/00086.tif,True,2048,2048,1,uint8,,,,1,0.0,0.0,0.0,0.0,0.0,0.0,0.0,0.0,0.0,0.0,0.0,0.0,0,0,0,True,0,0.0,True,
Mask_no_oil/00087.tif,True,2048,2048,1,uint8,,,,1,0.0,0.0,0.0,0.0,0.0,0.0,0.0,0.0,0.0,0.0,0.0,0.0,0,0,0,True,0,0.0,True,
Mask_no_oil/00088.tif,True,2048,2048,1,uint8,,,,1,0.0,0.0,0.0,0.0,0.0,0.0,0.0,0.0,0.0,0.0,0.0,0.0,0,0,0,True,0,0.0,True,
Mask_no_oil/00089.tif,True,2048,2048,1,uint8,,,,1,0.0,0.0,0.0,0.0,0.0,0.0,0.0,0.0,0.0,0.0,0.0,0.0,0,0,0,True,0,0.0,True,
Mask_no_oil/00090.tif,True,2048,2048,1,uint8,,,,1,0.0,0.0,0.0,0.0,0.0,0.0,0.0,0.0,0.0,0.0,0.0,0.0,0,0,0,True,0,0.0,True,
Mask_no_oil/00091.tif,True,2048,2048,1,uint8,,,,1,0.0,0.0,0.0,0.0,0.0,0.0,0.0,0.0,0.0,0.0,0.0,0.0,0,0,0,True,0,0.0,True,
Mask_no_oil/00092.tif,True,2048,2048,1,uint8,,,,1,0.0,0.0,0.0,0.0,0.0,0.0,0.0,0.0,0.0,0.0,0.0,0.0,0,0,0,True,0,0.0,True,
Mask_no_oil/00093.tif,True,2048,2048,1,uint8,,,,1,0.0,0.0,0.0,0.0,0.0,0.0,0.0,0.0,0.0,0.0,0.0,0.0,0,0,0,True,0,0.0,True,
Mask_no_oil/00094.tif,True,2048,2048,1,uint8,,,,1,0.0,0.0,0.0,0.0,0.0,0.0,0.0,0.0,0.0,0.0,0.0,0.0,0,0,0,True,0,0.0,True,
Mask_no_oil/00095.tif,True,2048,2048,1,uint8,,,,1,0.0,0.0,0.0,0.0,0.0,0.0,0.0,0.0,0.0,0.0,0.0,0.0,0,0,0,True,0,0.0,True,
Mask_no_oil/00096.tif,True,2048,2048,1,uint8,,,,1,0.0,0.0,0.0,0.0,0.0,0.0,0.0,0.0,0.0,0.0,0.0,0.0,0,0,0,True,0,0.0,True,
Mask_no_oil/00097.tif,True,2048,2048,1,uint8,,,,1,0.0,0.0,0.0,0.0,0.0,0.0,0.0,0.0,0.0,0.0,0.0,0.0,0,0,0,True,0,0.0,True,
Mask_no_oil/00098.tif,True,2048,2048,1,uint8,,,,1,0.0,0.0,0.0,0.0,0.0,0.0,0.0,0.0,0.0,0.0,0.0,0.0,0,0,0,True,0,0.0,True,
Mask_no_oil/00099.tif,True,2048,2048,1,uint8,,,,1,0.0,0.0,0.0,0.0,0.0,0.0,0.0,0.0,0.0,0.0,0.0,0.0,0,0,0,True,0,0.0,True,
Mask_no_oil/00100.tif,True,2048,2048,1,uint8,,,,1,0.0,0.0,0.0,0.0,0.0,0.0,0.0,0.0,0.0,0.0,0.0,0.0,0,0,0,True,0,0.0,True,
Mask_no_oil/00101.tif,True,2048,2048,1,uint8,,,,1,0.0,0.0,0.0,0.0,0.0,0.0,0.0,0.0,0.0,0.0,0.0,0.0,0,0,0,True,0,0.0,True,
Mask_no_oil/00102.tif,True,2048,2048,1,uint8,,,,1,0.0,0.0,0.0,0.0,0.0,0.0,0.0,0.0,0.0,0.0,0.0,0.0,0,0,0,True,0,0.0,True,
Mask_no_oil/00103.tif,True,2048,2048,1,uint8,,,,1,0.0,0.0,0.0,0.0,0.0,0.0,0.0,0.0,0.0,0.0,0.0,0.0,0,0,0,True,0,0.0,True,
Mask_no_oil/00104.tif,True,2048,2048,1,uint8,,,,1,0.0,0.0,0.0,0.0,0.0,0.0,0.0,0.0,0.0,0.0,0.0,0.0,0,0,0,True,0,0.0,True,
Mask_no_oil/00105.tif,True,2048,2048,1,uint8,,,,1,0.0,0.0,0.0,0.0,0.0,0.0,0.0,0.0,0.0,0.0,0.0,0.0,0,0,0,True,0,0.0,True,
Mask_no_oil/00106.tif,True,2048,2048,1,uint8,,,,1,0.0,0.0,0.0,0.0,0.0,0.0,0.0,0.0,0.0,0.0,0.0,0.0,0,0,0,True,0,0.0,True,
Mask_no_oil/00107.tif,True,2048,2048,1,uint8,,,,1,0.0,0.0,0.0,0.0,0.0,0.0,0.0,0.0,0.0,0.0,0.0,0.0,0,0,0,True,0,0.0,True,
Mask_no_oil/00108.tif,True,2048,2048,1,uint8,,,,1,0.0,0.0,0.0,0.0,0.0,0.0,0.0,0.0,0.0,0.0,0.0,0.0,0,0,0,True,0,0.0,True,
Mask_no_oil/00109.tif,True,2048,2048,1,uint8,,,,1,0.0,0.0,0.0,0.0,0.0,0.0,0.0,0.0,0.0,0.0,0.0,0.0,0,0,0,True,0,0.0,True,
Mask_no_oil/00110.tif,True,2048,2048,1,uint8,,,,1,0.0,0.0,0.0,0.0,0.0,0.0,0.0,0.0,0.0,0.0,0.0,0.0,0,0,0,True,0,0.0,True,
Mask_no_oil/00111.tif,True,2048,2048,1,uint8,,,,1,0.0,0.0,0.0,0.0,0.0,0.0,0.0,0.0,0.0,0.0,0.0,0.0,0,0,0,True,0,0.0,True,
Mask_no_oil/00112.tif,True,2048,2048,1,uint8,,,,1,0.0,0.0,0.0,0.0,0.0,0.0,0.0,0.0,0.0,0.0,0.0,0.0,0,0,0,True,0,0.0,True,
Mask_no_oil/00113.tif,True,2048,2048,1,uint8,,,,1,0.0,0.0,0.0,0.0,0.0,0.0,0.0,0.0,0.0,0.0,0.0,0.0,0,0,0,True,0,0.0,True,
Mask_no_oil/00114.tif,True,2048,2048,1,uint8,,,,1,0.0,0.0,0.0,0.0,0.0,0.0,0.0,0.0,0.0,0.0,0.0,0.0,0,0,0,True,0,0.0,True,
Mask_no_oil/00115.tif,True,2048,2048,1,uint8,,,,1,0.0,0.0,0.0,0.0,0.0,0.0,0.0,0.0,0.0,0.0,0.0,0.0,0,0,0,True,0,0.0,True,
Mask_no_oil/00116.tif,True,2048,2048,1,uint8,,,,1,0.0,0.0,0.0,0.0,0.0,0.0,0.0,0.0,0.0,0.0,0.0,0.0,0,0,0,True,0,0.0,True,
Mask_no_oil/00117.tif,True,2048,2048,1,uint8,,,,1,0.0,0.0,0.0,0.0,0.0,0.0,0.0,0.0,0.0,0.0,0.0,0.0,0,0,0,True,0,0.0,True,
Mask_no_oil/00118.tif,True,2048,2048,1,uint8,,,,1,0.0,0.0,0.0,0.0,0.0,0.0,0.0,0.0,0.0,0.0,0.0,0.0,0,0,0,True,0,0.0,True,
Mask_no_oil/00119.tif,True,2048,2048,1,uint8,,,,1,0.0,0.0,0.0,0.0,0.0,0.0,0.0,0.0,0.0,0.0,0.0,0.0,0,0,0,True,0,0.0,True,
Mask_no_oil/00120.tif,True,2048,2048,1,uint8,,,,1,0.0,0.0,0.0,0.0,0.0,0.0,0.0,0.0,0.0,0.0,0.0,0.0,0,0,0,True,0,0.0,True,
Mask_no_oil/00121.tif,True,2048,2048,1,uint8,,,,1,0.0,0.0,0.0,0.0,0.0,0.0,0.0,0.0,0.0,0.0,0.0,0.0,0,0,0,True,0,0.0,True,
Mask_no_oil/00122.tif,True,2048,2048,1,uint8,,,,1,0.0,0.0,0.0,0.0,0.0,0.0,0.0,0.0,0.0,0.0,0.0,0.0,0,0,0,True,0,0.0,True,
Mask_no_oil/00123.tif,True,2048,2048,1,uint8,,,,1,0.0,0.0,0.0,0.0,0.0,0.0,0.0,0.0,0.0,0.0,0.0,0.0,0,0,0,True,0,0.0,True,
Mask_no_oil/00124.tif,True,2048,2048,1,uint8,,,,1,0.0,0.0,0.0,0.0,0.0,0.0,0.0,0.0,0.0,0.0,0.0,0.0,0,0,0,True,0,0.0,True,
Mask_no_oil/00125.tif,True,2048,2048,1,uint8,,,,1,0.0,0.0,0.0,0.0,0.0,0.0,0.0,0.0,0.0,0.0,0.0,0.0,0,0,0,True,0,0.0,True,
Mask_no_oil/00126.tif,True,2048,2048,1,uint8,,,,1,0.0,0.0,0.0,0.0,0.0,0.0,0.0,0.0,0.0,0.0,0.0,0.0,0,0,0,True,0,0.0,True,
Mask_no_oil/00127.tif,True,2048,2048,1,uint8,,,,1,0.0,0.0,0.0,0.0,0.0,0.0,0.0,0.0,0.0,0.0,0.0,0.0,0,0,0,True,0,0.0,True,
Mask_no_oil/00128.tif,True,2048,2048,1,uint8,,,,1,0.0,0.0,0.0,0.0,0.0,0.0,0.0,0.0,0.0,0.0,0.0,0.0,0,0,0,True,0,0.0,True,
Mask_no_oil/00129.tif,True,2048,2048,1,uint8,,,,1,0.0,0.0,0.0,0.0,0.0,0.0,0.0,0.0,0.0,0.0,0.0,0.0,0,0,0,True,0,0.0,True,
Mask_no_oil/00130.tif,True,2048,2048,1,uint8,,,,1,0.0,0.0,0.0,0.0,0.0,0.0,0.0,0.0,0.0,0.0,0.0,0.0,0,0,0,True,0,0.0,True,
Mask_no_oil/00131.tif,True,2048,2048,1,uint8,,,,1,0.0,0.0,0.0,0.0,0.0,0.0,0.0,0.0,0.0,0.0,0.0,0.0,0,0,0,True,0,0.0,True,
Mask_no_oil/00132.tif,True,2048,2048,1,uint8,,,,1,0.0,0.0,0.0,0.0,0.0,0.0,0.0,0.0,0.0,0.0,0.0,0.0,0,0,0,True,0,0.0,True,
Mask_no_oil/00133.tif,True,2048,2048,1,uint8,,,,1,0.0,0.0,0.0,0.0,0.0,0.0,0.0,0.0,0.0,0.0,0.0,0.0,0,0,0,True,0,0.0,True,
Mask_no_oil/00134.tif,True,2048,2048,1,uint8,,,,1,0.0,0.0,0.0,0.0,0.0,0.0,0.0,0.0,0.0,0.0,0.0,0.0,0,0,0,True,0,0.0,True,
Mask_no_oil/00135.tif,True,2048,2048,1,uint8,,,,1,0.0,0.0,0.0,0.0,0.0,0.0,0.0,0.0,0.0,0.0,0.0,0.0,0,0,0,True,0,0.0,True,
Mask_no_oil/00136.tif,True,2048,2048,1,uint8,,,,1,0.0,0.0,0.0,0.0,0.0,0.0,0.0,0.0,0.0,0.0,0.0,0.0,0,0,0,True,0,0.0,True,
Mask_no_oil/00137.tif,True,2048,2048,1,uint8,,,,1,0.0,0.0,0.0,0.0,0.0,0.0,0.0,0.0,0.0,0.0,0.0,0.0,0,0,0,True,0,0.0,True,
Mask_no_oil/00138.tif,True,2048,2048,1,uint8,,,,1,0.0,0.0,0.0,0.0,0.0,0.0,0.0,0.0,0.0,0.0,0.0,0.0,0,0,0,True,0,0.0,True,
Mask_no_oil/00139.tif,True,2048,2048,1,uint8,,,,1,0.0,0.0,0.0,0.0,0.0,0.0,0.0,0.0,0.0,0.0,0.0,0.0,0,0,0,True,0,0.0,True,
Mask_no_oil/00140.tif,True,2048,2048,1,uint8,,,,1,0.0,0.0,0.0,0.0,0.0,0.0,0.0,0.0,0.0,0.0,0.0,0.0,0,0,0,True,0,0.0,True,
Mask_no_oil/00141.tif,True,2048,2048,1,uint8,,,,1,0.0,0.0,0.0,0.0,0.0,0.0,0.0,0.0,0.0,0.0,0.0,0.0,0,0,0,True,0,0.0,True,
Mask_no_oil/00142.tif,True,2048,2048,1,uint8,,,,1,0.0,0.0,0.0,0.0,0.0,0.0,0.0,0.0,0.0,0.0,0.0,0.0,0,0,0,True,0,0.0,True,
Mask_no_oil/00143.tif,True,2048,2048,1,uint8,,,,1,0.0,0.0,0.0,0.0,0.0,0.0,0.0,0.0,0.0,0.0,0.0,0.0,0,0,0,True,0,0.0,True,
Mask_no_oil/00144.tif,True,2048,2048,1,uint8,,,,1,0.0,0.0,0.0,0.0,0.0,0.0,0.0,0.0,0.0,0.0,0.0,0.0,0,0,0,True,0,0.0,True,
Mask_no_oil/00145.tif,True,2048,2048,1,uint8,,,,1,0.0,0.0,0.0,0.0,0.0,0.0,0.0,0.0,0.0,0.0,0.0,0.0,0,0,0,True,0,0.0,True,
Mask_no_oil/00146.tif,True,2048,2048,1,uint8,,,,1,0.0,0.0,0.0,0.0,0.0,0.0,0.0,0.0,0.0,0.0,0.0,0.0,0,0,0,True,0,0.0,True,
Mask_no_oil/00147.tif,True,2048,2048,1,uint8,,,,1,0.0,0.0,0.0,0.0,0.0,0.0,0.0,0.0,0.0,0.0,0.0,0.0,0,0,0,True,0,0.0,True,
Mask_no_oil/00148.tif,True,2048,2048,1,uint8,,,,1,0.0,0.0,0.0,0.0,0.0,0.0,0.0,0.0,0.0,0.0,0.0,0.0,0,0,0,True,0,0.0,True,
Mask_no_oil/00149.tif,True,2048,2048,1,uint8,,,,1,0.0,0.0,0.0,0.0,0.0,0.0,0.0,0.0,0.0,0.0,0.0,0.0,0,0,0,True,0,0.0,True,
Mask_no_oil/00150.tif,True,2048,2048,1,uint8,,,,1,0.0,0.0,0.0,0.0,0.0,0.0,0.0,0.0,0.0,0.0,0.0,0.0,0,0,0,True,0,0.0,True,
Mask_no_oil/00151.tif,True,2048,2048,1,uint8,,,,1,0.0,0.0,0.0,0.0,0.0,0.0,0.0,0.0,0.0,0.0,0.0,0.0,0,0,0,True,0,0.0,True,
Mask_no_oil/00152.tif,True,2048,2048,1,uint8,,,,1,0.0,0.0,0.0,0.0,0.0,0.0,0.0,0.0,0.0,0.0,0.0,0.0,0,0,0,True,0,0.0,True,
Mask_no_oil/00153.tif,True,2048,2048,1,uint8,,,,1,0.0,0.0,0.0,0.0,0.0,0.0,0.0,0.0,0.0,0.0,0.0,0.0,0,0,0,True,0,0.0,True,
Mask_no_oil/00154.tif,True,2048,2048,1,uint8,,,,1,0.0,0.0,0.0,0.0,0.0,0.0,0.0,0.0,0.0,0.0,0.0,0.0,0,0,0,True,0,0.0,True,
Mask_no_oil/00155.tif,True,2048,2048,1,uint8,,,,1,0.0,0.0,0.0,0.0,0.0,0.0,0.0,0.0,0.0,0.0,0.0,0.0,0,0,0,True,0,0.0,True,
Mask_no_oil/00156.tif,True,2048,2048,1,uint8,,,,1,0.0,0.0,0.0,0.0,0.0,0.0,0.0,0.0,0.0,0.0,0.0,0.0,0,0,0,True,0,0.0,True,
Mask_no_oil/00157.tif,True,2048,2048,1,uint8,,,,1,0.0,0.0,0.0,0.0,0.0,0.0,0.0,0.0,0.0,0.0,0.0,0.0,0,0,0,True,0,0.0,True,
Mask_no_oil/00158.tif,True,2048,2048,1,uint8,,,,1,0.0,0.0,0.0,0.0,0.0,0.0,0.0,0.0,0.0,0.0,0.0,0.0,0,0,0,True,0,0.0,True,
Mask_no_oil/00159.tif,True,2048,2048,1,uint8,,,,1,0.0,0.0,0.0,0.0,0.0,0.0,0.0,0.0,0.0,0.0,0.0,0.0,0,0,0,True,0,0.0,True,
Mask_no_oil/00160.tif,True,2048,2048,1,uint8,,,,1,0.0,0.0,0.0,0.0,0.0,0.0,0.0,0.0,0.0,0.0,0.0,0.0,0,0,0,True,0,0.0,True,
Mask_no_oil/00161.tif,True,2048,2048,1,uint8,,,,1,0.0,0.0,0.0,0.0,0.0,0.0,0.0,0.0,0.0,0.0,0.0,0.0,0,0,0,True,0,0.0,True,
Mask_no_oil/00162.tif,True,2048,2048,1,uint8,,,,1,0.0,0.0,0.0,0.0,0.0,0.0,0.0,0.0,0.0,0.0,0.0,0.0,0,0,0,True,0,0.0,True,
Mask_no_oil/00163.tif,True,2048,2048,1,uint8,,,,1,0.0,0.0,0.0,0.0,0.0,0.0,0.0,0.0,0.0,0.0,0.0,0.0,0,0,0,True,0,0.0,True,
Mask_no_oil/00164.tif,True,2048,2048,1,uint8,,,,1,0.0,0.0,0.0,0.0,0.0,0.0,0.0,0.0,0.0,0.0,0.0,0.0,0,0,0,True,0,0.0,True,
Mask_no_oil/00165.tif,True,2048,2048,1,uint8,,,,1,0.0,0.0,0.0,0.0,0.0,0.0,0.0,0.0,0.0,0.0,0.0,0.0,0,0,0,True,0,0.0,True,
Mask_no_oil/00166.tif,True,2048,2048,1,uint8,,,,1,0.0,0.0,0.0,0.0,0.0,0.0,0.0,0.0,0.0,0.0,0.0,0.0,0,0,0,True,0,0.0,True,
Mask_no_oil/00167.tif,True,2048,2048,1,uint8,,,,1,0.0,0.0,0.0,0.0,0.0,0.0,0.0,0.0,0.0,0.0,0.0,0.0,0,0,0,True,0,0.0,True,
Mask_no_oil/00168.tif,True,2048,2048,1,uint8,,,,1,0.0,0.0,0.0,0.0,0.0,0.0,0.0,0.0,0.0,0.0,0.0,0.0,0,0,0,True,0,0.0,True,
Mask_no_oil/00169.tif,True,2048,2048,1,uint8,,,,1,0.0,0.0,0.0,0.0,0.0,0.0,0.0,0.0,0.0,0.0,0.0,0.0,0,0,0,True,0,0.0,True,
Mask_no_oil/00170.tif,True,2048,2048,1,uint8,,,,1,0.0,0.0,0.0,0.0,0.0,0.0,0.0,0.0,0.0,0.0,0.0,0.0,0,0,0,True,0,0.0,True,
Mask_no_oil/00171.tif,True,2048,2048,1,uint8,,,,1,0.0,0.0,0.0,0.0,0.0,0.0,0.0,0.0,0.0,0.0,0.0,0.0,0,0,0,True,0,0.0,True,
Mask_no_oil/00172.tif,True,2048,2048,1,uint8,,,,1,0.0,0.0,0.0,0.0,0.0,0.0,0.0,0.0,0.0,0.0,0.0,0.0,0,0,0,True,0,0.0,True,
Mask_no_oil/00173.tif,True,2048,2048,1,uint8,,,,1,0.0,0.0,0.0,0.0,0.0,0.0,0.0,0.0,0.0,0.0,0.0,0.0,0,0,0,True,0,0.0,True,
Mask_no_oil/00174.tif,True,2048,2048,1,uint8,,,,1,0.0,0.0,0.0,0.0,0.0,0.0,0.0,0.0,0.0,0.0,0.0,0.0,0,0,0,True,0,0.0,True,
Mask_no_oil/00175.tif,True,2048,2048,1,uint8,,,,1,0.0,0.0,0.0,0.0,0.0,0.0,0.0,0.0,0.0,0.0,0.0,0.0,0,0,0,True,0,0.0,True,
Mask_no_oil/00176.tif,True,2048,2048,1,uint8,,,,1,0.0,0.0,0.0,0.0,0.0,0.0,0.0,0.0,0.0,0.0,0.0,0.0,0,0,0,True,0,0.0,True,
Mask_no_oil/00177.tif,True,2048,2048,1,uint8,,,,1,0.0,0.0,0.0,0.0,0.0,0.0,0.0,0.0,0.0,0.0,0.0,0.0,0,0,0,True,0,0.0,True,
Mask_no_oil/00178.tif,True,2048,2048,1,uint8,,,,1,0.0,0.0,0.0,0.0,0.0,0.0,0.0,0.0,0.0,0.0,0.0,0.0,0,0,0,True,0,0.0,True,
Mask_no_oil/00179.tif,True,2048,2048,1,uint8,,,,1,0.0,0.0,0.0,0.0,0.0,0.0,0.0,0.0,0.0,0.0,0.0,0.0,0,0,0,True,0,0.0,True,
Mask_no_oil/00180.tif,True,2048,2048,1,uint8,,,,1,0.0,0.0,0.0,0.0,0.0,0.0,0.0,0.0,0.0,0.0,0.0,0.0,0,0,0,True,0,0.0,True,
Mask_no_oil/00181.tif,True,2048,2048,1,uint8,,,,1,0.0,0.0,0.0,0.0,0.0,0.0,0.0,0.0,0.0,0.0,0.0,0.0,0,0,0,True,0,0.0,True,
Mask_no_oil/00182.tif,True,2048,2048,1,uint8,,,,1,0.0,0.0,0.0,0.0,0.0,0.0,0.0,0.0,0.0,0.0,0.0,0.0,0,0,0,True,0,0.0,True,
Mask_no_oil/00183.tif,True,2048,2048,1,uint8,,,,1,0.0,0.0,0.0,0.0,0.0,0.0,0.0,0.0,0.0,0.0,0.0,0.0,0,0,0,True,0,0.0,True,
Mask_no_oil/00184.tif,True,2048,2048,1,uint8,,,,1,0.0,0.0,0.0,0.0,0.0,0.0,0.0,0.0,0.0,0.0,0.0,0.0,0,0,0,True,0,0.0,True,
Mask_no_oil/00185.tif,True,2048,2048,1,uint8,,,,1,0.0,0.0,0.0,0.0,0.0,0.0,0.0,0.0,0.0,0.0,0.0,0.0,0,0,0,True,0,0.0,True,
Mask_no_oil/00186.tif,True,2048,2048,1,uint8,,,,1,0.0,0.0,0.0,0.0,0.0,0.0,0.0,0.0,0.0,0.0,0.0,0.0,0,0,0,True,0,0.0,True,
Mask_no_oil/00187.tif,True,2048,2048,1,uint8,,,,1,0.0,0.0,0.0,0.0,0.0,0.0,0.0,0.0,0.0,0.0,0.0,0.0,0,0,0,True,0,0.0,True,
Mask_no_oil/00188.tif,True,2048,2048,1,uint8,,,,1,0.0,0.0,0.0,0.0,0.0,0.0,0.0,0.0,0.0,0.0,0.0,0.0,0,0,0,True,0,0.0,True,
Mask_no_oil/00189.tif,True,2048,2048,1,uint8,,,,1,0.0,0.0,0.0,0.0,0.0,0.0,0.0,0.0,0.0,0.0,0.0,0.0,0,0,0,True,0,0.0,True,
Mask_no_oil/00190.tif,True,2048,2048,1,uint8,,,,1,0.0,0.0,0.0,0.0,0.0,0.0,0.0,0.0,0.0,0.0,0.0,0.0,0,0,0,True,0,0.0,True,
Mask_no_oil/00191.tif,True,2048,2048,1,uint8,,,,1,0.0,0.0,0.0,0.0,0.0,0.0,0.0,0.0,0.0,0.0,0.0,0.0,0,0,0,True,0,0.0,True,
Mask_no_oil/00192.tif,True,2048,2048,1,uint8,,,,1,0.0,0.0,0.0,0.0,0.0,0.0,0.0,0.0,0.0,0.0,0.0,0.0,0,0,0,True,0,0.0,True,
Mask_no_oil/00193.tif,True,2048,2048,1,uint8,,,,1,0.0,0.0,0.0,0.0,0.0,0.0,0.0,0.0,0.0,0.0,0.0,0.0,0,0,0,True,0,0.0,True,
Mask_no_oil/00194.tif,True,2048,2048,1,uint8,,,,1,0.0,0.0,0.0,0.0,0.0,0.0,0.0,0.0,0.0,0.0,0.0,0.0,0,0,0,True,0,0.0,True,
Mask_no_oil/00195.tif,True,2048,2048,1,uint8,,,,1,0.0,0.0,0.0,0.0,0.0,0.0,0.0,0.0,0.0,0.0,0.0,0.0,0,0,0,True,0,0.0,True,
Mask_no_oil/00196.tif,True,2048,2048,1,uint8,,,,1,0.0,0.0,0.0,0.0,0.0,0.0,0.0,0.0,0.0,0.0,0.0,0.0,0,0,0,True,0,0.0,True,
Mask_no_oil/00197.tif,True,2048,2048,1,uint8,,,,1,0.0,0.0,0.0,0.0,0.0,0.0,0.0,0.0,0.0,0.0,0.0,0.0,0,0,0,True,0,0.0,True,
Mask_no_oil/00198.tif,True,2048,2048,1,uint8,,,,1,0.0,0.0,0.0,0.0,0.0,0.0,0.0,0.0,0.0,0.0,0.0,0.0,0,0,0,True,0,0.0,True,
Mask_no_oil/00199.tif,True,2048,2048,1,uint8,,,,1,0.0,0.0,0.0,0.0,0.0,0.0,0.0,0.0,0.0,0.0,0.0,0.0,0,0,0,True,0,0.0,True,
Mask_no_oil/00200.tif,True,2048,2048,1,uint8,,,,1,0.0,0.0,0.0,0.0,0.0,0.0,0.0,0.0,0.0,0.0,0.0,0.0,0,0,0,True,0,0.0,True,
Mask_no_oil/00201.tif,True,2048,2048,1,uint8,,,,1,0.0,0.0,0.0,0.0,0.0,0.0,0.0,0.0,0.0,0.0,0.0,0.0,0,0,0,True,0,0.0,True,
Mask_no_oil/00202.tif,True,2048,2048,1,uint8,,,,1,0.0,0.0,0.0,0.0,0.0,0.0,0.0,0.0,0.0,0.0,0.0,0.0,0,0,0,True,0,0.0,True,
Mask_no_oil/00203.tif,True,2048,2048,1,uint8,,,,1,0.0,0.0,0.0,0.0,0.0,0.0,0.0,0.0,0.0,0.0,0.0,0.0,0,0,0,True,0,0.0,True,
Mask_no_oil/00204.tif,True,2048,2048,1,uint8,,,,1,0.0,0.0,0.0,0.0,0.0,0.0,0.0,0.0,0.0,0.0,0.0,0.0,0,0,0,True,0,0.0,True,
Mask_no_oil/00205.tif,True,2048,2048,1,uint8,,,,1,0.0,0.0,0.0,0.0,0.0,0.0,0.0,0.0,0.0,0.0,0.0,0.0,0,0,0,True,0,0.0,True,
Mask_no_oil/00206.tif,True,2048,2048,1,uint8,,,,1,0.0,0.0,0.0,0.0,0.0,0.0,0.0,0.0,0.0,0.0,0.0,0.0,0,0,0,True,0,0.0,True,
Mask_no_oil/00207.tif,True,2048,2048,1,uint8,,,,1,0.0,0.0,0.0,0.0,0.0,0.0,0.0,0.0,0.0,0.0,0.0,0.0,0,0,0,True,0,0.0,True,
Mask_no_oil/00208.tif,True,2048,2048,1,uint8,,,,1,0.0,0.0,0.0,0.0,0.0,0.0,0.0,0.0,0.0,0.0,0.0,0.0,0,0,0,True,0,0.0,True,
Mask_no_oil/00209.tif,True,2048,2048,1,uint8,,,,1,0.0,0.0,0.0,0.0,0.0,0.0,0.0,0.0,0.0,0.0,0.0,0.0,0,0,0,True,0,0.0,True,
Mask_no_oil/00210.tif,True,2048,2048,1,uint8,,,,1,0.0,0.0,0.0,0.0,0.0,0.0,0.0,0.0,0.0,0.0,0.0,0.0,0,0,0,True,0,0.0,True,
Mask_no_oil/00211.tif,True,2048,2048,1,uint8,,,,1,0.0,0.0,0.0,0.0,0.0,0.0,0.0,0.0,0.0,0.0,0.0,0.0,0,0,0,True,0,0.0,True,
Mask_no_oil/00212.tif,True,2048,2048,1,uint8,,,,1,0.0,0.0,0.0,0.0,0.0,0.0,0.0,0.0,0.0,0.0,0.0,0.0,0,0,0,True,0,0.0,True,
Mask_no_oil/00213.tif,True,2048,2048,1,uint8,,,,1,0.0,0.0,0.0,0.0,0.0,0.0,0.0,0.0,0.0,0.0,0.0,0.0,0,0,0,True,0,0.0,True,
Mask_no_oil/00214.tif,True,2048,2048,1,uint8,,,,1,0.0,0.0,0.0,0.0,0.0,0.0,0.0,0.0,0.0,0.0,0.0,0.0,0,0,0,True,0,0.0,True,
Mask_no_oil/00215.tif,True,2048,2048,1,uint8,,,,1,0.0,0.0,0.0,0.0,0.0,0.0,0.0,0.0,0.0,0.0,0.0,0.0,0,0,0,True,0,0.0,True,
Mask_no_oil/00216.tif,True,2048,2048,1,uint8,,,,1,0.0,0.0,0.0,0.0,0.0,0.0,0.0,0.0,0.0,0.0,0.0,0.0,0,0,0,True,0,0.0,True,
Mask_no_oil/00217.tif,True,2048,2048,1,uint8,,,,1,0.0,0.0,0.0,0.0,0.0,0.0,0.0,0.0,0.0,0.0,0.0,0.0,0,0,0,True,0,0.0,True,
Mask_no_oil/00218.tif,True,2048,2048,1,uint8,,,,1,0.0,0.0,0.0,0.0,0.0,0.0,0.0,0.0,0.0,0.0,0.0,0.0,0,0,0,True,0,0.0,True,
Mask_no_oil/00219.tif,True,2048,2048,1,uint8,,,,1,0.0,0.0,0.0,0.0,0.0,0.0,0.0,0.0,0.0,0.0,0.0,0.0,0,0,0,True,0,0.0,True,
Mask_no_oil/00220.tif,True,2048,2048,1,uint8,,,,1,0.0,0.0,0.0,0.0,0.0,0.0,0.0,0.0,0.0,0.0,0.0,0.0,0,0,0,True,0,0.0,True,
Mask_no_oil/00221.tif,True,2048,2048,1,uint8,,,,1,0.0,0.0,0.0,0.0,0.0,0.0,0.0,0.0,0.0,0.0,0.0,0.0,0,0,0,True,0,0.0,True,
Mask_no_oil/00222.tif,True,2048,2048,1,uint8,,,,1,0.0,0.0,0.0,0.0,0.0,0.0,0.0,0.0,0.0,0.0,0.0,0.0,0,0,0,True,0,0.0,True,
Mask_no_oil/00223.tif,True,2048,2048,1,uint8,,,,1,0.0,0.0,0.0,0.0,0.0,0.0,0.0,0.0,0.0,0.0,0.0,0.0,0,0,0,True,0,0.0,True,
Mask_no_oil/00224.tif,True,2048,2048,1,uint8,,,,1,0.0,0.0,0.0,0.0,0.0,0.0,0.0,0.0,0.0,0.0,0.0,0.0,0,0,0,True,0,0.0,True,
Mask_no_oil/00225.tif,True,2048,2048,1,uint8,,,,1,0.0,0.0,0.0,0.0,0.0,0.0,0.0,0.0,0.0,0.0,0.0,0.0,0,0,0,True,0,0.0,True,
Mask_no_oil/00226.tif,True,2048,2048,1,uint8,,,,1,0.0,0.0,0.0,0.0,0.0,0.0,0.0,0.0,0.0,0.0,0.0,0.0,0,0,0,True,0,0.0,True,
Mask_no_oil/00227.tif,True,2048,2048,1,uint8,,,,1,0.0,0.0,0.0,0.0,0.0,0.0,0.0,0.0,0.0,0.0,0.0,0.0,0,0,0,True,0,0.0,True,
Mask_no_oil/00228.tif,True,2048,2048,1,uint8,,,,1,0.0,0.0,0.0,0.0,0.0,0.0,0.0,0.0,0.0,0.0,0.0,0.0,0,0,0,True,0,0.0,True,
Mask_no_oil/00229.tif,True,2048,2048,1,uint8,,,,1,0.0,0.0,0.0,0.0,0.0,0.0,0.0,0.0,0.0,0.0,0.0,0.0,0,0,0,True,0,0.0,True,
Mask_no_oil/00230.tif,True,2048,2048,1,uint8,,,,1,0.0,0.0,0.0,0.0,0.0,0.0,0.0,0.0,0.0,0.0,0.0,0.0,0,0,0,True,0,0.0,True,
Mask_no_oil/00231.tif,True,2048,2048,1,uint8,,,,1,0.0,0.0,0.0,0.0,0.0,0.0,0.0,0.0,0.0,0.0,0.0,0.0,0,0,0,True,0,0.0,True,
Mask_no_oil/00232.tif,True,2048,2048,1,uint8,,,,1,0.0,0.0,0.0,0.0,0.0,0.0,0.0,0.0,0.0,0.0,0.0,0.0,0,0,0,True,0,0.0,True,
Mask_no_oil/00233.tif,True,2048,2048,1,uint8,,,,1,0.0,0.0,0.0,0.0,0.0,0.0,0.0,0.0,0.0,0.0,0.0,0.0,0,0,0,True,0,0.0,True,
Mask_no_oil/00234.tif,True,2048,2048,1,uint8,,,,1,0.0,0.0,0.0,0.0,0.0,0.0,0.0,0.0,0.0,0.0,0.0,0.0,0,0,0,True,0,0.0,True,
Mask_no_oil/00235.tif,True,2048,2048,1,uint8,,,,1,0.0,0.0,0.0,0.0,0.0,0.0,0.0,0.0,0.0,0.0,0.0,0.0,0,0,0,True,0,0.0,True,
Mask_no_oil/00236.tif,True,2048,2048,1,uint8,,,,1,0.0,0.0,0.0,0.0,0.0,0.0,0.0,0.0,0.0,0.0,0.0,0.0,0,0,0,True,0,0.0,True,
Mask_no_oil/00237.tif,True,2048,2048,1,uint8,,,,1,0.0,0.0,0.0,0.0,0.0,0.0,0.0,0.0,0.0,0.0,0.0,0.0,0,0,0,True,0,0.0,True,
Mask_no_oil/00238.tif,True,2048,2048,1,uint8,,,,1,0.0,0.0,0.0,0.0,0.0,0.0,0.0,0.0,0.0,0.0,0.0,0.0,0,0,0,True,0,0.0,True,
Mask_no_oil/00239.tif,True,2048,2048,1,uint8,,,,1,0.0,0.0,0.0,0.0,0.0,0.0,0.0,0.0,0.0,0.0,0.0,0.0,0,0,0,True,0,0.0,True,
Mask_no_oil/00240.tif,True,2048,2048,1,uint8,,,,1,0.0,0.0,0.0,0.0,0.0,0.0,0.0,0.0,0.0,0.0,0.0,0.0,0,0,0,True,0,0.0,True,
Mask_no_oil/00241.tif,True,2048,2048,1,uint8,,,,1,0.0,0.0,0.0,0.0,0.0,0.0,0.0,0.0,0.0,0.0,0.0,0.0,0,0,0,True,0,0.0,True,
Mask_no_oil/00242.tif,True,2048,2048,1,uint8,,,,1,0.0,0.0,0.0,0.0,0.0,0.0,0.0,0.0,0.0,0.0,0.0,0.0,0,0,0,True,0,0.0,True,
Mask_no_oil/00243.tif,True,2048,2048,1,uint8,,,,1,0.0,0.0,0.0,0.0,0.0,0.0,0.0,0.0,0.0,0.0,0.0,0.0,0,0,0,True,0,0.0,True,
Mask_no_oil/00244.tif,True,2048,2048,1,uint8,,,,1,0.0,0.0,0.0,0.0,0.0,0.0,0.0,0.0,0.0,0.0,0.0,0.0,0,0,0,True,0,0.0,True,
Mask_no_oil/00245.tif,True,2048,2048,1,uint8,,,,1,0.0,0.0,0.0,0.0,0.0,0.0,0.0,0.0,0.0,0.0,0.0,0.0,0,0,0,True,0,0.0,True,
Mask_no_oil/00246.tif,True,2048,2048,1,uint8,,,,1,0.0,0.0,0.0,0.0,0.0,0.0,0.0,0.0,0.0,0.0,0.0,0.0,0,0,0,True,0,0.0,True,
Mask_no_oil/00247.tif,True,2048,2048,1,uint8,,,,1,0.0,0.0,0.0,0.0,0.0,0.0,0.0,0.0,0.0,0.0,0.0,0.0,0,0,0,True,0,0.0,True,
Mask_no_oil/00248.tif,True,2048,2048,1,uint8,,,,1,0.0,0.0,0.0,0.0,0.0,0.0,0.0,0.0,0.0,0.0,0.0,0.0,0,0,0,True,0,0.0,True,
Mask_no_oil/00249.tif,True,2048,2048,1,uint8,,,,1,0.0,0.0,0.0,0.0,0.0,0.0,0.0,0.0,0.0,0.0,0.0,0.0,0,0,0,True,0,0.0,True,
Mask_no_oil/00250.tif,True,2048,2048,1,uint8,,,,1,0.0,0.0,0.0,0.0,0.0,0.0,0.0,0.0,0.0,0.0,0.0,0.0,0,0,0,True,0,0.0,True,
Mask_no_oil/00251.tif,True,2048,2048,1,uint8,,,,1,0.0,0.0,0.0,0.0,0.0,0.0,0.0,0.0,0.0,0.0,0.0,0.0,0,0,0,True,0,0.0,True,
Mask_no_oil/00252.tif,True,2048,2048,1,uint8,,,,1,0.0,0.0,0.0,0.0,0.0,0.0,0.0,0.0,0.0,0.0,0.0,0.0,0,0,0,True,0,0.0,True,
Mask_no_oil/00253.tif,True,2048,2048,1,uint8,,,,1,0.0,0.0,0.0,0.0,0.0,0.0,0.0,0.0,0.0,0.0,0.0,0.0,0,0,0,True,0,0.0,True,
Mask_no_oil/00254.tif,True,2048,2048,1,uint8,,,,1,0.0,0.0,0.0,0.0,0.0,0.0,0.0,0.0,0.0,0.0,0.0,0.0,0,0,0,True,0,0.0,True,
Mask_no_oil/00255.tif,True,2048,2048,1,uint8,,,,1,0.0,0.0,0.0,0.0,0.0,0.0,0.0,0.0,0.0,0.0,0.0,0.0,0,0,0,True,0,0.0,True,
Mask_no_oil/00256.tif,True,2048,2048,1,uint8,,,,1,0.0,0.0,0.0,0.0,0.0,0.0,0.0,0.0,0.0,0.0,0.0,0.0,0,0,0,True,0,0.0,True,
Mask_no_oil/00257.tif,True,2048,2048,1,uint8,,,,1,0.0,0.0,0.0,0.0,0.0,0.0,0.0,0.0,0.0,0.0,0.0,0.0,0,0,0,True,0,0.0,True,
Mask_no_oil/00258.tif,True,2048,2048,1,uint8,,,,1,0.0,0.0,0.0,0.0,0.0,0.0,0.0,0.0,0.0,0.0,0.0,0.0,0,0,0,True,0,0.0,True,
Mask_no_oil/00259.tif,True,2048,2048,1,uint8,,,,1,0.0,0.0,0.0,0.0,0.0,0.0,0.0,0.0,0.0,0.0,0.0,0.0,0,0,0,True,0,0.0,True,
Mask_no_oil/00260.tif,True,2048,2048,1,uint8,,,,1,0.0,0.0,0.0,0.0,0.0,0.0,0.0,0.0,0.0,0.0,0.0,0.0,0,0,0,True,0,0.0,True,
Mask_no_oil/00261.tif,True,2048,2048,1,uint8,,,,1,0.0,0.0,0.0,0.0,0.0,0.0,0.0,0.0,0.0,0.0,0.0,0.0,0,0,0,True,0,0.0,True,
Mask_no_oil/00262.tif,True,2048,2048,1,uint8,,,,1,0.0,0.0,0.0,0.0,0.0,0.0,0.0,0.0,0.0,0.0,0.0,0.0,0,0,0,True,0,0.0,True,
Mask_no_oil/00263.tif,True,2048,2048,1,uint8,,,,1,0.0,0.0,0.0,0.0,0.0,0.0,0.0,0.0,0.0,0.0,0.0,0.0,0,0,0,True,0,0.0,True,
Mask_no_oil/00264.tif,True,2048,2048,1,uint8,,,,1,0.0,0.0,0.0,0.0,0.0,0.0,0.0,0.0,0.0,0.0,0.0,0.0,0,0,0,True,0,0.0,True,
Mask_no_oil/00265.tif,True,2048,2048,1,uint8,,,,1,0.0,0.0,0.0,0.0,0.0,0.0,0.0,0.0,0.0,0.0,0.0,0.0,0,0,0,True,0,0.0,True,
Mask_no_oil/00266.tif,True,2048,2048,1,uint8,,,,1,0.0,0.0,0.0,0.0,0.0,0.0,0.0,0.0,0.0,0.0,0.0,0.0,0,0,0,True,0,0.0,True,
Mask_no_oil/00267.tif,True,2048,2048,1,uint8,,,,1,0.0,0.0,0.0,0.0,0.0,0.0,0.0,0.0,0.0,0.0,0.0,0.0,0,0,0,True,0,0.0,True,
Mask_no_oil/00268.tif,True,2048,2048,1,uint8,,,,1,0.0,0.0,0.0,0.0,0.0,0.0,0.0,0.0,0.0,0.0,0.0,0.0,0,0,0,True,0,0.0,True,
Mask_no_oil/00269.tif,True,2048,2048,1,uint8,,,,1,0.0,0.0,0.0,0.0,0.0,0.0,0.0,0.0,0.0,0.0,0.0,0.0,0,0,0,True,0,0.0,True,
Mask_no_oil/00270.tif,True,2048,2048,1,uint8,,,,1,0.0,0.0,0.0,0.0,0.0,0.0,0.0,0.0,0.0,0.0,0.0,0.0,0,0,0,True,0,0.0,True,
Mask_no_oil/00271.tif,True,2048,2048,1,uint8,,,,1,0.0,0.0,0.0,0.0,0.0,0.0,0.0,0.0,0.0,0.0,0.0,0.0,0,0,0,True,0,0.0,True,
Mask_no_oil/00272.tif,True,2048,2048,1,uint8,,,,1,0.0,0.0,0.0,0.0,0.0,0.0,0.0,0.0,0.0,0.0,0.0,0.0,0,0,0,True,0,0.0,True,
Mask_no_oil/00273.tif,True,2048,2048,1,uint8,,,,1,0.0,0.0,0.0,0.0,0.0,0.0,0.0,0.0,0.0,0.0,0.0,0.0,0,0,0,True,0,0.0,True,
Mask_no_oil/00274.tif,True,2048,2048,1,uint8,,,,1,0.0,0.0,0.0,0.0,0.0,0.0,0.0,0.0,0.0,0.0,0.0,0.0,0,0,0,True,0,0.0,True,
Mask_no_oil/00275.tif,True,2048,2048,1,uint8,,,,1,0.0,0.0,0.0,0.0,0.0,0.0,0.0,0.0,0.0,0.0,0.0,0.0,0,0,0,True,0,0.0,True,
Mask_no_oil/00276.tif,True,2048,2048,1,uint8,,,,1,0.0,0.0,0.0,0.0,0.0,0.0,0.0,0.0,0.0,0.0,0.0,0.0,0,0,0,True,0,0.0,True,
Mask_no_oil/00277.tif,True,2048,2048,1,uint8,,,,1,0.0,0.0,0.0,0.0,0.0,0.0,0.0,0.0,0.0,0.0,0.0,0.0,0,0,0,True,0,0.0,True,
Mask_no_oil/00278.tif,True,2048,2048,1,uint8,,,,1,0.0,0.0,0.0,0.0,0.0,0.0,0.0,0.0,0.0,0.0,0.0,0.0,0,0,0,True,0,0.0,True,
Mask_no_oil/00279.tif,True,2048,2048,1,uint8,,,,1,0.0,0.0,0.0,0.0,0.0,0.0,0.0,0.0,0.0,0.0,0.0,0.0,0,0,0,True,0,0.0,True,
Mask_no_oil/00280.tif,True,2048,2048,1,uint8,,,,1,0.0,0.0,0.0,0.0,0.0,0.0,0.0,0.0,0.0,0.0,0.0,0.0,0,0,0,True,0,0.0,True,
Mask_no_oil/00281.tif,True,2048,2048,1,uint8,,,,1,0.0,0.0,0.0,0.0,0.0,0.0,0.0,0.0,0.0,0.0,0.0,0.0,0,0,0,True,0,0.0,True,
Mask_no_oil/00282.tif,True,2048,2048,1,uint8,,,,1,0.0,0.0,0.0,0.0,0.0,0.0,0.0,0.0,0.0,0.0,0.0,0.0,0,0,0,True,0,0.0,True,
Mask_no_oil/00283.tif,True,2048,2048,1,uint8,,,,1,0.0,0.0,0.0,0.0,0.0,0.0,0.0,0.0,0.0,0.0,0.0,0.0,0,0,0,True,0,0.0,True,
Mask_no_oil/00284.tif,True,2048,2048,1,uint8,,,,1,0.0,0.0,0.0,0.0,0.0,0.0,0.0,0.0,0.0,0.0,0.0,0.0,0,0,0,True,0,0.0,True,
Mask_no_oil/00285.tif,True,2048,2048,1,uint8,,,,1,0.0,0.0,0.0,0.0,0.0,0.0,0.0,0.0,0.0,0.0,0.0,0.0,0,0,0,True,0,0.0,True,
Mask_no_oil/00286.tif,True,2048,2048,1,uint8,,,,1,0.0,0.0,0.0,0.0,0.0,0.0,0.0,0.0,0.0,0.0,0.0,0.0,0,0,0,True,0,0.0,True,
Mask_no_oil/00287.tif,True,2048,2048,1,uint8,,,,1,0.0,0.0,0.0,0.0,0.0,0.0,0.0,0.0,0.0,0.0,0.0,0.0,0,0,0,True,0,0.0,True,
Mask_no_oil/00288.tif,True,2048,2048,1,uint8,,,,1,0.0,0.0,0.0,0.0,0.0,0.0,0.0,0.0,0.0,0.0,0.0,0.0,0,0,0,True,0,0.0,True,
Mask_no_oil/00289.tif,True,2048,2048,1,uint8,,,,1,0.0,0.0,0.0,0.0,0.0,0.0,0.0,0.0,0.0,0.0,0.0,0.0,0,0,0,True,0,0.0,True,
Mask_no_oil/00290.tif,True,2048,2048,1,uint8,,,,1,0.0,0.0,0.0,0.0,0.0,0.0,0.0,0.0,0.0,0.0,0.0,0.0,0,0,0,True,0,0.0,True,
Mask_no_oil/00291.tif,True,2048,2048,1,uint8,,,,1,0.0,0.0,0.0,0.0,0.0,0.0,0.0,0.0,0.0,0.0,0.0,0.0,0,0,0,True,0,0.0,True,
Mask_no_oil/00292.tif,True,2048,2048,1,uint8,,,,1,0.0,0.0,0.0,0.0,0.0,0.0,0.0,0.0,0.0,0.0,0.0,0.0,0,0,0,True,0,0.0,True,
Mask_no_oil/00293.tif,True,2048,2048,1,uint8,,,,1,0.0,0.0,0.0,0.0,0.0,0.0,0.0,0.0,0.0,0.0,0.0,0.0,0,0,0,True,0,0.0,True,
Mask_no_oil/00294.tif,True,2048,2048,1,uint8,,,,1,0.0,0.0,0.0,0.0,0.0,0.0,0.0,0.0,0.0,0.0,0.0,0.0,0,0,0,True,0,0.0,True,
Mask_no_oil/00295.tif,True,2048,2048,1,uint8,,,,1,0.0,0.0,0.0,0.0,0.0,0.0,0.0,0.0,0.0,0.0,0.0,0.0,0,0,0,True,0,0.0,True,
Mask_no_oil/00296.tif,True,2048,2048,1,uint8,,,,1,0.0,0.0,0.0,0.0,0.0,0.0,0.0,0.0,0.0,0.0,0.0,0.0,0,0,0,True,0,0.0,True,
Mask_no_oil/00297.tif,True,2048,2048,1,uint8,,,,1,0.0,0.0,0.0,0.0,0.0,0.0,0.0,0.0,0.0,0.0,0.0,0.0,0,0,0,True,0,0.0,True,
Mask_no_oil/00298.tif,True,2048,2048,1,uint8,,,,1,0.0,0.0,0.0,0.0,0.0,0.0,0.0,0.0,0.0,0.0,0.0,0.0,0,0,0,True,0,0.0,True,
Mask_no_oil/00299.tif,True,2048,2048,1,uint8,,,,1,0.0,0.0,0.0,0.0,0.0,0.0,0.0,0.0,0.0,0.0,0.0,0.0,0,0,0,True,0,0.0,True,
Mask_no_oil/00300.tif,True,2048,2048,1,uint8,,,,1,0.0,0.0,0.0,0.0,0.0,0.0,0.0,0.0,0.0,0.0,0.0,0.0,0,0,0,True,0,0.0,True,
Mask_no_oil/00301.tif,True,2048,2048,1,uint8,,,,1,0.0,0.0,0.0,0.0,0.0,0.0,0.0,0.0,0.0,0.0,0.0,0.0,0,0,0,True,0,0.0,True,
Mask_no_oil/00302.tif,True,2048,2048,1,uint8,,,,1,0.0,0.0,0.0,0.0,0.0,0.0,0.0,0.0,0.0,0.0,0.0,0.0,0,0,0,True,0,0.0,True,
Mask_no_oil/00303.tif,True,2048,2048,1,uint8,,,,1,0.0,0.0,0.0,0.0,0.0,0.0,0.0,0.0,0.0,0.0,0.0,0.0,0,0,0,True,0,0.0,True,
Mask_no_oil/00304.tif,True,2048,2048,1,uint8,,,,1,0.0,0.0,0.0,0.0,0.0,0.0,0.0,0.0,0.0,0.0,0.0,0.0,0,0,0,True,0,0.0,True,
Mask_no_oil/00305.tif,True,2048,2048,1,uint8,,,,1,0.0,0.0,0.0,0.0,0.0,0.0,0.0,0.0,0.0,0.0,0.0,0.0,0,0,0,True,0,0.0,True,
Mask_no_oil/00306.tif,True,2048,2048,1,uint8,,,,1,0.0,0.0,0.0,0.0,0.0,0.0,0.0,0.0,0.0,0.0,0.0,0.0,0,0,0,True,0,0.0,True,
Mask_no_oil/00307.tif,True,2048,2048,1,uint8,,,,1,0.0,0.0,0.0,0.0,0.0,0.0,0.0,0.0,0.0,0.0,0.0,0.0,0,0,0,True,0,0.0,True,
Mask_no_oil/00308.tif,True,2048,2048,1,uint8,,,,1,0.0,0.0,0.0,0.0,0.0,0.0,0.0,0.0,0.0,0.0,0.0,0.0,0,0,0,True,0,0.0,True,
Mask_no_oil/00309.tif,True,2048,2048,1,uint8,,,,1,0.0,0.0,0.0,0.0,0.0,0.0,0.0,0.0,0.0,0.0,0.0,0.0,0,0,0,True,0,0.0,True,
Mask_no_oil/00310.tif,True,2048,2048,1,uint8,,,,1,0.0,0.0,0.0,0.0,0.0,0.0,0.0,0.0,0.0,0.0,0.0,0.0,0,0,0,True,0,0.0,True,
Mask_no_oil/00311.tif,True,2048,2048,1,uint8,,,,1,0.0,0.0,0.0,0.0,0.0,0.0,0.0,0.0,0.0,0.0,0.0,0.0,0,0,0,True,0,0.0,True,
Mask_no_oil/00312.tif,True,2048,2048,1,uint8,,,,1,0.0,0.0,0.0,0.0,0.0,0.0,0.0,0.0,0.0,0.0,0.0,0.0,0,0,0,True,0,0.0,True,
Mask_no_oil/00313.tif,True,2048,2048,1,uint8,,,,1,0.0,0.0,0.0,0.0,0.0,0.0,0.0,0.0,0.0,0.0,0.0,0.0,0,0,0,True,0,0.0,True,
Mask_no_oil/00314.tif,True,2048,2048,1,uint8,,,,1,0.0,0.0,0.0,0.0,0.0,0.0,0.0,0.0,0.0,0.0,0.0,0.0,0,0,0,True,0,0.0,True,
Mask_no_oil/00315.tif,True,2048,2048,1,uint8,,,,1,0.0,0.0,0.0,0.0,0.0,0.0,0.0,0.0,0.0,0.0,0.0,0.0,0,0,0,True,0,0.0,True,
Mask_no_oil/00316.tif,True,2048,2048,1,uint8,,,,1,0.0,0.0,0.0,0.0,0.0,0.0,0.0,0.0,0.0,0.0,0.0,0.0,0,0,0,True,0,0.0,True,
Mask_no_oil/00317.tif,True,2048,2048,1,uint8,,,,1,0.0,0.0,0.0,0.0,0.0,0.0,0.0,0.0,0.0,0.0,0.0,0.0,0,0,0,True,0,0.0,True,
Mask_no_oil/00318.tif,True,2048,2048,1,uint8,,,,1,0.0,0.0,0.0,0.0,0.0,0.0,0.0,0.0,0.0,0.0,0.0,0.0,0,0,0,True,0,0.0,True,
Mask_no_oil/00319.tif,True,2048,2048,1,uint8,,,,1,0.0,0.0,0.0,0.0,0.0,0.0,0.0,0.0,0.0,0.0,0.0,0.0,0,0,0,True,0,0.0,True,
Mask_no_oil/00320.tif,True,2048,2048,1,uint8,,,,1,0.0,0.0,0.0,0.0,0.0,0.0,0.0,0.0,0.0,0.0,0.0,0.0,0,0,0,True,0,0.0,True,
Mask_no_oil/00321.tif,True,2048,2048,1,uint8,,,,1,0.0,0.0,0.0,0.0,0.0,0.0,0.0,0.0,0.0,0.0,0.0,0.0,0,0,0,True,0,0.0,True,
Mask_no_oil/00322.tif,True,2048,2048,1,uint8,,,,1,0.0,0.0,0.0,0.0,0.0,0.0,0.0,0.0,0.0,0.0,0.0,0.0,0,0,0,True,0,0.0,True,
Mask_no_oil/00323.tif,True,2048,2048,1,uint8,,,,1,0.0,0.0,0.0,0.0,0.0,0.0,0.0,0.0,0.0,0.0,0.0,0.0,0,0,0,True,0,0.0,True,
Mask_no_oil/00324.tif,True,2048,2048,1,uint8,,,,1,0.0,0.0,0.0,0.0,0.0,0.0,0.0,0.0,0.0,0.0,0.0,0.0,0,0,0,True,0,0.0,True,
Mask_no_oil/00325.tif,True,2048,2048,1,uint8,,,,1,0.0,0.0,0.0,0.0,0.0,0.0,0.0,0.0,0.0,0.0,0.0,0.0,0,0,0,True,0,0.0,True,
Mask_no_oil/00326.tif,True,2048,2048,1,uint8,,,,1,0.0,0.0,0.0,0.0,0.0,0.0,0.0,0.0,0.0,0.0,0.0,0.0,0,0,0,True,0,0.0,True,
Mask_no_oil/00327.tif,True,2048,2048,1,uint8,,,,1,0.0,0.0,0.0,0.0,0.0,0.0,0.0,0.0,0.0,0.0,0.0,0.0,0,0,0,True,0,0.0,True,
Mask_no_oil/00328.tif,True,2048,2048,1,uint8,,,,1,0.0,0.0,0.0,0.0,0.0,0.0,0.0,0.0,0.0,0.0,0.0,0.0,0,0,0,True,0,0.0,True,
Mask_no_oil/00329.tif,True,2048,2048,1,uint8,,,,1,0.0,0.0,0.0,0.0,0.0,0.0,0.0,0.0,0.0,0.0,0.0,0.0,0,0,0,True,0,0.0,True,
Mask_no_oil/00330.tif,True,2048,2048,1,uint8,,,,1,0.0,0.0,0.0,0.0,0.0,0.0,0.0,0.0,0.0,0.0,0.0,0.0,0,0,0,True,0,0.0,True,
Mask_no_oil/00331.tif,True,2048,2048,1,uint8,,,,1,0.0,0.0,0.0,0.0,0.0,0.0,0.0,0.0,0.0,0.0,0.0,0.0,0,0,0,True,0,0.0,True,
Mask_no_oil/00332.tif,True,2048,2048,1,uint8,,,,1,0.0,0.0,0.0,0.0,0.0,0.0,0.0,0.0,0.0,0.0,0.0,0.0,0,0,0,True,0,0.0,True,
Mask_no_oil/00333.tif,True,2048,2048,1,uint8,,,,1,0.0,0.0,0.0,0.0,0.0,0.0,0.0,0.0,0.0,0.0,0.0,0.0,0,0,0,True,0,0.0,True,
Mask_no_oil/00334.tif,True,2048,2048,1,uint8,,,,1,0.0,0.0,0.0,0.0,0.0,0.0,0.0,0.0,0.0,0.0,0.0,0.0,0,0,0,True,0,0.0,True,
Mask_no_oil/00335.tif,True,2048,2048,1,uint8,,,,1,0.0,0.0,0.0,0.0,0.0,0.0,0.0,0.0,0.0,0.0,0.0,0.0,0,0,0,True,0,0.0,True,
Mask_no_oil/00336.tif,True,2048,2048,1,uint8,,,,1,0.0,0.0,0.0,0.0,0.0,0.0,0.0,0.0,0.0,0.0,0.0,0.0,0,0,0,True,0,0.0,True,
Mask_no_oil/00337.tif,True,2048,2048,1,uint8,,,,1,0.0,0.0,0.0,0.0,0.0,0.0,0.0,0.0,0.0,0.0,0.0,0.0,0,0,0,True,0,0.0,True,
Mask_no_oil/00338.tif,True,2048,2048,1,uint8,,,,1,0.0,0.0,0.0,0.0,0.0,0.0,0.0,0.0,0.0,0.0,0.0,0.0,0,0,0,True,0,0.0,True,
Mask_no_oil/00339.tif,True,2048,2048,1,uint8,,,,1,0.0,0.0,0.0,0.0,0.0,0.0,0.0,0.0,0.0,0.0,0.0,0.0,0,0,0,True,0,0.0,True,
Mask_no_oil/00340.tif,True,2048,2048,1,uint8,,,,1,0.0,0.0,0.0,0.0,0.0,0.0,0.0,0.0,0.0,0.0,0.0,0.0,0,0,0,True,0,0.0,True,
Mask_no_oil/00341.tif,True,2048,2048,1,uint8,,,,1,0.0,0.0,0.0,0.0,0.0,0.0,0.0,0.0,0.0,0.0,0.0,0.0,0,0,0,True,0,0.0,True,
Mask_no_oil/00342.tif,True,2048,2048,1,uint8,,,,1,0.0,0.0,0.0,0.0,0.0,0.0,0.0,0.0,0.0,0.0,0.0,0.0,0,0,0,True,0,0.0,True,
Mask_no_oil/00343.tif,True,2048,2048,1,uint8,,,,1,0.0,0.0,0.0,0.0,0.0,0.0,0.0,0.0,0.0,0.0,0.0,0.0,0,0,0,True,0,0.0,True,
Mask_no_oil/00344.tif,True,2048,2048,1,uint8,,,,1,0.0,0.0,0.0,0.0,0.0,0.0,0.0,0.0,0.0,0.0,0.0,0.0,0,0,0,True,0,0.0,True,
Mask_no_oil/00345.tif,True,2048,2048,1,uint8,,,,1,0.0,0.0,0.0,0.0,0.0,0.0,0.0,0.0,0.0,0.0,0.0,0.0,0,0,0,True,0,0.0,True,
Mask_no_oil/00346.tif,True,2048,2048,1,uint8,,,,1,0.0,0.0,0.0,0.0,0.0,0.0,0.0,0.0,0.0,0.0,0.0,0.0,0,0,0,True,0,0.0,True,
Mask_no_oil/00347.tif,True,2048,2048,1,uint8,,,,1,0.0,0.0,0.0,0.0,0.0,0.0,0.0,0.0,0.0,0.0,0.0,0.0,0,0,0,True,0,0.0,True,
Mask_no_oil/00348.tif,True,2048,2048,1,uint8,,,,1,0.0,0.0,0.0,0.0,0.0,0.0,0.0,0.0,0.0,0.0,0.0,0.0,0,0,0,True,0,0.0,True,
Mask_no_oil/00349.tif,True,2048,2048,1,uint8,,,,1,0.0,0.0,0.0,0.0,0.0,0.0,0.0,0.0,0.0,0.0,0.0,0.0,0,0,0,True,0,0.0,True,
Mask_no_oil/00350.tif,True,2048,2048,1,uint8,,,,1,0.0,0.0,0.0,0.0,0.0,0.0,0.0,0.0,0.0,0.0,0.0,0.0,0,0,0,True,0,0.0,True,
Mask_no_oil/00351.tif,True,2048,2048,1,uint8,,,,1,0.0,0.0,0.0,0.0,0.0,0.0,0.0,0.0,0.0,0.0,0.0,0.0,0,0,0,True,0,0.0,True,
Mask_no_oil/00352.tif,True,2048,2048,1,uint8,,,,1,0.0,0.0,0.0,0.0,0.0,0.0,0.0,0.0,0.0,0.0,0.0,0.0,0,0,0,True,0,0.0,True,
Mask_no_oil/00353.tif,True,2048,2048,1,uint8,,,,1,0.0,0.0,0.0,0.0,0.0,0.0,0.0,0.0,0.0,0.0,0.0,0.0,0,0,0,True,0,0.0,True,
Mask_no_oil/00354.tif,True,2048,2048,1,uint8,,,,1,0.0,0.0,0.0,0.0,0.0,0.0,0.0,0.0,0.0,0.0,0.0,0.0,0,0,0,True,0,0.0,True,
Mask_no_oil/00355.tif,True,2048,2048,1,uint8,,,,1,0.0,0.0,0.0,0.0,0.0,0.0,0.0,0.0,0.0,0.0,0.0,0.0,0,0,0,True,0,0.0,True,
Mask_no_oil/00356.tif,True,2048,2048,1,uint8,,,,1,0.0,0.0,0.0,0.0,0.0,0.0,0.0,0.0,0.0,0.0,0.0,0.0,0,0,0,True,0,0.0,True,
Mask_no_oil/00357.tif,True,2048,2048,1,uint8,,,,1,0.0,0.0,0.0,0.0,0.0,0.0,0.0,0.0,0.0,0.0,0.0,0.0,0,0,0,True,0,0.0,True,
Mask_no_oil/00358.tif,True,2048,2048,1,uint8,,,,1,0.0,0.0,0.0,0.0,0.0,0.0,0.0,0.0,0.0,0.0,0.0,0.0,0,0,0,True,0,0.0,True,
Mask_no_oil/00359.tif,True,2048,2048,1,uint8,,,,1,0.0,0.0,0.0,0.0,0.0,0.0,0.0,0.0,0.0,0.0,0.0,0.0,0,0,0,True,0,0.0,True,
Mask_no_oil/00360.tif,True,2048,2048,1,uint8,,,,1,0.0,0.0,0.0,0.0,0.0,0.0,0.0,0.0,0.0,0.0,0.0,0.0,0,0,0,True,0,0.0,True,
Mask_no_oil/00361.tif,True,2048,2048,1,uint8,,,,1,0.0,0.0,0.0,0.0,0.0,0.0,0.0,0.0,0.0,0.0,0.0,0.0,0,0,0,True,0,0.0,True,
Mask_no_oil/00362.tif,True,2048,2048,1,uint8,,,,1,0.0,0.0,0.0,0.0,0.0,0.0,0.0,0.0,0.0,0.0,0.0,0.0,0,0,0,True,0,0.0,True,
Mask_no_oil/00363.tif,True,2048,2048,1,uint8,,,,1,0.0,0.0,0.0,0.0,0.0,0.0,0.0,0.0,0.0,0.0,0.0,0.0,0,0,0,True,0,0.0,True,
Mask_no_oil/00364.tif,True,2048,2048,1,uint8,,,,1,0.0,0.0,0.0,0.0,0.0,0.0,0.0,0.0,0.0,0.0,0.0,0.0,0,0,0,True,0,0.0,True,
Mask_no_oil/00365.tif,True,2048,2048,1,uint8,,,,1,0.0,0.0,0.0,0.0,0.0,0.0,0.0,0.0,0.0,0.0,0.0,0.0,0,0,0,True,0,0.0,True,
Mask_no_oil/00366.tif,True,2048,2048,1,uint8,,,,1,0.0,0.0,0.0,0.0,0.0,0.0,0.0,0.0,0.0,0.0,0.0,0.0,0,0,0,True,0,0.0,True,
Mask_no_oil/00367.tif,True,2048,2048,1,uint8,,,,1,0.0,0.0,0.0,0.0,0.0,0.0,0.0,0.0,0.0,0.0,0.0,0.0,0,0,0,True,0,0.0,True,
Mask_no_oil/00368.tif,True,2048,2048,1,uint8,,,,1,0.0,0.0,0.0,0.0,0.0,0.0,0.0,0.0,0.0,0.0,0.0,0.0,0,0,0,True,0,0.0,True,
Mask_no_oil/00369.tif,True,2048,2048,1,uint8,,,,1,0.0,0.0,0.0,0.0,0.0,0.0,0.0,0.0,0.0,0.0,0.0,0.0,0,0,0,True,0,0.0,True,
Mask_no_oil/00370.tif,True,2048,2048,1,uint8,,,,1,0.0,0.0,0.0,0.0,0.0,0.0,0.0,0.0,0.0,0.0,0.0,0.0,0,0,0,True,0,0.0,True,
Mask_no_oil/00371.tif,True,2048,2048,1,uint8,,,,1,0.0,0.0,0.0,0.0,0.0,0.0,0.0,0.0,0.0,0.0,0.0,0.0,0,0,0,True,0,0.0,True,
Mask_no_oil/00372.tif,True,2048,2048,1,uint8,,,,1,0.0,0.0,0.0,0.0,0.0,0.0,0.0,0.0,0.0,0.0,0.0,0.0,0,0,0,True,0,0.0,True,
Mask_no_oil/00373.tif,True,2048,2048,1,uint8,,,,1,0.0,0.0,0.0,0.0,0.0,0.0,0.0,0.0,0.0,0.0,0.0,0.0,0,0,0,True,0,0.0,True,
Mask_no_oil/00374.tif,True,2048,2048,1,uint8,,,,1,0.0,0.0,0.0,0.0,0.0,0.0,0.0,0.0,0.0,0.0,0.0,0.0,0,0,0,True,0,0.0,True,
Mask_no_oil/00375.tif,True,2048,2048,1,uint8,,,,1,0.0,0.0,0.0,0.0,0.0,0.0,0.0,0.0,0.0,0.0,0.0,0.0,0,0,0,True,0,0.0,True,
Mask_no_oil/00376.tif,True,2048,2048,1,uint8,,,,1,0.0,0.0,0.0,0.0,0.0,0.0,0.0,0.0,0.0,0.0,0.0,0.0,0,0,0,True,0,0.0,True,
Mask_no_oil/00377.tif,True,2048,2048,1,uint8,,,,1,0.0,0.0,0.0,0.0,0.0,0.0,0.0,0.0,0.0,0.0,0.0,0.0,0,0,0,True,0,0.0,True,
Mask_no_oil/00378.tif,True,2048,2048,1,uint8,,,,1,0.0,0.0,0.0,0.0,0.0,0.0,0.0,0.0,0.0,0.0,0.0,0.0,0,0,0,True,0,0.0,True,
Mask_no_oil/00379.tif,True,2048,2048,1,uint8,,,,1,0.0,0.0,0.0,0.0,0.0,0.0,0.0,0.0,0.0,0.0,0.0,0.0,0,0,0,True,0,0.0,True,
Mask_no_oil/00380.tif,True,2048,2048,1,uint8,,,,1,0.0,0.0,0.0,0.0,0.0,0.0,0.0,0.0,0.0,0.0,0.0,0.0,0,0,0,True,0,0.0,True,
Mask_no_oil/00381.tif,True,2048,2048,1,uint8,,,,1,0.0,0.0,0.0,0.0,0.0,0.0,0.0,0.0,0.0,0.0,0.0,0.0,0,0,0,True,0,0.0,True,
Mask_no_oil/00382.tif,True,2048,2048,1,uint8,,,,1,0.0,0.0,0.0,0.0,0.0,0.0,0.0,0.0,0.0,0.0,0.0,0.0,0,0,0,True,0,0.0,True,
Mask_no_oil/00383.tif,True,2048,2048,1,uint8,,,,1,0.0,0.0,0.0,0.0,0.0,0.0,0.0,0.0,0.0,0.0,0.0,0.0,0,0,0,True,0,0.0,True,
Mask_no_oil/00384.tif,True,2048,2048,1,uint8,,,,1,0.0,0.0,0.0,0.0,0.0,0.0,0.0,0.0,0.0,0.0,0.0,0.0,0,0,0,True,0,0.0,True,
Mask_no_oil/00385.tif,True,2048,2048,1,uint8,,,,1,0.0,0.0,0.0,0.0,0.0,0.0,0.0,0.0,0.0,0.0,0.0,0.0,0,0,0,True,0,0.0,True,
Mask_no_oil/00386.tif,True,2048,2048,1,uint8,,,,1,0.0,0.0,0.0,0.0,0.0,0.0,0.0,0.0,0.0,0.0,0.0,0.0,0,0,0,True,0,0.0,True,
Mask_no_oil/00387.tif,True,2048,2048,1,uint8,,,,1,0.0,0.0,0.0,0.0,0.0,0.0,0.0,0.0,0.0,0.0,0.0,0.0,0,0,0,True,0,0.0,True,
Mask_no_oil/00388.tif,True,2048,2048,1,uint8,,,,1,0.0,0.0,0.0,0.0,0.0,0.0,0.0,0.0,0.0,0.0,0.0,0.0,0,0,0,True,0,0.0,True,
Mask_no_oil/00389.tif,True,2048,2048,1,uint8,,,,1,0.0,0.0,0.0,0.0,0.0,0.0,0.0,0.0,0.0,0.0,0.0,0.0,0,0,0,True,0,0.0,True,
Mask_no_oil/00390.tif,True,2048,2048,1,uint8,,,,1,0.0,0.0,0.0,0.0,0.0,0.0,0.0,0.0,0.0,0.0,0.0,0.0,0,0,0,True,0,0.0,True,
Mask_no_oil/00391.tif,True,2048,2048,1,uint8,,,,1,0.0,0.0,0.0,0.0,0.0,0.0,0.0,0.0,0.0,0.0,0.0,0.0,0,0,0,True,0,0.0,True,
Mask_no_oil/00392.tif,True,2048,2048,1,uint8,,,,1,0.0,0.0,0.0,0.0,0.0,0.0,0.0,0.0,0.0,0.0,0.0,0.0,0,0,0,True,0,0.0,True,
Mask_no_oil/00393.tif,True,2048,2048,1,uint8,,,,1,0.0,0.0,0.0,0.0,0.0,0.0,0.0,0.0,0.0,0.0,0.0,0.0,0,0,0,True,0,0.0,True,
Mask_no_oil/00394.tif,True,2048,2048,1,uint8,,,,1,0.0,0.0,0.0,0.0,0.0,0.0,0.0,0.0,0.0,0.0,0.0,0.0,0,0,0,True,0,0.0,True,
Mask_no_oil/00395.tif,True,2048,2048,1,uint8,,,,1,0.0,0.0,0.0,0.0,0.0,0.0,0.0,0.0,0.0,0.0,0.0,0.0,0,0,0,True,0,0.0,True,
Mask_no_oil/00396.tif,True,2048,2048,1,uint8,,,,1,0.0,0.0,0.0,0.0,0.0,0.0,0.0,0.0,0.0,0.0,0.0,0.0,0,0,0,True,0,0.0,True,
Mask_no_oil/00397.tif,True,2048,2048,1,uint8,,,,1,0.0,0.0,0.0,0.0,0.0,0.0,0.0,0.0,0.0,0.0,0.0,0.0,0,0,0,True,0,0.0,True,
Mask_no_oil/00398.tif,True,2048,2048,1,uint8,,,,1,0.0,0.0,0.0,0.0,0.0,0.0,0.0,0.0,0.0,0.0,0.0,0.0,0,0,0,True,0,0.0,True,
Mask_no_oil/00399.tif,True,2048,2048,1,uint8,,,,1,0.0,0.0,0.0,0.0,0.0,0.0,0.0,0.0,0.0,0.0,0.0,0.0,0,0,0,True,0,0.0,True,
Mask_no_oil/00400.tif,True,2048,2048,1,uint8,,,,1,0.0,0.0,0.0,0.0,0.0,0.0,0.0,0.0,0.0,0.0,0.0,0.0,0,0,0,True,0,0.0,True,
Mask_no_oil/00401.tif,True,2048,2048,1,uint8,,,,1,0.0,0.0,0.0,0.0,0.0,0.0,0.0,0.0,0.0,0.0,0.0,0.0,0,0,0,True,0,0.0,True,
Mask_no_oil/00402.tif,True,2048,2048,1,uint8,,,,1,0.0,0.0,0.0,0.0,0.0,0.0,0.0,0.0,0.0,0.0,0.0,0.0,0,0,0,True,0,0.0,True,
Mask_no_oil/00403.tif,True,2048,2048,1,uint8,,,,1,0.0,0.0,0.0,0.0,0.0,0.0,0.0,0.0,0.0,0.0,0.0,0.0,0,0,0,True,0,0.0,True,
Mask_no_oil/00404.tif,True,2048,2048,1,uint8,,,,1,0.0,0.0,0.0,0.0,0.0,0.0,0.0,0.0,0.0,0.0,0.0,0.0,0,0,0,True,0,0.0,True,
Mask_no_oil/00405.tif,True,2048,2048,1,uint8,,,,1,0.0,0.0,0.0,0.0,0.0,0.0,0.0,0.0,0.0,0.0,0.0,0.0,0,0,0,True,0,0.0,True,
Mask_no_oil/00406.tif,True,2048,2048,1,uint8,,,,1,0.0,0.0,0.0,0.0,0.0,0.0,0.0,0.0,0.0,0.0,0.0,0.0,0,0,0,True,0,0.0,True,
Mask_no_oil/00407.tif,True,2048,2048,1,uint8,,,,1,0.0,0.0,0.0,0.0,0.0,0.0,0.0,0.0,0.0,0.0,0.0,0.0,0,0,0,True,0,0.0,True,
Mask_no_oil/00408.tif,True,2048,2048,1,uint8,,,,1,0.0,0.0,0.0,0.0,0.0,0.0,0.0,0.0,0.0,0.0,0.0,0.0,0,0,0,True,0,0.0,True,
Mask_no_oil/00409.tif,True,2048,2048,1,uint8,,,,1,0.0,0.0,0.0,0.0,0.0,0.0,0.0,0.0,0.0,0.0,0.0,0.0,0,0,0,True,0,0.0,True,
Mask_no_oil/00410.tif,True,2048,2048,1,uint8,,,,1,0.0,0.0,0.0,0.0,0.0,0.0,0.0,0.0,0.0,0.0,0.0,0.0,0,0,0,True,0,0.0,True,
Mask_no_oil/00411.tif,True,2048,2048,1,uint8,,,,1,0.0,0.0,0.0,0.0,0.0,0.0,0.0,0.0,0.0,0.0,0.0,0.0,0,0,0,True,0,0.0,True,
Mask_no_oil/00412.tif,True,2048,2048,1,uint8,,,,1,0.0,0.0,0.0,0.0,0.0,0.0,0.0,0.0,0.0,0.0,0.0,0.0,0,0,0,True,0,0.0,True,
Mask_no_oil/00413.tif,True,2048,2048,1,uint8,,,,1,0.0,0.0,0.0,0.0,0.0,0.0,0.0,0.0,0.0,0.0,0.0,0.0,0,0,0,True,0,0.0,True,
Mask_no_oil/00414.tif,True,2048,2048,1,uint8,,,,1,0.0,0.0,0.0,0.0,0.0,0.0,0.0,0.0,0.0,0.0,0.0,0.0,0,0,0,True,0,0.0,True,
Mask_no_oil/00415.tif,True,2048,2048,1,uint8,,,,1,0.0,0.0,0.0,0.0,0.0,0.0,0.0,0.0,0.0,0.0,0.0,0.0,0,0,0,True,0,0.0,True,
Mask_no_oil/00416.tif,True,2048,2048,1,uint8,,,,1,0.0,0.0,0.0,0.0,0.0,0.0,0.0,0.0,0.0,0.0,0.0,0.0,0,0,0,True,0,0.0,True,
Mask_no_oil/00417.tif,True,2048,2048,1,uint8,,,,1,0.0,0.0,0.0,0.0,0.0,0.0,0.0,0.0,0.0,0.0,0.0,0.0,0,0,0,True,0,0.0,True,
Mask_no_oil/00418.tif,True,2048,2048,1,uint8,,,,1,0.0,0.0,0.0,0.0,0.0,0.0,0.0,0.0,0.0,0.0,0.0,0.0,0,0,0,True,0,0.0,True,
Mask_no_oil/00419.tif,True,2048,2048,1,uint8,,,,1,0.0,0.0,0.0,0.0,0.0,0.0,0.0,0.0,0.0,0.0,0.0,0.0,0,0,0,True,0,0.0,True,
Mask_no_oil/00420.tif,True,2048,2048,1,uint8,,,,1,0.0,0.0,0.0,0.0,0.0,0.0,0.0,0.0,0.0,0.0,0.0,0.0,0,0,0,True,0,0.0,True,
Mask_no_oil/00421.tif,True,2048,2048,1,uint8,,,,1,0.0,0.0,0.0,0.0,0.0,0.0,0.0,0.0,0.0,0.0,0.0,0.0,0,0,0,True,0,0.0,True,
Mask_no_oil/00422.tif,True,2048,2048,1,uint8,,,,1,0.0,0.0,0.0,0.0,0.0,0.0,0.0,0.0,0.0,0.0,0.0,0.0,0,0,0,True,0,0.0,True,
Mask_no_oil/00423.tif,True,2048,2048,1,uint8,,,,1,0.0,0.0,0.0,0.0,0.0,0.0,0.0,0.0,0.0,0.0,0.0,0.0,0,0,0,True,0,0.0,True,
Mask_no_oil/00424.tif,True,2048,2048,1,uint8,,,,1,0.0,0.0,0.0,0.0,0.0,0.0,0.0,0.0,0.0,0.0,0.0,0.0,0,0,0,True,0,0.0,True,
Mask_no_oil/00425.tif,True,2048,2048,1,uint8,,,,1,0.0,0.0,0.0,0.0,0.0,0.0,0.0,0.0,0.0,0.0,0.0,0.0,0,0,0,True,0,0.0,True,
Mask_no_oil/00426.tif,True,2048,2048,1,uint8,,,,1,0.0,0.0,0.0,0.0,0.0,0.0,0.0,0.0,0.0,0.0,0.0,0.0,0,0,0,True,0,0.0,True,
Mask_no_oil/00427.tif,True,2048,2048,1,uint8,,,,1,0.0,0.0,0.0,0.0,0.0,0.0,0.0,0.0,0.0,0.0,0.0,0.0,0,0,0,True,0,0.0,True,
Mask_no_oil/00428.tif,True,2048,2048,1,uint8,,,,1,0.0,0.0,0.0,0.0,0.0,0.0,0.0,0.0,0.0,0.0,0.0,0.0,0,0,0,True,0,0.0,True,
Mask_no_oil/00429.tif,True,2048,2048,1,uint8,,,,1,0.0,0.0,0.0,0.0,0.0,0.0,0.0,0.0,0.0,0.0,0.0,0.0,0,0,0,True,0,0.0,True,
Mask_no_oil/00430.tif,True,2048,2048,1,uint8,,,,1,0.0,0.0,0.0,0.0,0.0,0.0,0.0,0.0,0.0,0.0,0.0,0.0,0,0,0,True,0,0.0,True,
Mask_no_oil/00431.tif,True,2048,2048,1,uint8,,,,1,0.0,0.0,0.0,0.0,0.0,0.0,0.0,0.0,0.0,0.0,0.0,0.0,0,0,0,True,0,0.0,True,
Mask_no_oil/00432.tif,True,2048,2048,1,uint8,,,,1,0.0,0.0,0.0,0.0,0.0,0.0,0.0,0.0,0.0,0.0,0.0,0.0,0,0,0,True,0,0.0,True,
Mask_no_oil/00433.tif,True,2048,2048,1,uint8,,,,1,0.0,0.0,0.0,0.0,0.0,0.0,0.0,0.0,0.0,0.0,0.0,0.0,0,0,0,True,0,0.0,True,
Mask_no_oil/00434.tif,True,2048,2048,1,uint8,,,,1,0.0,0.0,0.0,0.0,0.0,0.0,0.0,0.0,0.0,0.0,0.0,0.0,0,0,0,True,0,0.0,True,
Mask_no_oil/00435.tif,True,2048,2048,1,uint8,,,,1,0.0,0.0,0.0,0.0,0.0,0.0,0.0,0.0,0.0,0.0,0.0,0.0,0,0,0,True,0,0.0,True,
Mask_no_oil/00436.tif,True,2048,2048,1,uint8,,,,1,0.0,0.0,0.0,0.0,0.0,0.0,0.0,0.0,0.0,0.0,0.0,0.0,0,0,0,True,0,0.0,True,
Mask_no_oil/00437.tif,True,2048,2048,1,uint8,,,,1,0.0,0.0,0.0,0.0,0.0,0.0,0.0,0.0,0.0,0.0,0.0,0.0,0,0,0,True,0,0.0,True,
Mask_no_oil/00438.tif,True,2048,2048,1,uint8,,,,1,0.0,0.0,0.0,0.0,0.0,0.0,0.0,0.0,0.0,0.0,0.0,0.0,0,0,0,True,0,0.0,True,
Mask_no_oil/00439.tif,True,2048,2048,1,uint8,,,,1,0.0,0.0,0.0,0.0,0.0,0.0,0.0,0.0,0.0,0.0,0.0,0.0,0,0,0,True,0,0.0,True,
Mask_no_oil/00440.tif,True,2048,2048,1,uint8,,,,1,0.0,0.0,0.0,0.0,0.0,0.0,0.0,0.0,0.0,0.0,0.0,0.0,0,0,0,True,0,0.0,True,
Mask_no_oil/00441.tif,True,2048,2048,1,uint8,,,,1,0.0,0.0,0.0,0.0,0.0,0.0,0.0,0.0,0.0,0.0,0.0,0.0,0,0,0,True,0,0.0,True,
Mask_no_oil/00442.tif,True,2048,2048,1,uint8,,,,1,0.0,0.0,0.0,0.0,0.0,0.0,0.0,0.0,0.0,0.0,0.0,0.0,0,0,0,True,0,0.0,True,
Mask_no_oil/00443.tif,True,2048,2048,1,uint8,,,,1,0.0,0.0,0.0,0.0,0.0,0.0,0.0,0.0,0.0,0.0,0.0,0.0,0,0,0,True,0,0.0,True,
Mask_no_oil/00444.tif,True,2048,2048,1,uint8,,,,1,0.0,0.0,0.0,0.0,0.0,0.0,0.0,0.0,0.0,0.0,0.0,0.0,0,0,0,True,0,0.0,True,
Mask_no_oil/00445.tif,True,2048,2048,1,uint8,,,,1,0.0,0.0,0.0,0.0,0.0,0.0,0.0,0.0,0.0,0.0,0.0,0.0,0,0,0,True,0,0.0,True,
Mask_no_oil/00446.tif,True,2048,2048,1,uint8,,,,1,0.0,0.0,0.0,0.0,0.0,0.0,0.0,0.0,0.0,0.0,0.0,0.0,0,0,0,True,0,0.0,True,
Mask_no_oil/00447.tif,True,2048,2048,1,uint8,,,,1,0.0,0.0,0.0,0.0,0.0,0.0,0.0,0.0,0.0,0.0,0.0,0.0,0,0,0,True,0,0.0,True,
Mask_no_oil/00448.tif,True,2048,2048,1,uint8,,,,1,0.0,0.0,0.0,0.0,0.0,0.0,0.0,0.0,0.0,0.0,0.0,0.0,0,0,0,True,0,0.0,True,
Mask_no_oil/00449.tif,True,2048,2048,1,uint8,,,,1,0.0,0.0,0.0,0.0,0.0,0.0,0.0,0.0,0.0,0.0,0.0,0.0,0,0,0,True,0,0.0,True,
Mask_no_oil/00450.tif,True,2048,2048,1,uint8,,,,1,0.0,0.0,0.0,0.0,0.0,0.0,0.0,0.0,0.0,0.0,0.0,0.0,0,0,0,True,0,0.0,True,
Mask_no_oil/00451.tif,True,2048,2048,1,uint8,,,,1,0.0,0.0,0.0,0.0,0.0,0.0,0.0,0.0,0.0,0.0,0.0,0.0,0,0,0,True,0,0.0,True,
Mask_no_oil/00452.tif,True,2048,2048,1,uint8,,,,1,0.0,0.0,0.0,0.0,0.0,0.0,0.0,0.0,0.0,0.0,0.0,0.0,0,0,0,True,0,0.0,True,
Mask_no_oil/00453.tif,True,2048,2048,1,uint8,,,,1,0.0,0.0,0.0,0.0,0.0,0.0,0.0,0.0,0.0,0.0,0.0,0.0,0,0,0,True,0,0.0,True,
Mask_no_oil/00454.tif,True,2048,2048,1,uint8,,,,1,0.0,0.0,0.0,0.0,0.0,0.0,0.0,0.0,0.0,0.0,0.0,0.0,0,0,0,True,0,0.0,True,
Mask_no_oil/00455.tif,True,2048,2048,1,uint8,,,,1,0.0,0.0,0.0,0.0,0.0,0.0,0.0,0.0,0.0,0.0,0.0,0.0,0,0,0,True,0,0.0,True,
Mask_no_oil/00456.tif,True,2048,2048,1,uint8,,,,1,0.0,0.0,0.0,0.0,0.0,0.0,0.0,0.0,0.0,0.0,0.0,0.0,0,0,0,True,0,0.0,True,
Mask_no_oil/00457.tif,True,2048,2048,1,uint8,,,,1,0.0,0.0,0.0,0.0,0.0,0.0,0.0,0.0,0.0,0.0,0.0,0.0,0,0,0,True,0,0.0,True,
Mask_no_oil/00458.tif,True,2048,2048,1,uint8,,,,1,0.0,0.0,0.0,0.0,0.0,0.0,0.0,0.0,0.0,0.0,0.0,0.0,0,0,0,True,0,0.0,True,
Mask_no_oil/00459.tif,True,2048,2048,1,uint8,,,,1,0.0,0.0,0.0,0.0,0.0,0.0,0.0,0.0,0.0,0.0,0.0,0.0,0,0,0,True,0,0.0,True,
Mask_no_oil/00460.tif,True,2048,2048,1,uint8,,,,1,0.0,0.0,0.0,0.0,0.0,0.0,0.0,0.0,0.0,0.0,0.0,0.0,0,0,0,True,0,0.0,True,
Mask_no_oil/00461.tif,True,2048,2048,1,uint8,,,,1,0.0,0.0,0.0,0.0,0.0,0.0,0.0,0.0,0.0,0.0,0.0,0.0,0,0,0,True,0,0.0,True,
Mask_no_oil/00462.tif,True,2048,2048,1,uint8,,,,1,0.0,0.0,0.0,0.0,0.0,0.0,0.0,0.0,0.0,0.0,0.0,0.0,0,0,0,True,0,0.0,True,
Mask_no_oil/00463.tif,True,2048,2048,1,uint8,,,,1,0.0,0.0,0.0,0.0,0.0,0.0,0.0,0.0,0.0,0.0,0.0,0.0,0,0,0,True,0,0.0,True,
Mask_no_oil/00464.tif,True,2048,2048,1,uint8,,,,1,0.0,0.0,0.0,0.0,0.0,0.0,0.0,0.0,0.0,0.0,0.0,0.0,0,0,0,True,0,0.0,True,
Mask_no_oil/00465.tif,True,2048,2048,1,uint8,,,,1,0.0,0.0,0.0,0.0,0.0,0.0,0.0,0.0,0.0,0.0,0.0,0.0,0,0,0,True,0,0.0,True,
Mask_no_oil/00466.tif,True,2048,2048,1,uint8,,,,1,0.0,0.0,0.0,0.0,0.0,0.0,0.0,0.0,0.0,0.0,0.0,0.0,0,0,0,True,0,0.0,True,
Mask_no_oil/00467.tif,True,2048,2048,1,uint8,,,,1,0.0,0.0,0.0,0.0,0.0,0.0,0.0,0.0,0.0,0.0,0.0,0.0,0,0,0,True,0,0.0,True,
Mask_no_oil/00468.tif,True,2048,2048,1,uint8,,,,1,0.0,0.0,0.0,0.0,0.0,0.0,0.0,0.0,0.0,0.0,0.0,0.0,0,0,0,True,0,0.0,True,
Mask_no_oil/00469.tif,True,2048,2048,1,uint8,,,,1,0.0,0.0,0.0,0.0,0.0,0.0,0.0,0.0,0.0,0.0,0.0,0.0,0,0,0,True,0,0.0,True,
Mask_no_oil/00470.tif,True,2048,2048,1,uint8,,,,1,0.0,0.0,0.0,0.0,0.0,0.0,0.0,0.0,0.0,0.0,0.0,0.0,0,0,0,True,0,0.0,True,
Mask_no_oil/00471.tif,True,2048,2048,1,uint8,,,,1,0.0,0.0,0.0,0.0,0.0,0.0,0.0,0.0,0.0,0.0,0.0,0.0,0,0,0,True,0,0.0,True,
Mask_no_oil/00472.tif,True,2048,2048,1,uint8,,,,1,0.0,0.0,0.0,0.0,0.0,0.0,0.0,0.0,0.0,0.0,0.0,0.0,0,0,0,True,0,0.0,True,
Mask_no_oil/00473.tif,True,2048,2048,1,uint8,,,,1,0.0,0.0,0.0,0.0,0.0,0.0,0.0,0.0,0.0,0.0,0.0,0.0,0,0,0,True,0,0.0,True,
Mask_no_oil/00474.tif,True,2048,2048,1,uint8,,,,1,0.0,0.0,0.0,0.0,0.0,0.0,0.0,0.0,0.0,0.0,0.0,0.0,0,0,0,True,0,0.0,True,
Mask_no_oil/00475.tif,True,2048,2048,1,uint8,,,,1,0.0,0.0,0.0,0.0,0.0,0.0,0.0,0.0,0.0,0.0,0.0,0.0,0,0,0,True,0,0.0,True,
Mask_no_oil/00476.tif,True,2048,2048,1,uint8,,,,1,0.0,0.0,0.0,0.0,0.0,0.0,0.0,0.0,0.0,0.0,0.0,0.0,0,0,0,True,0,0.0,True,
Mask_no_oil/00477.tif,True,2048,2048,1,uint8,,,,1,0.0,0.0,0.0,0.0,0.0,0.0,0.0,0.0,0.0,0.0,0.0,0.0,0,0,0,True,0,0.0,True,
Mask_no_oil/00478.tif,True,2048,2048,1,uint8,,,,1,0.0,0.0,0.0,0.0,0.0,0.0,0.0,0.0,0.0,0.0,0.0,0.0,0,0,0,True,0,0.0,True,
Mask_no_oil/00479.tif,True,2048,2048,1,uint8,,,,1,0.0,0.0,0.0,0.0,0.0,0.0,0.0,0.0,0.0,0.0,0.0,0.0,0,0,0,True,0,0.0,True,
Mask_no_oil/00480.tif,True,2048,2048,1,uint8,,,,1,0.0,0.0,0.0,0.0,0.0,0.0,0.0,0.0,0.0,0.0,0.0,0.0,0,0,0,True,0,0.0,True,
Mask_no_oil/00481.tif,True,2048,2048,1,uint8,,,,1,0.0,0.0,0.0,0.0,0.0,0.0,0.0,0.0,0.0,0.0,0.0,0.0,0,0,0,True,0,0.0,True,
Mask_no_oil/00482.tif,True,2048,2048,1,uint8,,,,1,0.0,0.0,0.0,0.0,0.0,0.0,0.0,0.0,0.0,0.0,0.0,0.0,0,0,0,True,0,0.0,True,
Mask_no_oil/00483.tif,True,2048,2048,1,uint8,,,,1,0.0,0.0,0.0,0.0,0.0,0.0,0.0,0.0,0.0,0.0,0.0,0.0,0,0,0,True,0,0.0,True,
Mask_no_oil/00484.tif,True,2048,2048,1,uint8,,,,1,0.0,0.0,0.0,0.0,0.0,0.0,0.0,0.0,0.0,0.0,0.0,0.0,0,0,0,True,0,0.0,True,
Mask_no_oil/00485.tif,True,2048,2048,1,uint8,,,,1,0.0,0.0,0.0,0.0,0.0,0.0,0.0,0.0,0.0,0.0,0.0,0.0,0,0,0,True,0,0.0,True,
Mask_no_oil/00486.tif,True,2048,2048,1,uint8,,,,1,0.0,0.0,0.0,0.0,0.0,0.0,0.0,0.0,0.0,0.0,0.0,0.0,0,0,0,True,0,0.0,True,
Mask_no_oil/00487.tif,True,2048,2048,1,uint8,,,,1,0.0,0.0,0.0,0.0,0.0,0.0,0.0,0.0,0.0,0.0,0.0,0.0,0,0,0,True,0,0.0,True,
Mask_no_oil/00488.tif,True,2048,2048,1,uint8,,,,1,0.0,0.0,0.0,0.0,0.0,0.0,0.0,0.0,0.0,0.0,0.0,0.0,0,0,0,True,0,0.0,True,
Mask_no_oil/00489.tif,True,2048,2048,1,uint8,,,,1,0.0,0.0,0.0,0.0,0.0,0.0,0.0,0.0,0.0,0.0,0.0,0.0,0,0,0,True,0,0.0,True,
Mask_no_oil/00490.tif,True,2048,2048,1,uint8,,,,1,0.0,0.0,0.0,0.0,0.0,0.0,0.0,0.0,0.0,0.0,0.0,0.0,0,0,0,True,0,0.0,True,
Mask_no_oil/00491.tif,True,2048,2048,1,uint8,,,,1,0.0,0.0,0.0,0.0,0.0,0.0,0.0,0.0,0.0,0.0,0.0,0.0,0,0,0,True,0,0.0,True,
Mask_no_oil/00492.tif,True,2048,2048,1,uint8,,,,1,0.0,0.0,0.0,0.0,0.0,0.0,0.0,0.0,0.0,0.0,0.0,0.0,0,0,0,True,0,0.0,True,
Mask_no_oil/00493.tif,True,2048,2048,1,uint8,,,,1,0.0,0.0,0.0,0.0,0.0,0.0,0.0,0.0,0.0,0.0,0.0,0.0,0,0,0,True,0,0.0,True,
Mask_no_oil/00494.tif,True,2048,2048,1,uint8,,,,1,0.0,0.0,0.0,0.0,0.0,0.0,0.0,0.0,0.0,0.0,0.0,0.0,0,0,0,True,0,0.0,True,
Mask_no_oil/00495.tif,True,2048,2048,1,uint8,,,,1,0.0,0.0,0.0,0.0,0.0,0.0,0.0,0.0,0.0,0.0,0.0,0.0,0,0,0,True,0,0.0,True,
Mask_no_oil/00496.tif,True,2048,2048,1,uint8,,,,1,0.0,0.0,0.0,0.0,0.0,0.0,0.0,0.0,0.0,0.0,0.0,0.0,0,0,0,True,0,0.0,True,
Mask_no_oil/00497.tif,True,2048,2048,1,uint8,,,,1,0.0,0.0,0.0,0.0,0.0,0.0,0.0,0.0,0.0,0.0,0.0,0.0,0,0,0,True,0,0.0,True,
Mask_no_oil/00498.tif,True,2048,2048,1,uint8,,,,1,0.0,0.0,0.0,0.0,0.0,0.0,0.0,0.0,0.0,0.0,0.0,0.0,0,0,0,True,0,0.0,True,
Mask_no_oil/00499.tif,True,2048,2048,1,uint8,,,,1,0.0,0.0,0.0,0.0,0.0,0.0,0.0,0.0,0.0,0.0,0.0,0.0,0,0,0,True,0,0.0,True,
Mask_no_oil/00500.tif,True,2048,2048,1,uint8,,,,1,0.0,0.0,0.0,0.0,0.0,0.0,0.0,0.0,0.0,0.0,0.0,0.0,0,0,0,True,0,0.0,True,
Mask_no_oil/00501.tif,True,2048,2048,1,uint8,,,,1,0.0,0.0,0.0,0.0,0.0,0.0,0.0,0.0,0.0,0.0,0.0,0.0,0,0,0,True,0,0.0,True,
Mask_no_oil/00502.tif,True,2048,2048,1,uint8,,,,1,0.0,0.0,0.0,0.0,0.0,0.0,0.0,0.0,0.0,0.0,0.0,0.0,0,0,0,True,0,0.0,True,
Mask_no_oil/00503.tif,True,2048,2048,1,uint8,,,,1,0.0,0.0,0.0,0.0,0.0,0.0,0.0,0.0,0.0,0.0,0.0,0.0,0,0,0,True,0,0.0,True,
Mask_no_oil/00504.tif,True,2048,2048,1,uint8,,,,1,0.0,0.0,0.0,0.0,0.0,0.0,0.0,0.0,0.0,0.0,0.0,0.0,0,0,0,True,0,0.0,True,
Mask_no_oil/00505.tif,True,2048,2048,1,uint8,,,,1,0.0,0.0,0.0,0.0,0.0,0.0,0.0,0.0,0.0,0.0,0.0,0.0,0,0,0,True,0,0.0,True,
Mask_no_oil/00506.tif,True,2048,2048,1,uint8,,,,1,0.0,0.0,0.0,0.0,0.0,0.0,0.0,0.0,0.0,0.0,0.0,0.0,0,0,0,True,0,0.0,True,
Mask_no_oil/00507.tif,True,2048,2048,1,uint8,,,,1,0.0,0.0,0.0,0.0,0.0,0.0,0.0,0.0,0.0,0.0,0.0,0.0,0,0,0,True,0,0.0,True,
Mask_no_oil/00508.tif,True,2048,2048,1,uint8,,,,1,0.0,0.0,0.0,0.0,0.0,0.0,0.0,0.0,0.0,0.0,0.0,0.0,0,0,0,True,0,0.0,True,
Mask_no_oil/00509.tif,True,2048,2048,1,uint8,,,,1,0.0,0.0,0.0,0.0,0.0,0.0,0.0,0.0,0.0,0.0,0.0,0.0,0,0,0,True,0,0.0,True,
Mask_no_oil/00510.tif,True,2048,2048,1,uint8,,,,1,0.0,0.0,0.0,0.0,0.0,0.0,0.0,0.0,0.0,0.0,0.0,0.0,0,0,0,True,0,0.0,True,
Mask_no_oil/00511.tif,True,2048,2048,1,uint8,,,,1,0.0,0.0,0.0,0.0,0.0,0.0,0.0,0.0,0.0,0.0,0.0,0.0,0,0,0,True,0,0.0,True,
Mask_no_oil/00512.tif,True,2048,2048,1,uint8,,,,1,0.0,0.0,0.0,0.0,0.0,0.0,0.0,0.0,0.0,0.0,0.0,0.0,0,0,0,True,0,0.0,True,
Mask_no_oil/00513.tif,True,2048,2048,1,uint8,,,,1,0.0,0.0,0.0,0.0,0.0,0.0,0.0,0.0,0.0,0.0,0.0,0.0,0,0,0,True,0,0.0,True,
Mask_no_oil/00514.tif,True,2048,2048,1,uint8,,,,1,0.0,0.0,0.0,0.0,0.0,0.0,0.0,0.0,0.0,0.0,0.0,0.0,0,0,0,True,0,0.0,True,
Mask_no_oil/00515.tif,True,2048,2048,1,uint8,,,,1,0.0,0.0,0.0,0.0,0.0,0.0,0.0,0.0,0.0,0.0,0.0,0.0,0,0,0,True,0,0.0,True,
Mask_no_oil/00516.tif,True,2048,2048,1,uint8,,,,1,0.0,0.0,0.0,0.0,0.0,0.0,0.0,0.0,0.0,0.0,0.0,0.0,0,0,0,True,0,0.0,True,
Mask_no_oil/00517.tif,True,2048,2048,1,uint8,,,,1,0.0,0.0,0.0,0.0,0.0,0.0,0.0,0.0,0.0,0.0,0.0,0.0,0,0,0,True,0,0.0,True,
Mask_no_oil/00518.tif,True,2048,2048,1,uint8,,,,1,0.0,0.0,0.0,0.0,0.0,0.0,0.0,0.0,0.0,0.0,0.0,0.0,0,0,0,True,0,0.0,True,
Mask_no_oil/00519.tif,True,2048,2048,1,uint8,,,,1,0.0,0.0,0.0,0.0,0.0,0.0,0.0,0.0,0.0,0.0,0.0,0.0,0,0,0,True,0,0.0,True,
Mask_no_oil/00520.tif,True,2048,2048,1,uint8,,,,1,0.0,0.0,0.0,0.0,0.0,0.0,0.0,0.0,0.0,0.0,0.0,0.0,0,0,0,True,0,0.0,True,
Mask_no_oil/00521.tif,True,2048,2048,1,uint8,,,,1,0.0,0.0,0.0,0.0,0.0,0.0,0.0,0.0,0.0,0.0,0.0,0.0,0,0,0,True,0,0.0,True,
Mask_no_oil/00522.tif,True,2048,2048,1,uint8,,,,1,0.0,0.0,0.0,0.0,0.0,0.0,0.0,0.0,0.0,0.0,0.0,0.0,0,0,0,True,0,0.0,True,
Mask_no_oil/00523.tif,True,2048,2048,1,uint8,,,,1,0.0,0.0,0.0,0.0,0.0,0.0,0.0,0.0,0.0,0.0,0.0,0.0,0,0,0,True,0,0.0,True,
Mask_no_oil/00524.tif,True,2048,2048,1,uint8,,,,1,0.0,0.0,0.0,0.0,0.0,0.0,0.0,0.0,0.0,0.0,0.0,0.0,0,0,0,True,0,0.0,True,
Mask_no_oil/00525.tif,True,2048,2048,1,uint8,,,,1,0.0,0.0,0.0,0.0,0.0,0.0,0.0,0.0,0.0,0.0,0.0,0.0,0,0,0,True,0,0.0,True,
Mask_no_oil/00526.tif,True,2048,2048,1,uint8,,,,1,0.0,0.0,0.0,0.0,0.0,0.0,0.0,0.0,0.0,0.0,0.0,0.0,0,0,0,True,0,0.0,True,
Mask_no_oil/00527.tif,True,2048,2048,1,uint8,,,,1,0.0,0.0,0.0,0.0,0.0,0.0,0.0,0.0,0.0,0.0,0.0,0.0,0,0,0,True,0,0.0,True,
Mask_no_oil/00528.tif,True,2048,2048,1,uint8,,,,1,0.0,0.0,0.0,0.0,0.0,0.0,0.0,0.0,0.0,0.0,0.0,0.0,0,0,0,True,0,0.0,True,
Mask_no_oil/00529.tif,True,2048,2048,1,uint8,,,,1,0.0,0.0,0.0,0.0,0.0,0.0,0.0,0.0,0.0,0.0,0.0,0.0,0,0,0,True,0,0.0,True,
Mask_no_oil/00530.tif,True,2048,2048,1,uint8,,,,1,0.0,0.0,0.0,0.0,0.0,0.0,0.0,0.0,0.0,0.0,0.0,0.0,0,0,0,True,0,0.0,True,
Mask_no_oil/00531.tif,True,2048,2048,1,uint8,,,,1,0.0,0.0,0.0,0.0,0.0,0.0,0.0,0.0,0.0,0.0,0.0,0.0,0,0,0,True,0,0.0,True,
Mask_no_oil/00532.tif,True,2048,2048,1,uint8,,,,1,0.0,0.0,0.0,0.0,0.0,0.0,0.0,0.0,0.0,0.0,0.0,0.0,0,0,0,True,0,0.0,True,
Mask_no_oil/00533.tif,True,2048,2048,1,uint8,,,,1,0.0,0.0,0.0,0.0,0.0,0.0,0.0,0.0,0.0,0.0,0.0,0.0,0,0,0,True,0,0.0,True,
Mask_no_oil/00534.tif,True,2048,2048,1,uint8,,,,1,0.0,0.0,0.0,0.0,0.0,0.0,0.0,0.0,0.0,0.0,0.0,0.0,0,0,0,True,0,0.0,True,
Mask_no_oil/00535.tif,True,2048,2048,1,uint8,,,,1,0.0,0.0,0.0,0.0,0.0,0.0,0.0,0.0,0.0,0.0,0.0,0.0,0,0,0,True,0,0.0,True,
Mask_no_oil/00536.tif,True,2048,2048,1,uint8,,,,1,0.0,0.0,0.0,0.0,0.0,0.0,0.0,0.0,0.0,0.0,0.0,0.0,0,0,0,True,0,0.0,True,
Mask_no_oil/00537.tif,True,2048,2048,1,uint8,,,,1,0.0,0.0,0.0,0.0,0.0,0.0,0.0,0.0,0.0,0.0,0.0,0.0,0,0,0,True,0,0.0,True,
Mask_no_oil/00538.tif,True,2048,2048,1,uint8,,,,1,0.0,0.0,0.0,0.0,0.0,0.0,0.0,0.0,0.0,0.0,0.0,0.0,0,0,0,True,0,0.0,True,
Mask_no_oil/00539.tif,True,2048,2048,1,uint8,,,,1,0.0,0.0,0.0,0.0,0.0,0.0,0.0,0.0,0.0,0.0,0.0,0.0,0,0,0,True,0,0.0,True,
Mask_no_oil/00540.tif,True,2048,2048,1,uint8,,,,1,0.0,0.0,0.0,0.0,0.0,0.0,0.0,0.0,0.0,0.0,0.0,0.0,0,0,0,True,0,0.0,True,
Mask_no_oil/00541.tif,True,2048,2048,1,uint8,,,,1,0.0,0.0,0.0,0.0,0.0,0.0,0.0,0.0,0.0,0.0,0.0,0.0,0,0,0,True,0,0.0,True,
Mask_no_oil/00542.tif,True,2048,2048,1,uint8,,,,1,0.0,0.0,0.0,0.0,0.0,0.0,0.0,0.0,0.0,0.0,0.0,0.0,0,0,0,True,0,0.0,True,
Mask_no_oil/00543.tif,True,2048,2048,1,uint8,,,,1,0.0,0.0,0.0,0.0,0.0,0.0,0.0,0.0,0.0,0.0,0.0,0.0,0,0,0,True,0,0.0,True,
Mask_no_oil/00544.tif,True,2048,2048,1,uint8,,,,1,0.0,0.0,0.0,0.0,0.0,0.0,0.0,0.0,0.0,0.0,0.0,0.0,0,0,0,True,0,0.0,True,
Mask_no_oil/00545.tif,True,2048,2048,1,uint8,,,,1,0.0,0.0,0.0,0.0,0.0,0.0,0.0,0.0,0.0,0.0,0.0,0.0,0,0,0,True,0,0.0,True,
Mask_no_oil/00546.tif,True,2048,2048,1,uint8,,,,1,0.0,0.0,0.0,0.0,0.0,0.0,0.0,0.0,0.0,0.0,0.0,0.0,0,0,0,True,0,0.0,True,
Mask_no_oil/00547.tif,True,2048,2048,1,uint8,,,,1,0.0,0.0,0.0,0.0,0.0,0.0,0.0,0.0,0.0,0.0,0.0,0.0,0,0,0,True,0,0.0,True,
Mask_no_oil/00548.tif,True,2048,2048,1,uint8,,,,1,0.0,0.0,0.0,0.0,0.0,0.0,0.0,0.0,0.0,0.0,0.0,0.0,0,0,0,True,0,0.0,True,
Mask_no_oil/00549.tif,True,2048,2048,1,uint8,,,,1,0.0,0.0,0.0,0.0,0.0,0.0,0.0,0.0,0.0,0.0,0.0,0.0,0,0,0,True,0,0.0,True,
Mask_no_oil/00550.tif,True,2048,2048,1,uint8,,,,1,0.0,0.0,0.0,0.0,0.0,0.0,0.0,0.0,0.0,0.0,0.0,0.0,0,0,0,True,0,0.0,True,
Mask_no_oil/00551.tif,True,2048,2048,1,uint8,,,,1,0.0,0.0,0.0,0.0,0.0,0.0,0.0,0.0,0.0,0.0,0.0,0.0,0,0,0,True,0,0.0,True,
Mask_no_oil/00552.tif,True,2048,2048,1,uint8,,,,1,0.0,0.0,0.0,0.0,0.0,0.0,0.0,0.0,0.0,0.0,0.0,0.0,0,0,0,True,0,0.0,True,
Mask_no_oil/00553.tif,True,2048,2048,1,uint8,,,,1,0.0,0.0,0.0,0.0,0.0,0.0,0.0,0.0,0.0,0.0,0.0,0.0,0,0,0,True,0,0.0,True,
Mask_no_oil/00554.tif,True,2048,2048,1,uint8,,,,1,0.0,0.0,0.0,0.0,0.0,0.0,0.0,0.0,0.0,0.0,0.0,0.0,0,0,0,True,0,0.0,True,
Mask_no_oil/00555.tif,True,2048,2048,1,uint8,,,,1,0.0,0.0,0.0,0.0,0.0,0.0,0.0,0.0,0.0,0.0,0.0,0.0,0,0,0,True,0,0.0,True,
Mask_no_oil/00556.tif,True,2048,2048,1,uint8,,,,1,0.0,0.0,0.0,0.0,0.0,0.0,0.0,0.0,0.0,0.0,0.0,0.0,0,0,0,True,0,0.0,True,
Mask_no_oil/00557.tif,True,2048,2048,1,uint8,,,,1,0.0,0.0,0.0,0.0,0.0,0.0,0.0,0.0,0.0,0.0,0.0,0.0,0,0,0,True,0,0.0,True,
Mask_no_oil/00558.tif,True,2048,2048,1,uint8,,,,1,0.0,0.0,0.0,0.0,0.0,0.0,0.0,0.0,0.0,0.0,0.0,0.0,0,0,0,True,0,0.0,True,
Mask_no_oil/00559.tif,True,2048,2048,1,uint8,,,,1,0.0,0.0,0.0,0.0,0.0,0.0,0.0,0.0,0.0,0.0,0.0,0.0,0,0,0,True,0,0.0,True,
Mask_no_oil/00560.tif,True,2048,2048,1,uint8,,,,1,0.0,0.0,0.0,0.0,0.0,0.0,0.0,0.0,0.0,0.0,0.0,0.0,0,0,0,True,0,0.0,True,
Mask_no_oil/00561.tif,True,2048,2048,1,uint8,,,,1,0.0,0.0,0.0,0.0,0.0,0.0,0.0,0.0,0.0,0.0,0.0,0.0,0,0,0,True,0,0.0,True,
Mask_no_oil/00562.tif,True,2048,2048,1,uint8,,,,1,0.0,0.0,0.0,0.0,0.0,0.0,0.0,0.0,0.0,0.0,0.0,0.0,0,0,0,True,0,0.0,True,
Mask_no_oil/00563.tif,True,2048,2048,1,uint8,,,,1,0.0,0.0,0.0,0.0,0.0,0.0,0.0,0.0,0.0,0.0,0.0,0.0,0,0,0,True,0,0.0,True,
Mask_no_oil/00564.tif,True,2048,2048,1,uint8,,,,1,0.0,0.0,0.0,0.0,0.0,0.0,0.0,0.0,0.0,0.0,0.0,0.0,0,0,0,True,0,0.0,True,
Mask_no_oil/00565.tif,True,2048,2048,1,uint8,,,,1,0.0,0.0,0.0,0.0,0.0,0.0,0.0,0.0,0.0,0.0,0.0,0.0,0,0,0,True,0,0.0,True,
Mask_no_oil/00566.tif,True,2048,2048,1,uint8,,,,1,0.0,0.0,0.0,0.0,0.0,0.0,0.0,0.0,0.0,0.0,0.0,0.0,0,0,0,True,0,0.0,True,
Mask_no_oil/00567.tif,True,2048,2048,1,uint8,,,,1,0.0,0.0,0.0,0.0,0.0,0.0,0.0,0.0,0.0,0.0,0.0,0.0,0,0,0,True,0,0.0,True,
Mask_no_oil/00568.tif,True,2048,2048,1,uint8,,,,1,0.0,0.0,0.0,0.0,0.0,0.0,0.0,0.0,0.0,0.0,0.0,0.0,0,0,0,True,0,0.0,True,
Mask_no_oil/00569.tif,True,2048,2048,1,uint8,,,,1,0.0,0.0,0.0,0.0,0.0,0.0,0.0,0.0,0.0,0.0,0.0,0.0,0,0,0,True,0,0.0,True,
Mask_no_oil/00570.tif,True,2048,2048,1,uint8,,,,1,0.0,0.0,0.0,0.0,0.0,0.0,0.0,0.0,0.0,0.0,0.0,0.0,0,0,0,True,0,0.0,True,
Mask_no_oil/00571.tif,True,2048,2048,1,uint8,,,,1,0.0,0.0,0.0,0.0,0.0,0.0,0.0,0.0,0.0,0.0,0.0,0.0,0,0,0,True,0,0.0,True,
Mask_no_oil/00572.tif,True,2048,2048,1,uint8,,,,1,0.0,0.0,0.0,0.0,0.0,0.0,0.0,0.0,0.0,0.0,0.0,0.0,0,0,0,True,0,0.0,True,
Mask_no_oil/00573.tif,True,2048,2048,1,uint8,,,,1,0.0,0.0,0.0,0.0,0.0,0.0,0.0,0.0,0.0,0.0,0.0,0.0,0,0,0,True,0,0.0,True,
Mask_no_oil/00574.tif,True,2048,2048,1,uint8,,,,1,0.0,0.0,0.0,0.0,0.0,0.0,0.0,0.0,0.0,0.0,0.0,0.0,0,0,0,True,0,0.0,True,
Mask_no_oil/00575.tif,True,2048,2048,1,uint8,,,,1,0.0,0.0,0.0,0.0,0.0,0.0,0.0,0.0,0.0,0.0,0.0,0.0,0,0,0,True,0,0.0,True,
Mask_no_oil/00576.tif,True,2048,2048,1,uint8,,,,1,0.0,0.0,0.0,0.0,0.0,0.0,0.0,0.0,0.0,0.0,0.0,0.0,0,0,0,True,0,0.0,True,
Mask_no_oil/00577.tif,True,2048,2048,1,uint8,,,,1,0.0,0.0,0.0,0.0,0.0,0.0,0.0,0.0,0.0,0.0,0.0,0.0,0,0,0,True,0,0.0,True,
Mask_no_oil/00578.tif,True,2048,2048,1,uint8,,,,1,0.0,0.0,0.0,0.0,0.0,0.0,0.0,0.0,0.0,0.0,0.0,0.0,0,0,0,True,0,0.0,True,
Mask_no_oil/00579.tif,True,2048,2048,1,uint8,,,,1,0.0,0.0,0.0,0.0,0.0,0.0,0.0,0.0,0.0,0.0,0.0,0.0,0,0,0,True,0,0.0,True,
Mask_no_oil/00580.tif,True,2048,2048,1,uint8,,,,1,0.0,0.0,0.0,0.0,0.0,0.0,0.0,0.0,0.0,0.0,0.0,0.0,0,0,0,True,0,0.0,True,
Mask_no_oil/00581.tif,True,2048,2048,1,uint8,,,,1,0.0,0.0,0.0,0.0,0.0,0.0,0.0,0.0,0.0,0.0,0.0,0.0,0,0,0,True,0,0.0,True,
Mask_no_oil/00582.tif,True,2048,2048,1,uint8,,,,1,0.0,0.0,0.0,0.0,0.0,0.0,0.0,0.0,0.0,0.0,0.0,0.0,0,0,0,True,0,0.0,True,
Mask_no_oil/00583.tif,True,2048,2048,1,uint8,,,,1,0.0,0.0,0.0,0.0,0.0,0.0,0.0,0.0,0.0,0.0,0.0,0.0,0,0,0,True,0,0.0,True,
Mask_no_oil/00584.tif,True,2048,2048,1,uint8,,,,1,0.0,0.0,0.0,0.0,0.0,0.0,0.0,0.0,0.0,0.0,0.0,0.0,0,0,0,True,0,0.0,True,
Mask_no_oil/00585.tif,True,2048,2048,1,uint8,,,,1,0.0,0.0,0.0,0.0,0.0,0.0,0.0,0.0,0.0,0.0,0.0,0.0,0,0,0,True,0,0.0,True,
Mask_no_oil/00586.tif,True,2048,2048,1,uint8,,,,1,0.0,0.0,0.0,0.0,0.0,0.0,0.0,0.0,0.0,0.0,0.0,0.0,0,0,0,True,0,0.0,True,
Mask_no_oil/00587.tif,True,2048,2048,1,uint8,,,,1,0.0,0.0,0.0,0.0,0.0,0.0,0.0,0.0,0.0,0.0,0.0,0.0,0,0,0,True,0,0.0,True,
Mask_no_oil/00588.tif,True,2048,2048,1,uint8,,,,1,0.0,0.0,0.0,0.0,0.0,0.0,0.0,0.0,0.0,0.0,0.0,0.0,0,0,0,True,0,0.0,True,
Mask_no_oil/00589.tif,True,2048,2048,1,uint8,,,,1,0.0,0.0,0.0,0.0,0.0,0.0,0.0,0.0,0.0,0.0,0.0,0.0,0,0,0,True,0,0.0,True,
Mask_no_oil/00590.tif,True,2048,2048,1,uint8,,,,1,0.0,0.0,0.0,0.0,0.0,0.0,0.0,0.0,0.0,0.0,0.0,0.0,0,0,0,True,0,0.0,True,
Mask_no_oil/00591.tif,True,2048,2048,1,uint8,,,,1,0.0,0.0,0.0,0.0,0.0,0.0,0.0,0.0,0.0,0.0,0.0,0.0,0,0,0,True,0,0.0,True,
Mask_no_oil/00592.tif,True,2048,2048,1,uint8,,,,1,0.0,0.0,0.0,0.0,0.0,0.0,0.0,0.0,0.0,0.0,0.0,0.0,0,0,0,True,0,0.0,True,
Mask_no_oil/00593.tif,True,2048,2048,1,uint8,,,,1,0.0,0.0,0.0,0.0,0.0,0.0,0.0,0.0,0.0,0.0,0.0,0.0,0,0,0,True,0,0.0,True,
Mask_no_oil/00594.tif,True,2048,2048,1,uint8,,,,1,0.0,0.0,0.0,0.0,0.0,0.0,0.0,0.0,0.0,0.0,0.0,0.0,0,0,0,True,0,0.0,True,
Mask_no_oil/00595.tif,True,2048,2048,1,uint8,,,,1,0.0,0.0,0.0,0.0,0.0,0.0,0.0,0.0,0.0,0.0,0.0,0.0,0,0,0,True,0,0.0,True,
Mask_no_oil/00596.tif,True,2048,2048,1,uint8,,,,1,0.0,0.0,0.0,0.0,0.0,0.0,0.0,0.0,0.0,0.0,0.0,0.0,0,0,0,True,0,0.0,True,
Mask_no_oil/00597.tif,True,2048,2048,1,uint8,,,,1,0.0,0.0,0.0,0.0,0.0,0.0,0.0,0.0,0.0,0.0,0.0,0.0,0,0,0,True,0,0.0,True,
Mask_no_oil/00598.tif,True,2048,2048,1,uint8,,,,1,0.0,0.0,0.0,0.0,0.0,0.0,0.0,0.0,0.0,0.0,0.0,0.0,0,0,0,True,0,0.0,True,
Mask_no_oil/00599.tif,True,2048,2048,1,uint8,,,,1,0.0,0.0,0.0,0.0,0.0,0.0,0.0,0.0,0.0,0.0,0.0,0.0,0,0,0,True,0,0.0,True,
Mask_no_oil/00600.tif,True,2048,2048,1,uint8,,,,1,0.0,0.0,0.0,0.0,0.0,0.0,0.0,0.0,0.0,0.0,0.0,0.0,0,0,0,True,0,0.0,True,
Mask_no_oil/00601.tif,True,2048,2048,1,uint8,,,,1,0.0,0.0,0.0,0.0,0.0,0.0,0.0,0.0,0.0,0.0,0.0,0.0,0,0,0,True,0,0.0,True,
Mask_no_oil/00602.tif,True,2048,2048,1,uint8,,,,1,0.0,0.0,0.0,0.0,0.0,0.0,0.0,0.0,0.0,0.0,0.0,0.0,0,0,0,True,0,0.0,True,
Mask_no_oil/00603.tif,True,2048,2048,1,uint8,,,,1,0.0,0.0,0.0,0.0,0.0,0.0,0.0,0.0,0.0,0.0,0.0,0.0,0,0,0,True,0,0.0,True,
Mask_no_oil/00604.tif,True,2048,2048,1,uint8,,,,1,0.0,0.0,0.0,0.0,0.0,0.0,0.0,0.0,0.0,0.0,0.0,0.0,0,0,0,True,0,0.0,True,
Mask_no_oil/00605.tif,True,2048,2048,1,uint8,,,,1,0.0,0.0,0.0,0.0,0.0,0.0,0.0,0.0,0.0,0.0,0.0,0.0,0,0,0,True,0,0.0,True,
Mask_no_oil/00606.tif,True,2048,2048,1,uint8,,,,1,0.0,0.0,0.0,0.0,0.0,0.0,0.0,0.0,0.0,0.0,0.0,0.0,0,0,0,True,0,0.0,True,
Mask_no_oil/00607.tif,True,2048,2048,1,uint8,,,,1,0.0,0.0,0.0,0.0,0.0,0.0,0.0,0.0,0.0,0.0,0.0,0.0,0,0,0,True,0,0.0,True,
Mask_no_oil/00608.tif,True,2048,2048,1,uint8,,,,1,0.0,0.0,0.0,0.0,0.0,0.0,0.0,0.0,0.0,0.0,0.0,0.0,0,0,0,True,0,0.0,True,
Mask_no_oil/00609.tif,True,2048,2048,1,uint8,,,,1,0.0,0.0,0.0,0.0,0.0,0.0,0.0,0.0,0.0,0.0,0.0,0.0,0,0,0,True,0,0.0,True,
Mask_no_oil/00610.tif,True,2048,2048,1,uint8,,,,1,0.0,0.0,0.0,0.0,0.0,0.0,0.0,0.0,0.0,0.0,0.0,0.0,0,0,0,True,0,0.0,True,
Mask_no_oil/00611.tif,True,2048,2048,1,uint8,,,,1,0.0,0.0,0.0,0.0,0.0,0.0,0.0,0.0,0.0,0.0,0.0,0.0,0,0,0,True,0,0.0,True,
Mask_no_oil/00612.tif,True,2048,2048,1,uint8,,,,1,0.0,0.0,0.0,0.0,0.0,0.0,0.0,0.0,0.0,0.0,0.0,0.0,0,0,0,True,0,0.0,True,
Mask_no_oil/00613.tif,True,2048,2048,1,uint8,,,,1,0.0,0.0,0.0,0.0,0.0,0.0,0.0,0.0,0.0,0.0,0.0,0.0,0,0,0,True,0,0.0,True,
Mask_no_oil/00614.tif,True,2048,2048,1,uint8,,,,1,0.0,0.0,0.0,0.0,0.0,0.0,0.0,0.0,0.0,0.0,0.0,0.0,0,0,0,True,0,0.0,True,
Mask_no_oil/00615.tif,True,2048,2048,1,uint8,,,,1,0.0,0.0,0.0,0.0,0.0,0.0,0.0,0.0,0.0,0.0,0.0,0.0,0,0,0,True,0,0.0,True,
Mask_no_oil/00616.tif,True,2048,2048,1,uint8,,,,1,0.0,0.0,0.0,0.0,0.0,0.0,0.0,0.0,0.0,0.0,0.0,0.0,0,0,0,True,0,0.0,True,
Mask_no_oil/00617.tif,True,2048,2048,1,uint8,,,,1,0.0,0.0,0.0,0.0,0.0,0.0,0.0,0.0,0.0,0.0,0.0,0.0,0,0,0,True,0,0.0,True,
Mask_no_oil/00618.tif,True,2048,2048,1,uint8,,,,1,0.0,0.0,0.0,0.0,0.0,0.0,0.0,0.0,0.0,0.0,0.0,0.0,0,0,0,True,0,0.0,True,
Mask_no_oil/00619.tif,True,2048,2048,1,uint8,,,,1,0.0,0.0,0.0,0.0,0.0,0.0,0.0,0.0,0.0,0.0,0.0,0.0,0,0,0,True,0,0.0,True,
Mask_no_oil/00620.tif,True,2048,2048,1,uint8,,,,1,0.0,0.0,0.0,0.0,0.0,0.0,0.0,0.0,0.0,0.0,0.0,0.0,0,0,0,True,0,0.0,True,
Mask_no_oil/00621.tif,True,2048,2048,1,uint8,,,,1,0.0,0.0,0.0,0.0,0.0,0.0,0.0,0.0,0.0,0.0,0.0,0.0,0,0,0,True,0,0.0,True,
Mask_no_oil/00622.tif,True,2048,2048,1,uint8,,,,1,0.0,0.0,0.0,0.0,0.0,0.0,0.0,0.0,0.0,0.0,0.0,0.0,0,0,0,True,0,0.0,True,
Mask_no_oil/00623.tif,True,2048,2048,1,uint8,,,,1,0.0,0.0,0.0,0.0,0.0,0.0,0.0,0.0,0.0,0.0,0.0,0.0,0,0,0,True,0,0.0,True,
Mask_no_oil/00624.tif,True,2048,2048,1,uint8,,,,1,0.0,0.0,0.0,0.0,0.0,0.0,0.0,0.0,0.0,0.0,0.0,0.0,0,0,0,True,0,0.0,True,
Mask_no_oil/00625.tif,True,2048,2048,1,uint8,,,,1,0.0,0.0,0.0,0.0,0.0,0.0,0.0,0.0,0.0,0.0,0.0,0.0,0,0,0,True,0,0.0,True,
Mask_no_oil/00626.tif,True,2048,2048,1,uint8,,,,1,0.0,0.0,0.0,0.0,0.0,0.0,0.0,0.0,0.0,0.0,0.0,0.0,0,0,0,True,0,0.0,True,
Mask_no_oil/00627.tif,True,2048,2048,1,uint8,,,,1,0.0,0.0,0.0,0.0,0.0,0.0,0.0,0.0,0.0,0.0,0.0,0.0,0,0,0,True,0,0.0,True,
Mask_no_oil/00628.tif,True,2048,2048,1,uint8,,,,1,0.0,0.0,0.0,0.0,0.0,0.0,0.0,0.0,0.0,0.0,0.0,0.0,0,0,0,True,0,0.0,True,
Mask_no_oil/00629.tif,True,2048,2048,1,uint8,,,,1,0.0,0.0,0.0,0.0,0.0,0.0,0.0,0.0,0.0,0.0,0.0,0.0,0,0,0,True,0,0.0,True,
Mask_no_oil/00630.tif,True,2048,2048,1,uint8,,,,1,0.0,0.0,0.0,0.0,0.0,0.0,0.0,0.0,0.0,0.0,0.0,0.0,0,0,0,True,0,0.0,True,
Mask_no_oil/00631.tif,True,2048,2048,1,uint8,,,,1,0.0,0.0,0.0,0.0,0.0,0.0,0.0,0.0,0.0,0.0,0.0,0.0,0,0,0,True,0,0.0,True,
Mask_no_oil/00632.tif,True,2048,2048,1,uint8,,,,1,0.0,0.0,0.0,0.0,0.0,0.0,0.0,0.0,0.0,0.0,0.0,0.0,0,0,0,True,0,0.0,True,
Mask_no_oil/00633.tif,True,2048,2048,1,uint8,,,,1,0.0,0.0,0.0,0.0,0.0,0.0,0.0,0.0,0.0,0.0,0.0,0.0,0,0,0,True,0,0.0,True,
Mask_no_oil/00634.tif,True,2048,2048,1,uint8,,,,1,0.0,0.0,0.0,0.0,0.0,0.0,0.0,0.0,0.0,0.0,0.0,0.0,0,0,0,True,0,0.0,True,
Mask_no_oil/00635.tif,True,2048,2048,1,uint8,,,,1,0.0,0.0,0.0,0.0,0.0,0.0,0.0,0.0,0.0,0.0,0.0,0.0,0,0,0,True,0,0.0,True,
Mask_no_oil/00636.tif,True,2048,2048,1,uint8,,,,1,0.0,0.0,0.0,0.0,0.0,0.0,0.0,0.0,0.0,0.0,0.0,0.0,0,0,0,True,0,0.0,True,
Mask_no_oil/00637.tif,True,2048,2048,1,uint8,,,,1,0.0,0.0,0.0,0.0,0.0,0.0,0.0,0.0,0.0,0.0,0.0,0.0,0,0,0,True,0,0.0,True,
Mask_no_oil/00638.tif,True,2048,2048,1,uint8,,,,1,0.0,0.0,0.0,0.0,0.0,0.0,0.0,0.0,0.0,0.0,0.0,0.0,0,0,0,True,0,0.0,True,
Mask_no_oil/00639.tif,True,2048,2048,1,uint8,,,,1,0.0,0.0,0.0,0.0,0.0,0.0,0.0,0.0,0.0,0.0,0.0,0.0,0,0,0,True,0,0.0,True,
Mask_no_oil/00640.tif,True,2048,2048,1,uint8,,,,1,0.0,0.0,0.0,0.0,0.0,0.0,0.0,0.0,0.0,0.0,0.0,0.0,0,0,0,True,0,0.0,True,
Mask_no_oil/00641.tif,True,2048,2048,1,uint8,,,,1,0.0,0.0,0.0,0.0,0.0,0.0,0.0,0.0,0.0,0.0,0.0,0.0,0,0,0,True,0,0.0,True,
Mask_no_oil/00642.tif,True,2048,2048,1,uint8,,,,1,0.0,0.0,0.0,0.0,0.0,0.0,0.0,0.0,0.0,0.0,0.0,0.0,0,0,0,True,0,0.0,True,
Mask_no_oil/00643.tif,True,2048,2048,1,uint8,,,,1,0.0,0.0,0.0,0.0,0.0,0.0,0.0,0.0,0.0,0.0,0.0,0.0,0,0,0,True,0,0.0,True,
Mask_no_oil/00644.tif,True,2048,2048,1,uint8,,,,1,0.0,0.0,0.0,0.0,0.0,0.0,0.0,0.0,0.0,0.0,0.0,0.0,0,0,0,True,0,0.0,True,
Mask_no_oil/00645.tif,True,2048,2048,1,uint8,,,,1,0.0,0.0,0.0,0.0,0.0,0.0,0.0,0.0,0.0,0.0,0.0,0.0,0,0,0,True,0,0.0,True,
Mask_no_oil/00646.tif,True,2048,2048,1,uint8,,,,1,0.0,0.0,0.0,0.0,0.0,0.0,0.0,0.0,0.0,0.0,0.0,0.0,0,0,0,True,0,0.0,True,
Mask_no_oil/00647.tif,True,2048,2048,1,uint8,,,,1,0.0,0.0,0.0,0.0,0.0,0.0,0.0,0.0,0.0,0.0,0.0,0.0,0,0,0,True,0,0.0,True,
Mask_no_oil/00648.tif,True,2048,2048,1,uint8,,,,1,0.0,0.0,0.0,0.0,0.0,0.0,0.0,0.0,0.0,0.0,0.0,0.0,0,0,0,True,0,0.0,True,
Mask_no_oil/00649.tif,True,2048,2048,1,uint8,,,,1,0.0,0.0,0.0,0.0,0.0,0.0,0.0,0.0,0.0,0.0,0.0,0.0,0,0,0,True,0,0.0,True,
Mask_no_oil/00650.tif,True,2048,2048,1,uint8,,,,1,0.0,0.0,0.0,0.0,0.0,0.0,0.0,0.0,0.0,0.0,0.0,0.0,0,0,0,True,0,0.0,True,
Mask_no_oil/00651.tif,True,2048,2048,1,uint8,,,,1,0.0,0.0,0.0,0.0,0.0,0.0,0.0,0.0,0.0,0.0,0.0,0.0,0,0,0,True,0,0.0,True,
Mask_no_oil/00652.tif,True,2048,2048,1,uint8,,,,1,0.0,0.0,0.0,0.0,0.0,0.0,0.0,0.0,0.0,0.0,0.0,0.0,0,0,0,True,0,0.0,True,
Mask_no_oil/00653.tif,True,2048,2048,1,uint8,,,,1,0.0,0.0,0.0,0.0,0.0,0.0,0.0,0.0,0.0,0.0,0.0,0.0,0,0,0,True,0,0.0,True,
Mask_no_oil/00654.tif,True,2048,2048,1,uint8,,,,1,0.0,0.0,0.0,0.0,0.0,0.0,0.0,0.0,0.0,0.0,0.0,0.0,0,0,0,True,0,0.0,True,
Mask_no_oil/00655.tif,True,2048,2048,1,uint8,,,,1,0.0,0.0,0.0,0.0,0.0,0.0,0.0,0.0,0.0,0.0,0.0,0.0,0,0,0,True,0,0.0,True,
Mask_no_oil/00656.tif,True,2048,2048,1,uint8,,,,1,0.0,0.0,0.0,0.0,0.0,0.0,0.0,0.0,0.0,0.0,0.0,0.0,0,0,0,True,0,0.0,True,
Mask_no_oil/00657.tif,True,2048,2048,1,uint8,,,,1,0.0,0.0,0.0,0.0,0.0,0.0,0.0,0.0,0.0,0.0,0.0,0.0,0,0,0,True,0,0.0,True,
Mask_no_oil/00658.tif,True,2048,2048,1,uint8,,,,1,0.0,0.0,0.0,0.0,0.0,0.0,0.0,0.0,0.0,0.0,0.0,0.0,0,0,0,True,0,0.0,True,
Mask_no_oil/00659.tif,True,2048,2048,1,uint8,,,,1,0.0,0.0,0.0,0.0,0.0,0.0,0.0,0.0,0.0,0.0,0.0,0.0,0,0,0,True,0,0.0,True,
Mask_no_oil/00660.tif,True,2048,2048,1,uint8,,,,1,0.0,0.0,0.0,0.0,0.0,0.0,0.0,0.0,0.0,0.0,0.0,0.0,0,0,0,True,0,0.0,True,
Mask_no_oil/00661.tif,True,2048,2048,1,uint8,,,,1,0.0,0.0,0.0,0.0,0.0,0.0,0.0,0.0,0.0,0.0,0.0,0.0,0,0,0,True,0,0.0,True,
Mask_no_oil/00662.tif,True,2048,2048,1,uint8,,,,1,0.0,0.0,0.0,0.0,0.0,0.0,0.0,0.0,0.0,0.0,0.0,0.0,0,0,0,True,0,0.0,True,
Mask_no_oil/00663.tif,True,2048,2048,1,uint8,,,,1,0.0,0.0,0.0,0.0,0.0,0.0,0.0,0.0,0.0,0.0,0.0,0.0,0,0,0,True,0,0.0,True,
Mask_no_oil/00664.tif,True,2048,2048,1,uint8,,,,1,0.0,0.0,0.0,0.0,0.0,0.0,0.0,0.0,0.0,0.0,0.0,0.0,0,0,0,True,0,0.0,True,
Mask_no_oil/00665.tif,True,2048,2048,1,uint8,,,,1,0.0,0.0,0.0,0.0,0.0,0.0,0.0,0.0,0.0,0.0,0.0,0.0,0,0,0,True,0,0.0,True,
Mask_no_oil/00666.tif,True,2048,2048,1,uint8,,,,1,0.0,0.0,0.0,0.0,0.0,0.0,0.0,0.0,0.0,0.0,0.0,0.0,0,0,0,True,0,0.0,True,
Mask_no_oil/00667.tif,True,2048,2048,1,uint8,,,,1,0.0,0.0,0.0,0.0,0.0,0.0,0.0,0.0,0.0,0.0,0.0,0.0,0,0,0,True,0,0.0,True,
Mask_no_oil/00668.tif,True,2048,2048,1,uint8,,,,1,0.0,0.0,0.0,0.0,0.0,0.0,0.0,0.0,0.0,0.0,0.0,0.0,0,0,0,True,0,0.0,True,
Mask_no_oil/00669.tif,True,2048,2048,1,uint8,,,,1,0.0,0.0,0.0,0.0,0.0,0.0,0.0,0.0,0.0,0.0,0.0,0.0,0,0,0,True,0,0.0,True,
Mask_no_oil/00670.tif,True,2048,2048,1,uint8,,,,1,0.0,0.0,0.0,0.0,0.0,0.0,0.0,0.0,0.0,0.0,0.0,0.0,0,0,0,True,0,0.0,True,
Mask_no_oil/00671.tif,True,2048,2048,1,uint8,,,,1,0.0,0.0,0.0,0.0,0.0,0.0,0.0,0.0,0.0,0.0,0.0,0.0,0,0,0,True,0,0.0,True,
Mask_no_oil/00672.tif,True,2048,2048,1,uint8,,,,1,0.0,0.0,0.0,0.0,0.0,0.0,0.0,0.0,0.0,0.0,0.0,0.0,0,0,0,True,0,0.0,True,
Mask_no_oil/00673.tif,True,2048,2048,1,uint8,,,,1,0.0,0.0,0.0,0.0,0.0,0.0,0.0,0.0,0.0,0.0,0.0,0.0,0,0,0,True,0,0.0,True,
Mask_no_oil/00674.tif,True,2048,2048,1,uint8,,,,1,0.0,0.0,0.0,0.0,0.0,0.0,0.0,0.0,0.0,0.0,0.0,0.0,0,0,0,True,0,0.0,True,
Mask_no_oil/00675.tif,True,2048,2048,1,uint8,,,,1,0.0,0.0,0.0,0.0,0.0,0.0,0.0,0.0,0.0,0.0,0.0,0.0,0,0,0,True,0,0.0,True,
Mask_no_oil/00676.tif,True,2048,2048,1,uint8,,,,1,0.0,0.0,0.0,0.0,0.0,0.0,0.0,0.0,0.0,0.0,0.0,0.0,0,0,0,True,0,0.0,True,
Mask_no_oil/00677.tif,True,2048,2048,1,uint8,,,,1,0.0,0.0,0.0,0.0,0.0,0.0,0.0,0.0,0.0,0.0,0.0,0.0,0,0,0,True,0,0.0,True,
Mask_no_oil/00678.tif,True,2048,2048,1,uint8,,,,1,0.0,0.0,0.0,0.0,0.0,0.0,0.0,0.0,0.0,0.0,0.0,0.0,0,0,0,True,0,0.0,True,
Mask_no_oil/00679.tif,True,2048,2048,1,uint8,,,,1,0.0,0.0,0.0,0.0,0.0,0.0,0.0,0.0,0.0,0.0,0.0,0.0,0,0,0,True,0,0.0,True,
Mask_no_oil/00680.tif,True,2048,2048,1,uint8,,,,1,0.0,0.0,0.0,0.0,0.0,0.0,0.0,0.0,0.0,0.0,0.0,0.0,0,0,0,True,0,0.0,True,
Mask_no_oil/00681.tif,True,2048,2048,1,uint8,,,,1,0.0,0.0,0.0,0.0,0.0,0.0,0.0,0.0,0.0,0.0,0.0,0.0,0,0,0,True,0,0.0,True,
Mask_no_oil/00682.tif,True,2048,2048,1,uint8,,,,1,0.0,0.0,0.0,0.0,0.0,0.0,0.0,0.0,0.0,0.0,0.0,0.0,0,0,0,True,0,0.0,True,
Mask_no_oil/00683.tif,True,2048,2048,1,uint8,,,,1,0.0,0.0,0.0,0.0,0.0,0.0,0.0,0.0,0.0,0.0,0.0,0.0,0,0,0,True,0,0.0,True,
Mask_no_oil/00684.tif,True,2048,2048,1,uint8,,,,1,0.0,0.0,0.0,0.0,0.0,0.0,0.0,0.0,0.0,0.0,0.0,0.0,0,0,0,True,0,0.0,True,
Mask_lookalike/00000.tif,True,2048,2048,1,uint8,,,,1,0.0,0.0,0.0,0.0,0.0,0.0,0.0,0.0,0.0,0.0,0.0,0.0,0,0,0,True,0,0.0,True,
Mask_lookalike/00001.tif,True,2048,2048,1,uint8,,,,1,0.0,0.0,0.0,0.0,0.0,0.0,0.0,0.0,0.0,0.0,0.0,0.0,0,0,0,True,0,0.0,True,
Mask_lookalike/00002.tif,True,2048,2048,1,uint8,,,,1,0.0,0.0,0.0,0.0,0.0,0.0,0.0,0.0,0.0,0.0,0.0,0.0,0,0,0,True,0,0.0,True,
Mask_lookalike/00003.tif,True,2048,2048,1,uint8,,,,1,0.0,0.0,0.0,0.0,0.0,0.0,0.0,0.0,0.0,0.0,0.0,0.0,0,0,0,True,0,0.0,True,
Mask_lookalike/00004.tif,True,2048,2048,1,uint8,,,,1,0.0,0.0,0.0,0.0,0.0,0.0,0.0,0.0,0.0,0.0,0.0,0.0,0,0,0,True,0,0.0,True,
Mask_lookalike/00005.tif,True,2048,2048,1,uint8,,,,1,0.0,0.0,0.0,0.0,0.0,0.0,0.0,0.0,0.0,0.0,0.0,0.0,0,0,0,True,0,0.0,True,
Mask_lookalike/00006.tif,True,2048,2048,1,uint8,,,,1,0.0,0.0,0.0,0.0,0.0,0.0,0.0,0.0,0.0,0.0,0.0,0.0,0,0,0,True,0,0.0,True,
Mask_lookalike/00007.tif,True,2048,2048,1,uint8,,,,1,0.0,0.0,0.0,0.0,0.0,0.0,0.0,0.0,0.0,0.0,0.0,0.0,0,0,0,True,0,0.0,True,
Mask_lookalike/00008.tif,True,2048,2048,1,uint8,,,,1,0.0,0.0,0.0,0.0,0.0,0.0,0.0,0.0,0.0,0.0,0.0,0.0,0,0,0,True,0,0.0,True,
Mask_lookalike/00009.tif,True,2048,2048,1,uint8,,,,1,0.0,0.0,0.0,0.0,0.0,0.0,0.0,0.0,0.0,0.0,0.0,0.0,0,0,0,True,0,0.0,True,
Mask_lookalike/00010.tif,True,2048,2048,1,uint8,,,,1,0.0,0.0,0.0,0.0,0.0,0.0,0.0,0.0,0.0,0.0,0.0,0.0,0,0,0,True,0,0.0,True,
Mask_lookalike/00011.tif,True,2048,2048,1,uint8,,,,1,0.0,0.0,0.0,0.0,0.0,0.0,0.0,0.0,0.0,0.0,0.0,0.0,0,0,0,True,0,0.0,True,
Mask_lookalike/00012.tif,True,2048,2048,1,uint8,,,,1,0.0,0.0,0.0,0.0,0.0,0.0,0.0,0.0,0.0,0.0,0.0,0.0,0,0,0,True,0,0.0,True,
Mask_lookalike/00013.tif,True,2048,2048,1,uint8,,,,1,0.0,0.0,0.0,0.0,0.0,0.0,0.0,0.0,0.0,0.0,0.0,0.0,0,0,0,True,0,0.0,True,
Mask_lookalike/00014.tif,True,2048,2048,1,uint8,,,,1,0.0,0.0,0.0,0.0,0.0,0.0,0.0,0.0,0.0,0.0,0.0,0.0,0,0,0,True,0,0.0,True,
Mask_lookalike/00015.tif,True,2048,2048,1,uint8,,,,1,0.0,0.0,0.0,0.0,0.0,0.0,0.0,0.0,0.0,0.0,0.0,0.0,0,0,0,True,0,0.0,True,
Mask_lookalike/00016.tif,True,2048,2048,1,uint8,,,,1,0.0,0.0,0.0,0.0,0.0,0.0,0.0,0.0,0.0,0.0,0.0,0.0,0,0,0,True,0,0.0,True,
Mask_lookalike/00017.tif,True,2048,2048,1,uint8,,,,1,0.0,0.0,0.0,0.0,0.0,0.0,0.0,0.0,0.0,0.0,0.0,0.0,0,0,0,True,0,0.0,True,
Mask_lookalike/00018.tif,True,2048,2048,1,uint8,,,,1,0.0,0.0,0.0,0.0,0.0,0.0,0.0,0.0,0.0,0.0,0.0,0.0,0,0,0,True,0,0.0,True,
Mask_lookalike/00019.tif,True,2048,2048,1,uint8,,,,1,0.0,0.0,0.0,0.0,0.0,0.0,0.0,0.0,0.0,0.0,0.0,0.0,0,0,0,True,0,0.0,True,
Mask_lookalike/00020.tif,True,2048,2048,1,uint8,,,,1,0.0,0.0,0.0,0.0,0.0,0.0,0.0,0.0,0.0,0.0,0.0,0.0,0,0,0,True,0,0.0,True,
Mask_lookalike/00021.tif,True,2048,2048,1,uint8,,,,1,0.0,0.0,0.0,0.0,0.0,0.0,0.0,0.0,0.0,0.0,0.0,0.0,0,0,0,True,0,0.0,True,
Mask_lookalike/00022.tif,True,2048,2048,1,uint8,,,,1,0.0,0.0,0.0,0.0,0.0,0.0,0.0,0.0,0.0,0.0,0.0,0.0,0,0,0,True,0,0.0,True,
Mask_lookalike/00023.tif,True,2048,2048,1,uint8,,,,1,0.0,0.0,0.0,0.0,0.0,0.0,0.0,0.0,0.0,0.0,0.0,0.0,0,0,0,True,0,0.0,True,
Mask_lookalike/00024.tif,True,2048,2048,1,uint8,,,,1,0.0,0.0,0.0,0.0,0.0,0.0,0.0,0.0,0.0,0.0,0.0,0.0,0,0,0,True,0,0.0,True,
Mask_lookalike/00025.tif,True,2048,2048,1,uint8,,,,1,0.0,0.0,0.0,0.0,0.0,0.0,0.0,0.0,0.0,0.0,0.0,0.0,0,0,0,True,0,0.0,True,
Mask_lookalike/00026.tif,True,2048,2048,1,uint8,,,,1,0.0,0.0,0.0,0.0,0.0,0.0,0.0,0.0,0.0,0.0,0.0,0.0,0,0,0,True,0,0.0,True,
Mask_lookalike/00027.tif,True,2048,2048,1,uint8,,,,1,0.0,0.0,0.0,0.0,0.0,0.0,0.0,0.0,0.0,0.0,0.0,0.0,0,0,0,True,0,0.0,True,
Mask_lookalike/00028.tif,True,2048,2048,1,uint8,,,,1,0.0,0.0,0.0,0.0,0.0,0.0,0.0,0.0,0.0,0.0,0.0,0.0,0,0,0,True,0,0.0,True,
Mask_lookalike/00029.tif,True,2048,2048,1,uint8,,,,1,0.0,0.0,0.0,0.0,0.0,0.0,0.0,0.0,0.0,0.0,0.0,0.0,0,0,0,True,0,0.0,True,
Mask_lookalike/00030.tif,True,2048,2048,1,uint8,,,,1,0.0,0.0,0.0,0.0,0.0,0.0,0.0,0.0,0.0,0.0,0.0,0.0,0,0,0,True,0,0.0,True,
Mask_lookalike/00031.tif,True,2048,2048,1,uint8,,,,1,0.0,0.0,0.0,0.0,0.0,0.0,0.0,0.0,0.0,0.0,0.0,0.0,0,0,0,True,0,0.0,True,
Mask_lookalike/00032.tif,True,2048,2048,1,uint8,,,,1,0.0,0.0,0.0,0.0,0.0,0.0,0.0,0.0,0.0,0.0,0.0,0.0,0,0,0,True,0,0.0,True,
Mask_lookalike/00033.tif,True,2048,2048,1,uint8,,,,1,0.0,0.0,0.0,0.0,0.0,0.0,0.0,0.0,0.0,0.0,0.0,0.0,0,0,0,True,0,0.0,True,
Mask_lookalike/00034.tif,True,2048,2048,1,uint8,,,,1,0.0,0.0,0.0,0.0,0.0,0.0,0.0,0.0,0.0,0.0,0.0,0.0,0,0,0,True,0,0.0,True,
Mask_lookalike/00035.tif,True,2048,2048,1,uint8,,,,1,0.0,0.0,0.0,0.0,0.0,0.0,0.0,0.0,0.0,0.0,0.0,0.0,0,0,0,True,0,0.0,True,
Mask_lookalike/00036.tif,True,2048,2048,1,uint8,,,,1,0.0,0.0,0.0,0.0,0.0,0.0,0.0,0.0,0.0,0.0,0.0,0.0,0,0,0,True,0,0.0,True,
Mask_lookalike/00037.tif,True,2048,2048,1,uint8,,,,1,0.0,0.0,0.0,0.0,0.0,0.0,0.0,0.0,0.0,0.0,0.0,0.0,0,0,0,True,0,0.0,True,
Mask_lookalike/00038.tif,True,2048,2048,1,uint8,,,,1,0.0,0.0,0.0,0.0,0.0,0.0,0.0,0.0,0.0,0.0,0.0,0.0,0,0,0,True,0,0.0,True,
Mask_lookalike/00039.tif,True,2048,2048,1,uint8,,,,1,0.0,0.0,0.0,0.0,0.0,0.0,0.0,0.0,0.0,0.0,0.0,0.0,0,0,0,True,0,0.0,True,
Mask_lookalike/00040.tif,True,2048,2048,1,uint8,,,,1,0.0,0.0,0.0,0.0,0.0,0.0,0.0,0.0,0.0,0.0,0.0,0.0,0,0,0,True,0,0.0,True,
Mask_lookalike/00041.tif,True,2048,2048,1,uint8,,,,1,0.0,0.0,0.0,0.0,0.0,0.0,0.0,0.0,0.0,0.0,0.0,0.0,0,0,0,True,0,0.0,True,
Mask_lookalike/00042.tif,True,2048,2048,1,uint8,,,,1,0.0,0.0,0.0,0.0,0.0,0.0,0.0,0.0,0.0,0.0,0.0,0.0,0,0,0,True,0,0.0,True,
Mask_lookalike/00043.tif,True,2048,2048,1,uint8,,,,1,0.0,0.0,0.0,0.0,0.0,0.0,0.0,0.0,0.0,0.0,0.0,0.0,0,0,0,True,0,0.0,True,
Mask_lookalike/00044.tif,True,2048,2048,1,uint8,,,,1,0.0,0.0,0.0,0.0,0.0,0.0,0.0,0.0,0.0,0.0,0.0,0.0,0,0,0,True,0,0.0,True,
Mask_lookalike/00045.tif,True,2048,2048,1,uint8,,,,1,0.0,0.0,0.0,0.0,0.0,0.0,0.0,0.0,0.0,0.0,0.0,0.0,0,0,0,True,0,0.0,True,
Mask_lookalike/00046.tif,True,2048,2048,1,uint8,,,,1,0.0,0.0,0.0,0.0,0.0,0.0,0.0,0.0,0.0,0.0,0.0,0.0,0,0,0,True,0,0.0,True,
Mask_lookalike/00047.tif,True,2048,2048,1,uint8,,,,1,0.0,0.0,0.0,0.0,0.0,0.0,0.0,0.0,0.0,0.0,0.0,0.0,0,0,0,True,0,0.0,True,
Mask_lookalike/00048.tif,True,2048,2048,1,uint8,,,,1,0.0,0.0,0.0,0.0,0.0,0.0,0.0,0.0,0.0,0.0,0.0,0.0,0,0,0,True,0,0.0,True,
Mask_lookalike/00049.tif,True,2048,2048,1,uint8,,,,1,0.0,0.0,0.0,0.0,0.0,0.0,0.0,0.0,0.0,0.0,0.0,0.0,0,0,0,True,0,0.0,True,
Mask_lookalike/00050.tif,True,2048,2048,1,uint8,,,,1,0.0,0.0,0.0,0.0,0.0,0.0,0.0,0.0,0.0,0.0,0.0,0.0,0,0,0,True,0,0.0,True,
Mask_lookalike/00051.tif,True,2048,2048,1,uint8,,,,1,0.0,0.0,0.0,0.0,0.0,0.0,0.0,0.0,0.0,0.0,0.0,0.0,0,0,0,True,0,0.0,True,
Mask_lookalike/00052.tif,True,2048,2048,1,uint8,,,,1,0.0,0.0,0.0,0.0,0.0,0.0,0.0,0.0,0.0,0.0,0.0,0.0,0,0,0,True,0,0.0,True,
Mask_lookalike/00053.tif,True,2048,2048,1,uint8,,,,1,0.0,0.0,0.0,0.0,0.0,0.0,0.0,0.0,0.0,0.0,0.0,0.0,0,0,0,True,0,0.0,True,
Mask_lookalike/00054.tif,True,2048,2048,1,uint8,,,,1,0.0,0.0,0.0,0.0,0.0,0.0,0.0,0.0,0.0,0.0,0.0,0.0,0,0,0,True,0,0.0,True,
Mask_lookalike/00055.tif,True,2048,2048,1,uint8,,,,1,0.0,0.0,0.0,0.0,0.0,0.0,0.0,0.0,0.0,0.0,0.0,0.0,0,0,0,True,0,0.0,True,
Mask_lookalike/00056.tif,True,2048,2048,1,uint8,,,,1,0.0,0.0,0.0,0.0,0.0,0.0,0.0,0.0,0.0,0.0,0.0,0.0,0,0,0,True,0,0.0,True,
Mask_lookalike/00057.tif,True,2048,2048,1,uint8,,,,1,0.0,0.0,0.0,0.0,0.0,0.0,0.0,0.0,0.0,0.0,0.0,0.0,0,0,0,True,0,0.0,True,
Mask_lookalike/00058.tif,True,2048,2048,1,uint8,,,,1,0.0,0.0,0.0,0.0,0.0,0.0,0.0,0.0,0.0,0.0,0.0,0.0,0,0,0,True,0,0.0,True,
Mask_lookalike/00059.tif,True,2048,2048,1,uint8,,,,1,0.0,0.0,0.0,0.0,0.0,0.0,0.0,0.0,0.0,0.0,0.0,0.0,0,0,0,True,0,0.0,True,
Mask_lookalike/00060.tif,True,2048,2048,1,uint8,,,,1,0.0,0.0,0.0,0.0,0.0,0.0,0.0,0.0,0.0,0.0,0.0,0.0,0,0,0,True,0,0.0,True,
Mask_lookalike/00061.tif,True,2048,2048,1,uint8,,,,1,0.0,0.0,0.0,0.0,0.0,0.0,0.0,0.0,0.0,0.0,0.0,0.0,0,0,0,True,0,0.0,True,
Mask_lookalike/00062.tif,True,2048,2048,1,uint8,,,,1,0.0,0.0,0.0,0.0,0.0,0.0,0.0,0.0,0.0,0.0,0.0,0.0,0,0,0,True,0,0.0,True,
Mask_lookalike/00063.tif,True,2048,2048,1,uint8,,,,1,0.0,0.0,0.0,0.0,0.0,0.0,0.0,0.0,0.0,0.0,0.0,0.0,0,0,0,True,0,0.0,True,
Mask_lookalike/00064.tif,True,2048,2048,1,uint8,,,,1,0.0,0.0,0.0,0.0,0.0,0.0,0.0,0.0,0.0,0.0,0.0,0.0,0,0,0,True,0,0.0,True,
Mask_lookalike/00065.tif,True,2048,2048,1,uint8,,,,1,0.0,0.0,0.0,0.0,0.0,0.0,0.0,0.0,0.0,0.0,0.0,0.0,0,0,0,True,0,0.0,True,
Mask_lookalike/00066.tif,True,2048,2048,1,uint8,,,,1,0.0,0.0,0.0,0.0,0.0,0.0,0.0,0.0,0.0,0.0,0.0,0.0,0,0,0,True,0,0.0,True,
Mask_lookalike/00067.tif,True,2048,2048,1,uint8,,,,1,0.0,0.0,0.0,0.0,0.0,0.0,0.0,0.0,0.0,0.0,0.0,0.0,0,0,0,True,0,0.0,True,
Mask_lookalike/00068.tif,True,2048,2048,1,uint8,,,,1,0.0,0.0,0.0,0.0,0.0,0.0,0.0,0.0,0.0,0.0,0.0,0.0,0,0,0,True,0,0.0,True,
Mask_lookalike/00069.tif,True,2048,2048,1,uint8,,,,1,0.0,0.0,0.0,0.0,0.0,0.0,0.0,0.0,0.0,0.0,0.0,0.0,0,0,0,True,0,0.0,True,
Mask_lookalike/00070.tif,True,2048,2048,1,uint8,,,,1,0.0,0.0,0.0,0.0,0.0,0.0,0.0,0.0,0.0,0.0,0.0,0.0,0,0,0,True,0,0.0,True,
Mask_lookalike/00071.tif,True,2048,2048,1,uint8,,,,1,0.0,0.0,0.0,0.0,0.0,0.0,0.0,0.0,0.0,0.0,0.0,0.0,0,0,0,True,0,0.0,True,
Mask_lookalike/00072.tif,True,2048,2048,1,uint8,,,,1,0.0,0.0,0.0,0.0,0.0,0.0,0.0,0.0,0.0,0.0,0.0,0.0,0,0,0,True,0,0.0,True,
Mask_lookalike/00073.tif,True,2048,2048,1,uint8,,,,1,0.0,0.0,0.0,0.0,0.0,0.0,0.0,0.0,0.0,0.0,0.0,0.0,0,0,0,True,0,0.0,True,
Mask_lookalike/00074.tif,True,2048,2048,1,uint8,,,,1,0.0,0.0,0.0,0.0,0.0,0.0,0.0,0.0,0.0,0.0,0.0,0.0,0,0,0,True,0,0.0,True,
Mask_lookalike/00075.tif,True,2048,2048,1,uint8,,,,1,0.0,0.0,0.0,0.0,0.0,0.0,0.0,0.0,0.0,0.0,0.0,0.0,0,0,0,True,0,0.0,True,
Mask_lookalike/00076.tif,True,2048,2048,1,uint8,,,,1,0.0,0.0,0.0,0.0,0.0,0.0,0.0,0.0,0.0,0.0,0.0,0.0,0,0,0,True,0,0.0,True,
Mask_lookalike/00077.tif,True,2048,2048,1,uint8,,,,1,0.0,0.0,0.0,0.0,0.0,0.0,0.0,0.0,0.0,0.0,0.0,0.0,0,0,0,True,0,0.0,True,
Mask_lookalike/00078.tif,True,2048,2048,1,uint8,,,,1,0.0,0.0,0.0,0.0,0.0,0.0,0.0,0.0,0.0,0.0,0.0,0.0,0,0,0,True,0,0.0,True,
Mask_lookalike/00079.tif,True,2048,2048,1,uint8,,,,1,0.0,0.0,0.0,0.0,0.0,0.0,0.0,0.0,0.0,0.0,0.0,0.0,0,0,0,True,0,0.0,True,
Mask_lookalike/00080.tif,True,2048,2048,1,uint8,,,,1,0.0,0.0,0.0,0.0,0.0,0.0,0.0,0.0,0.0,0.0,0.0,0.0,0,0,0,True,0,0.0,True,
Mask_lookalike/00081.tif,True,2048,2048,1,uint8,,,,1,0.0,0.0,0.0,0.0,0.0,0.0,0.0,0.0,0.0,0.0,0.0,0.0,0,0,0,True,0,0.0,True,
Mask_lookalike/00082.tif,True,2048,2048,1,uint8,,,,1,0.0,0.0,0.0,0.0,0.0,0.0,0.0,0.0,0.0,0.0,0.0,0.0,0,0,0,True,0,0.0,True,
Mask_lookalike/00083.tif,True,2048,2048,1,uint8,,,,1,0.0,0.0,0.0,0.0,0.0,0.0,0.0,0.0,0.0,0.0,0.0,0.0,0,0,0,True,0,0.0,True,
Mask_lookalike/00084.tif,True,2048,2048,1,uint8,,,,1,0.0,0.0,0.0,0.0,0.0,0.0,0.0,0.0,0.0,0.0,0.0,0.0,0,0,0,True,0,0.0,True,
Mask_lookalike/00085.tif,True,2048,2048,1,uint8,,,,1,0.0,0.0,0.0,0.0,0.0,0.0,0.0,0.0,0.0,0.0,0.0,0.0,0,0,0,True,0,0.0,True,
Mask_lookalike/00086.tif,True,2048,2048,1,uint8,,,,1,0.0,0.0,0.0,0.0,0.0,0.0,0.0,0.0,0.0,0.0,0.0,0.0,0,0,0,True,0,0.0,True,
Mask_lookalike/00087.tif,True,2048,2048,1,uint8,,,,1,0.0,0.0,0.0,0.0,0.0,0.0,0.0,0.0,0.0,0.0,0.0,0.0,0,0,0,True,0,0.0,True,
Mask_lookalike/00088.tif,True,2048,2048,1,uint8,,,,1,0.0,0.0,0.0,0.0,0.0,0.0,0.0,0.0,0.0,0.0,0.0,0.0,0,0,0,True,0,0.0,True,
Mask_lookalike/00089.tif,True,2048,2048,1,uint8,,,,1,0.0,0.0,0.0,0.0,0.0,0.0,0.0,0.0,0.0,0.0,0.0,0.0,0,0,0,True,0,0.0,True,
Mask_lookalike/00090.tif,True,2048,2048,1,uint8,,,,1,0.0,0.0,0.0,0.0,0.0,0.0,0.0,0.0,0.0,0.0,0.0,0.0,0,0,0,True,0,0.0,True,
Mask_lookalike/00091.tif,True,2048,2048,1,uint8,,,,1,0.0,0.0,0.0,0.0,0.0,0.0,0.0,0.0,0.0,0.0,0.0,0.0,0,0,0,True,0,0.0,True,
Mask_lookalike/00092.tif,True,2048,2048,1,uint8,,,,1,0.0,0.0,0.0,0.0,0.0,0.0,0.0,0.0,0.0,0.0,0.0,0.0,0,0,0,True,0,0.0,True,
Mask_lookalike/00093.tif,True,2048,2048,1,uint8,,,,1,0.0,0.0,0.0,0.0,0.0,0.0,0.0,0.0,0.0,0.0,0.0,0.0,0,0,0,True,0,0.0,True,
Mask_lookalike/00094.tif,True,2048,2048,1,uint8,,,,1,0.0,0.0,0.0,0.0,0.0,0.0,0.0,0.0,0.0,0.0,0.0,0.0,0,0,0,True,0,0.0,True,
Mask_lookalike/00095.tif,True,2048,2048,1,uint8,,,,1,0.0,0.0,0.0,0.0,0.0,0.0,0.0,0.0,0.0,0.0,0.0,0.0,0,0,0,True,0,0.0,True,
Mask_lookalike/00096.tif,True,2048,2048,1,uint8,,,,1,0.0,0.0,0.0,0.0,0.0,0.0,0.0,0.0,0.0,0.0,0.0,0.0,0,0,0,True,0,0.0,True,
Mask_lookalike/00097.tif,True,2048,2048,1,uint8,,,,1,0.0,0.0,0.0,0.0,0.0,0.0,0.0,0.0,0.0,0.0,0.0,0.0,0,0,0,True,0,0.0,True,
Mask_lookalike/00098.tif,True,2048,2048,1,uint8,,,,1,0.0,0.0,0.0,0.0,0.0,0.0,0.0,0.0,0.0,0.0,0.0,0.0,0,0,0,True,0,0.0,True,
Mask_lookalike/00099.tif,True,2048,2048,1,uint8,,,,1,0.0,0.0,0.0,0.0,0.0,0.0,0.0,0.0,0.0,0.0,0.0,0.0,0,0,0,True,0,0.0,True,
Mask_lookalike/00100.tif,True,2048,2048,1,uint8,,,,1,0.0,0.0,0.0,0.0,0.0,0.0,0.0,0.0,0.0,0.0,0.0,0.0,0,0,0,True,0,0.0,True,
Mask_lookalike/00101.tif,True,2048,2048,1,uint8,,,,1,0.0,0.0,0.0,0.0,0.0,0.0,0.0,0.0,0.0,0.0,0.0,0.0,0,0,0,True,0,0.0,True,
Mask_lookalike/00102.tif,True,2048,2048,1,uint8,,,,1,0.0,0.0,0.0,0.0,0.0,0.0,0.0,0.0,0.0,0.0,0.0,0.0,0,0,0,True,0,0.0,True,
Mask_lookalike/00103.tif,True,2048,2048,1,uint8,,,,1,0.0,0.0,0.0,0.0,0.0,0.0,0.0,0.0,0.0,0.0,0.0,0.0,0,0,0,True,0,0.0,True,
Mask_lookalike/00104.tif,True,2048,2048,1,uint8,,,,1,0.0,0.0,0.0,0.0,0.0,0.0,0.0,0.0,0.0,0.0,0.0,0.0,0,0,0,True,0,0.0,True,
Mask_lookalike/00105.tif,True,2048,2048,1,uint8,,,,1,0.0,0.0,0.0,0.0,0.0,0.0,0.0,0.0,0.0,0.0,0.0,0.0,0,0,0,True,0,0.0,True,
Mask_lookalike/00106.tif,True,2048,2048,1,uint8,,,,1,0.0,0.0,0.0,0.0,0.0,0.0,0.0,0.0,0.0,0.0,0.0,0.0,0,0,0,True,0,0.0,True,
Mask_lookalike/00107.tif,True,2048,2048,1,uint8,,,,1,0.0,0.0,0.0,0.0,0.0,0.0,0.0,0.0,0.0,0.0,0.0,0.0,0,0,0,True,0,0.0,True,
Mask_lookalike/00108.tif,True,2048,2048,1,uint8,,,,1,0.0,0.0,0.0,0.0,0.0,0.0,0.0,0.0,0.0,0.0,0.0,0.0,0,0,0,True,0,0.0,True,
Mask_lookalike/00109.tif,True,2048,2048,1,uint8,,,,1,0.0,0.0,0.0,0.0,0.0,0.0,0.0,0.0,0.0,0.0,0.0,0.0,0,0,0,True,0,0.0,True,
Mask_lookalike/00110.tif,True,2048,2048,1,uint8,,,,1,0.0,0.0,0.0,0.0,0.0,0.0,0.0,0.0,0.0,0.0,0.0,0.0,0,0,0,True,0,0.0,True,
Mask_lookalike/00111.tif,True,2048,2048,1,uint8,,,,1,0.0,0.0,0.0,0.0,0.0,0.0,0.0,0.0,0.0,0.0,0.0,0.0,0,0,0,True,0,0.0,True,
Mask_lookalike/00112.tif,True,2048,2048,1,uint8,,,,1,0.0,0.0,0.0,0.0,0.0,0.0,0.0,0.0,0.0,0.0,0.0,0.0,0,0,0,True,0,0.0,True,
Mask_lookalike/00113.tif,True,2048,2048,1,uint8,,,,1,0.0,0.0,0.0,0.0,0.0,0.0,0.0,0.0,0.0,0.0,0.0,0.0,0,0,0,True,0,0.0,True,
Mask_lookalike/00114.tif,True,2048,2048,1,uint8,,,,1,0.0,0.0,0.0,0.0,0.0,0.0,0.0,0.0,0.0,0.0,0.0,0.0,0,0,0,True,0,0.0,True,
Mask_lookalike/00115.tif,True,2048,2048,1,uint8,,,,1,0.0,0.0,0.0,0.0,0.0,0.0,0.0,0.0,0.0,0.0,0.0,0.0,0,0,0,True,0,0.0,True,
Mask_lookalike/00116.tif,True,2048,2048,1,uint8,,,,1,0.0,0.0,0.0,0.0,0.0,0.0,0.0,0.0,0.0,0.0,0.0,0.0,0,0,0,True,0,0.0,True,
Mask_lookalike/00117.tif,True,2048,2048,1,uint8,,,,1,0.0,0.0,0.0,0.0,0.0,0.0,0.0,0.0,0.0,0.0,0.0,0.0,0,0,0,True,0,0.0,True,
Mask_lookalike/00118.tif,True,2048,2048,1,uint8,,,,1,0.0,0.0,0.0,0.0,0.0,0.0,0.0,0.0,0.0,0.0,0.0,0.0,0,0,0,True,0,0.0,True,
Mask_lookalike/00119.tif,True,2048,2048,1,uint8,,,,1,0.0,0.0,0.0,0.0,0.0,0.0,0.0,0.0,0.0,0.0,0.0,0.0,0,0,0,True,0,0.0,True,
Mask_lookalike/00120.tif,True,2048,2048,1,uint8,,,,1,0.0,0.0,0.0,0.0,0.0,0.0,0.0,0.0,0.0,0.0,0.0,0.0,0,0,0,True,0,0.0,True,
Mask_lookalike/00121.tif,True,2048,2048,1,uint8,,,,1,0.0,0.0,0.0,0.0,0.0,0.0,0.0,0.0,0.0,0.0,0.0,0.0,0,0,0,True,0,0.0,True,
Mask_lookalike/00122.tif,True,2048,2048,1,uint8,,,,1,0.0,0.0,0.0,0.0,0.0,0.0,0.0,0.0,0.0,0.0,0.0,0.0,0,0,0,True,0,0.0,True,
Mask_lookalike/00123.tif,True,2048,2048,1,uint8,,,,1,0.0,0.0,0.0,0.0,0.0,0.0,0.0,0.0,0.0,0.0,0.0,0.0,0,0,0,True,0,0.0,True,
Mask_lookalike/00124.tif,True,2048,2048,1,uint8,,,,1,0.0,0.0,0.0,0.0,0.0,0.0,0.0,0.0,0.0,0.0,0.0,0.0,0,0,0,True,0,0.0,True,
Mask_lookalike/00125.tif,True,2048,2048,1,uint8,,,,1,0.0,0.0,0.0,0.0,0.0,0.0,0.0,0.0,0.0,0.0,0.0,0.0,0,0,0,True,0,0.0,True,
Mask_lookalike/00126.tif,True,2048,2048,1,uint8,,,,1,0.0,0.0,0.0,0.0,0.0,0.0,0.0,0.0,0.0,0.0,0.0,0.0,0,0,0,True,0,0.0,True,
Mask_lookalike/00127.tif,True,2048,2048,1,uint8,,,,1,0.0,0.0,0.0,0.0,0.0,0.0,0.0,0.0,0.0,0.0,0.0,0.0,0,0,0,True,0,0.0,True,
Mask_lookalike/00128.tif,True,2048,2048,1,uint8,,,,1,0.0,0.0,0.0,0.0,0.0,0.0,0.0,0.0,0.0,0.0,0.0,0.0,0,0,0,True,0,0.0,True,
Mask_lookalike/00129.tif,True,2048,2048,1,uint8,,,,1,0.0,0.0,0.0,0.0,0.0,0.0,0.0,0.0,0.0,0.0,0.0,0.0,0,0,0,True,0,0.0,True,
Mask_lookalike/00130.tif,True,2048,2048,1,uint8,,,,1,0.0,0.0,0.0,0.0,0.0,0.0,0.0,0.0,0.0,0.0,0.0,0.0,0,0,0,True,0,0.0,True,
Mask_lookalike/00131.tif,True,2048,2048,1,uint8,,,,1,0.0,0.0,0.0,0.0,0.0,0.0,0.0,0.0,0.0,0.0,0.0,0.0,0,0,0,True,0,0.0,True,
Mask_lookalike/00132.tif,True,2048,2048,1,uint8,,,,1,0.0,0.0,0.0,0.0,0.0,0.0,0.0,0.0,0.0,0.0,0.0,0.0,0,0,0,True,0,0.0,True,
Mask_lookalike/00133.tif,True,2048,2048,1,uint8,,,,1,0.0,0.0,0.0,0.0,0.0,0.0,0.0,0.0,0.0,0.0,0.0,0.0,0,0,0,True,0,0.0,True,
Mask_lookalike/00134.tif,True,2048,2048,1,uint8,,,,1,0.0,0.0,0.0,0.0,0.0,0.0,0.0,0.0,0.0,0.0,0.0,0.0,0,0,0,True,0,0.0,True,
Mask_lookalike/00135.tif,True,2048,2048,1,uint8,,,,1,0.0,0.0,0.0,0.0,0.0,0.0,0.0,0.0,0.0,0.0,0.0,0.0,0,0,0,True,0,0.0,True,
Mask_lookalike/00136.tif,True,2048,2048,1,uint8,,,,1,0.0,0.0,0.0,0.0,0.0,0.0,0.0,0.0,0.0,0.0,0.0,0.0,0,0,0,True,0,0.0,True,
Mask_lookalike/00137.tif,True,2048,2048,1,uint8,,,,1,0.0,0.0,0.0,0.0,0.0,0.0,0.0,0.0,0.0,0.0,0.0,0.0,0,0,0,True,0,0.0,True,
Mask_lookalike/00138.tif,True,2048,2048,1,uint8,,,,1,0.0,0.0,0.0,0.0,0.0,0.0,0.0,0.0,0.0,0.0,0.0,0.0,0,0,0,True,0,0.0,True,
Mask_lookalike/00139.tif,True,2048,2048,1,uint8,,,,1,0.0,0.0,0.0,0.0,0.0,0.0,0.0,0.0,0.0,0.0,0.0,0.0,0,0,0,True,0,0.0,True,
Mask_lookalike/00140.tif,True,2048,2148,1,uint8,,,,1,0.0,0.0,0.0,0.0,0.0,0.0,0.0,0.0,0.0,0.0,0.0,0.0,0,0,0,True,0,0.0,True,
Mask_lookalike/00141.tif,True,2048,2048,1,uint8,,,,1,0.0,0.0,0.0,0.0,0.0,0.0,0.0,0.0,0.0,0.0,0.0,0.0,0,0,0,True,0,0.0,True,
Mask_lookalike/00142.tif,True,2048,2048,1,uint8,,,,1,0.0,0.0,0.0,0.0,0.0,0.0,0.0,0.0,0.0,0.0,0.0,0.0,0,0,0,True,0,0.0,True,
Mask_lookalike/00143.tif,True,2048,2048,1,uint8,,,,1,0.0,0.0,0.0,0.0,0.0,0.0,0.0,0.0,0.0,0.0,0.0,0.0,0,0,0,True,0,0.0,True,
Mask_lookalike/00144.tif,True,2048,2048,1,uint8,,,,1,0.0,0.0,0.0,0.0,0.0,0.0,0.0,0.0,0.0,0.0,0.0,0.0,0,0,0,True,0,0.0,True,
Mask_lookalike/00145.tif,True,2048,2048,1,uint8,,,,1,0.0,0.0,0.0,0.0,0.0,0.0,0.0,0.0,0.0,0.0,0.0,0.0,0,0,0,True,0,0.0,True,
Mask_lookalike/00146.tif,True,2048,2048,1,uint8,,,,1,0.0,0.0,0.0,0.0,0.0,0.0,0.0,0.0,0.0,0.0,0.0,0.0,0,0,0,True,0,0.0,True,
Mask_lookalike/00147.tif,True,2048,2048,1,uint8,,,,1,0.0,0.0,0.0,0.0,0.0,0.0,0.0,0.0,0.0,0.0,0.0,0.0,0,0,0,True,0,0.0,True,
Mask_lookalike/00148.tif,True,2048,2048,1,uint8,,,,1,0.0,0.0,0.0,0.0,0.0,0.0,0.0,0.0,0.0,0.0,0.0,0.0,0,0,0,True,0,0.0,True,
Mask_lookalike/00149.tif,True,2048,2048,1,uint8,,,,1,0.0,0.0,0.0,0.0,0.0,0.0,0.0,0.0,0.0,0.0,0.0,0.0,0,0,0,True,0,0.0,True,
Mask_lookalike/00150.tif,True,2048,2048,1,uint8,,,,1,0.0,0.0,0.0,0.0,0.0,0.0,0.0,0.0,0.0,0.0,0.0,0.0,0,0,0,True,0,0.0,True,
Mask_lookalike/00151.tif,True,2048,2048,1,uint8,,,,1,0.0,0.0,0.0,0.0,0.0,0.0,0.0,0.0,0.0,0.0,0.0,0.0,0,0,0,True,0,0.0,True,
Mask_lookalike/00152.tif,True,2048,2048,1,uint8,,,,1,0.0,0.0,0.0,0.0,0.0,0.0,0.0,0.0,0.0,0.0,0.0,0.0,0,0,0,True,0,0.0,True,
Mask_lookalike/00153.tif,True,2048,2048,1,uint8,,,,1,0.0,0.0,0.0,0.0,0.0,0.0,0.0,0.0,0.0,0.0,0.0,0.0,0,0,0,True,0,0.0,True,
Mask_lookalike/00154.tif,True,2048,2048,1,uint8,,,,1,0.0,0.0,0.0,0.0,0.0,0.0,0.0,0.0,0.0,0.0,0.0,0.0,0,0,0,True,0,0.0,True,
Mask_lookalike/00155.tif,True,2048,2048,1,uint8,,,,1,0.0,0.0,0.0,0.0,0.0,0.0,0.0,0.0,0.0,0.0,0.0,0.0,0,0,0,True,0,0.0,True,
Mask_lookalike/00156.tif,True,2048,2048,1,uint8,,,,1,0.0,0.0,0.0,0.0,0.0,0.0,0.0,0.0,0.0,0.0,0.0,0.0,0,0,0,True,0,0.0,True,
Mask_lookalike/00157.tif,True,2048,2048,1,uint8,,,,1,0.0,0.0,0.0,0.0,0.0,0.0,0.0,0.0,0.0,0.0,0.0,0.0,0,0,0,True,0,0.0,True,
Mask_lookalike/00158.tif,True,2048,2048,1,uint8,,,,1,0.0,0.0,0.0,0.0,0.0,0.0,0.0,0.0,0.0,0.0,0.0,0.0,0,0,0,True,0,0.0,True,
Mask_lookalike/00159.tif,True,2048,2048,1,uint8,,,,1,0.0,0.0,0.0,0.0,0.0,0.0,0.0,0.0,0.0,0.0,0.0,0.0,0,0,0,True,0,0.0,True,
Mask_lookalike/00160.tif,True,2048,2048,1,uint8,,,,1,0.0,0.0,0.0,0.0,0.0,0.0,0.0,0.0,0.0,0.0,0.0,0.0,0,0,0,True,0,0.0,True,
Mask_lookalike/00161.tif,True,2048,2048,1,uint8,,,,1,0.0,0.0,0.0,0.0,0.0,0.0,0.0,0.0,0.0,0.0,0.0,0.0,0,0,0,True,0,0.0,True,
Mask_lookalike/00162.tif,True,2048,2048,1,uint8,,,,1,0.0,0.0,0.0,0.0,0.0,0.0,0.0,0.0,0.0,0.0,0.0,0.0,0,0,0,True,0,0.0,True,
Mask_lookalike/00163.tif,True,2048,2048,1,uint8,,,,1,0.0,0.0,0.0,0.0,0.0,0.0,0.0,0.0,0.0,0.0,0.0,0.0,0,0,0,True,0,0.0,True,
Mask_lookalike/00164.tif,True,2048,2048,1,uint8,,,,1,0.0,0.0,0.0,0.0,0.0,0.0,0.0,0.0,0.0,0.0,0.0,0.0,0,0,0,True,0,0.0,True,
Mask_lookalike/00165.tif,True,2048,2048,1,uint8,,,,1,0.0,0.0,0.0,0.0,0.0,0.0,0.0,0.0,0.0,0.0,0.0,0.0,0,0,0,True,0,0.0,True,
Mask_lookalike/00166.tif,True,2049,2048,1,uint8,,,,1,0.0,0.0,0.0,0.0,0.0,0.0,0.0,0.0,0.0,0.0,0.0,0.0,0,0,0,True,0,0.0,True,
Mask_lookalike/00167.tif,True,2048,2048,1,uint8,,,,1,0.0,0.0,0.0,0.0,0.0,0.0,0.0,0.0,0.0,0.0,0.0,0.0,0,0,0,True,0,0.0,True,
Mask_lookalike/00168.tif,True,2048,2048,1,uint8,,,,1,0.0,0.0,0.0,0.0,0.0,0.0,0.0,0.0,0.0,0.0,0.0,0.0,0,0,0,True,0,0.0,True,
Mask_lookalike/00169.tif,True,2048,2048,1,uint8,,,,1,0.0,0.0,0.0,0.0,0.0,0.0,0.0,0.0,0.0,0.0,0.0,0.0,0,0,0,True,0,0.0,True,
Mask_lookalike/00170.tif,True,2048,2048,1,uint8,,,,1,0.0,0.0,0.0,0.0,0.0,0.0,0.0,0.0,0.0,0.0,0.0,0.0,0,0,0,True,0,0.0,True,
Mask_lookalike/00171.tif,True,2048,2048,1,uint8,,,,1,0.0,0.0,0.0,0.0,0.0,0.0,0.0,0.0,0.0,0.0,0.0,0.0,0,0,0,True,0,0.0,True,
Mask_lookalike/00172.tif,True,2048,2048,1,uint8,,,,1,0.0,0.0,0.0,0.0,0.0,0.0,0.0,0.0,0.0,0.0,0.0,0.0,0,0,0,True,0,0.0,True,
Mask_lookalike/00173.tif,True,2048,2048,1,uint8,,,,1,0.0,0.0,0.0,0.0,0.0,0.0,0.0,0.0,0.0,0.0,0.0,0.0,0,0,0,True,0,0.0,True,
Mask_lookalike/00174.tif,True,2048,2048,1,uint8,,,,1,0.0,0.0,0.0,0.0,0.0,0.0,0.0,0.0,0.0,0.0,0.0,0.0,0,0,0,True,0,0.0,True,
Mask_lookalike/00175.tif,True,2048,2048,1,uint8,,,,1,0.0,0.0,0.0,0.0,0.0,0.0,0.0,0.0,0.0,0.0,0.0,0.0,0,0,0,True,0,0.0,True,
Mask_lookalike/00176.tif,True,2048,2048,1,uint8,,,,1,0.0,0.0,0.0,0.0,0.0,0.0,0.0,0.0,0.0,0.0,0.0,0.0,0,0,0,True,0,0.0,True,
Mask_lookalike/00177.tif,True,2048,2048,1,uint8,,,,1,0.0,0.0,0.0,0.0,0.0,0.0,0.0,0.0,0.0,0.0,0.0,0.0,0,0,0,True,0,0.0,True,
Mask_lookalike/00178.tif,True,2048,2048,1,uint8,,,,1,0.0,0.0,0.0,0.0,0.0,0.0,0.0,0.0,0.0,0.0,0.0,0.0,0,0,0,True,0,0.0,True,
Mask_lookalike/00179.tif,True,2048,2048,1,uint8,,,,1,0.0,0.0,0.0,0.0,0.0,0.0,0.0,0.0,0.0,0.0,0.0,0.0,0,0,0,True,0,0.0,True,
Mask_lookalike/00180.tif,True,2048,2048,1,uint8,,,,1,0.0,0.0,0.0,0.0,0.0,0.0,0.0,0.0,0.0,0.0,0.0,0.0,0,0,0,True,0,0.0,True,
Mask_lookalike/00181.tif,True,2048,2048,1,uint8,,,,1,0.0,0.0,0.0,0.0,0.0,0.0,0.0,0.0,0.0,0.0,0.0,0.0,0,0,0,True,0,0.0,True,
Mask_lookalike/00182.tif,True,2048,2048,1,uint8,,,,1,0.0,0.0,0.0,0.0,0.0,0.0,0.0,0.0,0.0,0.0,0.0,0.0,0,0,0,True,0,0.0,True,
Mask_lookalike/00183.tif,True,2048,2048,1,uint8,,,,1,0.0,0.0,0.0,0.0,0.0,0.0,0.0,0.0,0.0,0.0,0.0,0.0,0,0,0,True,0,0.0,True,
Mask_lookalike/00184.tif,True,2048,2048,1,uint8,,,,1,0.0,0.0,0.0,0.0,0.0,0.0,0.0,0.0,0.0,0.0,0.0,0.0,0,0,0,True,0,0.0,True,
Mask_lookalike/00185.tif,True,2048,2048,1,uint8,,,,1,0.0,0.0,0.0,0.0,0.0,0.0,0.0,0.0,0.0,0.0,0.0,0.0,0,0,0,True,0,0.0,True,
Mask_lookalike/00186.tif,True,2048,2048,1,uint8,,,,1,0.0,0.0,0.0,0.0,0.0,0.0,0.0,0.0,0.0,0.0,0.0,0.0,0,0,0,True,0,0.0,True,
Mask_lookalike/00187.tif,True,2048,2048,1,uint8,,,,1,0.0,0.0,0.0,0.0,0.0,0.0,0.0,0.0,0.0,0.0,0.0,0.0,0,0,0,True,0,0.0,True,
Mask_lookalike/00188.tif,True,2048,2048,1,uint8,,,,1,0.0,0.0,0.0,0.0,0.0,0.0,0.0,0.0,0.0,0.0,0.0,0.0,0,0,0,True,0,0.0,True,
Mask_lookalike/00189.tif,True,2048,2048,1,uint8,,,,1,0.0,0.0,0.0,0.0,0.0,0.0,0.0,0.0,0.0,0.0,0.0,0.0,0,0,0,True,0,0.0,True,
Mask_lookalike/00190.tif,True,2048,2048,1,uint8,,,,1,0.0,0.0,0.0,0.0,0.0,0.0,0.0,0.0,0.0,0.0,0.0,0.0,0,0,0,True,0,0.0,True,
Mask_lookalike/00191.tif,True,2048,2048,1,uint8,,,,1,0.0,0.0,0.0,0.0,0.0,0.0,0.0,0.0,0.0,0.0,0.0,0.0,0,0,0,True,0,0.0,True,
Mask_lookalike/00192.tif,True,2048,2048,1,uint8,,,,1,0.0,0.0,0.0,0.0,0.0,0.0,0.0,0.0,0.0,0.0,0.0,0.0,0,0,0,True,0,0.0,True,
Mask_lookalike/00193.tif,True,2048,2048,1,uint8,,,,1,0.0,0.0,0.0,0.0,0.0,0.0,0.0,0.0,0.0,0.0,0.0,0.0,0,0,0,True,0,0.0,True,
Mask_lookalike/00194.tif,True,2048,2048,1,uint8,,,,1,0.0,0.0,0.0,0.0,0.0,0.0,0.0,0.0,0.0,0.0,0.0,0.0,0,0,0,True,0,0.0,True,
Mask_lookalike/00195.tif,True,2048,2048,1,uint8,,,,1,0.0,0.0,0.0,0.0,0.0,0.0,0.0,0.0,0.0,0.0,0.0,0.0,0,0,0,True,0,0.0,True,
Mask_lookalike/00196.tif,True,2048,2048,1,uint8,,,,1,0.0,0.0,0.0,0.0,0.0,0.0,0.0,0.0,0.0,0.0,0.0,0.0,0,0,0,True,0,0.0,True,
Mask_lookalike/00197.tif,True,2048,2048,1,uint8,,,,1,0.0,0.0,0.0,0.0,0.0,0.0,0.0,0.0,0.0,0.0,0.0,0.0,0,0,0,True,0,0.0,True,
Mask_lookalike/00198.tif,True,2048,2048,1,uint8,,,,1,0.0,0.0,0.0,0.0,0.0,0.0,0.0,0.0,0.0,0.0,0.0,0.0,0,0,0,True,0,0.0,True,
Mask_lookalike/00199.tif,True,2048,2048,1,uint8,,,,1,0.0,0.0,0.0,0.0,0.0,0.0,0.0,0.0,0.0,0.0,0.0,0.0,0,0,0,True,0,0.0,True,
Mask_lookalike/00200.tif,True,2048,2048,1,uint8,,,,1,0.0,0.0,0.0,0.0,0.0,0.0,0.0,0.0,0.0,0.0,0.0,0.0,0,0,0,True,0,0.0,True,
Mask_lookalike/00201.tif,True,2048,2048,1,uint8,,,,1,0.0,0.0,0.0,0.0,0.0,0.0,0.0,0.0,0.0,0.0,0.0,0.0,0,0,0,True,0,0.0,True,
Mask_lookalike/00202.tif,True,2048,2048,1,uint8,,,,1,0.0,0.0,0.0,0.0,0.0,0.0,0.0,0.0,0.0,0.0,0.0,0.0,0,0,0,True,0,0.0,True,
Mask_lookalike/00203.tif,True,2048,2048,1,uint8,,,,1,0.0,0.0,0.0,0.0,0.0,0.0,0.0,0.0,0.0,0.0,0.0,0.0,0,0,0,True,0,0.0,True,
Mask_lookalike/00204.tif,True,2048,2048,1,uint8,,,,1,0.0,0.0,0.0,0.0,0.0,0.0,0.0,0.0,0.0,0.0,0.0,0.0,0,0,0,True,0,0.0,True,
Mask_lookalike/00205.tif,True,2048,2048,1,uint8,,,,1,0.0,0.0,0.0,0.0,0.0,0.0,0.0,0.0,0.0,0.0,0.0,0.0,0,0,0,True,0,0.0,True,
Mask_lookalike/00206.tif,True,2048,2048,1,uint8,,,,1,0.0,0.0,0.0,0.0,0.0,0.0,0.0,0.0,0.0,0.0,0.0,0.0,0,0,0,True,0,0.0,True,
Mask_lookalike/00207.tif,True,2048,2048,1,uint8,,,,1,0.0,0.0,0.0,0.0,0.0,0.0,0.0,0.0,0.0,0.0,0.0,0.0,0,0,0,True,0,0.0,True,
Mask_lookalike/00208.tif,True,2048,2048,1,uint8,,,,1,0.0,0.0,0.0,0.0,0.0,0.0,0.0,0.0,0.0,0.0,0.0,0.0,0,0,0,True,0,0.0,True,
Mask_lookalike/00209.tif,True,2048,2048,1,uint8,,,,1,0.0,0.0,0.0,0.0,0.0,0.0,0.0,0.0,0.0,0.0,0.0,0.0,0,0,0,True,0,0.0,True,
Mask_lookalike/00210.tif,True,2048,2048,1,uint8,,,,1,0.0,0.0,0.0,0.0,0.0,0.0,0.0,0.0,0.0,0.0,0.0,0.0,0,0,0,True,0,0.0,True,
Mask_lookalike/00211.tif,True,2048,2048,1,uint8,,,,1,0.0,0.0,0.0,0.0,0.0,0.0,0.0,0.0,0.0,0.0,0.0,0.0,0,0,0,True,0,0.0,True,
Mask_lookalike/00212.tif,True,2048,2048,1,uint8,,,,1,0.0,0.0,0.0,0.0,0.0,0.0,0.0,0.0,0.0,0.0,0.0,0.0,0,0,0,True,0,0.0,True,
Mask_lookalike/00213.tif,True,2048,2048,1,uint8,,,,1,0.0,0.0,0.0,0.0,0.0,0.0,0.0,0.0,0.0,0.0,0.0,0.0,0,0,0,True,0,0.0,True,
Mask_lookalike/00214.tif,True,2048,2048,1,uint8,,,,1,0.0,0.0,0.0,0.0,0.0,0.0,0.0,0.0,0.0,0.0,0.0,0.0,0,0,0,True,0,0.0,True,
Mask_lookalike/00215.tif,True,2048,2048,1,uint8,,,,1,0.0,0.0,0.0,0.0,0.0,0.0,0.0,0.0,0.0,0.0,0.0,0.0,0,0,0,True,0,0.0,True,
Mask_lookalike/00216.tif,True,2048,2048,1,uint8,,,,1,0.0,0.0,0.0,0.0,0.0,0.0,0.0,0.0,0.0,0.0,0.0,0.0,0,0,0,True,0,0.0,True,
Mask_lookalike/00217.tif,True,2048,2048,1,uint8,,,,1,0.0,0.0,0.0,0.0,0.0,0.0,0.0,0.0,0.0,0.0,0.0,0.0,0,0,0,True,0,0.0,True,
Mask_lookalike/00218.tif,True,2048,2048,1,uint8,,,,1,0.0,0.0,0.0,0.0,0.0,0.0,0.0,0.0,0.0,0.0,0.0,0.0,0,0,0,True,0,0.0,True,
Mask_lookalike/00219.tif,True,2048,2048,1,uint8,,,,1,0.0,0.0,0.0,0.0,0.0,0.0,0.0,0.0,0.0,0.0,0.0,0.0,0,0,0,True,0,0.0,True,
Mask_lookalike/00220.tif,True,2048,2048,1,uint8,,,,1,0.0,0.0,0.0,0.0,0.0,0.0,0.0,0.0,0.0,0.0,0.0,0.0,0,0,0,True,0,0.0,True,
Mask_lookalike/00221.tif,True,2048,2048,1,uint8,,,,1,0.0,0.0,0.0,0.0,0.0,0.0,0.0,0.0,0.0,0.0,0.0,0.0,0,0,0,True,0,0.0,True,
Mask_lookalike/00222.tif,True,2048,2048,1,uint8,,,,1,0.0,0.0,0.0,0.0,0.0,0.0,0.0,0.0,0.0,0.0,0.0,0.0,0,0,0,True,0,0.0,True,
Mask_lookalike/00223.tif,True,2048,2048,1,uint8,,,,1,0.0,0.0,0.0,0.0,0.0,0.0,0.0,0.0,0.0,0.0,0.0,0.0,0,0,0,True,0,0.0,True,
Mask_lookalike/00224.tif,True,2048,2048,1,uint8,,,,1,0.0,0.0,0.0,0.0,0.0,0.0,0.0,0.0,0.0,0.0,0.0,0.0,0,0,0,True,0,0.0,True,
Mask_lookalike/00225.tif,True,2048,2048,1,uint8,,,,1,0.0,0.0,0.0,0.0,0.0,0.0,0.0,0.0,0.0,0.0,0.0,0.0,0,0,0,True,0,0.0,True,
Mask_lookalike/00226.tif,True,2048,2048,1,uint8,,,,1,0.0,0.0,0.0,0.0,0.0,0.0,0.0,0.0,0.0,0.0,0.0,0.0,0,0,0,True,0,0.0,True,
Mask_lookalike/00227.tif,True,2048,2048,1,uint8,,,,1,0.0,0.0,0.0,0.0,0.0,0.0,0.0,0.0,0.0,0.0,0.0,0.0,0,0,0,True,0,0.0,True,
Mask_lookalike/00228.tif,True,2048,2048,1,uint8,,,,1,0.0,0.0,0.0,0.0,0.0,0.0,0.0,0.0,0.0,0.0,0.0,0.0,0,0,0,True,0,0.0,True,
Mask_lookalike/00229.tif,True,2048,2048,1,uint8,,,,1,0.0,0.0,0.0,0.0,0.0,0.0,0.0,0.0,0.0,0.0,0.0,0.0,0,0,0,True,0,0.0,True,
Mask_lookalike/00230.tif,True,2048,2048,1,uint8,,,,1,0.0,0.0,0.0,0.0,0.0,0.0,0.0,0.0,0.0,0.0,0.0,0.0,0,0,0,True,0,0.0,True,
Mask_lookalike/00231.tif,True,2048,2048,1,uint8,,,,1,0.0,0.0,0.0,0.0,0.0,0.0,0.0,0.0,0.0,0.0,0.0,0.0,0,0,0,True,0,0.0,True,
Mask_lookalike/00232.tif,True,2048,2048,1,uint8,,,,1,0.0,0.0,0.0,0.0,0.0,0.0,0.0,0.0,0.0,0.0,0.0,0.0,0,0,0,True,0,0.0,True,
Mask_lookalike/00233.tif,True,2048,2048,1,uint8,,,,1,0.0,0.0,0.0,0.0,0.0,0.0,0.0,0.0,0.0,0.0,0.0,0.0,0,0,0,True,0,0.0,True,
Mask_lookalike/00234.tif,True,2048,2048,1,uint8,,,,1,0.0,0.0,0.0,0.0,0.0,0.0,0.0,0.0,0.0,0.0,0.0,0.0,0,0,0,True,0,0.0,True,
Mask_lookalike/00235.tif,True,2048,2048,1,uint8,,,,1,0.0,0.0,0.0,0.0,0.0,0.0,0.0,0.0,0.0,0.0,0.0,0.0,0,0,0,True,0,0.0,True,
Mask_lookalike/00236.tif,True,2048,2048,1,uint8,,,,1,0.0,0.0,0.0,0.0,0.0,0.0,0.0,0.0,0.0,0.0,0.0,0.0,0,0,0,True,0,0.0,True,
Mask_lookalike/00237.tif,True,2048,2048,1,uint8,,,,1,0.0,0.0,0.0,0.0,0.0,0.0,0.0,0.0,0.0,0.0,0.0,0.0,0,0,0,True,0,0.0,True,
Mask_lookalike/00238.tif,True,2048,2048,1,uint8,,,,1,0.0,0.0,0.0,0.0,0.0,0.0,0.0,0.0,0.0,0.0,0.0,0.0,0,0,0,True,0,0.0,True,
Mask_lookalike/00239.tif,True,2048,2048,1,uint8,,,,1,0.0,0.0,0.0,0.0,0.0,0.0,0.0,0.0,0.0,0.0,0.0,0.0,0,0,0,True,0,0.0,True,
Mask_lookalike/00240.tif,True,2048,2048,1,uint8,,,,1,0.0,0.0,0.0,0.0,0.0,0.0,0.0,0.0,0.0,0.0,0.0,0.0,0,0,0,True,0,0.0,True,
Mask_lookalike/00241.tif,True,2048,2048,1,uint8,,,,1,0.0,0.0,0.0,0.0,0.0,0.0,0.0,0.0,0.0,0.0,0.0,0.0,0,0,0,True,0,0.0,True,
Mask_lookalike/00242.tif,True,2048,2048,1,uint8,,,,1,0.0,0.0,0.0,0.0,0.0,0.0,0.0,0.0,0.0,0.0,0.0,0.0,0,0,0,True,0,0.0,True,
Mask_lookalike/00243.tif,True,2048,2048,1,uint8,,,,1,0.0,0.0,0.0,0.0,0.0,0.0,0.0,0.0,0.0,0.0,0.0,0.0,0,0,0,True,0,0.0,True,
Mask_lookalike/00244.tif,True,2048,2048,1,uint8,,,,1,0.0,0.0,0.0,0.0,0.0,0.0,0.0,0.0,0.0,0.0,0.0,0.0,0,0,0,True,0,0.0,True,
Mask_lookalike/00245.tif,True,2048,2048,1,uint8,,,,1,0.0,0.0,0.0,0.0,0.0,0.0,0.0,0.0,0.0,0.0,0.0,0.0,0,0,0,True,0,0.0,True,
Mask_lookalike/00246.tif,True,2048,2048,1,uint8,,,,1,0.0,0.0,0.0,0.0,0.0,0.0,0.0,0.0,0.0,0.0,0.0,0.0,0,0,0,True,0,0.0,True,
Mask_lookalike/00247.tif,True,2048,2048,1,uint8,,,,1,0.0,0.0,0.0,0.0,0.0,0.0,0.0,0.0,0.0,0.0,0.0,0.0,0,0,0,True,0,0.0,True,
Mask_lookalike/00248.tif,True,2048,2048,1,uint8,,,,1,0.0,0.0,0.0,0.0,0.0,0.0,0.0,0.0,0.0,0.0,0.0,0.0,0,0,0,True,0,0.0,True,
Mask_lookalike/00249.tif,True,2048,2048,1,uint8,,,,1,0.0,0.0,0.0,0.0,0.0,0.0,0.0,0.0,0.0,0.0,0.0,0.0,0,0,0,True,0,0.0,True,
Mask_lookalike/00250.tif,True,2048,2048,1,uint8,,,,1,0.0,0.0,0.0,0.0,0.0,0.0,0.0,0.0,0.0,0.0,0.0,0.0,0,0,0,True,0,0.0,True,
Mask_lookalike/00251.tif,True,2048,2048,1,uint8,,,,1,0.0,0.0,0.0,0.0,0.0,0.0,0.0,0.0,0.0,0.0,0.0,0.0,0,0,0,True,0,0.0,True,
Mask_lookalike/00252.tif,True,2048,2048,1,uint8,,,,1,0.0,0.0,0.0,0.0,0.0,0.0,0.0,0.0,0.0,0.0,0.0,0.0,0,0,0,True,0,0.0,True,
Mask_lookalike/00253.tif,True,2048,2048,1,uint8,,,,1,0.0,0.0,0.0,0.0,0.0,0.0,0.0,0.0,0.0,0.0,0.0,0.0,0,0,0,True,0,0.0,True,
Mask_lookalike/00254.tif,True,2048,2048,1,uint8,,,,1,0.0,0.0,0.0,0.0,0.0,0.0,0.0,0.0,0.0,0.0,0.0,0.0,0,0,0,True,0,0.0,True,
Mask_lookalike/00255.tif,True,2048,2048,1,uint8,,,,1,0.0,0.0,0.0,0.0,0.0,0.0,0.0,0.0,0.0,0.0,0.0,0.0,0,0,0,True,0,0.0,True,
Mask_lookalike/00256.tif,True,2048,2048,1,uint8,,,,1,0.0,0.0,0.0,0.0,0.0,0.0,0.0,0.0,0.0,0.0,0.0,0.0,0,0,0,True,0,0.0,True,
Mask_lookalike/00257.tif,True,2048,2048,1,uint8,,,,1,0.0,0.0,0.0,0.0,0.0,0.0,0.0,0.0,0.0,0.0,0.0,0.0,0,0,0,True,0,0.0,True,
Mask_lookalike/00258.tif,True,2048,2048,1,uint8,,,,1,0.0,0.0,0.0,0.0,0.0,0.0,0.0,0.0,0.0,0.0,0.0,0.0,0,0,0,True,0,0.0,True,
Mask_lookalike/00259.tif,True,2048,2048,1,uint8,,,,1,0.0,0.0,0.0,0.0,0.0,0.0,0.0,0.0,0.0,0.0,0.0,0.0,0,0,0,True,0,0.0,True,
Mask_lookalike/00260.tif,True,2048,2048,1,uint8,,,,1,0.0,0.0,0.0,0.0,0.0,0.0,0.0,0.0,0.0,0.0,0.0,0.0,0,0,0,True,0,0.0,True,
Mask_lookalike/00261.tif,True,2048,2048,1,uint8,,,,1,0.0,0.0,0.0,0.0,0.0,0.0,0.0,0.0,0.0,0.0,0.0,0.0,0,0,0,True,0,0.0,True,
Mask_lookalike/00262.tif,True,2048,2048,1,uint8,,,,1,0.0,0.0,0.0,0.0,0.0,0.0,0.0,0.0,0.0,0.0,0.0,0.0,0,0,0,True,0,0.0,True,
Mask_lookalike/00263.tif,True,2048,2048,1,uint8,,,,1,0.0,0.0,0.0,0.0,0.0,0.0,0.0,0.0,0.0,0.0,0.0,0.0,0,0,0,True,0,0.0,True,
Mask_lookalike/00264.tif,True,2048,2048,1,uint8,,,,1,0.0,0.0,0.0,0.0,0.0,0.0,0.0,0.0,0.0,0.0,0.0,0.0,0,0,0,True,0,0.0,True,
Mask_lookalike/00265.tif,True,2048,2048,1,uint8,,,,1,0.0,0.0,0.0,0.0,0.0,0.0,0.0,0.0,0.0,0.0,0.0,0.0,0,0,0,True,0,0.0,True,
Mask_lookalike/00266.tif,True,2048,2048,1,uint8,,,,1,0.0,0.0,0.0,0.0,0.0,0.0,0.0,0.0,0.0,0.0,0.0,0.0,0,0,0,True,0,0.0,True,
Mask_lookalike/00267.tif,True,2048,2048,1,uint8,,,,1,0.0,0.0,0.0,0.0,0.0,0.0,0.0,0.0,0.0,0.0,0.0,0.0,0,0,0,True,0,0.0,True,
Mask_lookalike/00268.tif,True,2048,2048,1,uint8,,,,1,0.0,0.0,0.0,0.0,0.0,0.0,0.0,0.0,0.0,0.0,0.0,0.0,0,0,0,True,0,0.0,True,
Mask_lookalike/00269.tif,True,2048,2048,1,uint8,,,,1,0.0,0.0,0.0,0.0,0.0,0.0,0.0,0.0,0.0,0.0,0.0,0.0,0,0,0,True,0,0.0,True,
Mask_lookalike/00270.tif,True,2048,2048,1,uint8,,,,1,0.0,0.0,0.0,0.0,0.0,0.0,0.0,0.0,0.0,0.0,0.0,0.0,0,0,0,True,0,0.0,True,
Mask_lookalike/00271.tif,True,2048,2048,1,uint8,,,,1,0.0,0.0,0.0,0.0,0.0,0.0,0.0,0.0,0.0,0.0,0.0,0.0,0,0,0,True,0,0.0,True,
Mask_lookalike/00272.tif,True,2048,2048,1,uint8,,,,1,0.0,0.0,0.0,0.0,0.0,0.0,0.0,0.0,0.0,0.0,0.0,0.0,0,0,0,True,0,0.0,True,
Mask_lookalike/00273.tif,True,2048,2048,1,uint8,,,,1,0.0,0.0,0.0,0.0,0.0,0.0,0.0,0.0,0.0,0.0,0.0,0.0,0,0,0,True,0,0.0,True,
Mask_lookalike/00274.tif,True,2048,2048,1,uint8,,,,1,0.0,0.0,0.0,0.0,0.0,0.0,0.0,0.0,0.0,0.0,0.0,0.0,0,0,0,True,0,0.0,True,
Mask_lookalike/00275.tif,True,2048,2048,1,uint8,,,,1,0.0,0.0,0.0,0.0,0.0,0.0,0.0,0.0,0.0,0.0,0.0,0.0,0,0,0,True,0,0.0,True,
Mask_lookalike/00276.tif,True,2048,2048,1,uint8,,,,1,0.0,0.0,0.0,0.0,0.0,0.0,0.0,0.0,0.0,0.0,0.0,0.0,0,0,0,True,0,0.0,True,
Mask_lookalike/00277.tif,True,2048,2048,1,uint8,,,,1,0.0,0.0,0.0,0.0,0.0,0.0,0.0,0.0,0.0,0.0,0.0,0.0,0,0,0,True,0,0.0,True,
Mask_lookalike/00278.tif,True,2048,2048,1,uint8,,,,1,0.0,0.0,0.0,0.0,0.0,0.0,0.0,0.0,0.0,0.0,0.0,0.0,0,0,0,True,0,0.0,True,
Mask_lookalike/00279.tif,True,2048,2048,1,uint8,,,,1,0.0,0.0,0.0,0.0,0.0,0.0,0.0,0.0,0.0,0.0,0.0,0.0,0,0,0,True,0,0.0,True,
Mask_lookalike/00280.tif,True,2048,2048,1,uint8,,,,1,0.0,0.0,0.0,0.0,0.0,0.0,0.0,0.0,0.0,0.0,0.0,0.0,0,0,0,True,0,0.0,True,
Mask_lookalike/00281.tif,True,2048,2048,1,uint8,,,,1,0.0,0.0,0.0,0.0,0.0,0.0,0.0,0.0,0.0,0.0,0.0,0.0,0,0,0,True,0,0.0,True,
Mask_lookalike/00282.tif,True,2048,2048,1,uint8,,,,1,0.0,0.0,0.0,0.0,0.0,0.0,0.0,0.0,0.0,0.0,0.0,0.0,0,0,0,True,0,0.0,True,
Mask_lookalike/00283.tif,True,2048,2048,1,uint8,,,,1,0.0,0.0,0.0,0.0,0.0,0.0,0.0,0.0,0.0,0.0,0.0,0.0,0,0,0,True,0,0.0,True,
Mask_lookalike/00284.tif,True,2048,2048,1,uint8,,,,1,0.0,0.0,0.0,0.0,0.0,0.0,0.0,0.0,0.0,0.0,0.0,0.0,0,0,0,True,0,0.0,True,
Mask_lookalike/00285.tif,True,2048,2048,1,uint8,,,,1,0.0,0.0,0.0,0.0,0.0,0.0,0.0,0.0,0.0,0.0,0.0,0.0,0,0,0,True,0,0.0,True,
Mask_lookalike/00286.tif,True,2048,2048,1,uint8,,,,1,0.0,0.0,0.0,0.0,0.0,0.0,0.0,0.0,0.0,0.0,0.0,0.0,0,0,0,True,0,0.0,True,
Mask_lookalike/00287.tif,True,2048,2048,1,uint8,,,,1,0.0,0.0,0.0,0.0,0.0,0.0,0.0,0.0,0.0,0.0,0.0,0.0,0,0,0,True,0,0.0,True,
Mask_lookalike/00288.tif,True,2048,2047,1,uint8,,,,1,0.0,0.0,0.0,0.0,0.0,0.0,0.0,0.0,0.0,0.0,0.0,0.0,0,0,0,True,0,0.0,True,
Mask_lookalike/00289.tif,True,2048,2048,1,uint8,,,,1,0.0,0.0,0.0,0.0,0.0,0.0,0.0,0.0,0.0,0.0,0.0,0.0,0,0,0,True,0,0.0,True,
Mask_lookalike/00290.tif,True,2048,2048,1,uint8,,,,1,0.0,0.0,0.0,0.0,0.0,0.0,0.0,0.0,0.0,0.0,0.0,0.0,0,0,0,True,0,0.0,True,
Mask_lookalike/00291.tif,True,2048,2048,1,uint8,,,,1,0.0,0.0,0.0,0.0,0.0,0.0,0.0,0.0,0.0,0.0,0.0,0.0,0,0,0,True,0,0.0,True,
Mask_lookalike/00292.tif,True,2048,2048,1,uint8,,,,1,0.0,0.0,0.0,0.0,0.0,0.0,0.0,0.0,0.0,0.0,0.0,0.0,0,0,0,True,0,0.0,True,
Mask_lookalike/00293.tif,True,2048,2048,1,uint8,,,,1,0.0,0.0,0.0,0.0,0.0,0.0,0.0,0.0,0.0,0.0,0.0,0.0,0,0,0,True,0,0.0,True,
Mask_lookalike/00294.tif,True,2048,2048,1,uint8,,,,1,0.0,0.0,0.0,0.0,0.0,0.0,0.0,0.0,0.0,0.0,0.0,0.0,0,0,0,True,0,0.0,True,
Mask_lookalike/00295.tif,True,2048,2048,1,uint8,,,,1,0.0,0.0,0.0,0.0,0.0,0.0,0.0,0.0,0.0,0.0,0.0,0.0,0,0,0,True,0,0.0,True,
Mask_lookalike/00296.tif,True,2048,2048,1,uint8,,,,1,0.0,0.0,0.0,0.0,0.0,0.0,0.0,0.0,0.0,0.0,0.0,0.0,0,0,0,True,0,0.0,True,
Mask_lookalike/00297.tif,True,2048,2048,1,uint8,,,,1,0.0,0.0,0.0,0.0,0.0,0.0,0.0,0.0,0.0,0.0,0.0,0.0,0,0,0,True,0,0.0,True,
Mask_lookalike/00298.tif,True,2048,2048,1,uint8,,,,1,0.0,0.0,0.0,0.0,0.0,0.0,0.0,0.0,0.0,0.0,0.0,0.0,0,0,0,True,0,0.0,True,
Mask_lookalike/00299.tif,True,2048,2048,1,uint8,,,,1,0.0,0.0,0.0,0.0,0.0,0.0,0.0,0.0,0.0,0.0,0.0,0.0,0,0,0,True,0,0.0,True,
Mask_lookalike/00300.tif,True,2048,2048,1,uint8,,,,1,0.0,0.0,0.0,0.0,0.0,0.0,0.0,0.0,0.0,0.0,0.0,0.0,0,0,0,True,0,0.0,True,
Mask_lookalike/00301.tif,True,2048,2048,1,uint8,,,,1,0.0,0.0,0.0,0.0,0.0,0.0,0.0,0.0,0.0,0.0,0.0,0.0,0,0,0,True,0,0.0,True,
Mask_lookalike/00302.tif,True,2048,2048,1,uint8,,,,1,0.0,0.0,0.0,0.0,0.0,0.0,0.0,0.0,0.0,0.0,0.0,0.0,0,0,0,True,0,0.0,True,
Mask_lookalike/00303.tif,True,2048,2048,1,uint8,,,,1,0.0,0.0,0.0,0.0,0.0,0.0,0.0,0.0,0.0,0.0,0.0,0.0,0,0,0,True,0,0.0,True,
Mask_lookalike/00304.tif,True,2048,2048,1,uint8,,,,1,0.0,0.0,0.0,0.0,0.0,0.0,0.0,0.0,0.0,0.0,0.0,0.0,0,0,0,True,0,0.0,True,
Mask_lookalike/00305.tif,True,2048,2048,1,uint8,,,,1,0.0,0.0,0.0,0.0,0.0,0.0,0.0,0.0,0.0,0.0,0.0,0.0,0,0,0,True,0,0.0,True,
Mask_lookalike/00306.tif,True,2048,2048,1,uint8,,,,1,0.0,0.0,0.0,0.0,0.0,0.0,0.0,0.0,0.0,0.0,0.0,0.0,0,0,0,True,0,0.0,True,
Mask_lookalike/00307.tif,True,2048,2048,1,uint8,,,,1,0.0,0.0,0.0,0.0,0.0,0.0,0.0,0.0,0.0,0.0,0.0,0.0,0,0,0,True,0,0.0,True,
Mask_lookalike/00308.tif,True,2048,2048,1,uint8,,,,1,0.0,0.0,0.0,0.0,0.0,0.0,0.0,0.0,0.0,0.0,0.0,0.0,0,0,0,True,0,0.0,True,
Mask_lookalike/00309.tif,True,2048,2048,1,uint8,,,,1,0.0,0.0,0.0,0.0,0.0,0.0,0.0,0.0,0.0,0.0,0.0,0.0,0,0,0,True,0,0.0,True,
Mask_lookalike/00310.tif,True,2048,2048,1,uint8,,,,1,0.0,0.0,0.0,0.0,0.0,0.0,0.0,0.0,0.0,0.0,0.0,0.0,0,0,0,True,0,0.0,True,
Mask_lookalike/00311.tif,True,2048,2048,1,uint8,,,,1,0.0,0.0,0.0,0.0,0.0,0.0,0.0,0.0,0.0,0.0,0.0,0.0,0,0,0,True,0,0.0,True,
Mask_lookalike/00312.tif,True,2048,2048,1,uint8,,,,1,0.0,0.0,0.0,0.0,0.0,0.0,0.0,0.0,0.0,0.0,0.0,0.0,0,0,0,True,0,0.0,True,
Mask_lookalike/00313.tif,True,2048,2048,1,uint8,,,,1,0.0,0.0,0.0,0.0,0.0,0.0,0.0,0.0,0.0,0.0,0.0,0.0,0,0,0,True,0,0.0,True,
Mask_lookalike/00314.tif,True,2048,2048,1,uint8,,,,1,0.0,0.0,0.0,0.0,0.0,0.0,0.0,0.0,0.0,0.0,0.0,0.0,0,0,0,True,0,0.0,True,
Mask_lookalike/00315.tif,True,2048,2048,1,uint8,,,,1,0.0,0.0,0.0,0.0,0.0,0.0,0.0,0.0,0.0,0.0,0.0,0.0,0,0,0,True,0,0.0,True,
Mask_lookalike/00316.tif,True,2048,2048,1,uint8,,,,1,0.0,0.0,0.0,0.0,0.0,0.0,0.0,0.0,0.0,0.0,0.0,0.0,0,0,0,True,0,0.0,True,
Mask_lookalike/00317.tif,True,2048,2048,1,uint8,,,,1,0.0,0.0,0.0,0.0,0.0,0.0,0.0,0.0,0.0,0.0,0.0,0.0,0,0,0,True,0,0.0,True,
Mask_lookalike/00318.tif,True,2048,2048,1,uint8,,,,1,0.0,0.0,0.0,0.0,0.0,0.0,0.0,0.0,0.0,0.0,0.0,0.0,0,0,0,True,0,0.0,True,
Mask_lookalike/00319.tif,True,2048,2048,1,uint8,,,,1,0.0,0.0,0.0,0.0,0.0,0.0,0.0,0.0,0.0,0.0,0.0,0.0,0,0,0,True,0,0.0,True,
Mask_lookalike/00320.tif,True,2048,2048,1,uint8,,,,1,0.0,0.0,0.0,0.0,0.0,0.0,0.0,0.0,0.0,0.0,0.0,0.0,0,0,0,True,0,0.0,True,
Mask_lookalike/00321.tif,True,2048,2048,1,uint8,,,,1,0.0,0.0,0.0,0.0,0.0,0.0,0.0,0.0,0.0,0.0,0.0,0.0,0,0,0,True,0,0.0,True,
Mask_lookalike/00322.tif,True,2048,2048,1,uint8,,,,1,0.0,0.0,0.0,0.0,0.0,0.0,0.0,0.0,0.0,0.0,0.0,0.0,0,0,0,True,0,0.0,True,
Mask_lookalike/00323.tif,True,2048,2048,1,uint8,,,,1,0.0,0.0,0.0,0.0,0.0,0.0,0.0,0.0,0.0,0.0,0.0,0.0,0,0,0,True,0,0.0,True,
Mask_lookalike/00324.tif,True,2048,2048,1,uint8,,,,1,0.0,0.0,0.0,0.0,0.0,0.0,0.0,0.0,0.0,0.0,0.0,0.0,0,0,0,True,0,0.0,True,
Mask_lookalike/00325.tif,True,2048,2048,1,uint8,,,,1,0.0,0.0,0.0,0.0,0.0,0.0,0.0,0.0,0.0,0.0,0.0,0.0,0,0,0,True,0,0.0,True,
Mask_lookalike/00326.tif,True,2048,2048,1,uint8,,,,1,0.0,0.0,0.0,0.0,0.0,0.0,0.0,0.0,0.0,0.0,0.0,0.0,0,0,0,True,0,0.0,True,
Mask_lookalike/00327.tif,True,2048,2048,1,uint8,,,,1,0.0,0.0,0.0,0.0,0.0,0.0,0.0,0.0,0.0,0.0,0.0,0.0,0,0,0,True,0,0.0,True,
Mask_lookalike/00328.tif,True,2048,2048,1,uint8,,,,1,0.0,0.0,0.0,0.0,0.0,0.0,0.0,0.0,0.0,0.0,0.0,0.0,0,0,0,True,0,0.0,True,
Mask_lookalike/00329.tif,True,2048,2048,1,uint8,,,,1,0.0,0.0,0.0,0.0,0.0,0.0,0.0,0.0,0.0,0.0,0.0,0.0,0,0,0,True,0,0.0,True,
Mask_lookalike/00330.tif,True,2048,2048,1,uint8,,,,1,0.0,0.0,0.0,0.0,0.0,0.0,0.0,0.0,0.0,0.0,0.0,0.0,0,0,0,True,0,0.0,True,
Mask_lookalike/00331.tif,True,2048,2048,1,uint8,,,,1,0.0,0.0,0.0,0.0,0.0,0.0,0.0,0.0,0.0,0.0,0.0,0.0,0,0,0,True,0,0.0,True,
Mask_lookalike/00332.tif,True,2048,2048,1,uint8,,,,1,0.0,0.0,0.0,0.0,0.0,0.0,0.0,0.0,0.0,0.0,0.0,0.0,0,0,0,True,0,0.0,True,
Mask_lookalike/00333.tif,True,2048,2048,1,uint8,,,,1,0.0,0.0,0.0,0.0,0.0,0.0,0.0,0.0,0.0,0.0,0.0,0.0,0,0,0,True,0,0.0,True,
Mask_lookalike/00334.tif,True,2048,2048,1,uint8,,,,1,0.0,0.0,0.0,0.0,0.0,0.0,0.0,0.0,0.0,0.0,0.0,0.0,0,0,0,True,0,0.0,True,
Mask_lookalike/00335.tif,True,2048,2048,1,uint8,,,,1,0.0,0.0,0.0,0.0,0.0,0.0,0.0,0.0,0.0,0.0,0.0,0.0,0,0,0,True,0,0.0,True,
Mask_lookalike/00336.tif,True,2048,2048,1,uint8,,,,1,0.0,0.0,0.0,0.0,0.0,0.0,0.0,0.0,0.0,0.0,0.0,0.0,0,0,0,True,0,0.0,True,
Mask_lookalike/00337.tif,True,2048,2048,1,uint8,,,,1,0.0,0.0,0.0,0.0,0.0,0.0,0.0,0.0,0.0,0.0,0.0,0.0,0,0,0,True,0,0.0,True,
Mask_lookalike/00338.tif,True,2048,2048,1,uint8,,,,1,0.0,0.0,0.0,0.0,0.0,0.0,0.0,0.0,0.0,0.0,0.0,0.0,0,0,0,True,0,0.0,True,
Mask_lookalike/00339.tif,True,2048,2048,1,uint8,,,,1,0.0,0.0,0.0,0.0,0.0,0.0,0.0,0.0,0.0,0.0,0.0,0.0,0,0,0,True,0,0.0,True,
Mask_lookalike/00340.tif,True,2048,2048,1,uint8,,,,1,0.0,0.0,0.0,0.0,0.0,0.0,0.0,0.0,0.0,0.0,0.0,0.0,0,0,0,True,0,0.0,True,
Mask_lookalike/00341.tif,True,2048,2048,1,uint8,,,,1,0.0,0.0,0.0,0.0,0.0,0.0,0.0,0.0,0.0,0.0,0.0,0.0,0,0,0,True,0,0.0,True,
Mask_lookalike/00342.tif,True,2048,2048,1,uint8,,,,1,0.0,0.0,0.0,0.0,0.0,0.0,0.0,0.0,0.0,0.0,0.0,0.0,0,0,0,True,0,0.0,True,
Mask_lookalike/00343.tif,True,2048,2048,1,uint8,,,,1,0.0,0.0,0.0,0.0,0.0,0.0,0.0,0.0,0.0,0.0,0.0,0.0,0,0,0,True,0,0.0,True,
Mask_lookalike/00344.tif,True,2048,2048,1,uint8,,,,1,0.0,0.0,0.0,0.0,0.0,0.0,0.0,0.0,0.0,0.0,0.0,0.0,0,0,0,True,0,0.0,True,
Mask_lookalike/00345.tif,True,2048,2048,1,uint8,,,,1,0.0,0.0,0.0,0.0,0.0,0.0,0.0,0.0,0.0,0.0,0.0,0.0,0,0,0,True,0,0.0,True,
Mask_lookalike/00346.tif,True,2048,2048,1,uint8,,,,1,0.0,0.0,0.0,0.0,0.0,0.0,0.0,0.0,0.0,0.0,0.0,0.0,0,0,0,True,0,0.0,True,
Mask_lookalike/00347.tif,True,2048,2048,1,uint8,,,,1,0.0,0.0,0.0,0.0,0.0,0.0,0.0,0.0,0.0,0.0,0.0,0.0,0,0,0,True,0,0.0,True,
Mask_lookalike/00348.tif,True,2048,2048,1,uint8,,,,1,0.0,0.0,0.0,0.0,0.0,0.0,0.0,0.0,0.0,0.0,0.0,0.0,0,0,0,True,0,0.0,True,
Mask_lookalike/00349.tif,True,2048,2048,1,uint8,,,,1,0.0,0.0,0.0,0.0,0.0,0.0,0.0,0.0,0.0,0.0,0.0,0.0,0,0,0,True,0,0.0,True,
Mask_lookalike/00350.tif,True,2048,2048,1,uint8,,,,1,0.0,0.0,0.0,0.0,0.0,0.0,0.0,0.0,0.0,0.0,0.0,0.0,0,0,0,True,0,0.0,True,
Mask_lookalike/00351.tif,True,2048,2048,1,uint8,,,,1,0.0,0.0,0.0,0.0,0.0,0.0,0.0,0.0,0.0,0.0,0.0,0.0,0,0,0,True,0,0.0,True,
Mask_lookalike/00352.tif,True,2048,2048,1,uint8,,,,1,0.0,0.0,0.0,0.0,0.0,0.0,0.0,0.0,0.0,0.0,0.0,0.0,0,0,0,True,0,0.0,True,
Mask_lookalike/00353.tif,True,2048,2048,1,uint8,,,,1,0.0,0.0,0.0,0.0,0.0,0.0,0.0,0.0,0.0,0.0,0.0,0.0,0,0,0,True,0,0.0,True,
Mask_lookalike/00354.tif,True,2048,2048,1,uint8,,,,1,0.0,0.0,0.0,0.0,0.0,0.0,0.0,0.0,0.0,0.0,0.0,0.0,0,0,0,True,0,0.0,True,
Mask_lookalike/00355.tif,True,2048,2048,1,uint8,,,,1,0.0,0.0,0.0,0.0,0.0,0.0,0.0,0.0,0.0,0.0,0.0,0.0,0,0,0,True,0,0.0,True,
Mask_lookalike/00356.tif,True,2048,2048,1,uint8,,,,1,0.0,0.0,0.0,0.0,0.0,0.0,0.0,0.0,0.0,0.0,0.0,0.0,0,0,0,True,0,0.0,True,
Mask_lookalike/00357.tif,True,2048,2048,1,uint8,,,,1,0.0,0.0,0.0,0.0,0.0,0.0,0.0,0.0,0.0,0.0,0.0,0.0,0,0,0,True,0,0.0,True,
Mask_lookalike/00358.tif,True,2048,2048,1,uint8,,,,1,0.0,0.0,0.0,0.0,0.0,0.0,0.0,0.0,0.0,0.0,0.0,0.0,0,0,0,True,0,0.0,True,
Mask_lookalike/00359.tif,True,2048,2048,1,uint8,,,,1,0.0,0.0,0.0,0.0,0.0,0.0,0.0,0.0,0.0,0.0,0.0,0.0,0,0,0,True,0,0.0,True,
Mask_lookalike/00360.tif,True,2048,2048,1,uint8,,,,1,0.0,0.0,0.0,0.0,0.0,0.0,0.0,0.0,0.0,0.0,0.0,0.0,0,0,0,True,0,0.0,True,
Mask_lookalike/00361.tif,True,2048,2048,1,uint8,,,,1,0.0,0.0,0.0,0.0,0.0,0.0,0.0,0.0,0.0,0.0,0.0,0.0,0,0,0,True,0,0.0,True,
Mask_lookalike/00362.tif,True,2048,2048,1,uint8,,,,1,0.0,0.0,0.0,0.0,0.0,0.0,0.0,0.0,0.0,0.0,0.0,0.0,0,0,0,True,0,0.0,True,
Mask_lookalike/00363.tif,True,2048,2048,1,uint8,,,,1,0.0,0.0,0.0,0.0,0.0,0.0,0.0,0.0,0.0,0.0,0.0,0.0,0,0,0,True,0,0.0,True,
Mask_lookalike/00364.tif,True,2048,2048,1,uint8,,,,1,0.0,0.0,0.0,0.0,0.0,0.0,0.0,0.0,0.0,0.0,0.0,0.0,0,0,0,True,0,0.0,True,
Mask_lookalike/00365.tif,True,2048,2048,1,uint8,,,,1,0.0,0.0,0.0,0.0,0.0,0.0,0.0,0.0,0.0,0.0,0.0,0.0,0,0,0,True,0,0.0,True,
Mask_lookalike/00366.tif,True,2048,2048,1,uint8,,,,1,0.0,0.0,0.0,0.0,0.0,0.0,0.0,0.0,0.0,0.0,0.0,0.0,0,0,0,True,0,0.0,True,
Mask_lookalike/00367.tif,True,2048,2048,1,uint8,,,,1,0.0,0.0,0.0,0.0,0.0,0.0,0.0,0.0,0.0,0.0,0.0,0.0,0,0,0,True,0,0.0,True,
Mask_lookalike/00368.tif,True,2048,2048,1,uint8,,,,1,0.0,0.0,0.0,0.0,0.0,0.0,0.0,0.0,0.0,0.0,0.0,0.0,0,0,0,True,0,0.0,True,
Mask_lookalike/00369.tif,True,2048,2048,1,uint8,,,,1,0.0,0.0,0.0,0.0,0.0,0.0,0.0,0.0,0.0,0.0,0.0,0.0,0,0,0,True,0,0.0,True,
Mask_lookalike/00370.tif,True,2048,2048,1,uint8,,,,1,0.0,0.0,0.0,0.0,0.0,0.0,0.0,0.0,0.0,0.0,0.0,0.0,0,0,0,True,0,0.0,True,
Mask_lookalike/00371.tif,True,2048,2048,1,uint8,,,,1,0.0,0.0,0.0,0.0,0.0,0.0,0.0,0.0,0.0,0.0,0.0,0.0,0,0,0,True,0,0.0,True,
Mask_lookalike/00372.tif,True,2048,2048,1,uint8,,,,1,0.0,0.0,0.0,0.0,0.0,0.0,0.0,0.0,0.0,0.0,0.0,0.0,0,0,0,True,0,0.0,True,
Mask_lookalike/00373.tif,True,2048,2048,1,uint8,,,,1,0.0,0.0,0.0,0.0,0.0,0.0,0.0,0.0,0.0,0.0,0.0,0.0,0,0,0,True,0,0.0,True,
Mask_lookalike/00374.tif,True,2048,2048,1,uint8,,,,1,0.0,0.0,0.0,0.0,0.0,0.0,0.0,0.0,0.0,0.0,0.0,0.0,0,0,0,True,0,0.0,True,
Mask_lookalike/00375.tif,True,2048,2048,1,uint8,,,,1,0.0,0.0,0.0,0.0,0.0,0.0,0.0,0.0,0.0,0.0,0.0,0.0,0,0,0,True,0,0.0,True,
Mask_lookalike/00376.tif,True,2048,2048,1,uint8,,,,1,0.0,0.0,0.0,0.0,0.0,0.0,0.0,0.0,0.0,0.0,0.0,0.0,0,0,0,True,0,0.0,True,
Mask_lookalike/00377.tif,True,2048,2048,1,uint8,,,,1,0.0,0.0,0.0,0.0,0.0,0.0,0.0,0.0,0.0,0.0,0.0,0.0,0,0,0,True,0,0.0,True,
Mask_lookalike/00378.tif,True,2048,2048,1,uint8,,,,1,0.0,0.0,0.0,0.0,0.0,0.0,0.0,0.0,0.0,0.0,0.0,0.0,0,0,0,True,0,0.0,True,
Mask_lookalike/00379.tif,True,2048,2048,1,uint8,,,,1,0.0,0.0,0.0,0.0,0.0,0.0,0.0,0.0,0.0,0.0,0.0,0.0,0,0,0,True,0,0.0,True,
Mask_lookalike/00380.tif,True,2048,2048,1,uint8,,,,1,0.0,0.0,0.0,0.0,0.0,0.0,0.0,0.0,0.0,0.0,0.0,0.0,0,0,0,True,0,0.0,True,
Mask_lookalike/00381.tif,True,2048,2048,1,uint8,,,,1,0.0,0.0,0.0,0.0,0.0,0.0,0.0,0.0,0.0,0.0,0.0,0.0,0,0,0,True,0,0.0,True,
Mask_lookalike/00382.tif,True,2048,2048,1,uint8,,,,1,0.0,0.0,0.0,0.0,0.0,0.0,0.0,0.0,0.0,0.0,0.0,0.0,0,0,0,True,0,0.0,True,
Mask_lookalike/00383.tif,True,2048,2048,1,uint8,,,,1,0.0,0.0,0.0,0.0,0.0,0.0,0.0,0.0,0.0,0.0,0.0,0.0,0,0,0,True,0,0.0,True,
Mask_lookalike/00384.tif,True,2048,2048,1,uint8,,,,1,0.0,0.0,0.0,0.0,0.0,0.0,0.0,0.0,0.0,0.0,0.0,0.0,0,0,0,True,0,0.0,True,
Mask_lookalike/00385.tif,True,2048,2048,1,uint8,,,,1,0.0,0.0,0.0,0.0,0.0,0.0,0.0,0.0,0.0,0.0,0.0,0.0,0,0,0,True,0,0.0,True,
Mask_lookalike/00386.tif,True,2048,2048,1,uint8,,,,1,0.0,0.0,0.0,0.0,0.0,0.0,0.0,0.0,0.0,0.0,0.0,0.0,0,0,0,True,0,0.0,True,
Mask_lookalike/00387.tif,True,2048,2048,1,uint8,,,,1,0.0,0.0,0.0,0.0,0.0,0.0,0.0,0.0,0.0,0.0,0.0,0.0,0,0,0,True,0,0.0,True,
Mask_lookalike/00388.tif,True,2048,2048,1,uint8,,,,1,0.0,0.0,0.0,0.0,0.0,0.0,0.0,0.0,0.0,0.0,0.0,0.0,0,0,0,True,0,0.0,True,
Mask_lookalike/00389.tif,True,2048,2048,1,uint8,,,,1,0.0,0.0,0.0,0.0,0.0,0.0,0.0,0.0,0.0,0.0,0.0,0.0,0,0,0,True,0,0.0,True,
Mask_lookalike/00390.tif,True,2048,2248,1,uint8,,,,1,0.0,0.0,0.0,0.0,0.0,0.0,0.0,0.0,0.0,0.0,0.0,0.0,0,0,0,True,0,0.0,True,
Mask_lookalike/00391.tif,True,2048,2048,1,uint8,,,,1,0.0,0.0,0.0,0.0,0.0,0.0,0.0,0.0,0.0,0.0,0.0,0.0,0,0,0,True,0,0.0,True,
Mask_lookalike/00392.tif,True,2048,2048,1,uint8,,,,1,0.0,0.0,0.0,0.0,0.0,0.0,0.0,0.0,0.0,0.0,0.0,0.0,0,0,0,True,0,0.0,True,
Mask_lookalike/00393.tif,True,2048,2048,1,uint8,,,,1,0.0,0.0,0.0,0.0,0.0,0.0,0.0,0.0,0.0,0.0,0.0,0.0,0,0,0,True,0,0.0,True,
Mask_lookalike/00394.tif,True,2048,2048,1,uint8,,,,1,0.0,0.0,0.0,0.0,0.0,0.0,0.0,0.0,0.0,0.0,0.0,0.0,0,0,0,True,0,0.0,True,
Mask_lookalike/00395.tif,True,2048,2048,1,uint8,,,,1,0.0,0.0,0.0,0.0,0.0,0.0,0.0,0.0,0.0,0.0,0.0,0.0,0,0,0,True,0,0.0,True,
Mask_lookalike/00396.tif,True,2048,2048,1,uint8,,,,1,0.0,0.0,0.0,0.0,0.0,0.0,0.0,0.0,0.0,0.0,0.0,0.0,0,0,0,True,0,0.0,True,
Mask_lookalike/00397.tif,True,2048,2048,1,uint8,,,,1,0.0,0.0,0.0,0.0,0.0,0.0,0.0,0.0,0.0,0.0,0.0,0.0,0,0,0,True,0,0.0,True,
Mask_lookalike/00398.tif,True,2048,2048,1,uint8,,,,1,0.0,0.0,0.0,0.0,0.0,0.0,0.0,0.0,0.0,0.0,0.0,0.0,0,0,0,True,0,0.0,True,
Mask_lookalike/00399.tif,True,2048,2048,1,uint8,,,,1,0.0,0.0,0.0,0.0,0.0,0.0,0.0,0.0,0.0,0.0,0.0,0.0,0,0,0,True,0,0.0,True,
Mask_lookalike/00400.tif,True,2048,2048,1,uint8,,,,1,0.0,0.0,0.0,0.0,0.0,0.0,0.0,0.0,0.0,0.0,0.0,0.0,0,0,0,True,0,0.0,True,
Mask_lookalike/00401.tif,True,2048,2048,1,uint8,,,,1,0.0,0.0,0.0,0.0,0.0,0.0,0.0,0.0,0.0,0.0,0.0,0.0,0,0,0,True,0,0.0,True,
Mask_lookalike/00402.tif,True,2048,2048,1,uint8,,,,1,0.0,0.0,0.0,0.0,0.0,0.0,0.0,0.0,0.0,0.0,0.0,0.0,0,0,0,True,0,0.0,True,
Mask_lookalike/00403.tif,True,2048,2048,1,uint8,,,,1,0.0,0.0,0.0,0.0,0.0,0.0,0.0,0.0,0.0,0.0,0.0,0.0,0,0,0,True,0,0.0,True,
Mask_lookalike/00404.tif,True,2048,2048,1,uint8,,,,1,0.0,0.0,0.0,0.0,0.0,0.0,0.0,0.0,0.0,0.0,0.0,0.0,0,0,0,True,0,0.0,True,
Mask_lookalike/00405.tif,True,2048,2048,1,uint8,,,,1,0.0,0.0,0.0,0.0,0.0,0.0,0.0,0.0,0.0,0.0,0.0,0.0,0,0,0,True,0,0.0,True,
Mask_lookalike/00406.tif,True,2048,2048,1,uint8,,,,1,0.0,0.0,0.0,0.0,0.0,0.0,0.0,0.0,0.0,0.0,0.0,0.0,0,0,0,True,0,0.0,True,
Mask_lookalike/00407.tif,True,2048,2048,1,uint8,,,,1,0.0,0.0,0.0,0.0,0.0,0.0,0.0,0.0,0.0,0.0,0.0,0.0,0,0,0,True,0,0.0,True,
Mask_lookalike/00408.tif,True,2048,2048,1,uint8,,,,1,0.0,0.0,0.0,0.0,0.0,0.0,0.0,0.0,0.0,0.0,0.0,0.0,0,0,0,True,0,0.0,True,
Mask_lookalike/00409.tif,True,2048,2048,1,uint8,,,,1,0.0,0.0,0.0,0.0,0.0,0.0,0.0,0.0,0.0,0.0,0.0,0.0,0,0,0,True,0,0.0,True,
Mask_lookalike/00410.tif,True,2048,2048,1,uint8,,,,1,0.0,0.0,0.0,0.0,0.0,0.0,0.0,0.0,0.0,0.0,0.0,0.0,0,0,0,True,0,0.0,True,
Mask_lookalike/00411.tif,True,2048,2048,1,uint8,,,,1,0.0,0.0,0.0,0.0,0.0,0.0,0.0,0.0,0.0,0.0,0.0,0.0,0,0,0,True,0,0.0,True,
Mask_lookalike/00412.tif,True,2048,2048,1,uint8,,,,1,0.0,0.0,0.0,0.0,0.0,0.0,0.0,0.0,0.0,0.0,0.0,0.0,0,0,0,True,0,0.0,True,
Mask_lookalike/00413.tif,True,2048,2048,1,uint8,,,,1,0.0,0.0,0.0,0.0,0.0,0.0,0.0,0.0,0.0,0.0,0.0,0.0,0,0,0,True,0,0.0,True,
Mask_lookalike/00414.tif,True,2048,2048,1,uint8,,,,1,0.0,0.0,0.0,0.0,0.0,0.0,0.0,0.0,0.0,0.0,0.0,0.0,0,0,0,True,0,0.0,True,
Mask_lookalike/00415.tif,True,2048,2048,1,uint8,,,,1,0.0,0.0,0.0,0.0,0.0,0.0,0.0,0.0,0.0,0.0,0.0,0.0,0,0,0,True,0,0.0,True,
Mask_lookalike/00416.tif,True,2048,2048,1,uint8,,,,1,0.0,0.0,0.0,0.0,0.0,0.0,0.0,0.0,0.0,0.0,0.0,0.0,0,0,0,True,0,0.0,True,
Mask_lookalike/00417.tif,True,2048,2048,1,uint8,,,,1,0.0,0.0,0.0,0.0,0.0,0.0,0.0,0.0,0.0,0.0,0.0,0.0,0,0,0,True,0,0.0,True,
Mask_lookalike/00418.tif,True,2048,2048,1,uint8,,,,1,0.0,0.0,0.0,0.0,0.0,0.0,0.0,0.0,0.0,0.0,0.0,0.0,0,0,0,True,0,0.0,True,
Mask_lookalike/00419.tif,True,2048,2048,1,uint8,,,,1,0.0,0.0,0.0,0.0,0.0,0.0,0.0,0.0,0.0,0.0,0.0,0.0,0,0,0,True,0,0.0,True,
Mask_lookalike/00420.tif,True,2048,2048,1,uint8,,,,1,0.0,0.0,0.0,0.0,0.0,0.0,0.0,0.0,0.0,0.0,0.0,0.0,0,0,0,True,0,0.0,True,
Mask_lookalike/00421.tif,True,2048,2048,1,uint8,,,,1,0.0,0.0,0.0,0.0,0.0,0.0,0.0,0.0,0.0,0.0,0.0,0.0,0,0,0,True,0,0.0,True,
Mask_lookalike/00422.tif,True,2048,2048,1,uint8,,,,1,0.0,0.0,0.0,0.0,0.0,0.0,0.0,0.0,0.0,0.0,0.0,0.0,0,0,0,True,0,0.0,True,
Mask_lookalike/00423.tif,True,2048,2048,1,uint8,,,,1,0.0,0.0,0.0,0.0,0.0,0.0,0.0,0.0,0.0,0.0,0.0,0.0,0,0,0,True,0,0.0,True,
Mask_lookalike/00424.tif,True,2048,2048,1,uint8,,,,1,0.0,0.0,0.0,0.0,0.0,0.0,0.0,0.0,0.0,0.0,0.0,0.0,0,0,0,True,0,0.0,True,
Mask_lookalike/00425.tif,True,2048,2048,1,uint8,,,,1,0.0,0.0,0.0,0.0,0.0,0.0,0.0,0.0,0.0,0.0,0.0,0.0,0,0,0,True,0,0.0,True,
Mask_lookalike/00426.tif,True,2048,2048,1,uint8,,,,1,0.0,0.0,0.0,0.0,0.0,0.0,0.0,0.0,0.0,0.0,0.0,0.0,0,0,0,True,0,0.0,True,
Mask_lookalike/00427.tif,True,2048,2048,1,uint8,,,,1,0.0,0.0,0.0,0.0,0.0,0.0,0.0,0.0,0.0,0.0,0.0,0.0,0,0,0,True,0,0.0,True,
Mask_lookalike/00428.tif,True,2048,2048,1,uint8,,,,1,0.0,0.0,0.0,0.0,0.0,0.0,0.0,0.0,0.0,0.0,0.0,0.0,0,0,0,True,0,0.0,True,
Mask_lookalike/00429.tif,True,2048,2048,1,uint8,,,,1,0.0,0.0,0.0,0.0,0.0,0.0,0.0,0.0,0.0,0.0,0.0,0.0,0,0,0,True,0,0.0,True,
Mask_lookalike/00430.tif,True,2048,2048,1,uint8,,,,1,0.0,0.0,0.0,0.0,0.0,0.0,0.0,0.0,0.0,0.0,0.0,0.0,0,0,0,True,0,0.0,True,
Mask_lookalike/00431.tif,True,2048,2048,1,uint8,,,,1,0.0,0.0,0.0,0.0,0.0,0.0,0.0,0.0,0.0,0.0,0.0,0.0,0,0,0,True,0,0.0,True,
Mask_lookalike/00432.tif,True,2048,2048,1,uint8,,,,1,0.0,0.0,0.0,0.0,0.0,0.0,0.0,0.0,0.0,0.0,0.0,0.0,0,0,0,True,0,0.0,True,
Mask_lookalike/00433.tif,True,2048,2048,1,uint8,,,,1,0.0,0.0,0.0,0.0,0.0,0.0,0.0,0.0,0.0,0.0,0.0,0.0,0,0,0,True,0,0.0,True,
Mask_lookalike/00434.tif,True,2048,2048,1,uint8,,,,1,0.0,0.0,0.0,0.0,0.0,0.0,0.0,0.0,0.0,0.0,0.0,0.0,0,0,0,True,0,0.0,True,
Mask_lookalike/00435.tif,True,2048,2048,1,uint8,,,,1,0.0,0.0,0.0,0.0,0.0,0.0,0.0,0.0,0.0,0.0,0.0,0.0,0,0,0,True,0,0.0,True,
Mask_lookalike/00436.tif,True,2048,2048,1,uint8,,,,1,0.0,0.0,0.0,0.0,0.0,0.0,0.0,0.0,0.0,0.0,0.0,0.0,0,0,0,True,0,0.0,True,
Mask_lookalike/00437.tif,True,2048,2048,1,uint8,,,,1,0.0,0.0,0.0,0.0,0.0,0.0,0.0,0.0,0.0,0.0,0.0,0.0,0,0,0,True,0,0.0,True,
Mask_lookalike/00438.tif,True,2048,2048,1,uint8,,,,1,0.0,0.0,0.0,0.0,0.0,0.0,0.0,0.0,0.0,0.0,0.0,0.0,0,0,0,True,0,0.0,True,
Mask_lookalike/00439.tif,True,2048,2048,1,uint8,,,,1,0.0,0.0,0.0,0.0,0.0,0.0,0.0,0.0,0.0,0.0,0.0,0.0,0,0,0,True,0,0.0,True,
Mask_lookalike/00440.tif,True,2048,2048,1,uint8,,,,1,0.0,0.0,0.0,0.0,0.0,0.0,0.0,0.0,0.0,0.0,0.0,0.0,0,0,0,True,0,0.0,True,
Mask_lookalike/00441.tif,True,2048,2048,1,uint8,,,,1,0.0,0.0,0.0,0.0,0.0,0.0,0.0,0.0,0.0,0.0,0.0,0.0,0,0,0,True,0,0.0,True,
Mask_lookalike/00442.tif,True,2048,2048,1,uint8,,,,1,0.0,0.0,0.0,0.0,0.0,0.0,0.0,0.0,0.0,0.0,0.0,0.0,0,0,0,True,0,0.0,True,
Mask_lookalike/00443.tif,True,2048,2048,1,uint8,,,,1,0.0,0.0,0.0,0.0,0.0,0.0,0.0,0.0,0.0,0.0,0.0,0.0,0,0,0,True,0,0.0,True,
Mask_lookalike/00444.tif,True,2048,2048,1,uint8,,,,1,0.0,0.0,0.0,0.0,0.0,0.0,0.0,0.0,0.0,0.0,0.0,0.0,0,0,0,True,0,0.0,True,
Mask_lookalike/00445.tif,True,2048,2048,1,uint8,,,,1,0.0,0.0,0.0,0.0,0.0,0.0,0.0,0.0,0.0,0.0,0.0,0.0,0,0,0,True,0,0.0,True,
Mask_lookalike/00446.tif,True,2048,2048,1,uint8,,,,1,0.0,0.0,0.0,0.0,0.0,0.0,0.0,0.0,0.0,0.0,0.0,0.0,0,0,0,True,0,0.0,True,
Mask_lookalike/00447.tif,True,2048,2048,1,uint8,,,,1,0.0,0.0,0.0,0.0,0.0,0.0,0.0,0.0,0.0,0.0,0.0,0.0,0,0,0,True,0,0.0,True,
Mask_lookalike/00448.tif,True,2048,2048,1,uint8,,,,1,0.0,0.0,0.0,0.0,0.0,0.0,0.0,0.0,0.0,0.0,0.0,0.0,0,0,0,True,0,0.0,True,
Mask_lookalike/00449.tif,True,2048,2048,1,uint8,,,,1,0.0,0.0,0.0,0.0,0.0,0.0,0.0,0.0,0.0,0.0,0.0,0.0,0,0,0,True,0,0.0,True,
Mask_lookalike/00450.tif,True,2048,2048,1,uint8,,,,1,0.0,0.0,0.0,0.0,0.0,0.0,0.0,0.0,0.0,0.0,0.0,0.0,0,0,0,True,0,0.0,True,
Mask_lookalike/00451.tif,True,2048,2048,1,uint8,,,,1,0.0,0.0,0.0,0.0,0.0,0.0,0.0,0.0,0.0,0.0,0.0,0.0,0,0,0,True,0,0.0,True,
Mask_lookalike/00452.tif,True,2048,2048,1,uint8,,,,1,0.0,0.0,0.0,0.0,0.0,0.0,0.0,0.0,0.0,0.0,0.0,0.0,0,0,0,True,0,0.0,True,
Mask_lookalike/00453.tif,True,2048,2048,1,uint8,,,,1,0.0,0.0,0.0,0.0,0.0,0.0,0.0,0.0,0.0,0.0,0.0,0.0,0,0,0,True,0,0.0,True,
Mask_lookalike/00454.tif,True,2048,2048,1,uint8,,,,1,0.0,0.0,0.0,0.0,0.0,0.0,0.0,0.0,0.0,0.0,0.0,0.0,0,0,0,True,0,0.0,True,
Mask_lookalike/00455.tif,True,2048,2048,1,uint8,,,,1,0.0,0.0,0.0,0.0,0.0,0.0,0.0,0.0,0.0,0.0,0.0,0.0,0,0,0,True,0,0.0,True,
Mask_lookalike/00456.tif,True,2048,2048,1,uint8,,,,1,0.0,0.0,0.0,0.0,0.0,0.0,0.0,0.0,0.0,0.0,0.0,0.0,0,0,0,True,0,0.0,True,
Mask_lookalike/00457.tif,True,2048,2048,1,uint8,,,,1,0.0,0.0,0.0,0.0,0.0,0.0,0.0,0.0,0.0,0.0,0.0,0.0,0,0,0,True,0,0.0,True,
Mask_lookalike/00458.tif,True,2048,2048,1,uint8,,,,1,0.0,0.0,0.0,0.0,0.0,0.0,0.0,0.0,0.0,0.0,0.0,0.0,0,0,0,True,0,0.0,True,
Mask_lookalike/00459.tif,True,2048,2048,1,uint8,,,,1,0.0,0.0,0.0,0.0,0.0,0.0,0.0,0.0,0.0,0.0,0.0,0.0,0,0,0,True,0,0.0,True,
Mask_lookalike/00460.tif,True,2048,2048,1,uint8,,,,1,0.0,0.0,0.0,0.0,0.0,0.0,0.0,0.0,0.0,0.0,0.0,0.0,0,0,0,True,0,0.0,True,
Mask_lookalike/00461.tif,True,2048,2048,1,uint8,,,,1,0.0,0.0,0.0,0.0,0.0,0.0,0.0,0.0,0.0,0.0,0.0,0.0,0,0,0,True,0,0.0,True,
Mask_lookalike/00462.tif,True,2048,2048,1,uint8,,,,1,0.0,0.0,0.0,0.0,0.0,0.0,0.0,0.0,0.0,0.0,0.0,0.0,0,0,0,True,0,0.0,True,
Mask_lookalike/00463.tif,True,2048,2048,1,uint8,,,,1,0.0,0.0,0.0,0.0,0.0,0.0,0.0,0.0,0.0,0.0,0.0,0.0,0,0,0,True,0,0.0,True,
Mask_lookalike/00464.tif,True,2048,2048,1,uint8,,,,1,0.0,0.0,0.0,0.0,0.0,0.0,0.0,0.0,0.0,0.0,0.0,0.0,0,0,0,True,0,0.0,True,
Mask_lookalike/00465.tif,True,2048,2048,1,uint8,,,,1,0.0,0.0,0.0,0.0,0.0,0.0,0.0,0.0,0.0,0.0,0.0,0.0,0,0,0,True,0,0.0,True,
Mask_lookalike/00466.tif,True,2048,2048,1,uint8,,,,1,0.0,0.0,0.0,0.0,0.0,0.0,0.0,0.0,0.0,0.0,0.0,0.0,0,0,0,True,0,0.0,True,
Mask_lookalike/00467.tif,True,2048,2048,1,uint8,,,,1,0.0,0.0,0.0,0.0,0.0,0.0,0.0,0.0,0.0,0.0,0.0,0.0,0,0,0,True,0,0.0,True,
Mask_lookalike/00468.tif,True,2048,2048,1,uint8,,,,1,0.0,0.0,0.0,0.0,0.0,0.0,0.0,0.0,0.0,0.0,0.0,0.0,0,0,0,True,0,0.0,True,
Mask_lookalike/00469.tif,True,2048,2048,1,uint8,,,,1,0.0,0.0,0.0,0.0,0.0,0.0,0.0,0.0,0.0,0.0,0.0,0.0,0,0,0,True,0,0.0,True,
Mask_lookalike/00470.tif,True,2048,2048,1,uint8,,,,1,0.0,0.0,0.0,0.0,0.0,0.0,0.0,0.0,0.0,0.0,0.0,0.0,0,0,0,True,0,0.0,True,
Mask_lookalike/00471.tif,True,2048,2048,1,uint8,,,,1,0.0,0.0,0.0,0.0,0.0,0.0,0.0,0.0,0.0,0.0,0.0,0.0,0,0,0,True,0,0.0,True,
Mask_lookalike/00472.tif,True,2048,2048,1,uint8,,,,1,0.0,0.0,0.0,0.0,0.0,0.0,0.0,0.0,0.0,0.0,0.0,0.0,0,0,0,True,0,0.0,True,
Mask_lookalike/00473.tif,True,2048,2048,1,uint8,,,,1,0.0,0.0,0.0,0.0,0.0,0.0,0.0,0.0,0.0,0.0,0.0,0.0,0,0,0,True,0,0.0,True,
Mask_lookalike/00474.tif,True,2048,2048,1,uint8,,,,1,0.0,0.0,0.0,0.0,0.0,0.0,0.0,0.0,0.0,0.0,0.0,0.0,0,0,0,True,0,0.0,True,
Mask_lookalike/00475.tif,True,2048,2048,1,uint8,,,,1,0.0,0.0,0.0,0.0,0.0,0.0,0.0,0.0,0.0,0.0,0.0,0.0,0,0,0,True,0,0.0,True,
Mask_lookalike/00476.tif,True,2048,2048,1,uint8,,,,1,0.0,0.0,0.0,0.0,0.0,0.0,0.0,0.0,0.0,0.0,0.0,0.0,0,0,0,True,0,0.0,True,
Mask_lookalike/00477.tif,True,2048,2048,1,uint8,,,,1,0.0,0.0,0.0,0.0,0.0,0.0,0.0,0.0,0.0,0.0,0.0,0.0,0,0,0,True,0,0.0,True,
Mask_lookalike/00478.tif,True,2048,2048,1,uint8,,,,1,0.0,0.0,0.0,0.0,0.0,0.0,0.0,0.0,0.0,0.0,0.0,0.0,0,0,0,True,0,0.0,True,
Mask_lookalike/00479.tif,True,2048,2048,1,uint8,,,,1,0.0,0.0,0.0,0.0,0.0,0.0,0.0,0.0,0.0,0.0,0.0,0.0,0,0,0,True,0,0.0,True,
Mask_lookalike/00480.tif,True,2048,2048,1,uint8,,,,1,0.0,0.0,0.0,0.0,0.0,0.0,0.0,0.0,0.0,0.0,0.0,0.0,0,0,0,True,0,0.0,True,
Mask_lookalike/00481.tif,True,2048,2048,1,uint8,,,,1,0.0,0.0,0.0,0.0,0.0,0.0,0.0,0.0,0.0,0.0,0.0,0.0,0,0,0,True,0,0.0,True,
Mask_lookalike/00482.tif,True,2048,2048,1,uint8,,,,1,0.0,0.0,0.0,0.0,0.0,0.0,0.0,0.0,0.0,0.0,0.0,0.0,0,0,0,True,0,0.0,True,
Mask_lookalike/00483.tif,True,2048,2048,1,uint8,,,,1,0.0,0.0,0.0,0.0,0.0,0.0,0.0,0.0,0.0,0.0,0.0,0.0,0,0,0,True,0,0.0,True,
Mask_lookalike/00484.tif,True,2048,2048,1,uint8,,,,1,0.0,0.0,0.0,0.0,0.0,0.0,0.0,0.0,0.0,0.0,0.0,0.0,0,0,0,True,0,0.0,True,
Mask_lookalike/00485.tif,True,2048,2048,1,uint8,,,,1,0.0,0.0,0.0,0.0,0.0,0.0,0.0,0.0,0.0,0.0,0.0,0.0,0,0,0,True,0,0.0,True,
Mask_lookalike/00486.tif,True,2048,2048,1,uint8,,,,1,0.0,0.0,0.0,0.0,0.0,0.0,0.0,0.0,0.0,0.0,0.0,0.0,0,0,0,True,0,0.0,True,
Mask_lookalike/00487.tif,True,2048,2048,1,uint8,,,,1,0.0,0.0,0.0,0.0,0.0,0.0,0.0,0.0,0.0,0.0,0.0,0.0,0,0,0,True,0,0.0,True,
Mask_lookalike/00488.tif,True,2048,2048,1,uint8,,,,1,0.0,0.0,0.0,0.0,0.0,0.0,0.0,0.0,0.0,0.0,0.0,0.0,0,0,0,True,0,0.0,True,
Mask_lookalike/00489.tif,True,2048,2048,1,uint8,,,,1,0.0,0.0,0.0,0.0,0.0,0.0,0.0,0.0,0.0,0.0,0.0,0.0,0,0,0,True,0,0.0,True,
Mask_lookalike/00490.tif,True,2048,2048,1,uint8,,,,1,0.0,0.0,0.0,0.0,0.0,0.0,0.0,0.0,0.0,0.0,0.0,0.0,0,0,0,True,0,0.0,True,
Mask_lookalike/00491.tif,True,2048,2048,1,uint8,,,,1,0.0,0.0,0.0,0.0,0.0,0.0,0.0,0.0,0.0,0.0,0.0,0.0,0,0,0,True,0,0.0,True,
Mask_lookalike/00492.tif,True,2048,2048,1,uint8,,,,1,0.0,0.0,0.0,0.0,0.0,0.0,0.0,0.0,0.0,0.0,0.0,0.0,0,0,0,True,0,0.0,True,
Mask_lookalike/00493.tif,True,2048,2048,1,uint8,,,,1,0.0,0.0,0.0,0.0,0.0,0.0,0.0,0.0,0.0,0.0,0.0,0.0,0,0,0,True,0,0.0,True,
Mask_lookalike/00494.tif,True,2048,2048,1,uint8,,,,1,0.0,0.0,0.0,0.0,0.0,0.0,0.0,0.0,0.0,0.0,0.0,0.0,0,0,0,True,0,0.0,True,
Mask_lookalike/00495.tif,True,2048,2048,1,uint8,,,,1,0.0,0.0,0.0,0.0,0.0,0.0,0.0,0.0,0.0,0.0,0.0,0.0,0,0,0,True,0,0.0,True,
Mask_lookalike/00496.tif,True,2048,2048,1,uint8,,,,1,0.0,0.0,0.0,0.0,0.0,0.0,0.0,0.0,0.0,0.0,0.0,0.0,0,0,0,True,0,0.0,True,
Mask_lookalike/00497.tif,True,2048,2048,1,uint8,,,,1,0.0,0.0,0.0,0.0,0.0,0.0,0.0,0.0,0.0,0.0,0.0,0.0,0,0,0,True,0,0.0,True,
Mask_lookalike/00498.tif,True,2048,2048,1,uint8,,,,1,0.0,0.0,0.0,0.0,0.0,0.0,0.0,0.0,0.0,0.0,0.0,0.0,0,0,0,True,0,0.0,True,
Mask_lookalike/00499.tif,True,2048,2048,1,uint8,,,,1,0.0,0.0,0.0,0.0,0.0,0.0,0.0,0.0,0.0,0.0,0.0,0.0,0,0,0,True,0,0.0,True,
Mask_lookalike/00500.tif,True,2048,2048,1,uint8,,,,1,0.0,0.0,0.0,0.0,0.0,0.0,0.0,0.0,0.0,0.0,0.0,0.0,0,0,0,True,0,0.0,True,
Mask_lookalike/00501.tif,True,2048,2048,1,uint8,,,,1,0.0,0.0,0.0,0.0,0.0,0.0,0.0,0.0,0.0,0.0,0.0,0.0,0,0,0,True,0,0.0,True,
Mask_lookalike/00502.tif,True,2048,2048,1,uint8,,,,1,0.0,0.0,0.0,0.0,0.0,0.0,0.0,0.0,0.0,0.0,0.0,0.0,0,0,0,True,0,0.0,True,
Mask_lookalike/00503.tif,True,2048,2048,1,uint8,,,,1,0.0,0.0,0.0,0.0,0.0,0.0,0.0,0.0,0.0,0.0,0.0,0.0,0,0,0,True,0,0.0,True,
Mask_lookalike/00504.tif,True,2048,2048,1,uint8,,,,1,0.0,0.0,0.0,0.0,0.0,0.0,0.0,0.0,0.0,0.0,0.0,0.0,0,0,0,True,0,0.0,True,
Mask_lookalike/00505.tif,True,2048,2048,1,uint8,,,,1,0.0,0.0,0.0,0.0,0.0,0.0,0.0,0.0,0.0,0.0,0.0,0.0,0,0,0,True,0,0.0,True,
Mask_lookalike/00506.tif,True,2048,2048,1,uint8,,,,1,0.0,0.0,0.0,0.0,0.0,0.0,0.0,0.0,0.0,0.0,0.0,0.0,0,0,0,True,0,0.0,True,
Mask_lookalike/00507.tif,True,2048,2048,1,uint8,,,,1,0.0,0.0,0.0,0.0,0.0,0.0,0.0,0.0,0.0,0.0,0.0,0.0,0,0,0,True,0,0.0,True,
Mask_lookalike/00508.tif,True,2048,2048,1,uint8,,,,1,0.0,0.0,0.0,0.0,0.0,0.0,0.0,0.0,0.0,0.0,0.0,0.0,0,0,0,True,0,0.0,True,
Mask_lookalike/00509.tif,True,2048,2048,1,uint8,,,,1,0.0,0.0,0.0,0.0,0.0,0.0,0.0,0.0,0.0,0.0,0.0,0.0,0,0,0,True,0,0.0,True,
Mask_lookalike/00510.tif,True,2048,2048,1,uint8,,,,1,0.0,0.0,0.0,0.0,0.0,0.0,0.0,0.0,0.0,0.0,0.0,0.0,0,0,0,True,0,0.0,True,
Mask_lookalike/00511.tif,True,2048,2048,1,uint8,,,,1,0.0,0.0,0.0,0.0,0.0,0.0,0.0,0.0,0.0,0.0,0.0,0.0,0,0,0,True,0,0.0,True,
Mask_lookalike/00512.tif,True,2048,2048,1,uint8,,,,1,0.0,0.0,0.0,0.0,0.0,0.0,0.0,0.0,0.0,0.0,0.0,0.0,0,0,0,True,0,0.0,True,
Mask_lookalike/00513.tif,True,2048,2048,1,uint8,,,,1,0.0,0.0,0.0,0.0,0.0,0.0,0.0,0.0,0.0,0.0,0.0,0.0,0,0,0,True,0,0.0,True,
Mask_lookalike/00514.tif,True,2048,2048,1,uint8,,,,1,0.0,0.0,0.0,0.0,0.0,0.0,0.0,0.0,0.0,0.0,0.0,0.0,0,0,0,True,0,0.0,True,
Mask_lookalike/00515.tif,True,2048,2048,1,uint8,,,,1,0.0,0.0,0.0,0.0,0.0,0.0,0.0,0.0,0.0,0.0,0.0,0.0,0,0,0,True,0,0.0,True,
Mask_lookalike/00516.tif,True,2048,2048,1,uint8,,,,1,0.0,0.0,0.0,0.0,0.0,0.0,0.0,0.0,0.0,0.0,0.0,0.0,0,0,0,True,0,0.0,True,
Mask_lookalike/00517.tif,True,2048,2048,1,uint8,,,,1,0.0,0.0,0.0,0.0,0.0,0.0,0.0,0.0,0.0,0.0,0.0,0.0,0,0,0,True,0,0.0,True,
Mask_lookalike/00518.tif,True,2048,2048,1,uint8,,,,1,0.0,0.0,0.0,0.0,0.0,0.0,0.0,0.0,0.0,0.0,0.0,0.0,0,0,0,True,0,0.0,True,
Mask_lookalike/00519.tif,True,2048,2048,1,uint8,,,,1,0.0,0.0,0.0,0.0,0.0,0.0,0.0,0.0,0.0,0.0,0.0,0.0,0,0,0,True,0,0.0,True,
Mask_lookalike/00520.tif,True,2048,2048,1,uint8,,,,1,0.0,0.0,0.0,0.0,0.0,0.0,0.0,0.0,0.0,0.0,0.0,0.0,0,0,0,True,0,0.0,True,
Mask_lookalike/00521.tif,True,2048,2048,1,uint8,,,,1,0.0,0.0,0.0,0.0,0.0,0.0,0.0,0.0,0.0,0.0,0.0,0.0,0,0,0,True,0,0.0,True,
Mask_lookalike/00522.tif,True,2048,2048,1,uint8,,,,1,0.0,0.0,0.0,0.0,0.0,0.0,0.0,0.0,0.0,0.0,0.0,0.0,0,0,0,True,0,0.0,True,
Mask_lookalike/00523.tif,True,2048,2048,1,uint8,,,,1,0.0,0.0,0.0,0.0,0.0,0.0,0.0,0.0,0.0,0.0,0.0,0.0,0,0,0,True,0,0.0,True,
Mask_lookalike/00524.tif,True,2048,2048,1,uint8,,,,1,0.0,0.0,0.0,0.0,0.0,0.0,0.0,0.0,0.0,0.0,0.0,0.0,0,0,0,True,0,0.0,True,
Mask_lookalike/00525.tif,True,2048,2048,1,uint8,,,,1,0.0,0.0,0.0,0.0,0.0,0.0,0.0,0.0,0.0,0.0,0.0,0.0,0,0,0,True,0,0.0,True,
Mask_lookalike/00526.tif,True,2048,2048,1,uint8,,,,1,0.0,0.0,0.0,0.0,0.0,0.0,0.0,0.0,0.0,0.0,0.0,0.0,0,0,0,True,0,0.0,True,
Mask_lookalike/00527.tif,True,2048,2048,1,uint8,,,,1,0.0,0.0,0.0,0.0,0.0,0.0,0.0,0.0,0.0,0.0,0.0,0.0,0,0,0,True,0,0.0,True,
Mask_lookalike/00528.tif,True,2048,2048,1,uint8,,,,1,0.0,0.0,0.0,0.0,0.0,0.0,0.0,0.0,0.0,0.0,0.0,0.0,0,0,0,True,0,0.0,True,
Mask_lookalike/00529.tif,True,2048,2048,1,uint8,,,,1,0.0,0.0,0.0,0.0,0.0,0.0,0.0,0.0,0.0,0.0,0.0,0.0,0,0,0,True,0,0.0,True,
Mask_lookalike/00530.tif,True,2048,2048,1,uint8,,,,1,0.0,0.0,0.0,0.0,0.0,0.0,0.0,0.0,0.0,0.0,0.0,0.0,0,0,0,True,0,0.0,True,
Mask_lookalike/00531.tif,True,2048,2048,1,uint8,,,,1,0.0,0.0,0.0,0.0,0.0,0.0,0.0,0.0,0.0,0.0,0.0,0.0,0,0,0,True,0,0.0,True,
Mask_lookalike/00532.tif,True,2048,2048,1,uint8,,,,1,0.0,0.0,0.0,0.0,0.0,0.0,0.0,0.0,0.0,0.0,0.0,0.0,0,0,0,True,0,0.0,True,
Mask_lookalike/00533.tif,True,2048,2048,1,uint8,,,,1,0.0,0.0,0.0,0.0,0.0,0.0,0.0,0.0,0.0,0.0,0.0,0.0,0,0,0,True,0,0.0,True,
Mask_lookalike/00534.tif,True,2048,2048,1,uint8,,,,1,0.0,0.0,0.0,0.0,0.0,0.0,0.0,0.0,0.0,0.0,0.0,0.0,0,0,0,True,0,0.0,True,
Mask_lookalike/00535.tif,True,2048,2048,1,uint8,,,,1,0.0,0.0,0.0,0.0,0.0,0.0,0.0,0.0,0.0,0.0,0.0,0.0,0,0,0,True,0,0.0,True,
Mask_lookalike/00536.tif,True,2048,2048,1,uint8,,,,1,0.0,0.0,0.0,0.0,0.0,0.0,0.0,0.0,0.0,0.0,0.0,0.0,0,0,0,True,0,0.0,True,
Mask_lookalike/00537.tif,True,2048,2048,1,uint8,,,,1,0.0,0.0,0.0,0.0,0.0,0.0,0.0,0.0,0.0,0.0,0.0,0.0,0,0,0,True,0,0.0,True,
Mask_lookalike/00538.tif,True,2048,2048,1,uint8,,,,1,0.0,0.0,0.0,0.0,0.0,0.0,0.0,0.0,0.0,0.0,0.0,0.0,0,0,0,True,0,0.0,True,
Mask_lookalike/00539.tif,True,2048,2048,1,uint8,,,,1,0.0,0.0,0.0,0.0,0.0,0.0,0.0,0.0,0.0,0.0,0.0,0.0,0,0,0,True,0,0.0,True,
Mask_lookalike/00540.tif,True,2048,2048,1,uint8,,,,1,0.0,0.0,0.0,0.0,0.0,0.0,0.0,0.0,0.0,0.0,0.0,0.0,0,0,0,True,0,0.0,True,
Mask_lookalike/00541.tif,True,2048,2048,1,uint8,,,,1,0.0,0.0,0.0,0.0,0.0,0.0,0.0,0.0,0.0,0.0,0.0,0.0,0,0,0,True,0,0.0,True,
Mask_lookalike/00542.tif,True,2048,2048,1,uint8,,,,1,0.0,0.0,0.0,0.0,0.0,0.0,0.0,0.0,0.0,0.0,0.0,0.0,0,0,0,True,0,0.0,True,
Mask_lookalike/00543.tif,True,2048,2048,1,uint8,,,,1,0.0,0.0,0.0,0.0,0.0,0.0,0.0,0.0,0.0,0.0,0.0,0.0,0,0,0,True,0,0.0,True,
Mask_lookalike/00544.tif,True,2048,2048,1,uint8,,,,1,0.0,0.0,0.0,0.0,0.0,0.0,0.0,0.0,0.0,0.0,0.0,0.0,0,0,0,True,0,0.0,True,
Mask_lookalike/00545.tif,True,2048,2048,1,uint8,,,,1,0.0,0.0,0.0,0.0,0.0,0.0,0.0,0.0,0.0,0.0,0.0,0.0,0,0,0,True,0,0.0,True,
Mask_lookalike/00546.tif,True,2048,2048,1,uint8,,,,1,0.0,0.0,0.0,0.0,0.0,0.0,0.0,0.0,0.0,0.0,0.0,0.0,0,0,0,True,0,0.0,True,
Mask_lookalike/00547.tif,True,2048,2048,1,uint8,,,,1,0.0,0.0,0.0,0.0,0.0,0.0,0.0,0.0,0.0,0.0,0.0,0.0,0,0,0,True,0,0.0,True,
Mask_lookalike/00548.tif,True,2048,2048,1,uint8,,,,1,0.0,0.0,0.0,0.0,0.0,0.0,0.0,0.0,0.0,0.0,0.0,0.0,0,0,0,True,0,0.0,True,
Mask_lookalike/00549.tif,True,2048,2048,1,uint8,,,,1,0.0,0.0,0.0,0.0,0.0,0.0,0.0,0.0,0.0,0.0,0.0,0.0,0,0,0,True,0,0.0,True,
Mask_lookalike/00550.tif,True,2048,2048,1,uint8,,,,1,0.0,0.0,0.0,0.0,0.0,0.0,0.0,0.0,0.0,0.0,0.0,0.0,0,0,0,True,0,0.0,True,
Mask_lookalike/00551.tif,True,2048,2048,1,uint8,,,,1,0.0,0.0,0.0,0.0,0.0,0.0,0.0,0.0,0.0,0.0,0.0,0.0,0,0,0,True,0,0.0,True,
Mask_lookalike/00552.tif,True,2048,2048,1,uint8,,,,1,0.0,0.0,0.0,0.0,0.0,0.0,0.0,0.0,0.0,0.0,0.0,0.0,0,0,0,True,0,0.0,True,
Mask_lookalike/00553.tif,True,2048,2048,1,uint8,,,,1,0.0,0.0,0.0,0.0,0.0,0.0,0.0,0.0,0.0,0.0,0.0,0.0,0,0,0,True,0,0.0,True,
Mask_lookalike/00554.tif,True,2048,2048,1,uint8,,,,1,0.0,0.0,0.0,0.0,0.0,0.0,0.0,0.0,0.0,0.0,0.0,0.0,0,0,0,True,0,0.0,True,
Mask_lookalike/00555.tif,True,2048,2048,1,uint8,,,,1,0.0,0.0,0.0,0.0,0.0,0.0,0.0,0.0,0.0,0.0,0.0,0.0,0,0,0,True,0,0.0,True,
Mask_lookalike/00556.tif,True,2048,2048,1,uint8,,,,1,0.0,0.0,0.0,0.0,0.0,0.0,0.0,0.0,0.0,0.0,0.0,0.0,0,0,0,True,0,0.0,True,
Mask_lookalike/00557.tif,True,2048,2048,1,uint8,,,,1,0.0,0.0,0.0,0.0,0.0,0.0,0.0,0.0,0.0,0.0,0.0,0.0,0,0,0,True,0,0.0,True,
Mask_lookalike/00558.tif,True,2048,2048,1,uint8,,,,1,0.0,0.0,0.0,0.0,0.0,0.0,0.0,0.0,0.0,0.0,0.0,0.0,0,0,0,True,0,0.0,True,
Mask_lookalike/00559.tif,True,2048,2048,1,uint8,,,,1,0.0,0.0,0.0,0.0,0.0,0.0,0.0,0.0,0.0,0.0,0.0,0.0,0,0,0,True,0,0.0,True,
Mask_lookalike/00560.tif,True,2048,2048,1,uint8,,,,1,0.0,0.0,0.0,0.0,0.0,0.0,0.0,0.0,0.0,0.0,0.0,0.0,0,0,0,True,0,0.0,True,
Mask_lookalike/00561.tif,True,2048,2048,1,uint8,,,,1,0.0,0.0,0.0,0.0,0.0,0.0,0.0,0.0,0.0,0.0,0.0,0.0,0,0,0,True,0,0.0,True,
Mask_lookalike/00562.tif,True,2048,2048,1,uint8,,,,1,0.0,0.0,0.0,0.0,0.0,0.0,0.0,0.0,0.0,0.0,0.0,0.0,0,0,0,True,0,0.0,True,
Mask_lookalike/00563.tif,True,2048,2048,1,uint8,,,,1,0.0,0.0,0.0,0.0,0.0,0.0,0.0,0.0,0.0,0.0,0.0,0.0,0,0,0,True,0,0.0,True,
Mask_lookalike/00564.tif,True,2048,2048,1,uint8,,,,1,0.0,0.0,0.0,0.0,0.0,0.0,0.0,0.0,0.0,0.0,0.0,0.0,0,0,0,True,0,0.0,True,
Mask_lookalike/00565.tif,True,2048,2048,1,uint8,,,,1,0.0,0.0,0.0,0.0,0.0,0.0,0.0,0.0,0.0,0.0,0.0,0.0,0,0,0,True,0,0.0,True,
Mask_lookalike/00566.tif,True,2048,2048,1,uint8,,,,1,0.0,0.0,0.0,0.0,0.0,0.0,0.0,0.0,0.0,0.0,0.0,0.0,0,0,0,True,0,0.0,True,
Mask_lookalike/00567.tif,True,2048,2048,1,uint8,,,,1,0.0,0.0,0.0,0.0,0.0,0.0,0.0,0.0,0.0,0.0,0.0,0.0,0,0,0,True,0,0.0,True,
Mask_lookalike/00568.tif,True,2048,2048,1,uint8,,,,1,0.0,0.0,0.0,0.0,0.0,0.0,0.0,0.0,0.0,0.0,0.0,0.0,0,0,0,True,0,0.0,True,
Mask_lookalike/00569.tif,True,2048,2048,1,uint8,,,,1,0.0,0.0,0.0,0.0,0.0,0.0,0.0,0.0,0.0,0.0,0.0,0.0,0,0,0,True,0,0.0,True,
Mask_lookalike/00570.tif,True,2048,2048,1,uint8,,,,1,0.0,0.0,0.0,0.0,0.0,0.0,0.0,0.0,0.0,0.0,0.0,0.0,0,0,0,True,0,0.0,True,
Mask_lookalike/00571.tif,True,2048,2048,1,uint8,,,,1,0.0,0.0,0.0,0.0,0.0,0.0,0.0,0.0,0.0,0.0,0.0,0.0,0,0,0,True,0,0.0,True,
Mask_lookalike/00572.tif,True,2048,2048,1,uint8,,,,1,0.0,0.0,0.0,0.0,0.0,0.0,0.0,0.0,0.0,0.0,0.0,0.0,0,0,0,True,0,0.0,True,
Mask_lookalike/00573.tif,True,2048,2048,1,uint8,,,,1,0.0,0.0,0.0,0.0,0.0,0.0,0.0,0.0,0.0,0.0,0.0,0.0,0,0,0,True,0,0.0,True,
Mask_lookalike/00574.tif,True,2048,2048,1,uint8,,,,1,0.0,0.0,0.0,0.0,0.0,0.0,0.0,0.0,0.0,0.0,0.0,0.0,0,0,0,True,0,0.0,True,
Mask_lookalike/00575.tif,True,2048,2048,1,uint8,,,,1,0.0,0.0,0.0,0.0,0.0,0.0,0.0,0.0,0.0,0.0,0.0,0.0,0,0,0,True,0,0.0,True,
Mask_lookalike/00576.tif,True,2048,2048,1,uint8,,,,1,0.0,0.0,0.0,0.0,0.0,0.0,0.0,0.0,0.0,0.0,0.0,0.0,0,0,0,True,0,0.0,True,
Mask_lookalike/00577.tif,True,2048,2048,1,uint8,,,,1,0.0,0.0,0.0,0.0,0.0,0.0,0.0,0.0,0.0,0.0,0.0,0.0,0,0,0,True,0,0.0,True,
Mask_lookalike/00578.tif,True,2048,2048,1,uint8,,,,1,0.0,0.0,0.0,0.0,0.0,0.0,0.0,0.0,0.0,0.0,0.0,0.0,0,0,0,True,0,0.0,True,
Mask_lookalike/00579.tif,True,2048,2048,1,uint8,,,,1,0.0,0.0,0.0,0.0,0.0,0.0,0.0,0.0,0.0,0.0,0.0,0.0,0,0,0,True,0,0.0,True,
Mask_lookalike/00580.tif,True,2048,2048,1,uint8,,,,1,0.0,0.0,0.0,0.0,0.0,0.0,0.0,0.0,0.0,0.0,0.0,0.0,0,0,0,True,0,0.0,True,
Mask_lookalike/00581.tif,True,2048,2048,1,uint8,,,,1,0.0,0.0,0.0,0.0,0.0,0.0,0.0,0.0,0.0,0.0,0.0,0.0,0,0,0,True,0,0.0,True,
Mask_lookalike/00582.tif,True,2048,2048,1,uint8,,,,1,0.0,0.0,0.0,0.0,0.0,0.0,0.0,0.0,0.0,0.0,0.0,0.0,0,0,0,True,0,0.0,True,
Mask_lookalike/00583.tif,True,2048,2048,1,uint8,,,,1,0.0,0.0,0.0,0.0,0.0,0.0,0.0,0.0,0.0,0.0,0.0,0.0,0,0,0,True,0,0.0,True,
Mask_lookalike/00584.tif,True,2048,2048,1,uint8,,,,1,0.0,0.0,0.0,0.0,0.0,0.0,0.0,0.0,0.0,0.0,0.0,0.0,0,0,0,True,0,0.0,True,
Mask_lookalike/00585.tif,True,2048,2048,1,uint8,,,,1,0.0,0.0,0.0,0.0,0.0,0.0,0.0,0.0,0.0,0.0,0.0,0.0,0,0,0,True,0,0.0,True,
Mask_lookalike/00586.tif,True,2048,2048,1,uint8,,,,1,0.0,0.0,0.0,0.0,0.0,0.0,0.0,0.0,0.0,0.0,0.0,0.0,0,0,0,True,0,0.0,True,
Mask_lookalike/00587.tif,True,2048,2048,1,uint8,,,,1,0.0,0.0,0.0,0.0,0.0,0.0,0.0,0.0,0.0,0.0,0.0,0.0,0,0,0,True,0,0.0,True,
Mask_lookalike/00588.tif,True,2048,2048,1,uint8,,,,1,0.0,0.0,0.0,0.0,0.0,0.0,0.0,0.0,0.0,0.0,0.0,0.0,0,0,0,True,0,0.0,True,
Mask_lookalike/00589.tif,True,2048,2048,1,uint8,,,,1,0.0,0.0,0.0,0.0,0.0,0.0,0.0,0.0,0.0,0.0,0.0,0.0,0,0,0,True,0,0.0,True,
Mask_lookalike/00590.tif,True,2048,2048,1,uint8,,,,1,0.0,0.0,0.0,0.0,0.0,0.0,0.0,0.0,0.0,0.0,0.0,0.0,0,0,0,True,0,0.0,True,
Mask_lookalike/00591.tif,True,2048,2048,1,uint8,,,,1,0.0,0.0,0.0,0.0,0.0,0.0,0.0,0.0,0.0,0.0,0.0,0.0,0,0,0,True,0,0.0,True,
Mask_lookalike/00592.tif,True,2048,2048,1,uint8,,,,1,0.0,0.0,0.0,0.0,0.0,0.0,0.0,0.0,0.0,0.0,0.0,0.0,0,0,0,True,0,0.0,True,
Mask_lookalike/00593.tif,True,2048,2048,1,uint8,,,,1,0.0,0.0,0.0,0.0,0.0,0.0,0.0,0.0,0.0,0.0,0.0,0.0,0,0,0,True,0,0.0,True,
Mask_lookalike/00594.tif,True,2048,2048,1,uint8,,,,1,0.0,0.0,0.0,0.0,0.0,0.0,0.0,0.0,0.0,0.0,0.0,0.0,0,0,0,True,0,0.0,True,
Mask_lookalike/00595.tif,True,2048,2048,1,uint8,,,,1,0.0,0.0,0.0,0.0,0.0,0.0,0.0,0.0,0.0,0.0,0.0,0.0,0,0,0,True,0,0.0,True,
Mask_lookalike/00596.tif,True,2048,2048,1,uint8,,,,1,0.0,0.0,0.0,0.0,0.0,0.0,0.0,0.0,0.0,0.0,0.0,0.0,0,0,0,True,0,0.0,True,
Mask_lookalike/00597.tif,True,2048,2048,1,uint8,,,,1,0.0,0.0,0.0,0.0,0.0,0.0,0.0,0.0,0.0,0.0,0.0,0.0,0,0,0,True,0,0.0,True,
Mask_lookalike/00598.tif,True,2048,2048,1,uint8,,,,1,0.0,0.0,0.0,0.0,0.0,0.0,0.0,0.0,0.0,0.0,0.0,0.0,0,0,0,True,0,0.0,True,
Mask_lookalike/00599.tif,True,2048,2048,1,uint8,,,,1,0.0,0.0,0.0,0.0,0.0,0.0,0.0,0.0,0.0,0.0,0.0,0.0,0,0,0,True,0,0.0,True,
Mask_lookalike/00600.tif,True,2048,2048,1,uint8,,,,1,0.0,0.0,0.0,0.0,0.0,0.0,0.0,0.0,0.0,0.0,0.0,0.0,0,0,0,True,0,0.0,True,
Mask_lookalike/00601.tif,True,2048,2048,1,uint8,,,,1,0.0,0.0,0.0,0.0,0.0,0.0,0.0,0.0,0.0,0.0,0.0,0.0,0,0,0,True,0,0.0,True,
Mask_lookalike/00602.tif,True,2048,2048,1,uint8,,,,1,0.0,0.0,0.0,0.0,0.0,0.0,0.0,0.0,0.0,0.0,0.0,0.0,0,0,0,True,0,0.0,True,
Mask_lookalike/00603.tif,True,2048,2048,1,uint8,,,,1,0.0,0.0,0.0,0.0,0.0,0.0,0.0,0.0,0.0,0.0,0.0,0.0,0,0,0,True,0,0.0,True,
Mask_lookalike/00604.tif,True,2048,2048,1,uint8,,,,1,0.0,0.0,0.0,0.0,0.0,0.0,0.0,0.0,0.0,0.0,0.0,0.0,0,0,0,True,0,0.0,True,
Mask_lookalike/00605.tif,True,2048,2048,1,uint8,,,,1,0.0,0.0,0.0,0.0,0.0,0.0,0.0,0.0,0.0,0.0,0.0,0.0,0,0,0,True,0,0.0,True,
Mask_lookalike/00606.tif,True,2048,2048,1,uint8,,,,1,0.0,0.0,0.0,0.0,0.0,0.0,0.0,0.0,0.0,0.0,0.0,0.0,0,0,0,True,0,0.0,True,
Mask_lookalike/00607.tif,True,2048,2048,1,uint8,,,,1,0.0,0.0,0.0,0.0,0.0,0.0,0.0,0.0,0.0,0.0,0.0,0.0,0,0,0,True,0,0.0,True,
Mask_lookalike/00608.tif,True,2048,2048,1,uint8,,,,1,0.0,0.0,0.0,0.0,0.0,0.0,0.0,0.0,0.0,0.0,0.0,0.0,0,0,0,True,0,0.0,True,
Mask_lookalike/00609.tif,True,2048,2048,1,uint8,,,,1,0.0,0.0,0.0,0.0,0.0,0.0,0.0,0.0,0.0,0.0,0.0,0.0,0,0,0,True,0,0.0,True,
Mask_lookalike/00610.tif,True,2048,2048,1,uint8,,,,1,0.0,0.0,0.0,0.0,0.0,0.0,0.0,0.0,0.0,0.0,0.0,0.0,0,0,0,True,0,0.0,True,
Mask_lookalike/00611.tif,True,2048,2048,1,uint8,,,,1,0.0,0.0,0.0,0.0,0.0,0.0,0.0,0.0,0.0,0.0,0.0,0.0,0,0,0,True,0,0.0,True,
Mask_lookalike/00612.tif,True,2048,2048,1,uint8,,,,1,0.0,0.0,0.0,0.0,0.0,0.0,0.0,0.0,0.0,0.0,0.0,0.0,0,0,0,True,0,0.0,True,
Mask_lookalike/00613.tif,True,2048,2048,1,uint8,,,,1,0.0,0.0,0.0,0.0,0.0,0.0,0.0,0.0,0.0,0.0,0.0,0.0,0,0,0,True,0,0.0,True,
Mask_lookalike/00614.tif,True,2048,2048,1,uint8,,,,1,0.0,0.0,0.0,0.0,0.0,0.0,0.0,0.0,0.0,0.0,0.0,0.0,0,0,0,True,0,0.0,True,
Mask_lookalike/00615.tif,True,2048,2048,1,uint8,,,,1,0.0,0.0,0.0,0.0,0.0,0.0,0.0,0.0,0.0,0.0,0.0,0.0,0,0,0,True,0,0.0,True,
Mask_lookalike/00616.tif,True,2048,2048,1,uint8,,,,1,0.0,0.0,0.0,0.0,0.0,0.0,0.0,0.0,0.0,0.0,0.0,0.0,0,0,0,True,0,0.0,True,
Mask_lookalike/00617.tif,True,2048,2048,1,uint8,,,,1,0.0,0.0,0.0,0.0,0.0,0.0,0.0,0.0,0.0,0.0,0.0,0.0,0,0,0,True,0,0.0,True,
Mask_lookalike/00618.tif,True,2048,2048,1,uint8,,,,1,0.0,0.0,0.0,0.0,0.0,0.0,0.0,0.0,0.0,0.0,0.0,0.0,0,0,0,True,0,0.0,True,
Mask_lookalike/00619.tif,True,2048,2048,1,uint8,,,,1,0.0,0.0,0.0,0.0,0.0,0.0,0.0,0.0,0.0,0.0,0.0,0.0,0,0,0,True,0,0.0,True,
Mask_lookalike/00620.tif,True,2048,2048,1,uint8,,,,1,0.0,0.0,0.0,0.0,0.0,0.0,0.0,0.0,0.0,0.0,0.0,0.0,0,0,0,True,0,0.0,True,
Mask_lookalike/00621.tif,True,2048,2048,1,uint8,,,,1,0.0,0.0,0.0,0.0,0.0,0.0,0.0,0.0,0.0,0.0,0.0,0.0,0,0,0,True,0,0.0,True,
Mask_lookalike/00622.tif,True,2048,2048,1,uint8,,,,1,0.0,0.0,0.0,0.0,0.0,0.0,0.0,0.0,0.0,0.0,0.0,0.0,0,0,0,True,0,0.0,True,
Mask_lookalike/00623.tif,True,2048,2048,1,uint8,,,,1,0.0,0.0,0.0,0.0,0.0,0.0,0.0,0.0,0.0,0.0,0.0,0.0,0,0,0,True,0,0.0,True,
Mask_lookalike/00624.tif,True,2048,2048,1,uint8,,,,1,0.0,0.0,0.0,0.0,0.0,0.0,0.0,0.0,0.0,0.0,0.0,0.0,0,0,0,True,0,0.0,True,
Mask_lookalike/00625.tif,True,2048,2048,1,uint8,,,,1,0.0,0.0,0.0,0.0,0.0,0.0,0.0,0.0,0.0,0.0,0.0,0.0,0,0,0,True,0,0.0,True,
Mask_lookalike/00626.tif,True,2048,2048,1,uint8,,,,1,0.0,0.0,0.0,0.0,0.0,0.0,0.0,0.0,0.0,0.0,0.0,0.0,0,0,0,True,0,0.0,True,
Mask_lookalike/00627.tif,True,2048,2048,1,uint8,,,,1,0.0,0.0,0.0,0.0,0.0,0.0,0.0,0.0,0.0,0.0,0.0,0.0,0,0,0,True,0,0.0,True,
Mask_lookalike/00628.tif,True,2048,2048,1,uint8,,,,1,0.0,0.0,0.0,0.0,0.0,0.0,0.0,0.0,0.0,0.0,0.0,0.0,0,0,0,True,0,0.0,True,
Mask_lookalike/00629.tif,True,2048,2048,1,uint8,,,,1,0.0,0.0,0.0,0.0,0.0,0.0,0.0,0.0,0.0,0.0,0.0,0.0,0,0,0,True,0,0.0,True,
Mask_lookalike/00630.tif,True,2048,2048,1,uint8,,,,1,0.0,0.0,0.0,0.0,0.0,0.0,0.0,0.0,0.0,0.0,0.0,0.0,0,0,0,True,0,0.0,True,
Mask_lookalike/00631.tif,True,2048,2048,1,uint8,,,,1,0.0,0.0,0.0,0.0,0.0,0.0,0.0,0.0,0.0,0.0,0.0,0.0,0,0,0,True,0,0.0,True,
Mask_lookalike/00632.tif,True,2048,2048,1,uint8,,,,1,0.0,0.0,0.0,0.0,0.0,0.0,0.0,0.0,0.0,0.0,0.0,0.0,0,0,0,True,0,0.0,True,
Mask_lookalike/00633.tif,True,2048,2048,1,uint8,,,,1,0.0,0.0,0.0,0.0,0.0,0.0,0.0,0.0,0.0,0.0,0.0,0.0,0,0,0,True,0,0.0,True,
Mask_lookalike/00634.tif,True,2048,2048,1,uint8,,,,1,0.0,0.0,0.0,0.0,0.0,0.0,0.0,0.0,0.0,0.0,0.0,0.0,0,0,0,True,0,0.0,True,
Mask_lookalike/00635.tif,True,2048,2048,1,uint8,,,,1,0.0,0.0,0.0,0.0,0.0,0.0,0.0,0.0,0.0,0.0,0.0,0.0,0,0,0,True,0,0.0,True,
Mask_lookalike/00636.tif,True,2048,2048,1,uint8,,,,1,0.0,0.0,0.0,0.0,0.0,0.0,0.0,0.0,0.0,0.0,0.0,0.0,0,0,0,True,0,0.0,True,
Mask_lookalike/00637.tif,True,2048,2048,1,uint8,,,,1,0.0,0.0,0.0,0.0,0.0,0.0,0.0,0.0,0.0,0.0,0.0,0.0,0,0,0,True,0,0.0,True,
Mask_lookalike/00638.tif,True,2048,2048,1,uint8,,,,1,0.0,0.0,0.0,0.0,0.0,0.0,0.0,0.0,0.0,0.0,0.0,0.0,0,0,0,True,0,0.0,True,
Mask_lookalike/00639.tif,True,2048,2048,1,uint8,,,,1,0.0,0.0,0.0,0.0,0.0,0.0,0.0,0.0,0.0,0.0,0.0,0.0,0,0,0,True,0,0.0,True,
Mask_lookalike/00640.tif,True,2048,2048,1,uint8,,,,1,0.0,0.0,0.0,0.0,0.0,0.0,0.0,0.0,0.0,0.0,0.0,0.0,0,0,0,True,0,0.0,True,
Mask_lookalike/00641.tif,True,2048,2048,1,uint8,,,,1,0.0,0.0,0.0,0.0,0.0,0.0,0.0,0.0,0.0,0.0,0.0,0.0,0,0,0,True,0,0.0,True,
Mask_lookalike/00642.tif,True,2048,2048,1,uint8,,,,1,0.0,0.0,0.0,0.0,0.0,0.0,0.0,0.0,0.0,0.0,0.0,0.0,0,0,0,True,0,0.0,True,
Mask_lookalike/00643.tif,True,2048,2048,1,uint8,,,,1,0.0,0.0,0.0,0.0,0.0,0.0,0.0,0.0,0.0,0.0,0.0,0.0,0,0,0,True,0,0.0,True,
Mask_lookalike/00644.tif,True,2048,2048,1,uint8,,,,1,0.0,0.0,0.0,0.0,0.0,0.0,0.0,0.0,0.0,0.0,0.0,0.0,0,0,0,True,0,0.0,True,
Mask_lookalike/00645.tif,True,2048,2048,1,uint8,,,,1,0.0,0.0,0.0,0.0,0.0,0.0,0.0,0.0,0.0,0.0,0.0,0.0,0,0,0,True,0,0.0,True,
Mask_lookalike/00646.tif,True,2048,2048,1,uint8,,,,1,0.0,0.0,0.0,0.0,0.0,0.0,0.0,0.0,0.0,0.0,0.0,0.0,0,0,0,True,0,0.0,True,
Mask_lookalike/00647.tif,True,2048,2048,1,uint8,,,,1,0.0,0.0,0.0,0.0,0.0,0.0,0.0,0.0,0.0,0.0,0.0,0.0,0,0,0,True,0,0.0,True,
Mask_lookalike/00648.tif,True,2048,2048,1,uint8,,,,1,0.0,0.0,0.0,0.0,0.0,0.0,0.0,0.0,0.0,0.0,0.0,0.0,0,0,0,True,0,0.0,True,
Mask_lookalike/00649.tif,True,2048,2048,1,uint8,,,,1,0.0,0.0,0.0,0.0,0.0,0.0,0.0,0.0,0.0,0.0,0.0,0.0,0,0,0,True,0,0.0,True,
Mask_lookalike/00650.tif,True,2048,2048,1,uint8,,,,1,0.0,0.0,0.0,0.0,0.0,0.0,0.0,0.0,0.0,0.0,0.0,0.0,0,0,0,True,0,0.0,True,
Mask_lookalike/00651.tif,True,2048,2048,1,uint8,,,,1,0.0,0.0,0.0,0.0,0.0,0.0,0.0,0.0,0.0,0.0,0.0,0.0,0,0,0,True,0,0.0,True,
Mask_lookalike/00652.tif,True,2048,2048,1,uint8,,,,1,0.0,0.0,0.0,0.0,0.0,0.0,0.0,0.0,0.0,0.0,0.0,0.0,0,0,0,True,0,0.0,True,
Mask_lookalike/00653.tif,True,2048,2048,1,uint8,,,,1,0.0,0.0,0.0,0.0,0.0,0.0,0.0,0.0,0.0,0.0,0.0,0.0,0,0,0,True,0,0.0,True,
Mask_lookalike/00654.tif,True,2048,2048,1,uint8,,,,1,0.0,0.0,0.0,0.0,0.0,0.0,0.0,0.0,0.0,0.0,0.0,0.0,0,0,0,True,0,0.0,True,
Mask_lookalike/00655.tif,True,2048,2048,1,uint8,,,,1,0.0,0.0,0.0,0.0,0.0,0.0,0.0,0.0,0.0,0.0,0.0,0.0,0,0,0,True,0,0.0,True,
Mask_lookalike/00656.tif,True,2048,2048,1,uint8,,,,1,0.0,0.0,0.0,0.0,0.0,0.0,0.0,0.0,0.0,0.0,0.0,0.0,0,0,0,True,0,0.0,True,
Mask_lookalike/00657.tif,True,2048,2048,1,uint8,,,,1,0.0,0.0,0.0,0.0,0.0,0.0,0.0,0.0,0.0,0.0,0.0,0.0,0,0,0,True,0,0.0,True,
Mask_lookalike/00658.tif,True,2048,2048,1,uint8,,,,1,0.0,0.0,0.0,0.0,0.0,0.0,0.0,0.0,0.0,0.0,0.0,0.0,0,0,0,True,0,0.0,True,
Mask_lookalike/00659.tif,True,2048,2048,1,uint8,,,,1,0.0,0.0,0.0,0.0,0.0,0.0,0.0,0.0,0.0,0.0,0.0,0.0,0,0,0,True,0,0.0,True,
Mask_lookalike/00660.tif,True,2048,2048,1,uint8,,,,1,0.0,0.0,0.0,0.0,0.0,0.0,0.0,0.0,0.0,0.0,0.0,0.0,0,0,0,True,0,0.0,True,
Mask_lookalike/00661.tif,True,2048,2048,1,uint8,,,,1,0.0,0.0,0.0,0.0,0.0,0.0,0.0,0.0,0.0,0.0,0.0,0.0,0,0,0,True,0,0.0,True,
Mask_lookalike/00662.tif,True,2048,2048,1,uint8,,,,1,0.0,0.0,0.0,0.0,0.0,0.0,0.0,0.0,0.0,0.0,0.0,0.0,0,0,0,True,0,0.0,True,
Mask_lookalike/00663.tif,True,2048,2048,1,uint8,,,,1,0.0,0.0,0.0,0.0,0.0,0.0,0.0,0.0,0.0,0.0,0.0,0.0,0,0,0,True,0,0.0,True,
Mask_lookalike/00664.tif,True,2048,2048,1,uint8,,,,1,0.0,0.0,0.0,0.0,0.0,0.0,0.0,0.0,0.0,0.0,0.0,0.0,0,0,0,True,0,0.0,True,
Mask_lookalike/00665.tif,True,2048,2048,1,uint8,,,,1,0.0,0.0,0.0,0.0,0.0,0.0,0.0,0.0,0.0,0.0,0.0,0.0,0,0,0,True,0,0.0,True,
Mask_lookalike/00666.tif,True,2048,2048,1,uint8,,,,1,0.0,0.0,0.0,0.0,0.0,0.0,0.0,0.0,0.0,0.0,0.0,0.0,0,0,0,True,0,0.0,True,
Mask_lookalike/00667.tif,True,2048,2048,1,uint8,,,,1,0.0,0.0,0.0,0.0,0.0,0.0,0.0,0.0,0.0,0.0,0.0,0.0,0,0,0,True,0,0.0,True,
Mask_lookalike/00668.tif,True,2048,2048,1,uint8,,,,1,0.0,0.0,0.0,0.0,0.0,0.0,0.0,0.0,0.0,0.0,0.0,0.0,0,0,0,True,0,0.0,True,
Mask_lookalike/00669.tif,True,2048,2048,1,uint8,,,,1,0.0,0.0,0.0,0.0,0.0,0.0,0.0,0.0,0.0,0.0,0.0,0.0,0,0,0,True,0,0.0,True,
Mask_lookalike/00670.tif,True,2048,2048,1,uint8,,,,1,0.0,0.0,0.0,0.0,0.0,0.0,0.0,0.0,0.0,0.0,0.0,0.0,0,0,0,True,0,0.0,True,
Mask_lookalike/00671.tif,True,2048,2048,1,uint8,,,,1,0.0,0.0,0.0,0.0,0.0,0.0,0.0,0.0,0.0,0.0,0.0,0.0,0,0,0,True,0,0.0,True,
Mask_lookalike/00672.tif,True,2048,2048,1,uint8,,,,1,0.0,0.0,0.0,0.0,0.0,0.0,0.0,0.0,0.0,0.0,0.0,0.0,0,0,0,True,0,0.0,True,
Mask_lookalike/00673.tif,True,2048,2048,1,uint8,,,,1,0.0,0.0,0.0,0.0,0.0,0.0,0.0,0.0,0.0,0.0,0.0,0.0,0,0,0,True,0,0.0,True,
Mask_lookalike/00674.tif,True,2048,2048,1,uint8,,,,1,0.0,0.0,0.0,0.0,0.0,0.0,0.0,0.0,0.0,0.0,0.0,0.0,0,0,0,True,0,0.0,True,
Mask_lookalike/00675.tif,True,2048,2048,1,uint8,,,,1,0.0,0.0,0.0,0.0,0.0,0.0,0.0,0.0,0.0,0.0,0.0,0.0,0,0,0,True,0,0.0,True,
Mask_lookalike/00676.tif,True,2048,2048,1,uint8,,,,1,0.0,0.0,0.0,0.0,0.0,0.0,0.0,0.0,0.0,0.0,0.0,0.0,0,0,0,True,0,0.0,True,
Mask_lookalike/00677.tif,True,2048,2048,1,uint8,,,,1,0.0,0.0,0.0,0.0,0.0,0.0,0.0,0.0,0.0,0.0,0.0,0.0,0,0,0,True,0,0.0,True,
Mask_lookalike/00678.tif,True,2048,2048,1,uint8,,,,1,0.0,0.0,0.0,0.0,0.0,0.0,0.0,0.0,0.0,0.0,0.0,0.0,0,0,0,True,0,0.0,True,
Mask_lookalike/00679.tif,True,2048,2048,1,uint8,,,,1,0.0,0.0,0.0,0.0,0.0,0.0,0.0,0.0,0.0,0.0,0.0,0.0,0,0,0,True,0,0.0,True,
Mask_lookalike/00680.tif,True,2048,2048,1,uint8,,,,1,0.0,0.0,0.0,0.0,0.0,0.0,0.0,0.0,0.0,0.0,0.0,0.0,0,0,0,True,0,0.0,True,
Mask_lookalike/00681.tif,True,2048,2048,1,uint8,,,,1,0.0,0.0,0.0,0.0,0.0,0.0,0.0,0.0,0.0,0.0,0.0,0.0,0,0,0,True,0,0.0,True,
Mask_lookalike/00682.tif,True,2048,2048,1,uint8,,,,1,0.0,0.0,0.0,0.0,0.0,0.0,0.0,0.0,0.0,0.0,0.0,0.0,0,0,0,True,0,0.0,True,
Mask_lookalike/00683.tif,True,2048,2048,1,uint8,,,,1,0.0,0.0,0.0,0.0,0.0,0.0,0.0,0.0,0.0,0.0,0.0,0.0,0,0,0,True,0,0.0,True,
Mask_lookalike/00684.tif,True,2048,2048,1,uint8,,,,1,0.0,0.0,0.0,0.0,0.0,0.0,0.0,0.0,0.0,0.0,0.0,0.0,0,0,0,True,0,0.0,True,
Mask/Oil/00000_segmentation.tif,True,2048,2048,1,uint8,,,,1,0.0,1.0,0.48046112060546875,0.49961808633395766,0.0,0.0,0.0,0.0,0.0,1.0,1.0,1.0,0,0,0,False,2015200,48.046112060546875,False,
Mask/Oil/00001_segmentation.tif,True,2048,2048,1,uint8,,,,1,0.0,1.0,0.036002159118652344,0.1862954740659246,0.0,0.0,0.0,0.0,0.0,0.0,0.0,1.0,0,0,0,False,151004,3.6002159118652344,False,
Mask/Oil/00002_segmentation.tif,True,2048,2048,1,uint8,,,,1,0.0,1.0,0.13782358169555664,0.3447147255690782,0.0,0.0,0.0,0.0,0.0,0.0,1.0,1.0,0,0,0,False,578074,13.782358169555664,False,
Mask/Oil/00003_segmentation.tif,True,2048,2048,1,uint8,,,,1,0.0,1.0,0.10200786590576172,0.3026586545914619,0.0,0.0,0.0,0.0,0.0,0.0,1.0,1.0,0,0,0,False,427852,10.200786590576172,False,
Mask/Oil/00004_segmentation.tif,True,2048,2048,1,uint8,,,,1,0.0,1.0,0.4251222610473633,0.4943615318866758,0.0,0.0,0.0,0.0,0.0,1.0,1.0,1.0,0,0,0,False,1783092,42.51222610473633,False,
Mask/Oil/00005_segmentation.tif,True,2048,2048,1,uint8,,,,1,0.0,1.0,0.6025466918945312,0.48937120469178413,1.0,0.0,0.0,0.0,1.0,1.0,1.0,1.0,0,0,0,False,2527264,60.254669189453125,False,
Mask/Oil/00006_segmentation.tif,True,2048,2048,1,uint8,,,,1,0.0,1.0,0.45264124870300293,0.49775209560140393,0.0,0.0,0.0,0.0,0.0,1.0,1.0,1.0,0,0,0,False,1898515,45.26412487030029,False,
Mask/Oil/00007_segmentation.tif,True,2048,2048,1,uint8,,,,1,0.0,1.0,0.0560450553894043,0.2300087110433057,0.0,0.0,0.0,0.0,0.0,0.0,1.0,1.0,0,0,0,False,235070,5.60450553894043,False,
Mask/Oil/00008_segmentation.tif,True,2048,2048,1,uint8,,,,1,0.0,1.0,0.025040388107299805,0.15624777461050637,0.0,0.0,0.0,0.0,0.0,0.0,0.0,1.0,0,0,0,False,105027,2.5040388107299805,False,
Mask/Oil/00009_segmentation.tif,True,2048,2048,1,uint8,,,,1,0.0,1.0,0.018273115158081055,0.13393733019774795,0.0,0.0,0.0,0.0,0.0,0.0,0.0,1.0,0,0,0,False,76643,1.8273115158081055,False,
Mask/Oil/00010_segmentation.tif,True,2048,2048,1,uint8,,,,1,0.0,1.0,0.11045694351196289,0.3134584615893435,0.0,0.0,0.0,0.0,0.0,0.0,1.0,1.0,0,0,0,False,463290,11.045694351196289,False,
Mask/Oil/00011_segmentation.tif,True,2048,2048,1,uint8,,,,1,0.0,1.0,0.04670238494873047,0.21100064499624419,0.0,0.0,0.0,0.0,0.0,0.0,0.0,1.0,0,0,0,False,195884,4.670238494873047,False,
Mask/Oil/00012_segmentation.tif,True,2048,2048,1,uint8,,,,1,0.0,1.0,0.2095174789428711,0.4069642551383287,0.0,0.0,0.0,0.0,0.0,0.0,1.0,1.0,0,0,0,False,878780,20.95174789428711,False,
Mask/Oil/00013_segmentation.tif,True,2048,2048,1,uint8,,,,1,0.0,1.0,0.3024730682373047,0.4593289793039576,0.0,0.0,0.0,0.0,0.0,1.0,1.0,1.0,0,0,0,False,1268664,30.24730682373047,False,
Mask/Oil/00014_segmentation.tif,True,2048,2048,1,uint8,,,,1,0.0,1.0,0.29766297340393066,0.45723049730771625,0.0,0.0,0.0,0.0,0.0,1.0,1.0,1.0,0,0,0,False,1248489,29.766297340393066,False,
Mask/Oil/00015_segmentation.tif,True,2048,2048,1,uint8,,,,1,0.0,1.0,0.5450801849365234,0.4979636301238162,1.0,0.0,0.0,0.0,1.0,1.0,1.0,1.0,0,0,0,False,2286232,54.508018493652344,False,
Mask/Oil/00016_segmentation.tif,True,2048,2048,1,uint8,,,,1,0.0,1.0,0.02937030792236328,0.16884221313080697,0.0,0.0,0.0,0.0,0.0,0.0,0.0,1.0,0,0,0,False,123188,2.937030792236328,False,
Mask/Oil/00017_segmentation.tif,True,2048,2048,1,uint8,,,,1,0.0,1.0,0.06844949722290039,0.2525156699154184,0.0,0.0,0.0,0.0,0.0,0.0,1.0,1.0,0,0,0,False,287098,6.844949722290039,False,
Mask/Oil/00018_segmentation.tif,True,2048,2048,1,uint8,,,,1,0.0,1.0,0.015496253967285156,0.12351566734737159,0.0,0.0,0.0,0.0,0.0,0.0,0.0,1.0,0,0,0,False,64996,1.5496253967285156,False,
Mask/Oil/00019_segmentation.tif,True,2048,2048,1,uint8,,,,1,0.0,1.0,0.07054257392883301,0.256059210325128,0.0,0.0,0.0,0.0,0.0,0.0,1.0,1.0,0,0,0,False,295877,7.054257392883301,False,
Mask/Oil/00020_segmentation.tif,True,2048,2048,1,uint8,,,,1,0.0,1.0,0.01408839225769043,0.117855460040186,0.0,0.0,0.0,0.0,0.0,0.0,0.0,1.0,0,0,0,False,59091,1.408839225769043,False,
Mask/Oil/00021_segmentation.tif,True,2048,2048,1,uint8,,,,1,0.0,1.0,0.032279253005981445,0.17674077863175008,0.0,0.0,0.0,0.0,0.0,0.0,0.0,1.0,0,0,0,False,135389,3.2279253005981445,False,
Mask/Oil/00022_segmentation.tif,True,2048,2048,1,uint8,,,,1,0.0,1.0,0.31377482414245605,0.46402605948031284,0.0,0.0,0.0,0.0,0.0,1.0,1.0,1.0,0,0,0,False,1316067,31.377482414245605,False,
Mask/Oil/00023_segmentation.tif,True,2048,2048,1,uint8,,,,1,0.0,1.0,0.06701898574829102,0.2500548765722464,0.0,0.0,0.0,0.0,0.0,0.0,1.0,1.0,0,0,0,False,281098,6.701898574829102,False,
Mask/Oil/00024_segmentation.tif,True,2048,2048,1,uint8,,,,1,0.0,1.0,0.0183103084564209,0.13407102990822298,0.0,0.0,0.0,0.0,0.0,0.0,0.0,1.0,0,0,0,False,76799,1.8310308456420898,False,
Mask/Oil/00025_segmentation.tif,True,2048,2048,1,uint8,,,,1,0.0,1.0,0.15038490295410156,0.35744829544647017,0.0,0.0,0.0,0.0,0.0,0.0,1.0,1.0,0,0,0,False,630760,15.038490295410156,False,
Mask/Oil/00026_segmentation.tif,True,2048,2048,1,uint8,,,,1,0.0,1.0,0.060312509536743164,0.23806492965181458,0.0,0.0,0.0,0.0,0.0,0.0,1.0,1.0,0,0,0,False,252969,6.031250953674316,False,
Mask/Oil/00027_segmentation.tif,True,2048,2048,1,uint8,,,,1,0.0,1.0,0.05573678016662598,0.22941270998635446,0.0,0.0,0.0,0.0,0.0,0.0,1.0,1.0,0,0,0,False,233777,5.573678016662598,False,
Mask/Oil/00028_segmentation.tif,True,2048,2048,1,uint8,,,,1,0.0,1.0,0.05267143249511719,0.2233767057999323,0.0,0.0,0.0,0.0,0.0,0.0,1.0,1.0,0,0,0,False,220920,5.267143249511719,False,
Mask/Oil/00029_segmentation.tif,True,2048,2048,1,uint8,,,,1,0.0,1.0,0.08184385299682617,0.2741266800650022,0.0,0.0,0.0,0.0,0.0,0.0,1.0,1.0,0,0,0,False,343278,8.184385299682617,False,
Mask/Oil/00030_segmentation.tif,True,2048,2048,1,uint8,,,,1,0.0,1.0,0.07612085342407227,0.265191382020727,0.0,0.0,0.0,0.0,0.0,0.0,1.0,1.0,0,0,0,False,319274,7.612085342407227,False,
Mask/Oil/00031_segmentation.tif,True,2048,2048,1,uint8,,,,1,0.0,1.0,0.01882004737854004,0.1358891209597352,0.0,0.0,0.0,0.0,0.0,0.0,0.0,1.0,0,0,0,False,78937,1.882004737854004,False,
Mask/Oil/00032_segmentation.tif,True,2048,2048,1,uint8,,,,1,0.0,1.0,0.06828570365905762,0.25223553741462557,0.0,0.0,0.0,0.0,0.0,0.0,1.0,1.0,0,0,0,False,286411,6.828570365905762,False,
Mask/Oil/00033_segmentation.tif,True,2048,2048,1,uint8,,,,1,0.0,1.0,0.18655014038085938,0.3895499781860359,0.0,0.0,0.0,0.0,0.0,0.0,1.0,1.0,0,0,0,False,782448,18.655014038085938,False,
Mask/Oil/00034_segmentation.tif,True,2048,2048,1,uint8,,,,1,0.0,1.0,0.027158737182617188,0.16254580947309197,0.0,0.0,0.0,0.0,0.0,0.0,0.0,1.0,0,0,0,False,113912,2.7158737182617188,False,
Mask/Oil/00035_segmentation.tif,True,2048,2048,1,uint8,,,,1,0.0,1.0,0.11774301528930664,0.3223035799365076,0.0,0.0,0.0,0.0,0.0,0.0,1.0,1.0,0,0,0,False,493850,11.774301528930664,False,
Mask/Oil/00036_segmentation.tif,True,2048,2048,1,uint8,,,,1,0.0,1.0,0.18480825424194336,0.38814193719049295,0.0,0.0,0.0,0.0,0.0,0.0,1.0,1.0,0,0,0,False,775142,18.480825424194336,False,
Mask/Oil/00037_segmentation.tif,True,2048,2048,1,uint8,,,,1,0.0,1.0,0.005903482437133789,0.0766069927111634,0.0,0.0,0.0,0.0,0.0,0.0,0.0,0.0,0,0,0,False,24761,0.5903482437133789,False,
Mask/Oil/00038_segmentation.tif,True,2048,2048,1,uint8,,,,1,0.0,1.0,0.008126497268676758,0.08978004962584364,0.0,0.0,0.0,0.0,0.0,0.0,0.0,0.0,0,0,0,False,34085,0.8126497268676758,False,
Mask/Oil/00039_segmentation.tif,True,2048,2048,1,uint8,,,,1,0.0,1.0,0.015935182571411133,0.12522480795683788,0.0,0.0,0.0,0.0,0.0,0.0,0.0,1.0,0,0,0,False,66837,1.5935182571411133,False,
Mask/Oil/00040_segmentation.tif,True,2048,2048,1,uint8,,,,1,0.0,1.0,0.2724010944366455,0.44519516864669956,0.0,0.0,0.0,0.0,0.0,1.0,1.0,1.0,0,0,0,False,1142533,27.24010944366455,False,
Mask/Oil/00041_segmentation.tif,True,2048,2048,1,uint8,,,,1,0.0,1.0,0.03216695785522461,0.17644331859712006,0.0,0.0,0.0,0.0,0.0,0.0,0.0,1.0,0,0,0,False,134918,3.216695785522461,False,
Mask/Oil/00042_segmentation.tif,True,2048,2048,1,uint8,,,,1,0.0,1.0,0.1795060634613037,0.3837755029205618,0.0,0.0,0.0,0.0,0.0,0.0,1.0,1.0,0,0,0,False,752903,17.95060634613037,False,
Mask/Oil/00043_segmentation.tif,True,2048,2048,1,uint8,,,,1,0.0,1.0,0.025300979614257812,0.15703770262206693,0.0,0.0,0.0,0.0,0.0,0.0,0.0,1.0,0,0,0,False,106120,2.5300979614257812,False,
Mask/Oil/00044_segmentation.tif,True,2048,2048,1,uint8,,,,1,0.0,1.0,0.030033588409423828,0.17067973510841042,0.0,0.0,0.0,0.0,0.0,0.0,0.0,1.0,0,0,0,False,125970,3.003358840942383,False,
Mask/Oil/00045_segmentation.tif,True,2048,2048,1,uint8,,,,1,0.0,1.0,0.003275156021118164,0.05713518508025941,0.0,0.0,0.0,0.0,0.0,0.0,0.0,0.0,0,0,0,False,13737,0.3275156021118164,False,
Mask/Oil/00046_segmentation.tif,True,2048,2048,1,uint8,,,,1,0.0,1.0,0.2795422077178955,0.44877428828098037,0.0,0.0,0.0,0.0,0.0,1.0,1.0,1.0,0,0,0,False,1172485,27.95422077178955,False,
Mask/Oil/00047_segmentation.tif,True,2048,2048,1,uint8,,,,1,0.0,1.0,0.03867340087890625,0.19281537527740278,0.0,0.0,0.0,0.0,0.0,0.0,0.0,1.0,0,0,0,False,162208,3.867340087890625,False,
Mask/Oil/00048_segmentation.tif,True,2048,2048,1,uint8,,,,1,0.0,1.0,0.01246333122253418,0.1109414106516209,0.0,0.0,0.0,0.0,0.0,0.0,0.0,1.0,0,0,0,False,52275,1.246333122253418,False,
Mask/Oil/00049_segmentation.tif,True,2048,2048,1,uint8,,,,1,0.0,1.0,0.012523412704467773,0.11120511156732567,0.0,0.0,0.0,0.0,0.0,0.0,0.0,1.0,0,0,0,False,52527,1.2523412704467773,False,
Mask/Oil/00050_segmentation.tif,True,2048,2048,1,uint8,,,,1,0.0,1.0,0.10615062713623047,0.3080303093768784,0.0,0.0,0.0,0.0,0.0,0.0,1.0,1.0,0,0,0,False,445228,10.615062713623047,False,
Mask/Oil/00051_segmentation.tif,True,2048,2048,1,uint8,,,,1,0.0,1.0,0.020914554595947266,0.1430983438129191,0.0,0.0,0.0,0.0,0.0,0.0,0.0,1.0,0,0,0,False,87722,2.0914554595947266,False,
Mask/Oil/00052_segmentation.tif,True,2048,2048,1,uint8,,,,1,0.0,1.0,0.0224764347076416,0.1482270035805714,0.0,0.0,0.0,0.0,0.0,0.0,0.0,1.0,0,0,0,False,94273,2.24764347076416,False,
Mask/Oil/00053_segmentation.tif,True,2048,2048,1,uint8,,,,1,0.0,1.0,0.22602581977844238,0.41825608013742666,0.0,0.0,0.0,0.0,0.0,0.0,1.0,1.0,0,0,0,False,948021,22.60258197784424,False,
Mask/Oil/00054_segmentation.tif,True,2048,2048,1,uint8,,,,1,0.0,1.0,0.26323604583740234,0.44038940724010534,0.0,0.0,0.0,0.0,0.0,1.0,1.0,1.0,0,0,0,False,1104092,26.323604583740234,False,
Mask/Oil/00055_segmentation.tif,True,2048,2048,1,uint8,,,,1,0.0,1.0,0.02685236930847168,0.16165184679116143,0.0,0.0,0.0,0.0,0.0,0.0,0.0,1.0,0,0,0,False,112627,2.685236930847168,False,
Mask/Oil/00056_segmentation.tif,True,2048,2048,1,uint8,,,,1,0.0,1.0,0.008346080780029297,0.09097485210563698,0.0,0.0,0.0,0.0,0.0,0.0,0.0,0.0,0,0,0,False,35006,0.8346080780029297,False,
Mask/Oil/00057_segmentation.tif,True,2048,2048,1,uint8,,,,1,0.0,1.0,0.06483173370361328,0.24622871483358122,0.0,0.0,0.0,0.0,0.0,0.0,1.0,1.0,0,0,0,False,271924,6.483173370361328,False,
Mask/Oil/00058_segmentation.tif,True,2048,2048,1,uint8,,,,1,0.0,1.0,0.16849684715270996,0.3743069056967908,0.0,0.0,0.0,0.0,0.0,0.0,1.0,1.0,0,0,0,False,706727,16.849684715270996,False,
Mask/Oil/00059_segmentation.tif,True,2048,2048,1,uint8,,,,1,0.0,1.0,0.38813209533691406,0.48732491410381507,0.0,0.0,0.0,0.0,0.0,1.0,1.0,1.0,0,0,0,False,1627944,38.813209533691406,False,
Mask/Oil/00060_segmentation.tif,True,2048,2048,1,uint8,,,,1,0.0,1.0,0.002877473831176758,0.05356485765432081,0.0,0.0,0.0,0.0,0.0,0.0,0.0,0.0,0,0,0,False,12069,0.2877473831176758,False,
Mask/Oil/00061_segmentation.tif,True,2048,2048,1,uint8,,,,1,0.0,1.0,0.26508355140686035,0.4413776865456463,0.0,0.0,0.0,0.0,0.0,1.0,1.0,1.0,0,0,0,False,1111841,26.508355140686035,False,
Mask/Oil/00062_segmentation.tif,True,2048,2048,1,uint8,,,,1,0.0,1.0,0.0042574405670166016,0.06511002047945402,0.0,0.0,0.0,0.0,0.0,0.0,0.0,0.0,0,0,0,False,17857,0.42574405670166016,False,
Mask/Oil/00063_segmentation.tif,True,2048,2048,1,uint8,,,,1,0.0,1.0,0.01483607292175293,0.12089650061938666,0.0,0.0,0.0,0.0,0.0,0.0,0.0,1.0,0,0,0,False,62227,1.483607292175293,False,
Mask/Oil/00064_segmentation.tif,True,2048,2048,1,uint8,,,,1,0.0,1.0,0.019528865814208984,0.1383744528958276,0.0,0.0,0.0,0.0,0.0,0.0,0.0,1.0,0,0,0,False,81910,1.9528865814208984,False,
Mask/Oil/00065_segmentation.tif,True,2048,2048,1,uint8,,,,1,0.0,1.0,0.07282376289367676,0.25984699815792045,0.0,0.0,0.0,0.0,0.0,0.0,1.0,1.0,0,0,0,False,305445,7.282376289367676,False,
Mask/Oil/00066_segmentation.tif,True,2048,2048,1,uint8,,,,1,0.0,1.0,0.02207493782043457,0.14692731175876905,0.0,0.0,0.0,0.0,0.0,0.0,0.0,1.0,0,0,0,False,92589,2.207493782043457,False,
Mask/Oil/00067_segmentation.tif,True,2048,2048,1,uint8,,,,1,0.0,1.0,0.7831730842590332,0.4120837346356035,1.0,0.0,0.0,1.0,1.0,1.0,1.0,1.0,0,0,0,False,3284866,78.31730842590332,False,
Mask/Oil/00068_segmentation.tif,True,2048,2048,1,uint8,,,,1,0.0,1.0,0.33440160751342773,0.4717808520975212,0.0,0.0,0.0,0.0,0.0,1.0,1.0,1.0,0,0,0,False,1402582,33.44016075134277,False,
Mask/Oil/00069_segmentation.tif,True,2048,2048,1,uint8,,,,1,0.0,1.0,0.07120609283447266,0.2571687873318244,0.0,0.0,0.0,0.0,0.0,0.0,1.0,1.0,0,0,0,False,298660,7.120609283447266,False,
Mask/Oil/00070_segmentation.tif,True,2048,2048,1,uint8,,,,1,0.0,1.0,0.037201881408691406,0.18925617936634215,0.0,0.0,0.0,0.0,0.0,0.0,0.0,1.0,0,0,0,False,156036,3.7201881408691406,False,
Mask/Oil/00071_segmentation.tif,True,2048,2048,1,uint8,,,,1,0.0,1.0,0.022530078887939453,0.1483997117020201,0.0,0.0,0.0,0.0,0.0,0.0,0.0,1.0,0,0,0,False,94498,2.2530078887939453,False,
Mask/Oil/00072_segmentation.tif,True,2048,2048,1,uint8,,,,1,0.0,1.0,0.11324310302734375,0.3168897326264803,0.0,0.0,0.0,0.0,0.0,0.0,1.0,1.0,0,0,0,False,474976,11.324310302734375,False,
Mask/Oil/00073_segmentation.tif,True,2048,2048,1,uint8,,,,1,0.0,1.0,0.09728646278381348,0.29634744294970244,0.0,0.0,0.0,0.0,0.0,0.0,1.0,1.0,0,0,0,False,408049,9.728646278381348,False,
Mask/Oil/00074_segmentation.tif,True,2048,2048,1,uint8,,,,1,0.0,1.0,0.023802518844604492,0.1524334574207931,0.0,0.0,0.0,0.0,0.0,0.0,0.0,1.0,0,0,0,False,99835,2.380251884460449,False,
Mask/Oil/00075_segmentation.tif,True,2048,2048,1,uint8,,,,1,0.0,1.0,0.07581806182861328,0.2647067874633476,0.0,0.0,0.0,0.0,0.0,0.0,1.0,1.0,0,0,0,False,318004,7.581806182861328,False,
Mask/Oil/00076_segmentation.tif,True,2048,2048,1,uint8,,,,1,0.0,1.0,0.022081375122070312,0.14694824937640028,0.0,0.0,0.0,0.0,0.0,0.0,0.0,1.0,0,0,0,False,92616,2.2081375122070312,False,
Mask/Oil/00077_segmentation.tif,True,2048,2048,1,uint8,,,,1,0.0,1.0,0.19177961349487305,0.3937006392458998,0.0,0.0,0.0,0.0,0.0,0.0,1.0,1.0,0,0,0,False,804382,19.177961349487305,False,
Mask/Oil/00078_segmentation.tif,True,2048,2048,1,uint8,,,,1,0.0,1.0,0.07519721984863281,0.2637093058192471,0.0,0.0,0.0,0.0,0.0,0.0,1.0,1.0,0,0,0,False,315400,7.519721984863281,False,
Mask/Oil/00079_segmentation.tif,True,2048,2048,1,uint8,,,,1,0.0,1.0,0.09291911125183105,0.29031904866198655,0.0,0.0,0.0,0.0,0.0,0.0,1.0,1.0,0,0,0,False,389731,9.291911125183105,False,
Mask/Oil/00080_segmentation.tif,True,2048,2048,1,uint8,,,,1,0.0,1.0,0.07506966590881348,0.2635037213573133,0.0,0.0,0.0,0.0,0.0,0.0,1.0,1.0,0,0,0,False,314865,7.506966590881348,False,
Mask/Oil/00081_segmentation.tif,True,2048,2048,1,uint8,,,,1,0.0,1.0,0.003715991973876953,0.060845569908803014,0.0,0.0,0.0,0.0,0.0,0.0,0.0,0.0,0,0,0,False,15586,0.3715991973876953,False,
Mask/Oil/00082_segmentation.tif,True,2048,2048,1,uint8,,,,1,0.0,1.0,0.02874898910522461,0.16710022361041976,0.0,0.0,0.0,0.0,0.0,0.0,0.0,1.0,0,0,0,False,120582,2.874898910522461,False,
Mask/Oil/00083_segmentation.tif,True,2048,2048,1,uint8,,,,1,0.0,1.0,0.07413959503173828,0.26199793029768026,0.0,0.0,0.0,0.0,0.0,0.0,1.0,1.0,0,0,0,False,310964,7.413959503173828,False,
Mask/Oil/00084_segmentation.tif,True,2048,2048,1,uint8,,,,1,0.0,1.0,0.027890920639038086,0.1646603084685103,0.0,0.0,0.0,0.0,0.0,0.0,0.0,1.0,0,0,0,False,116983,2.7890920639038086,False,
Mask/Oil/00085_segmentation.tif,True,2048,2048,1,uint8,,,,1,0.0,1.0,0.04221081733703613,0.20106979941496808,0.0,0.0,0.0,0.0,0.0,0.0,0.0,1.0,0,0,0,False,177045,4.221081733703613,False,
Mask/Oil/00086_segmentation.tif,True,2048,2048,1,uint8,,,,1,0.0,1.0,0.06175112724304199,0.2407029819658569,0.0,0.0,0.0,0.0,0.0,0.0,1.0,1.0,0,0,0,False,259003,6.175112724304199,False,
Mask/Oil/00087_segmentation.tif,True,2048,2048,1,uint8,,,,1,0.0,1.0,0.12781286239624023,0.3338813181391256,0.0,0.0,0.0,0.0,0.0,0.0,1.0,1.0,0,0,0,False,536086,12.781286239624023,False,
Mask/Oil/00088_segmentation.tif,True,2048,2048,1,uint8,,,,1,0.0,1.0,0.005903720855712891,0.07660853043735215,0.0,0.0,0.0,0.0,0.0,0.0,0.0,0.0,0,0,0,False,24762,0.5903720855712891,False,
Mask/Oil/00089_segmentation.tif,True,2048,2048,1,uint8,,,,1,0.0,1.0,0.03592562675476074,0.18610474496110613,0.0,0.0,0.0,0.0,0.0,0.0,0.0,1.0,0,0,0,False,150683,3.592562675476074,False,
Mask/Oil/00090_segmentation.tif,True,2048,2048,1,uint8,,,,1,0.0,1.0,0.01204991340637207,0.10910872097715657,0.0,0.0,0.0,0.0,0.0,0.0,0.0,1.0,0,0,0,False,50541,1.204991340637207,False,
Mask/Oil/00091_segmentation.tif,True,2048,2048,1,uint8,,,,1,0.0,1.0,0.008588790893554688,0.09227688532098101,0.0,0.0,0.0,0.0,0.0,0.0,0.0,0.0,0,0,0,False,36024,0.8588790893554688,False,
Mask/Oil/00092_segmentation.tif,True,2048,2048,1,uint8,,,,1,0.0,1.0,0.05370807647705078,0.22544072169460877,0.0,0.0,0.0,0.0,0.0,0.0,1.0,1.0,0,0,0,False,225268,5.370807647705078,False,
Mask/Oil/00093_segmentation.tif,True,2048,2048,1,uint8,,,,1,0.0,1.0,0.1987156867980957,0.3990335357065329,0.0,0.0,0.0,0.0,0.0,0.0,1.0,1.0,0,0,0,False,833474,19.87156867980957,False,
Mask/Oil/00094_segmentation.tif,True,2048,2048,1,uint8,,,,1,0.0,1.0,0.016115665435791016,0.12592041440271973,0.0,0.0,0.0,0.0,0.0,0.0,0.0,1.0,0,0,0,False,67594,1.6115665435791016,False,
Mask/Oil/00095_segmentation.tif,True,2048,2048,1,uint8,,,,1,0.0,1.0,0.03139185905456543,0.17437433939563393,0.0,0.0,0.0,0.0,0.0,0.0,0.0,1.0,0,0,0,False,131667,3.139185905456543,False,
Mask/Oil/00096_segmentation.tif,True,2048,2048,1,uint8,,,,1,0.0,1.0,0.029235124588012695,0.16846492833327675,0.0,0.0,0.0,0.0,0.0,0.0,0.0,1.0,0,0,0,False,122621,2.9235124588012695,False,
Mask/Oil/00097_segmentation.tif,True,2048,2048,1,uint8,,,,1,0.0,1.0,0.05175614356994629,0.2215342979601881,0.0,0.0,0.0,0.0,0.0,0.0,1.0,1.0,0,0,0,False,217081,5.175614356994629,False,
Mask/Oil/00098_segmentation.tif,True,2048,2048,1,uint8,,,,1,0.0,1.0,0.01330876350402832,0.11459336943306173,0.0,0.0,0.0,0.0,0.0,0.0,0.0,1.0,0,0,0,False,55821,1.330876350402832,False,
Mask/Oil/00099_segmentation.tif,True,2048,2048,1,uint8,,,,1,0.0,1.0,0.03231024742126465,0.17682277945118188,0.0,0.0,0.0,0.0,0.0,0.0,0.0,1.0,0,0,0,False,135519,3.231024742126465,False,
Mask/Oil/00100_segmentation.tif,True,2048,2048,1,uint8,,,,1,0.0,1.0,0.05736374855041504,0.23253633888633363,0.0,0.0,0.0,0.0,0.0,0.0,1.0,1.0,0,0,0,False,240601,5.736374855041504,False,
Mask/Oil/00101_segmentation.tif,True,2048,2048,1,uint8,,,,1,0.0,1.0,0.04031109809875488,0.196687857959833,0.0,0.0,0.0,0.0,0.0,0.0,0.0,1.0,0,0,0,False,169077,4.031109809875488,False,
Mask/Oil/00102_segmentation.tif,True,2048,2048,1,uint8,,,,1,0.0,1.0,0.016661405563354492,0.1279992309664707,0.0,0.0,0.0,0.0,0.0,0.0,0.0,1.0,0,0,0,False,69883,1.6661405563354492,False,
Mask/Oil/00103_segmentation.tif,True,2048,2048,1,uint8,,,,1,0.0,1.0,0.04320359230041504,0.2033151295716936,0.0,0.0,0.0,0.0,0.0,0.0,0.0,1.0,0,0,0,False,181209,4.320359230041504,False,
Mask/Oil/00104_segmentation.tif,True,2048,2048,1,uint8,,,,1,0.0,1.0,0.6570537090301514,0.4746937249215251,1.0,0.0,0.0,0.0,1.0,1.0,1.0,1.0,0,0,0,False,2755883,65.70537090301514,False,
Mask/Oil/00105_segmentation.tif,True,2048,2048,1,uint8,,,,1,0.0,1.0,0.006484031677246094,0.0802620022828646,0.0,0.0,0.0,0.0,0.0,0.0,0.0,0.0,0,0,0,False,27196,0.6484031677246094,False,
Mask/Oil/00106_segmentation.tif,True,2048,2048,1,uint8,,,,1,0.0,1.0,0.00976109504699707,0.0983148822431302,0.0,0.0,0.0,0.0,0.0,0.0,0.0,0.0,0,0,0,False,40941,0.976109504699707,False,
Mask/Oil/00107_segmentation.tif,True,2048,2048,1,uint8,,,,1,0.0,1.0,0.05723762512207031,0.23229610283527286,0.0,0.0,0.0,0.0,0.0,0.0,1.0,1.0,0,0,0,False,240072,5.723762512207031,False,
Mask/Oil/00108_segmentation.tif,True,2048,2048,1,uint8,,,,1,0.0,1.0,0.27271509170532227,0.4453555551034251,0.0,0.0,0.0,0.0,0.0,1.0,1.0,1.0,0,0,0,False,1143850,27.271509170532227,False,
Mask/Oil/00109_segmentation.tif,True,2048,2048,1,uint8,,,,1,0.0,1.0,0.009686708450317383,0.0979432291162382,0.0,0.0,0.0,0.0,0.0,0.0,0.0,0.0,0,0,0,False,40629,0.9686708450317383,False,
Mask/Oil/00110_segmentation.tif,True,2048,2048,1,uint8,,,,1,0.0,1.0,0.08443808555603027,0.27804369308377197,0.0,0.0,0.0,0.0,0.0,0.0,1.0,1.0,0,0,0,False,354159,8.443808555603027,False,
Mask/Oil/00111_segmentation.tif,True,2048,2048,1,uint8,,,,1,0.0,1.0,0.186082124710083,0.38917292759577216,0.0,0.0,0.0,0.0,0.0,0.0,1.0,1.0,0,0,0,False,780485,18.6082124710083,False,
Mask/Oil/00112_segmentation.tif,True,2048,2048,1,uint8,,,,1,0.0,1.0,0.0185544490814209,0.13494510550852098,0.0,0.0,0.0,0.0,0.0,0.0,0.0,1.0,0,0,0,False,77823,1.8554449081420898,False,
Mask/Oil/00113_segmentation.tif,True,2048,2048,1,uint8,,,,1,0.0,1.0,0.016880512237548828,0.1288237576852453,0.0,0.0,0.0,0.0,0.0,0.0,0.0,1.0,0,0,0,False,70802,1.6880512237548828,False,
Mask/Oil/00114_segmentation.tif,True,2048,2048,1,uint8,,,,1,0.0,1.0,0.039051055908203125,0.19371647049401225,0.0,0.0,0.0,0.0,0.0,0.0,0.0,1.0,0,0,0,False,163792,3.9051055908203125,False,
Mask/Oil/00115_segmentation.tif,True,2048,2048,1,uint8,,,,1,0.0,1.0,0.034945011138916016,0.18364056560416342,0.0,0.0,0.0,0.0,0.0,0.0,0.0,1.0,0,0,0,False,146570,3.4945011138916016,False,
Mask/Oil/00116_segmentation.tif,True,2048,2048,1,uint8,,,,1,0.0,1.0,0.0095977783203125,0.09749697929488195,0.0,0.0,0.0,0.0,0.0,0.0,0.0,0.0,0,0,0,False,40256,0.95977783203125,False,
Mask/Oil/00117_segmentation.tif,True,2048,2048,1,uint8,,,,1,0.0,1.0,0.04124641418457031,0.1988596175735164,0.0,0.0,0.0,0.0,0.0,0.0,0.0,1.0,0,0,0,False,173000,4.124641418457031,False,
Mask/Oil/00118_segmentation.tif,True,2048,2048,1,uint8,,,,1,0.0,1.0,0.003311634063720703,0.05745143291118776,0.0,0.0,0.0,0.0,0.0,0.0,0.0,0.0,0,0,0,False,13890,0.3311634063720703,False,
Mask/Oil/00119_segmentation.tif,True,2048,2048,1,uint8,,,,1,0.0,1.0,0.024231672286987305,0.15376767652911763,0.0,0.0,0.0,0.0,0.0,0.0,0.0,1.0,0,0,0,False,101635,2.4231672286987305,False,
Mask/Oil/00120_segmentation.tif,True,2048,2048,1,uint8,,,,1,0.0,1.0,0.057924747467041016,0.2336010939570287,0.0,0.0,0.0,0.0,0.0,0.0,1.0,1.0,0,0,0,False,242954,5.792474746704102,False,
Mask/Oil/00121_segmentation.tif,True,2048,2048,1,uint8,,,,1,0.0,1.0,0.04658770561218262,0.21075410149739726,0.0,0.0,0.0,0.0,0.0,0.0,0.0,1.0,0,0,0,False,195403,4.658770561218262,False,
Mask/Oil/00122_segmentation.tif,True,2048,2048,1,uint8,,,,1,0.0,1.0,0.2327580451965332,0.42258932498682666,0.0,0.0,0.0,0.0,0.0,0.0,1.0,1.0,0,0,0,False,976258,23.27580451965332,False,
Mask/Oil/00123_segmentation.tif,True,2048,2048,1,uint8,,,,1,0.0,1.0,0.05424046516418457,0.22649158285233792,0.0,0.0,0.0,0.0,0.0,0.0,1.0,1.0,0,0,0,False,227501,5.424046516418457,False,
Mask/Oil/00124_segmentation.tif,True,2048,2048,1,uint8,,,,1,0.0,1.0,0.13348770141601562,0.34010106584173516,0.0,0.0,0.0,0.0,0.0,0.0,1.0,1.0,0,0,0,False,559888,13.348770141601562,False,
Mask/Oil/00125_segmentation.tif,True,2048,2048,1,uint8,,,,1,0.0,1.0,0.11009001731872559,0.31300192556194967,0.0,0.0,0.0,0.0,0.0,0.0,1.0,1.0,0,0,0,False,461751,11.009001731872559,False,
Mask/Oil/00126_segmentation.tif,True,2048,2048,1,uint8,,,,1,0.0,1.0,0.0028336048126220703,0.053156142602600084,0.0,0.0,0.0,0.0,0.0,0.0,0.0,0.0,0,0,0,False,11885,0.28336048126220703,False,
Mask/Oil/00127_segmentation.tif,True,2048,2048,1,uint8,,,,1,0.0,1.0,0.2614552974700928,0.43942738295982203,0.0,0.0,0.0,0.0,0.0,1.0,1.0,1.0,0,0,0,False,1096623,26.145529747009277,False,
Mask/Oil/00128_segmentation.tif,True,2048,2048,1,uint8,,,,1,0.0,1.0,0.0026674270629882812,0.051578211444871944,0.0,0.0,0.0,0.0,0.0,0.0,0.0,0.0,0,0,0,False,11188,0.2667427062988281,False,
Mask/Oil/00129_segmentation.tif,True,2048,2048,1,uint8,,,,1,0.0,1.0,0.04796171188354492,0.21368525002148545,0.0,0.0,0.0,0.0,0.0,0.0,0.0,1.0,0,0,0,False,201166,4.796171188354492,False,
Mask/Oil/00130_segmentation.tif,True,2048,2048,1,uint8,,,,1,0.0,1.0,0.03148221969604492,0.17461697952677707,0.0,0.0,0.0,0.0,0.0,0.0,0.0,1.0,0,0,0,False,132046,3.148221969604492,False,
Mask/Oil/00131_segmentation.tif,True,2048,2048,1,uint8,,,,1,0.0,1.0,0.004617929458618164,0.06779826093738239,0.0,0.0,0.0,0.0,0.0,0.0,0.0,0.0,0,0,0,False,19369,0.4617929458618164,False,
Mask/Oil/00132_segmentation.tif,True,2048,2048,1,uint8,,,,1,0.0,1.0,0.01975417137145996,0.13915438938419064,0.0,0.0,0.0,0.0,0.0,0.0,0.0,1.0,0,0,0,False,82855,1.975417137145996,False,
Mask/Oil/00133_segmentation.tif,True,2048,2048,1,uint8,,,,1,0.0,1.0,0.23163604736328125,0.42187769427311156,0.0,0.0,0.0,0.0,0.0,0.0,1.0,1.0,0,0,0,False,971552,23.163604736328125,False,
Mask/Oil/00134_segmentation.tif,True,2048,2048,1,uint8,,,,1,0.0,1.0,0.011918067932128906,0.10851740684744575,0.0,0.0,0.0,0.0,0.0,0.0,0.0,1.0,0,0,0,False,49988,1.1918067932128906,False,
Mask/Oil/00135_segmentation.tif,True,2048,2048,1,uint8,,,,1,0.0,1.0,0.03493762016296387,0.1836218474482607,0.0,0.0,0.0,0.0,0.0,0.0,0.0,1.0,0,0,0,False,146539,3.4937620162963867,False,
Mask/Oil/00136_segmentation.tif,True,2048,2048,1,uint8,,,,1,0.0,1.0,0.06852960586547852,0.25265252618052464,0.0,0.0,0.0,0.0,0.0,0.0,1.0,1.0,0,0,0,False,287434,6.852960586547852,False,
Mask/Oil/00137_segmentation.tif,True,2048,2048,1,uint8,,,,1,0.0,1.0,0.014966487884521484,0.1214186646480843,0.0,0.0,0.0,0.0,0.0,0.0,0.0,1.0,0,0,0,False,62774,1.4966487884521484,False,
Mask/Oil/00138_segmentation.tif,True,2048,2048,1,uint8,,,,1,0.0,1.0,0.11081600189208984,0.3139041503655888,0.0,0.0,0.0,0.0,0.0,0.0,1.0,1.0,0,0,0,False,464796,11.081600189208984,False,
Mask/Oil/00139_segmentation.tif,True,2048,2048,1,uint8,,,,1,0.0,1.0,0.038620710372924805,0.1926892604771098,0.0,0.0,0.0,0.0,0.0,0.0,0.0,1.0,0,0,0,False,161987,3.8620710372924805,False,
Mask/Oil/00140_segmentation.tif,True,2048,2048,1,uint8,,,,1,0.0,1.0,0.011472225189208984,0.10649231539607477,0.0,0.0,0.0,0.0,0.0,0.0,0.0,1.0,0,0,0,False,48118,1.1472225189208984,False,
Mask/Oil/00141_segmentation.tif,True,2048,2048,1,uint8,,,,1,0.0,1.0,0.005173683166503906,0.07174201118589121,0.0,0.0,0.0,0.0,0.0,0.0,0.0,0.0,0,0,0,False,21700,0.5173683166503906,False,
Mask/Oil/00142_segmentation.tif,True,2048,2048,1,uint8,,,,1,0.0,1.0,0.09368038177490234,0.29138354079359197,0.0,0.0,0.0,0.0,0.0,0.0,1.0,1.0,0,0,0,False,392924,9.368038177490234,False,
Mask/Oil/00143_segmentation.tif,True,2048,2048,1,uint8,,,,1,0.0,1.0,0.020743608474731445,0.1425247739243199,0.0,0.0,0.0,0.0,0.0,0.0,0.0,1.0,0,0,0,False,87005,2.0743608474731445,False,
Mask/Oil/00144_segmentation.tif,True,2048,2048,1,uint8,,,,1,0.0,1.0,0.42081737518310547,0.49369029960807104,0.0,0.0,0.0,0.0,0.0,1.0,1.0,1.0,0,0,0,False,1765036,42.08173751831055,False,
Mask/Oil/00145_segmentation.tif,True,2048,2048,1,uint8,,,,1,0.0,1.0,0.014254093170166016,0.11853655131672358,0.0,0.0,0.0,0.0,0.0,0.0,0.0,1.0,0,0,0,False,59786,1.4254093170166016,False,
Mask/Oil/00146_segmentation.tif,True,2048,2048,1,uint8,,,,1,0.0,1.0,0.07799959182739258,0.2681709445524491,0.0,0.0,0.0,0.0,0.0,0.0,1.0,1.0,0,0,0,False,327154,7.799959182739258,False,
Mask/Oil/00147_segmentation.tif,True,2048,2048,1,uint8,,,,1,0.0,1.0,0.03589487075805664,0.18602803286418704,0.0,0.0,0.0,0.0,0.0,0.0,0.0,1.0,0,0,0,False,150554,3.589487075805664,False,
Mask/Oil/00148_segmentation.tif,True,2048,2048,1,uint8,,,,1,0.0,1.0,0.023296117782592773,0.15084233052711807,0.0,0.0,0.0,0.0,0.0,0.0,0.0,1.0,0,0,0,False,97711,2.3296117782592773,False,
Mask/Oil/00149_segmentation.tif,True,2048,2048,1,uint8,,,,1,0.0,1.0,0.010791540145874023,0.1033202923299872,0.0,0.0,0.0,0.0,0.0,0.0,0.0,1.0,0,0,0,False,45263,1.0791540145874023,False,
Mask/No oil/00000_segmentation.tif,True,2048,2048,1,uint8,,,,1,0.0,0.0,0.0,0.0,0.0,0.0,0.0,0.0,0.0,0.0,0.0,0.0,0,0,0,True,0,0.0,True,
Mask/No oil/00001_segmentation.tif,True,2048,2048,1,uint8,,,,1,0.0,0.0,0.0,0.0,0.0,0.0,0.0,0.0,0.0,0.0,0.0,0.0,0,0,0,True,0,0.0,True,
Mask/No oil/00002_segmentation.tif,True,2048,2048,1,uint8,,,,1,0.0,0.0,0.0,0.0,0.0,0.0,0.0,0.0,0.0,0.0,0.0,0.0,0,0,0,True,0,0.0,True,
Mask/No oil/00003_segmentation.tif,True,2048,2048,1,uint8,,,,1,0.0,0.0,0.0,0.0,0.0,0.0,0.0,0.0,0.0,0.0,0.0,0.0,0,0,0,True,0,0.0,True,
Mask/No oil/00004_segmentation.tif,True,2048,2048,1,uint8,,,,1,0.0,0.0,0.0,0.0,0.0,0.0,0.0,0.0,0.0,0.0,0.0,0.0,0,0,0,True,0,0.0,True,
Mask/No oil/00005_segmentation.tif,True,2048,2048,1,uint8,,,,1,0.0,0.0,0.0,0.0,0.0,0.0,0.0,0.0,0.0,0.0,0.0,0.0,0,0,0,True,0,0.0,True,
Mask/No oil/00006_segmentation.tif,True,2048,2048,1,uint8,,,,1,0.0,0.0,0.0,0.0,0.0,0.0,0.0,0.0,0.0,0.0,0.0,0.0,0,0,0,True,0,0.0,True,
Mask/No oil/00007_segmentation.tif,True,2048,2048,1,uint8,,,,1,0.0,0.0,0.0,0.0,0.0,0.0,0.0,0.0,0.0,0.0,0.0,0.0,0,0,0,True,0,0.0,True,
Mask/No oil/00008_segmentation.tif,True,2048,2048,1,uint8,,,,1,0.0,0.0,0.0,0.0,0.0,0.0,0.0,0.0,0.0,0.0,0.0,0.0,0,0,0,True,0,0.0,True,
Mask/No oil/00009_segmentation.tif,True,2048,2048,1,uint8,,,,1,0.0,0.0,0.0,0.0,0.0,0.0,0.0,0.0,0.0,0.0,0.0,0.0,0,0,0,True,0,0.0,True,
Mask/No oil/00010_segmentation.tif,True,2048,2048,1,uint8,,,,1,0.0,0.0,0.0,0.0,0.0,0.0,0.0,0.0,0.0,0.0,0.0,0.0,0,0,0,True,0,0.0,True,
Mask/No oil/00011_segmentation.tif,True,2048,2048,1,uint8,,,,1,0.0,0.0,0.0,0.0,0.0,0.0,0.0,0.0,0.0,0.0,0.0,0.0,0,0,0,True,0,0.0,True,
Mask/No oil/00012_segmentation.tif,True,2048,2048,1,uint8,,,,1,0.0,0.0,0.0,0.0,0.0,0.0,0.0,0.0,0.0,0.0,0.0,0.0,0,0,0,True,0,0.0,True,
Mask/No oil/00013_segmentation.tif,True,2048,2048,1,uint8,,,,1,0.0,0.0,0.0,0.0,0.0,0.0,0.0,0.0,0.0,0.0,0.0,0.0,0,0,0,True,0,0.0,True,
Mask/No oil/00014_segmentation.tif,True,2048,2048,1,uint8,,,,1,0.0,0.0,0.0,0.0,0.0,0.0,0.0,0.0,0.0,0.0,0.0,0.0,0,0,0,True,0,0.0,True,
Mask/No oil/00015_segmentation.tif,True,2048,2048,1,uint8,,,,1,0.0,0.0,0.0,0.0,0.0,0.0,0.0,0.0,0.0,0.0,0.0,0.0,0,0,0,True,0,0.0,True,
Mask/No oil/00016_segmentation.tif,True,2048,2048,1,uint8,,,,1,0.0,0.0,0.0,0.0,0.0,0.0,0.0,0.0,0.0,0.0,0.0,0.0,0,0,0,True,0,0.0,True,
Mask/No oil/00017_segmentation.tif,True,2048,2048,1,uint8,,,,1,0.0,0.0,0.0,0.0,0.0,0.0,0.0,0.0,0.0,0.0,0.0,0.0,0,0,0,True,0,0.0,True,
Mask/No oil/00018_segmentation.tif,True,2048,2048,1,uint8,,,,1,0.0,0.0,0.0,0.0,0.0,0.0,0.0,0.0,0.0,0.0,0.0,0.0,0,0,0,True,0,0.0,True,
Mask/No oil/00019_segmentation.tif,True,2048,2048,1,uint8,,,,1,0.0,0.0,0.0,0.0,0.0,0.0,0.0,0.0,0.0,0.0,0.0,0.0,0,0,0,True,0,0.0,True,
Mask/No oil/00020_segmentation.tif,True,2048,2048,1,uint8,,,,1,0.0,0.0,0.0,0.0,0.0,0.0,0.0,0.0,0.0,0.0,0.0,0.0,0,0,0,True,0,0.0,True,
Mask/No oil/00021_segmentation.tif,True,2048,2048,1,uint8,,,,1,0.0,0.0,0.0,0.0,0.0,0.0,0.0,0.0,0.0,0.0,0.0,0.0,0,0,0,True,0,0.0,True,
Mask/No oil/00022_segmentation.tif,True,2048,2048,1,uint8,,,,1,0.0,0.0,0.0,0.0,0.0,0.0,0.0,0.0,0.0,0.0,0.0,0.0,0,0,0,True,0,0.0,True,
Mask/No oil/00023_segmentation.tif,True,2048,2048,1,uint8,,,,1,0.0,0.0,0.0,0.0,0.0,0.0,0.0,0.0,0.0,0.0,0.0,0.0,0,0,0,True,0,0.0,True,
Mask/No oil/00024_segmentation.tif,True,2048,2048,1,uint8,,,,1,0.0,0.0,0.0,0.0,0.0,0.0,0.0,0.0,0.0,0.0,0.0,0.0,0,0,0,True,0,0.0,True,
Mask/No oil/00025_segmentation.tif,True,2048,2048,1,uint8,,,,1,0.0,0.0,0.0,0.0,0.0,0.0,0.0,0.0,0.0,0.0,0.0,0.0,0,0,0,True,0,0.0,True,
Mask/No oil/00026_segmentation.tif,True,2048,2048,1,uint8,,,,1,0.0,0.0,0.0,0.0,0.0,0.0,0.0,0.0,0.0,0.0,0.0,0.0,0,0,0,True,0,0.0,True,
Mask/No oil/00027_segmentation.tif,True,2048,2048,1,uint8,,,,1,0.0,0.0,0.0,0.0,0.0,0.0,0.0,0.0,0.0,0.0,0.0,0.0,0,0,0,True,0,0.0,True,
Mask/No oil/00028_segmentation.tif,True,2048,2048,1,uint8,,,,1,0.0,0.0,0.0,0.0,0.0,0.0,0.0,0.0,0.0,0.0,0.0,0.0,0,0,0,True,0,0.0,True,
Mask/No oil/00029_segmentation.tif,True,2048,2048,1,uint8,,,,1,0.0,0.0,0.0,0.0,0.0,0.0,0.0,0.0,0.0,0.0,0.0,0.0,0,0,0,True,0,0.0,True,
Mask/No oil/00030_segmentation.tif,True,2048,2048,1,uint8,,,,1,0.0,0.0,0.0,0.0,0.0,0.0,0.0,0.0,0.0,0.0,0.0,0.0,0,0,0,True,0,0.0,True,
Mask/No oil/00031_segmentation.tif,True,2048,2048,1,uint8,,,,1,0.0,0.0,0.0,0.0,0.0,0.0,0.0,0.0,0.0,0.0,0.0,0.0,0,0,0,True,0,0.0,True,
Mask/No oil/00032_segmentation.tif,True,2048,2048,1,uint8,,,,1,0.0,0.0,0.0,0.0,0.0,0.0,0.0,0.0,0.0,0.0,0.0,0.0,0,0,0,True,0,0.0,True,
Mask/No oil/00033_segmentation.tif,True,2048,2048,1,uint8,,,,1,0.0,0.0,0.0,0.0,0.0,0.0,0.0,0.0,0.0,0.0,0.0,0.0,0,0,0,True,0,0.0,True,
Mask/No oil/00034_segmentation.tif,True,2048,2048,1,uint8,,,,1,0.0,0.0,0.0,0.0,0.0,0.0,0.0,0.0,0.0,0.0,0.0,0.0,0,0,0,True,0,0.0,True,
Mask/No oil/00035_segmentation.tif,True,2048,2048,1,uint8,,,,1,0.0,0.0,0.0,0.0,0.0,0.0,0.0,0.0,0.0,0.0,0.0,0.0,0,0,0,True,0,0.0,True,
Mask/No oil/00036_segmentation.tif,True,2048,2048,1,uint8,,,,1,0.0,0.0,0.0,0.0,0.0,0.0,0.0,0.0,0.0,0.0,0.0,0.0,0,0,0,True,0,0.0,True,
Mask/No oil/00037_segmentation.tif,True,2048,2048,1,uint8,,,,1,0.0,0.0,0.0,0.0,0.0,0.0,0.0,0.0,0.0,0.0,0.0,0.0,0,0,0,True,0,0.0,True,
Mask/No oil/00038_segmentation.tif,True,2048,2048,1,uint8,,,,1,0.0,0.0,0.0,0.0,0.0,0.0,0.0,0.0,0.0,0.0,0.0,0.0,0,0,0,True,0,0.0,True,
Mask/No oil/00039_segmentation.tif,True,2048,2048,1,uint8,,,,1,0.0,0.0,0.0,0.0,0.0,0.0,0.0,0.0,0.0,0.0,0.0,0.0,0,0,0,True,0,0.0,True,
Mask/No oil/00040_segmentation.tif,True,2048,2048,1,uint8,,,,1,0.0,0.0,0.0,0.0,0.0,0.0,0.0,0.0,0.0,0.0,0.0,0.0,0,0,0,True,0,0.0,True,
Mask/No oil/00041_segmentation.tif,True,2048,2048,1,uint8,,,,1,0.0,0.0,0.0,0.0,0.0,0.0,0.0,0.0,0.0,0.0,0.0,0.0,0,0,0,True,0,0.0,True,
Mask/No oil/00042_segmentation.tif,True,2048,2048,1,uint8,,,,1,0.0,0.0,0.0,0.0,0.0,0.0,0.0,0.0,0.0,0.0,0.0,0.0,0,0,0,True,0,0.0,True,
Mask/No oil/00043_segmentation.tif,True,2048,2048,1,uint8,,,,1,0.0,0.0,0.0,0.0,0.0,0.0,0.0,0.0,0.0,0.0,0.0,0.0,0,0,0,True,0,0.0,True,
Mask/No oil/00044_segmentation.tif,True,2048,2048,1,uint8,,,,1,0.0,0.0,0.0,0.0,0.0,0.0,0.0,0.0,0.0,0.0,0.0,0.0,0,0,0,True,0,0.0,True,
Mask/No oil/00045_segmentation.tif,True,2048,2048,1,uint8,,,,1,0.0,0.0,0.0,0.0,0.0,0.0,0.0,0.0,0.0,0.0,0.0,0.0,0,0,0,True,0,0.0,True,
Mask/No oil/00046_segmentation.tif,True,2048,2048,1,uint8,,,,1,0.0,0.0,0.0,0.0,0.0,0.0,0.0,0.0,0.0,0.0,0.0,0.0,0,0,0,True,0,0.0,True,
Mask/No oil/00047_segmentation.tif,True,2048,2048,1,uint8,,,,1,0.0,0.0,0.0,0.0,0.0,0.0,0.0,0.0,0.0,0.0,0.0,0.0,0,0,0,True,0,0.0,True,
Mask/No oil/00048_segmentation.tif,True,2048,2048,1,uint8,,,,1,0.0,0.0,0.0,0.0,0.0,0.0,0.0,0.0,0.0,0.0,0.0,0.0,0,0,0,True,0,0.0,True,
Mask/No oil/00049_segmentation.tif,True,2048,2048,1,uint8,,,,1,0.0,0.0,0.0,0.0,0.0,0.0,0.0,0.0,0.0,0.0,0.0,0.0,0,0,0,True,0,0.0,True,
Mask/No oil/00050_segmentation.tif,True,2048,2048,1,uint8,,,,1,0.0,0.0,0.0,0.0,0.0,0.0,0.0,0.0,0.0,0.0,0.0,0.0,0,0,0,True,0,0.0,True,
Mask/No oil/00051_segmentation.tif,True,2048,2048,1,uint8,,,,1,0.0,0.0,0.0,0.0,0.0,0.0,0.0,0.0,0.0,0.0,0.0,0.0,0,0,0,True,0,0.0,True,
Mask/No oil/00052_segmentation.tif,True,2048,2048,1,uint8,,,,1,0.0,0.0,0.0,0.0,0.0,0.0,0.0,0.0,0.0,0.0,0.0,0.0,0,0,0,True,0,0.0,True,
Mask/No oil/00053_segmentation.tif,True,2048,2048,1,uint8,,,,1,0.0,0.0,0.0,0.0,0.0,0.0,0.0,0.0,0.0,0.0,0.0,0.0,0,0,0,True,0,0.0,True,
Mask/No oil/00054_segmentation.tif,True,2048,2048,1,uint8,,,,1,0.0,0.0,0.0,0.0,0.0,0.0,0.0,0.0,0.0,0.0,0.0,0.0,0,0,0,True,0,0.0,True,
Mask/No oil/00055_segmentation.tif,True,2048,2048,1,uint8,,,,1,0.0,0.0,0.0,0.0,0.0,0.0,0.0,0.0,0.0,0.0,0.0,0.0,0,0,0,True,0,0.0,True,
Mask/No oil/00056_segmentation.tif,True,2048,2048,1,uint8,,,,1,0.0,0.0,0.0,0.0,0.0,0.0,0.0,0.0,0.0,0.0,0.0,0.0,0,0,0,True,0,0.0,True,
Mask/No oil/00057_segmentation.tif,True,2048,2048,1,uint8,,,,1,0.0,0.0,0.0,0.0,0.0,0.0,0.0,0.0,0.0,0.0,0.0,0.0,0,0,0,True,0,0.0,True,
Mask/No oil/00058_segmentation.tif,True,2048,2048,1,uint8,,,,1,0.0,0.0,0.0,0.0,0.0,0.0,0.0,0.0,0.0,0.0,0.0,0.0,0,0,0,True,0,0.0,True,
Mask/No oil/00059_segmentation.tif,True,2048,2048,1,uint8,,,,1,0.0,0.0,0.0,0.0,0.0,0.0,0.0,0.0,0.0,0.0,0.0,0.0,0,0,0,True,0,0.0,True,
Mask/No oil/00060_segmentation.tif,True,2048,2048,1,uint8,,,,1,0.0,0.0,0.0,0.0,0.0,0.0,0.0,0.0,0.0,0.0,0.0,0.0,0,0,0,True,0,0.0,True,
Mask/No oil/00061_segmentation.tif,True,2048,2048,1,uint8,,,,1,0.0,0.0,0.0,0.0,0.0,0.0,0.0,0.0,0.0,0.0,0.0,0.0,0,0,0,True,0,0.0,True,
Mask/No oil/00062_segmentation.tif,True,2048,2048,1,uint8,,,,1,0.0,0.0,0.0,0.0,0.0,0.0,0.0,0.0,0.0,0.0,0.0,0.0,0,0,0,True,0,0.0,True,
Mask/No oil/00063_segmentation.tif,True,2048,2048,1,uint8,,,,1,0.0,0.0,0.0,0.0,0.0,0.0,0.0,0.0,0.0,0.0,0.0,0.0,0,0,0,True,0,0.0,True,
Mask/No oil/00064_segmentation.tif,True,2048,2048,1,uint8,,,,1,0.0,0.0,0.0,0.0,0.0,0.0,0.0,0.0,0.0,0.0,0.0,0.0,0,0,0,True,0,0.0,True,
Mask/No oil/00065_segmentation.tif,True,2048,2048,1,uint8,,,,1,0.0,0.0,0.0,0.0,0.0,0.0,0.0,0.0,0.0,0.0,0.0,0.0,0,0,0,True,0,0.0,True,
Mask/No oil/00066_segmentation.tif,True,2048,2048,1,uint8,,,,1,0.0,0.0,0.0,0.0,0.0,0.0,0.0,0.0,0.0,0.0,0.0,0.0,0,0,0,True,0,0.0,True,
Mask/No oil/00067_segmentation.tif,True,2048,2048,1,uint8,,,,1,0.0,0.0,0.0,0.0,0.0,0.0,0.0,0.0,0.0,0.0,0.0,0.0,0,0,0,True,0,0.0,True,
Mask/No oil/00068_segmentation.tif,True,2048,2048,1,uint8,,,,1,0.0,0.0,0.0,0.0,0.0,0.0,0.0,0.0,0.0,0.0,0.0,0.0,0,0,0,True,0,0.0,True,
Mask/No oil/00069_segmentation.tif,True,2048,2048,1,uint8,,,,1,0.0,0.0,0.0,0.0,0.0,0.0,0.0,0.0,0.0,0.0,0.0,0.0,0,0,0,True,0,0.0,True,
Mask/No oil/00070_segmentation.tif,True,2048,2048,1,uint8,,,,1,0.0,0.0,0.0,0.0,0.0,0.0,0.0,0.0,0.0,0.0,0.0,0.0,0,0,0,True,0,0.0,True,
Mask/No oil/00071_segmentation.tif,True,2048,2048,1,uint8,,,,1,0.0,0.0,0.0,0.0,0.0,0.0,0.0,0.0,0.0,0.0,0.0,0.0,0,0,0,True,0,0.0,True,
Mask/No oil/00072_segmentation.tif,True,2048,2048,1,uint8,,,,1,0.0,0.0,0.0,0.0,0.0,0.0,0.0,0.0,0.0,0.0,0.0,0.0,0,0,0,True,0,0.0,True,
Mask/No oil/00073_segmentation.tif,True,2048,2048,1,uint8,,,,1,0.0,0.0,0.0,0.0,0.0,0.0,0.0,0.0,0.0,0.0,0.0,0.0,0,0,0,True,0,0.0,True,
Mask/No oil/00074_segmentation.tif,True,2048,2048,1,uint8,,,,1,0.0,0.0,0.0,0.0,0.0,0.0,0.0,0.0,0.0,0.0,0.0,0.0,0,0,0,True,0,0.0,True,
Mask/No oil/00075_segmentation.tif,True,2048,2048,1,uint8,,,,1,0.0,0.0,0.0,0.0,0.0,0.0,0.0,0.0,0.0,0.0,0.0,0.0,0,0,0,True,0,0.0,True,
Mask/No oil/00076_segmentation.tif,True,2048,2048,1,uint8,,,,1,0.0,0.0,0.0,0.0,0.0,0.0,0.0,0.0,0.0,0.0,0.0,0.0,0,0,0,True,0,0.0,True,
Mask/No oil/00077_segmentation.tif,True,2048,2048,1,uint8,,,,1,0.0,0.0,0.0,0.0,0.0,0.0,0.0,0.0,0.0,0.0,0.0,0.0,0,0,0,True,0,0.0,True,
Mask/No oil/00078_segmentation.tif,True,2048,2048,1,uint8,,,,1,0.0,0.0,0.0,0.0,0.0,0.0,0.0,0.0,0.0,0.0,0.0,0.0,0,0,0,True,0,0.0,True,
Mask/No oil/00079_segmentation.tif,True,2048,2048,1,uint8,,,,1,0.0,0.0,0.0,0.0,0.0,0.0,0.0,0.0,0.0,0.0,0.0,0.0,0,0,0,True,0,0.0,True,
Mask/No oil/00080_segmentation.tif,True,2048,2048,1,uint8,,,,1,0.0,0.0,0.0,0.0,0.0,0.0,0.0,0.0,0.0,0.0,0.0,0.0,0,0,0,True,0,0.0,True,
Mask/No oil/00081_segmentation.tif,True,2048,2048,1,uint8,,,,1,0.0,0.0,0.0,0.0,0.0,0.0,0.0,0.0,0.0,0.0,0.0,0.0,0,0,0,True,0,0.0,True,
Mask/No oil/00082_segmentation.tif,True,2048,2048,1,uint8,,,,1,0.0,0.0,0.0,0.0,0.0,0.0,0.0,0.0,0.0,0.0,0.0,0.0,0,0,0,True,0,0.0,True,
Mask/No oil/00083_segmentation.tif,True,2048,2048,1,uint8,,,,1,0.0,0.0,0.0,0.0,0.0,0.0,0.0,0.0,0.0,0.0,0.0,0.0,0,0,0,True,0,0.0,True,
Mask/No oil/00084_segmentation.tif,True,2048,2048,1,uint8,,,,1,0.0,0.0,0.0,0.0,0.0,0.0,0.0,0.0,0.0,0.0,0.0,0.0,0,0,0,True,0,0.0,True,
Mask/No oil/00085_segmentation.tif,True,2048,2048,1,uint8,,,,1,0.0,0.0,0.0,0.0,0.0,0.0,0.0,0.0,0.0,0.0,0.0,0.0,0,0,0,True,0,0.0,True,
Mask/No oil/00086_segmentation.tif,True,2048,2048,1,uint8,,,,1,0.0,0.0,0.0,0.0,0.0,0.0,0.0,0.0,0.0,0.0,0.0,0.0,0,0,0,True,0,0.0,True,
Mask/No oil/00087_segmentation.tif,True,2048,2048,1,uint8,,,,1,0.0,0.0,0.0,0.0,0.0,0.0,0.0,0.0,0.0,0.0,0.0,0.0,0,0,0,True,0,0.0,True,
Mask/No oil/00088_segmentation.tif,True,2048,2048,1,uint8,,,,1,0.0,0.0,0.0,0.0,0.0,0.0,0.0,0.0,0.0,0.0,0.0,0.0,0,0,0,True,0,0.0,True,
Mask/No oil/00089_segmentation.tif,True,2048,2048,1,uint8,,,,1,0.0,0.0,0.0,0.0,0.0,0.0,0.0,0.0,0.0,0.0,0.0,0.0,0,0,0,True,0,0.0,True,
Mask/No oil/00090_segmentation.tif,True,2048,2048,1,uint8,,,,1,0.0,0.0,0.0,0.0,0.0,0.0,0.0,0.0,0.0,0.0,0.0,0.0,0,0,0,True,0,0.0,True,
Mask/No oil/00091_segmentation.tif,True,2048,2048,1,uint8,,,,1,0.0,0.0,0.0,0.0,0.0,0.0,0.0,0.0,0.0,0.0,0.0,0.0,0,0,0,True,0,0.0,True,
Mask/No oil/00092_segmentation.tif,True,2048,2048,1,uint8,,,,1,0.0,0.0,0.0,0.0,0.0,0.0,0.0,0.0,0.0,0.0,0.0,0.0,0,0,0,True,0,0.0,True,
Mask/No oil/00093_segmentation.tif,True,2048,2048,1,uint8,,,,1,0.0,0.0,0.0,0.0,0.0,0.0,0.0,0.0,0.0,0.0,0.0,0.0,0,0,0,True,0,0.0,True,
Mask/No oil/00094_segmentation.tif,True,2048,2048,1,uint8,,,,1,0.0,0.0,0.0,0.0,0.0,0.0,0.0,0.0,0.0,0.0,0.0,0.0,0,0,0,True,0,0.0,True,
Mask/No oil/00095_segmentation.tif,True,2048,2048,1,uint8,,,,1,0.0,0.0,0.0,0.0,0.0,0.0,0.0,0.0,0.0,0.0,0.0,0.0,0,0,0,True,0,0.0,True,
Mask/No oil/00096_segmentation.tif,True,2048,2048,1,uint8,,,,1,0.0,0.0,0.0,0.0,0.0,0.0,0.0,0.0,0.0,0.0,0.0,0.0,0,0,0,True,0,0.0,True,
Mask/No oil/00097_segmentation.tif,True,2048,2048,1,uint8,,,,1,0.0,0.0,0.0,0.0,0.0,0.0,0.0,0.0,0.0,0.0,0.0,0.0,0,0,0,True,0,0.0,True,
Mask/No oil/00098_segmentation.tif,True,2048,2048,1,uint8,,,,1,0.0,0.0,0.0,0.0,0.0,0.0,0.0,0.0,0.0,0.0,0.0,0.0,0,0,0,True,0,0.0,True,
Mask/No oil/00099_segmentation.tif,True,2048,2048,1,uint8,,,,1,0.0,0.0,0.0,0.0,0.0,0.0,0.0,0.0,0.0,0.0,0.0,0.0,0,0,0,True,0,0.0,True,
Mask/No oil/00100_segmentation.tif,True,2048,2048,1,uint8,,,,1,0.0,0.0,0.0,0.0,0.0,0.0,0.0,0.0,0.0,0.0,0.0,0.0,0,0,0,True,0,0.0,True,
Mask/No oil/00101_segmentation.tif,True,2048,2048,1,uint8,,,,1,0.0,0.0,0.0,0.0,0.0,0.0,0.0,0.0,0.0,0.0,0.0,0.0,0,0,0,True,0,0.0,True,
Mask/No oil/00102_segmentation.tif,True,2048,2048,1,uint8,,,,1,0.0,0.0,0.0,0.0,0.0,0.0,0.0,0.0,0.0,0.0,0.0,0.0,0,0,0,True,0,0.0,True,
Mask/No oil/00103_segmentation.tif,True,2048,2048,1,uint8,,,,1,0.0,0.0,0.0,0.0,0.0,0.0,0.0,0.0,0.0,0.0,0.0,0.0,0,0,0,True,0,0.0,True,
Mask/No oil/00104_segmentation.tif,True,2048,2048,1,uint8,,,,1,0.0,0.0,0.0,0.0,0.0,0.0,0.0,0.0,0.0,0.0,0.0,0.0,0,0,0,True,0,0.0,True,
Mask/No oil/00105_segmentation.tif,True,2048,2048,1,uint8,,,,1,0.0,0.0,0.0,0.0,0.0,0.0,0.0,0.0,0.0,0.0,0.0,0.0,0,0,0,True,0,0.0,True,
Mask/No oil/00106_segmentation.tif,True,2048,2048,1,uint8,,,,1,0.0,0.0,0.0,0.0,0.0,0.0,0.0,0.0,0.0,0.0,0.0,0.0,0,0,0,True,0,0.0,True,
Mask/No oil/00107_segmentation.tif,True,2048,2048,1,uint8,,,,1,0.0,0.0,0.0,0.0,0.0,0.0,0.0,0.0,0.0,0.0,0.0,0.0,0,0,0,True,0,0.0,True,
Mask/No oil/00108_segmentation.tif,True,2048,2048,1,uint8,,,,1,0.0,0.0,0.0,0.0,0.0,0.0,0.0,0.0,0.0,0.0,0.0,0.0,0,0,0,True,0,0.0,True,
Mask/No oil/00109_segmentation.tif,True,2048,2048,1,uint8,,,,1,0.0,0.0,0.0,0.0,0.0,0.0,0.0,0.0,0.0,0.0,0.0,0.0,0,0,0,True,0,0.0,True,
Mask/No oil/00110_segmentation.tif,True,2048,2048,1,uint8,,,,1,0.0,0.0,0.0,0.0,0.0,0.0,0.0,0.0,0.0,0.0,0.0,0.0,0,0,0,True,0,0.0,True,
Mask/No oil/00111_segmentation.tif,True,2048,2048,1,uint8,,,,1,0.0,0.0,0.0,0.0,0.0,0.0,0.0,0.0,0.0,0.0,0.0,0.0,0,0,0,True,0,0.0,True,
Mask/No oil/00112_segmentation.tif,True,2048,2048,1,uint8,,,,1,0.0,0.0,0.0,0.0,0.0,0.0,0.0,0.0,0.0,0.0,0.0,0.0,0,0,0,True,0,0.0,True,
Mask/No oil/00113_segmentation.tif,True,2048,2048,1,uint8,,,,1,0.0,0.0,0.0,0.0,0.0,0.0,0.0,0.0,0.0,0.0,0.0,0.0,0,0,0,True,0,0.0,True,
Mask/No oil/00114_segmentation.tif,True,2048,2048,1,uint8,,,,1,0.0,0.0,0.0,0.0,0.0,0.0,0.0,0.0,0.0,0.0,0.0,0.0,0,0,0,True,0,0.0,True,
Mask/No oil/00115_segmentation.tif,True,2048,2048,1,uint8,,,,1,0.0,0.0,0.0,0.0,0.0,0.0,0.0,0.0,0.0,0.0,0.0,0.0,0,0,0,True,0,0.0,True,
Mask/No oil/00116_segmentation.tif,True,2048,2048,1,uint8,,,,1,0.0,0.0,0.0,0.0,0.0,0.0,0.0,0.0,0.0,0.0,0.0,0.0,0,0,0,True,0,0.0,True,
Mask/No oil/00117_segmentation.tif,True,2048,2048,1,uint8,,,,1,0.0,0.0,0.0,0.0,0.0,0.0,0.0,0.0,0.0,0.0,0.0,0.0,0,0,0,True,0,0.0,True,
Mask/No oil/00118_segmentation.tif,True,2048,2048,1,uint8,,,,1,0.0,0.0,0.0,0.0,0.0,0.0,0.0,0.0,0.0,0.0,0.0,0.0,0,0,0,True,0,0.0,True,
Mask/No oil/00119_segmentation.tif,True,2048,2048,1,uint8,,,,1,0.0,0.0,0.0,0.0,0.0,0.0,0.0,0.0,0.0,0.0,0.0,0.0,0,0,0,True,0,0.0,True,
Mask/No oil/00120_segmentation.tif,True,2048,2048,1,uint8,,,,1,0.0,0.0,0.0,0.0,0.0,0.0,0.0,0.0,0.0,0.0,0.0,0.0,0,0,0,True,0,0.0,True,
Mask/No oil/00121_segmentation.tif,True,2048,2048,1,uint8,,,,1,0.0,0.0,0.0,0.0,0.0,0.0,0.0,0.0,0.0,0.0,0.0,0.0,0,0,0,True,0,0.0,True,
Mask/No oil/00122_segmentation.tif,True,2048,2048,1,uint8,,,,1,0.0,0.0,0.0,0.0,0.0,0.0,0.0,0.0,0.0,0.0,0.0,0.0,0,0,0,True,0,0.0,True,
Mask/No oil/00123_segmentation.tif,True,2048,2048,1,uint8,,,,1,0.0,0.0,0.0,0.0,0.0,0.0,0.0,0.0,0.0,0.0,0.0,0.0,0,0,0,True,0,0.0,True,
Mask/No oil/00124_segmentation.tif,True,2048,2048,1,uint8,,,,1,0.0,0.0,0.0,0.0,0.0,0.0,0.0,0.0,0.0,0.0,0.0,0.0,0,0,0,True,0,0.0,True,
Mask/No oil/00125_segmentation.tif,True,2048,2048,1,uint8,,,,1,0.0,0.0,0.0,0.0,0.0,0.0,0.0,0.0,0.0,0.0,0.0,0.0,0,0,0,True,0,0.0,True,
Mask/No oil/00126_segmentation.tif,True,2048,2048,1,uint8,,,,1,0.0,0.0,0.0,0.0,0.0,0.0,0.0,0.0,0.0,0.0,0.0,0.0,0,0,0,True,0,0.0,True,
Mask/No oil/00127_segmentation.tif,True,2048,2048,1,uint8,,,,1,0.0,0.0,0.0,0.0,0.0,0.0,0.0,0.0,0.0,0.0,0.0,0.0,0,0,0,True,0,0.0,True,
Mask/No oil/00128_segmentation.tif,True,2048,2048,1,uint8,,,,1,0.0,0.0,0.0,0.0,0.0,0.0,0.0,0.0,0.0,0.0,0.0,0.0,0,0,0,True,0,0.0,True,
Mask/No oil/00129_segmentation.tif,True,2048,2048,1,uint8,,,,1,0.0,0.0,0.0,0.0,0.0,0.0,0.0,0.0,0.0,0.0,0.0,0.0,0,0,0,True,0,0.0,True,
Mask/No oil/00130_segmentation.tif,True,2048,2048,1,uint8,,,,1,0.0,0.0,0.0,0.0,0.0,0.0,0.0,0.0,0.0,0.0,0.0,0.0,0,0,0,True,0,0.0,True,
Mask/No oil/00131_segmentation.tif,True,2048,2048,1,uint8,,,,1,0.0,0.0,0.0,0.0,0.0,0.0,0.0,0.0,0.0,0.0,0.0,0.0,0,0,0,True,0,0.0,True,
Mask/No oil/00132_segmentation.tif,True,2048,2048,1,uint8,,,,1,0.0,0.0,0.0,0.0,0.0,0.0,0.0,0.0,0.0,0.0,0.0,0.0,0,0,0,True,0,0.0,True,
Mask/No oil/00133_segmentation.tif,True,2048,2048,1,uint8,,,,1,0.0,0.0,0.0,0.0,0.0,0.0,0.0,0.0,0.0,0.0,0.0,0.0,0,0,0,True,0,0.0,True,
Mask/No oil/00134_segmentation.tif,True,2048,2048,1,uint8,,,,1,0.0,0.0,0.0,0.0,0.0,0.0,0.0,0.0,0.0,0.0,0.0,0.0,0,0,0,True,0,0.0,True,
Mask/No oil/00135_segmentation.tif,True,2048,2048,1,uint8,,,,1,0.0,0.0,0.0,0.0,0.0,0.0,0.0,0.0,0.0,0.0,0.0,0.0,0,0,0,True,0,0.0,True,
Mask/No oil/00136_segmentation.tif,True,2048,2048,1,uint8,,,,1,0.0,0.0,0.0,0.0,0.0,0.0,0.0,0.0,0.0,0.0,0.0,0.0,0,0,0,True,0,0.0,True,
Mask/No oil/00137_segmentation.tif,True,2048,2048,1,uint8,,,,1,0.0,0.0,0.0,0.0,0.0,0.0,0.0,0.0,0.0,0.0,0.0,0.0,0,0,0,True,0,0.0,True,
Mask/No oil/00138_segmentation.tif,True,2048,2048,1,uint8,,,,1,0.0,0.0,0.0,0.0,0.0,0.0,0.0,0.0,0.0,0.0,0.0,0.0,0,0,0,True,0,0.0,True,
Mask/No oil/00139_segmentation.tif,True,2048,2048,1,uint8,,,,1,0.0,0.0,0.0,0.0,0.0,0.0,0.0,0.0,0.0,0.0,0.0,0.0,0,0,0,True,0,0.0,True,
Mask/No oil/00140_segmentation.tif,True,2048,2048,1,uint8,,,,1,0.0,0.0,0.0,0.0,0.0,0.0,0.0,0.0,0.0,0.0,0.0,0.0,0,0,0,True,0,0.0,True,
Mask/No oil/00141_segmentation.tif,True,2048,2048,1,uint8,,,,1,0.0,0.0,0.0,0.0,0.0,0.0,0.0,0.0,0.0,0.0,0.0,0.0,0,0,0,True,0,0.0,True,
Mask/No oil/00142_segmentation.tif,True,2048,2048,1,uint8,,,,1,0.0,0.0,0.0,0.0,0.0,0.0,0.0,0.0,0.0,0.0,0.0,0.0,0,0,0,True,0,0.0,True,
Mask/No oil/00143_segmentation.tif,True,2048,2048,1,uint8,,,,1,0.0,0.0,0.0,0.0,0.0,0.0,0.0,0.0,0.0,0.0,0.0,0.0,0,0,0,True,0,0.0,True,
Mask/No oil/00144_segmentation.tif,True,2048,2048,1,uint8,,,,1,0.0,0.0,0.0,0.0,0.0,0.0,0.0,0.0,0.0,0.0,0.0,0.0,0,0,0,True,0,0.0,True,
Mask/No oil/00145_segmentation.tif,True,2048,2048,1,uint8,,,,1,0.0,0.0,0.0,0.0,0.0,0.0,0.0,0.0,0.0,0.0,0.0,0.0,0,0,0,True,0,0.0,True,
Mask/No oil/00146_segmentation.tif,True,2048,2048,1,uint8,,,,1,0.0,0.0,0.0,0.0,0.0,0.0,0.0,0.0,0.0,0.0,0.0,0.0,0,0,0,True,0,0.0,True,
Mask/No oil/00147_segmentation.tif,True,2048,2048,1,uint8,,,,1,0.0,0.0,0.0,0.0,0.0,0.0,0.0,0.0,0.0,0.0,0.0,0.0,0,0,0,True,0,0.0,True,
Mask/No oil/00148_segmentation.tif,True,2048,2048,1,uint8,,,,1,0.0,0.0,0.0,0.0,0.0,0.0,0.0,0.0,0.0,0.0,0.0,0.0,0,0,0,True,0,0.0,True,
Mask/No oil/00149_segmentation.tif,True,2048,2048,1,uint8,,,,1,0.0,0.0,0.0,0.0,0.0,0.0,0.0,0.0,0.0,0.0,0.0,0.0,0,0,0,True,0,0.0,True,
Mask/Lookalike/00000_segmentation.tif,True,2048,2048,1,uint8,,,,1,0.0,0.0,0.0,0.0,0.0,0.0,0.0,0.0,0.0,0.0,0.0,0.0,0,0,0,True,0,0.0,True,
Mask/Lookalike/00001_segmentation.tif,True,2048,2048,1,uint8,,,,1,0.0,0.0,0.0,0.0,0.0,0.0,0.0,0.0,0.0,0.0,0.0,0.0,0,0,0,True,0,0.0,True,
Mask/Lookalike/00002_segmentation.tif,True,2048,2048,1,uint8,,,,1,0.0,0.0,0.0,0.0,0.0,0.0,0.0,0.0,0.0,0.0,0.0,0.0,0,0,0,True,0,0.0,True,
Mask/Lookalike/00003_segmentation.tif,True,2048,2048,1,uint8,,,,1,0.0,0.0,0.0,0.0,0.0,0.0,0.0,0.0,0.0,0.0,0.0,0.0,0,0,0,True,0,0.0,True,
Mask/Lookalike/00004_segmentation.tif,True,2048,2048,1,uint8,,,,1,0.0,0.0,0.0,0.0,0.0,0.0,0.0,0.0,0.0,0.0,0.0,0.0,0,0,0,True,0,0.0,True,
Mask/Lookalike/00005_segmentation.tif,True,2048,2048,1,uint8,,,,1,0.0,0.0,0.0,0.0,0.0,0.0,0.0,0.0,0.0,0.0,0.0,0.0,0,0,0,True,0,0.0,True,
Mask/Lookalike/00006_segmentation.tif,True,2048,2048,1,uint8,,,,1,0.0,0.0,0.0,0.0,0.0,0.0,0.0,0.0,0.0,0.0,0.0,0.0,0,0,0,True,0,0.0,True,
Mask/Lookalike/00007_segmentation.tif,True,2048,2048,1,uint8,,,,1,0.0,0.0,0.0,0.0,0.0,0.0,0.0,0.0,0.0,0.0,0.0,0.0,0,0,0,True,0,0.0,True,
Mask/Lookalike/00008_segmentation.tif,True,2048,2048,1,uint8,,,,1,0.0,0.0,0.0,0.0,0.0,0.0,0.0,0.0,0.0,0.0,0.0,0.0,0,0,0,True,0,0.0,True,
Mask/Lookalike/00009_segmentation.tif,True,2048,2048,1,uint8,,,,1,0.0,0.0,0.0,0.0,0.0,0.0,0.0,0.0,0.0,0.0,0.0,0.0,0,0,0,True,0,0.0,True,
Mask/Lookalike/00010_segmentation.tif,True,2048,2048,1,uint8,,,,1,0.0,0.0,0.0,0.0,0.0,0.0,0.0,0.0,0.0,0.0,0.0,0.0,0,0,0,True,0,0.0,True,
Mask/Lookalike/00011_segmentation.tif,True,2048,2048,1,uint8,,,,1,0.0,0.0,0.0,0.0,0.0,0.0,0.0,0.0,0.0,0.0,0.0,0.0,0,0,0,True,0,0.0,True,
Mask/Lookalike/00012_segmentation.tif,True,2048,2048,1,uint8,,,,1,0.0,0.0,0.0,0.0,0.0,0.0,0.0,0.0,0.0,0.0,0.0,0.0,0,0,0,True,0,0.0,True,
Mask/Lookalike/00013_segmentation.tif,True,2048,2048,1,uint8,,,,1,0.0,0.0,0.0,0.0,0.0,0.0,0.0,0.0,0.0,0.0,0.0,0.0,0,0,0,True,0,0.0,True,
Mask/Lookalike/00014_segmentation.tif,True,2048,2048,1,uint8,,,,1,0.0,0.0,0.0,0.0,0.0,0.0,0.0,0.0,0.0,0.0,0.0,0.0,0,0,0,True,0,0.0,True,
Mask/Lookalike/00015_segmentation.tif,True,2048,2048,1,uint8,,,,1,0.0,0.0,0.0,0.0,0.0,0.0,0.0,0.0,0.0,0.0,0.0,0.0,0,0,0,True,0,0.0,True,
Mask/Lookalike/00016_segmentation.tif,True,2048,2048,1,uint8,,,,1,0.0,0.0,0.0,0.0,0.0,0.0,0.0,0.0,0.0,0.0,0.0,0.0,0,0,0,True,0,0.0,True,
Mask/Lookalike/00017_segmentation.tif,True,2048,2048,1,uint8,,,,1,0.0,0.0,0.0,0.0,0.0,0.0,0.0,0.0,0.0,0.0,0.0,0.0,0,0,0,True,0,0.0,True,
Mask/Lookalike/00018_segmentation.tif,True,2048,2048,1,uint8,,,,1,0.0,0.0,0.0,0.0,0.0,0.0,0.0,0.0,0.0,0.0,0.0,0.0,0,0,0,True,0,0.0,True,
Mask/Lookalike/00019_segmentation.tif,True,2048,2048,1,uint8,,,,1,0.0,0.0,0.0,0.0,0.0,0.0,0.0,0.0,0.0,0.0,0.0,0.0,0,0,0,True,0,0.0,True,
Mask/Lookalike/00020_segmentation.tif,True,2048,2048,1,uint8,,,,1,0.0,0.0,0.0,0.0,0.0,0.0,0.0,0.0,0.0,0.0,0.0,0.0,0,0,0,True,0,0.0,True,
Mask/Lookalike/00021_segmentation.tif,True,2048,2048,1,uint8,,,,1,0.0,0.0,0.0,0.0,0.0,0.0,0.0,0.0,0.0,0.0,0.0,0.0,0,0,0,True,0,0.0,True,
Mask/Lookalike/00022_segmentation.tif,True,2048,2048,1,uint8,,,,1,0.0,0.0,0.0,0.0,0.0,0.0,0.0,0.0,0.0,0.0,0.0,0.0,0,0,0,True,0,0.0,True,
Mask/Lookalike/00023_segmentation.tif,True,2048,2048,1,uint8,,,,1,0.0,0.0,0.0,0.0,0.0,0.0,0.0,0.0,0.0,0.0,0.0,0.0,0,0,0,True,0,0.0,True,
Mask/Lookalike/00024_segmentation.tif,True,2048,2048,1,uint8,,,,1,0.0,0.0,0.0,0.0,0.0,0.0,0.0,0.0,0.0,0.0,0.0,0.0,0,0,0,True,0,0.0,True,
Mask/Lookalike/00025_segmentation.tif,True,2048,2048,1,uint8,,,,1,0.0,0.0,0.0,0.0,0.0,0.0,0.0,0.0,0.0,0.0,0.0,0.0,0,0,0,True,0,0.0,True,
Mask/Lookalike/00026_segmentation.tif,True,2048,2048,1,uint8,,,,1,0.0,0.0,0.0,0.0,0.0,0.0,0.0,0.0,0.0,0.0,0.0,0.0,0,0,0,True,0,0.0,True,
Mask/Lookalike/00027_segmentation.tif,True,2048,2048,1,uint8,,,,1,0.0,0.0,0.0,0.0,0.0,0.0,0.0,0.0,0.0,0.0,0.0,0.0,0,0,0,True,0,0.0,True,
Mask/Lookalike/00028_segmentation.tif,True,2048,2048,1,uint8,,,,1,0.0,0.0,0.0,0.0,0.0,0.0,0.0,0.0,0.0,0.0,0.0,0.0,0,0,0,True,0,0.0,True,
Mask/Lookalike/00029_segmentation.tif,True,2048,2048,1,uint8,,,,1,0.0,0.0,0.0,0.0,0.0,0.0,0.0,0.0,0.0,0.0,0.0,0.0,0,0,0,True,0,0.0,True,
Mask/Lookalike/00030_segmentation.tif,True,2048,2048,1,uint8,,,,1,0.0,0.0,0.0,0.0,0.0,0.0,0.0,0.0,0.0,0.0,0.0,0.0,0,0,0,True,0,0.0,True,
Mask/Lookalike/00031_segmentation.tif,True,2048,2048,1,uint8,,,,1,0.0,0.0,0.0,0.0,0.0,0.0,0.0,0.0,0.0,0.0,0.0,0.0,0,0,0,True,0,0.0,True,
Mask/Lookalike/00032_segmentation.tif,True,2048,2048,1,uint8,,,,1,0.0,0.0,0.0,0.0,0.0,0.0,0.0,0.0,0.0,0.0,0.0,0.0,0,0,0,True,0,0.0,True,
Mask/Lookalike/00033_segmentation.tif,True,2048,2048,1,uint8,,,,1,0.0,0.0,0.0,0.0,0.0,0.0,0.0,0.0,0.0,0.0,0.0,0.0,0,0,0,True,0,0.0,True,
Mask/Lookalike/00034_segmentation.tif,True,2048,2048,1,uint8,,,,1,0.0,0.0,0.0,0.0,0.0,0.0,0.0,0.0,0.0,0.0,0.0,0.0,0,0,0,True,0,0.0,True,
Mask/Lookalike/00035_segmentation.tif,True,2048,2048,1,uint8,,,,1,0.0,0.0,0.0,0.0,0.0,0.0,0.0,0.0,0.0,0.0,0.0,0.0,0,0,0,True,0,0.0,True,
Mask/Lookalike/00036_segmentation.tif,True,2048,2048,1,uint8,,,,1,0.0,0.0,0.0,0.0,0.0,0.0,0.0,0.0,0.0,0.0,0.0,0.0,0,0,0,True,0,0.0,True,
Mask/Lookalike/00037_segmentation.tif,True,2048,2048,1,uint8,,,,1,0.0,0.0,0.0,0.0,0.0,0.0,0.0,0.0,0.0,0.0,0.0,0.0,0,0,0,True,0,0.0,True,
Mask/Lookalike/00038_segmentation.tif,True,2048,2048,1,uint8,,,,1,0.0,0.0,0.0,0.0,0.0,0.0,0.0,0.0,0.0,0.0,0.0,0.0,0,0,0,True,0,0.0,True,
Mask/Lookalike/00039_segmentation.tif,True,2048,2048,1,uint8,,,,1,0.0,0.0,0.0,0.0,0.0,0.0,0.0,0.0,0.0,0.0,0.0,0.0,0,0,0,True,0,0.0,True,
Mask/Lookalike/00040_segmentation.tif,True,2048,2048,1,uint8,,,,1,0.0,0.0,0.0,0.0,0.0,0.0,0.0,0.0,0.0,0.0,0.0,0.0,0,0,0,True,0,0.0,True,
Mask/Lookalike/00041_segmentation.tif,True,2048,2048,1,uint8,,,,1,0.0,0.0,0.0,0.0,0.0,0.0,0.0,0.0,0.0,0.0,0.0,0.0,0,0,0,True,0,0.0,True,
Mask/Lookalike/00042_segmentation.tif,True,2048,2048,1,uint8,,,,1,0.0,0.0,0.0,0.0,0.0,0.0,0.0,0.0,0.0,0.0,0.0,0.0,0,0,0,True,0,0.0,True,
Mask/Lookalike/00043_segmentation.tif,True,2048,2048,1,uint8,,,,1,0.0,0.0,0.0,0.0,0.0,0.0,0.0,0.0,0.0,0.0,0.0,0.0,0,0,0,True,0,0.0,True,
Mask/Lookalike/00044_segmentation.tif,True,2048,2048,1,uint8,,,,1,0.0,0.0,0.0,0.0,0.0,0.0,0.0,0.0,0.0,0.0,0.0,0.0,0,0,0,True,0,0.0,True,
Mask/Lookalike/00045_segmentation.tif,True,2048,2048,1,uint8,,,,1,0.0,0.0,0.0,0.0,0.0,0.0,0.0,0.0,0.0,0.0,0.0,0.0,0,0,0,True,0,0.0,True,
Mask/Lookalike/00046_segmentation.tif,True,2048,2048,1,uint8,,,,1,0.0,0.0,0.0,0.0,0.0,0.0,0.0,0.0,0.0,0.0,0.0,0.0,0,0,0,True,0,0.0,True,
Mask/Lookalike/00047_segmentation.tif,True,2048,2048,1,uint8,,,,1,0.0,0.0,0.0,0.0,0.0,0.0,0.0,0.0,0.0,0.0,0.0,0.0,0,0,0,True,0,0.0,True,
Mask/Lookalike/00048_segmentation.tif,True,2048,2048,1,uint8,,,,1,0.0,0.0,0.0,0.0,0.0,0.0,0.0,0.0,0.0,0.0,0.0,0.0,0,0,0,True,0,0.0,True,
Mask/Lookalike/00049_segmentation.tif,True,2048,2048,1,uint8,,,,1,0.0,0.0,0.0,0.0,0.0,0.0,0.0,0.0,0.0,0.0,0.0,0.0,0,0,0,True,0,0.0,True,
Mask/Lookalike/00050_segmentation.tif,True,2048,2048,1,uint8,,,,1,0.0,0.0,0.0,0.0,0.0,0.0,0.0,0.0,0.0,0.0,0.0,0.0,0,0,0,True,0,0.0,True,
Mask/Lookalike/00051_segmentation.tif,True,2048,2048,1,uint8,,,,1,0.0,0.0,0.0,0.0,0.0,0.0,0.0,0.0,0.0,0.0,0.0,0.0,0,0,0,True,0,0.0,True,
Mask/Lookalike/00052_segmentation.tif,True,2048,2048,1,uint8,,,,1,0.0,0.0,0.0,0.0,0.0,0.0,0.0,0.0,0.0,0.0,0.0,0.0,0,0,0,True,0,0.0,True,
Mask/Lookalike/00053_segmentation.tif,True,2048,2048,1,uint8,,,,1,0.0,0.0,0.0,0.0,0.0,0.0,0.0,0.0,0.0,0.0,0.0,0.0,0,0,0,True,0,0.0,True,
Mask/Lookalike/00054_segmentation.tif,True,2048,2048,1,uint8,,,,1,0.0,0.0,0.0,0.0,0.0,0.0,0.0,0.0,0.0,0.0,0.0,0.0,0,0,0,True,0,0.0,True,
Mask/Lookalike/00055_segmentation.tif,True,2048,2048,1,uint8,,,,1,0.0,0.0,0.0,0.0,0.0,0.0,0.0,0.0,0.0,0.0,0.0,0.0,0,0,0,True,0,0.0,True,
Mask/Lookalike/00056_segmentation.tif,True,2048,2048,1,uint8,,,,1,0.0,0.0,0.0,0.0,0.0,0.0,0.0,0.0,0.0,0.0,0.0,0.0,0,0,0,True,0,0.0,True,
Mask/Lookalike/00057_segmentation.tif,True,2048,2048,1,uint8,,,,1,0.0,0.0,0.0,0.0,0.0,0.0,0.0,0.0,0.0,0.0,0.0,0.0,0,0,0,True,0,0.0,True,
Mask/Lookalike/00058_segmentation.tif,True,2048,2048,1,uint8,,,,1,0.0,0.0,0.0,0.0,0.0,0.0,0.0,0.0,0.0,0.0,0.0,0.0,0,0,0,True,0,0.0,True,
Mask/Lookalike/00059_segmentation.tif,True,2048,2048,1,uint8,,,,1,0.0,0.0,0.0,0.0,0.0,0.0,0.0,0.0,0.0,0.0,0.0,0.0,0,0,0,True,0,0.0,True,
Mask/Lookalike/00060_segmentation.tif,True,2048,2048,1,uint8,,,,1,0.0,0.0,0.0,0.0,0.0,0.0,0.0,0.0,0.0,0.0,0.0,0.0,0,0,0,True,0,0.0,True,
Mask/Lookalike/00061_segmentation.tif,True,2048,2048,1,uint8,,,,1,0.0,0.0,0.0,0.0,0.0,0.0,0.0,0.0,0.0,0.0,0.0,0.0,0,0,0,True,0,0.0,True,
Mask/Lookalike/00062_segmentation.tif,True,2048,2048,1,uint8,,,,1,0.0,0.0,0.0,0.0,0.0,0.0,0.0,0.0,0.0,0.0,0.0,0.0,0,0,0,True,0,0.0,True,
Mask/Lookalike/00063_segmentation.tif,True,2048,2048,1,uint8,,,,1,0.0,0.0,0.0,0.0,0.0,0.0,0.0,0.0,0.0,0.0,0.0,0.0,0,0,0,True,0,0.0,True,
Mask/Lookalike/00064_segmentation.tif,True,2048,2048,1,uint8,,,,1,0.0,0.0,0.0,0.0,0.0,0.0,0.0,0.0,0.0,0.0,0.0,0.0,0,0,0,True,0,0.0,True,
Mask/Lookalike/00065_segmentation.tif,True,2048,2048,1,uint8,,,,1,0.0,0.0,0.0,0.0,0.0,0.0,0.0,0.0,0.0,0.0,0.0,0.0,0,0,0,True,0,0.0,True,
Mask/Lookalike/00066_segmentation.tif,True,2048,2048,1,uint8,,,,1,0.0,0.0,0.0,0.0,0.0,0.0,0.0,0.0,0.0,0.0,0.0,0.0,0,0,0,True,0,0.0,True,
Mask/Lookalike/00067_segmentation.tif,True,2048,2048,1,uint8,,,,1,0.0,0.0,0.0,0.0,0.0,0.0,0.0,0.0,0.0,0.0,0.0,0.0,0,0,0,True,0,0.0,True,
Mask/Lookalike/00068_segmentation.tif,True,2048,2048,1,uint8,,,,1,0.0,0.0,0.0,0.0,0.0,0.0,0.0,0.0,0.0,0.0,0.0,0.0,0,0,0,True,0,0.0,True,
Mask/Lookalike/00069_segmentation.tif,True,2048,2048,1,uint8,,,,1,0.0,0.0,0.0,0.0,0.0,0.0,0.0,0.0,0.0,0.0,0.0,0.0,0,0,0,True,0,0.0,True,
Mask/Lookalike/00070_segmentation.tif,True,2048,2048,1,uint8,,,,1,0.0,0.0,0.0,0.0,0.0,0.0,0.0,0.0,0.0,0.0,0.0,0.0,0,0,0,True,0,0.0,True,
Mask/Lookalike/00071_segmentation.tif,True,2048,2048,1,uint8,,,,1,0.0,0.0,0.0,0.0,0.0,0.0,0.0,0.0,0.0,0.0,0.0,0.0,0,0,0,True,0,0.0,True,
Mask/Lookalike/00072_segmentation.tif,True,2048,2048,1,uint8,,,,1,0.0,0.0,0.0,0.0,0.0,0.0,0.0,0.0,0.0,0.0,0.0,0.0,0,0,0,True,0,0.0,True,
Mask/Lookalike/00073_segmentation.tif,True,2048,2048,1,uint8,,,,1,0.0,0.0,0.0,0.0,0.0,0.0,0.0,0.0,0.0,0.0,0.0,0.0,0,0,0,True,0,0.0,True,
Mask/Lookalike/00074_segmentation.tif,True,2048,2048,1,uint8,,,,1,0.0,0.0,0.0,0.0,0.0,0.0,0.0,0.0,0.0,0.0,0.0,0.0,0,0,0,True,0,0.0,True,
Mask/Lookalike/00075_segmentation.tif,True,2048,2048,1,uint8,,,,1,0.0,0.0,0.0,0.0,0.0,0.0,0.0,0.0,0.0,0.0,0.0,0.0,0,0,0,True,0,0.0,True,
Mask/Lookalike/00076_segmentation.tif,True,2048,2048,1,uint8,,,,1,0.0,0.0,0.0,0.0,0.0,0.0,0.0,0.0,0.0,0.0,0.0,0.0,0,0,0,True,0,0.0,True,
Mask/Lookalike/00077_segmentation.tif,True,2048,2048,1,uint8,,,,1,0.0,0.0,0.0,0.0,0.0,0.0,0.0,0.0,0.0,0.0,0.0,0.0,0,0,0,True,0,0.0,True,
Mask/Lookalike/00078_segmentation.tif,True,2048,2048,1,uint8,,,,1,0.0,0.0,0.0,0.0,0.0,0.0,0.0,0.0,0.0,0.0,0.0,0.0,0,0,0,True,0,0.0,True,
Mask/Lookalike/00079_segmentation.tif,True,2048,2048,1,uint8,,,,1,0.0,0.0,0.0,0.0,0.0,0.0,0.0,0.0,0.0,0.0,0.0,0.0,0,0,0,True,0,0.0,True,
Mask/Lookalike/00080_segmentation.tif,True,2048,2048,1,uint8,,,,1,0.0,0.0,0.0,0.0,0.0,0.0,0.0,0.0,0.0,0.0,0.0,0.0,0,0,0,True,0,0.0,True,
Mask/Lookalike/00081_segmentation.tif,True,2048,2048,1,uint8,,,,1,0.0,0.0,0.0,0.0,0.0,0.0,0.0,0.0,0.0,0.0,0.0,0.0,0,0,0,True,0,0.0,True,
Mask/Lookalike/00082_segmentation.tif,True,2048,2048,1,uint8,,,,1,0.0,0.0,0.0,0.0,0.0,0.0,0.0,0.0,0.0,0.0,0.0,0.0,0,0,0,True,0,0.0,True,
Mask/Lookalike/00083_segmentation.tif,True,2048,2048,1,uint8,,,,1,0.0,0.0,0.0,0.0,0.0,0.0,0.0,0.0,0.0,0.0,0.0,0.0,0,0,0,True,0,0.0,True,
Mask/Lookalike/00084_segmentation.tif,True,2048,2048,1,uint8,,,,1,0.0,0.0,0.0,0.0,0.0,0.0,0.0,0.0,0.0,0.0,0.0,0.0,0,0,0,True,0,0.0,True,
Mask/Lookalike/00085_segmentation.tif,True,2048,2048,1,uint8,,,,1,0.0,0.0,0.0,0.0,0.0,0.0,0.0,0.0,0.0,0.0,0.0,0.0,0,0,0,True,0,0.0,True,
Mask/Lookalike/00086_segmentation.tif,True,2048,2048,1,uint8,,,,1,0.0,0.0,0.0,0.0,0.0,0.0,0.0,0.0,0.0,0.0,0.0,0.0,0,0,0,True,0,0.0,True,
Mask/Lookalike/00087_segmentation.tif,True,2048,2048,1,uint8,,,,1,0.0,0.0,0.0,0.0,0.0,0.0,0.0,0.0,0.0,0.0,0.0,0.0,0,0,0,True,0,0.0,True,
Mask/Lookalike/00088_segmentation.tif,True,2048,2048,1,uint8,,,,1,0.0,0.0,0.0,0.0,0.0,0.0,0.0,0.0,0.0,0.0,0.0,0.0,0,0,0,True,0,0.0,True,
Mask/Lookalike/00089_segmentation.tif,True,2048,2048,1,uint8,,,,1,0.0,0.0,0.0,0.0,0.0,0.0,0.0,0.0,0.0,0.0,0.0,0.0,0,0,0,True,0,0.0,True,
Mask/Lookalike/00090_segmentation.tif,True,2048,2048,1,uint8,,,,1,0.0,0.0,0.0,0.0,0.0,0.0,0.0,0.0,0.0,0.0,0.0,0.0,0,0,0,True,0,0.0,True,
Mask/Lookalike/00091_segmentation.tif,True,2048,2048,1,uint8,,,,1,0.0,0.0,0.0,0.0,0.0,0.0,0.0,0.0,0.0,0.0,0.0,0.0,0,0,0,True,0,0.0,True,
Mask/Lookalike/00092_segmentation.tif,True,2048,2048,1,uint8,,,,1,0.0,0.0,0.0,0.0,0.0,0.0,0.0,0.0,0.0,0.0,0.0,0.0,0,0,0,True,0,0.0,True,
Mask/Lookalike/00093_segmentation.tif,True,2048,2048,1,uint8,,,,1,0.0,0.0,0.0,0.0,0.0,0.0,0.0,0.0,0.0,0.0,0.0,0.0,0,0,0,True,0,0.0,True,
Mask/Lookalike/00094_segmentation.tif,True,2048,2048,1,uint8,,,,1,0.0,0.0,0.0,0.0,0.0,0.0,0.0,0.0,0.0,0.0,0.0,0.0,0,0,0,True,0,0.0,True,
Mask/Lookalike/00095_segmentation.tif,True,2048,2048,1,uint8,,,,1,0.0,0.0,0.0,0.0,0.0,0.0,0.0,0.0,0.0,0.0,0.0,0.0,0,0,0,True,0,0.0,True,
Mask/Lookalike/00096_segmentation.tif,True,2048,2048,1,uint8,,,,1,0.0,0.0,0.0,0.0,0.0,0.0,0.0,0.0,0.0,0.0,0.0,0.0,0,0,0,True,0,0.0,True,
Mask/Lookalike/00097_segmentation.tif,True,2048,2048,1,uint8,,,,1,0.0,0.0,0.0,0.0,0.0,0.0,0.0,0.0,0.0,0.0,0.0,0.0,0,0,0,True,0,0.0,True,
Mask/Lookalike/00098_segmentation.tif,True,2048,2048,1,uint8,,,,1,0.0,0.0,0.0,0.0,0.0,0.0,0.0,0.0,0.0,0.0,0.0,0.0,0,0,0,True,0,0.0,True,
Mask/Lookalike/00099_segmentation.tif,True,2048,2048,1,uint8,,,,1,0.0,0.0,0.0,0.0,0.0,0.0,0.0,0.0,0.0,0.0,0.0,0.0,0,0,0,True,0,0.0,True,
Mask/Lookalike/00100_segmentation.tif,True,2048,2048,1,uint8,,,,1,0.0,0.0,0.0,0.0,0.0,0.0,0.0,0.0,0.0,0.0,0.0,0.0,0,0,0,True,0,0.0,True,
Mask/Lookalike/00101_segmentation.tif,True,2048,2048,1,uint8,,,,1,0.0,0.0,0.0,0.0,0.0,0.0,0.0,0.0,0.0,0.0,0.0,0.0,0,0,0,True,0,0.0,True,
Mask/Lookalike/00102_segmentation.tif,True,2048,2048,1,uint8,,,,1,0.0,0.0,0.0,0.0,0.0,0.0,0.0,0.0,0.0,0.0,0.0,0.0,0,0,0,True,0,0.0,True,
Mask/Lookalike/00103_segmentation.tif,True,2048,2048,1,uint8,,,,1,0.0,0.0,0.0,0.0,0.0,0.0,0.0,0.0,0.0,0.0,0.0,0.0,0,0,0,True,0,0.0,True,
Mask/Lookalike/00104_segmentation.tif,True,2048,2048,1,uint8,,,,1,0.0,0.0,0.0,0.0,0.0,0.0,0.0,0.0,0.0,0.0,0.0,0.0,0,0,0,True,0,0.0,True,
Mask/Lookalike/00105_segmentation.tif,True,2048,2048,1,uint8,,,,1,0.0,0.0,0.0,0.0,0.0,0.0,0.0,0.0,0.0,0.0,0.0,0.0,0,0,0,True,0,0.0,True,
Mask/Lookalike/00106_segmentation.tif,True,2048,2048,1,uint8,,,,1,0.0,0.0,0.0,0.0,0.0,0.0,0.0,0.0,0.0,0.0,0.0,0.0,0,0,0,True,0,0.0,True,
Mask/Lookalike/00107_segmentation.tif,True,2048,2048,1,uint8,,,,1,0.0,0.0,0.0,0.0,0.0,0.0,0.0,0.0,0.0,0.0,0.0,0.0,0,0,0,True,0,0.0,True,
Mask/Lookalike/00108_segmentation.tif,True,2048,2048,1,uint8,,,,1,0.0,0.0,0.0,0.0,0.0,0.0,0.0,0.0,0.0,0.0,0.0,0.0,0,0,0,True,0,0.0,True,
Mask/Lookalike/00109_segmentation.tif,True,2048,2048,1,uint8,,,,1,0.0,0.0,0.0,0.0,0.0,0.0,0.0,0.0,0.0,0.0,0.0,0.0,0,0,0,True,0,0.0,True,
Mask/Lookalike/00110_segmentation.tif,True,2048,2048,1,uint8,,,,1,0.0,0.0,0.0,0.0,0.0,0.0,0.0,0.0,0.0,0.0,0.0,0.0,0,0,0,True,0,0.0,True,
Mask/Lookalike/00111_segmentation.tif,True,2048,2048,1,uint8,,,,1,0.0,0.0,0.0,0.0,0.0,0.0,0.0,0.0,0.0,0.0,0.0,0.0,0,0,0,True,0,0.0,True,
Mask/Lookalike/00112_segmentation.tif,True,2048,2048,1,uint8,,,,1,0.0,0.0,0.0,0.0,0.0,0.0,0.0,0.0,0.0,0.0,0.0,0.0,0,0,0,True,0,0.0,True,
Mask/Lookalike/00113_segmentation.tif,True,2048,2048,1,uint8,,,,1,0.0,0.0,0.0,0.0,0.0,0.0,0.0,0.0,0.0,0.0,0.0,0.0,0,0,0,True,0,0.0,True,
Mask/Lookalike/00114_segmentation.tif,True,2048,2048,1,uint8,,,,1,0.0,0.0,0.0,0.0,0.0,0.0,0.0,0.0,0.0,0.0,0.0,0.0,0,0,0,True,0,0.0,True,
Mask/Lookalike/00115_segmentation.tif,True,2048,2048,1,uint8,,,,1,0.0,0.0,0.0,0.0,0.0,0.0,0.0,0.0,0.0,0.0,0.0,0.0,0,0,0,True,0,0.0,True,
Mask/Lookalike/00116_segmentation.tif,True,2048,2048,1,uint8,,,,1,0.0,0.0,0.0,0.0,0.0,0.0,0.0,0.0,0.0,0.0,0.0,0.0,0,0,0,True,0,0.0,True,
Mask/Lookalike/00117_segmentation.tif,True,2048,2048,1,uint8,,,,1,0.0,0.0,0.0,0.0,0.0,0.0,0.0,0.0,0.0,0.0,0.0,0.0,0,0,0,True,0,0.0,True,
Mask/Lookalike/00118_segmentation.tif,True,2048,2048,1,uint8,,,,1,0.0,0.0,0.0,0.0,0.0,0.0,0.0,0.0,0.0,0.0,0.0,0.0,0,0,0,True,0,0.0,True,
Mask/Lookalike/00119_segmentation.tif,True,2048,2048,1,uint8,,,,1,0.0,0.0,0.0,0.0,0.0,0.0,0.0,0.0,0.0,0.0,0.0,0.0,0,0,0,True,0,0.0,True,
Mask/Lookalike/00120_segmentation.tif,True,2048,2048,1,uint8,,,,1,0.0,0.0,0.0,0.0,0.0,0.0,0.0,0.0,0.0,0.0,0.0,0.0,0,0,0,True,0,0.0,True,
Mask/Lookalike/00121_segmentation.tif,True,2048,2048,1,uint8,,,,1,0.0,0.0,0.0,0.0,0.0,0.0,0.0,0.0,0.0,0.0,0.0,0.0,0,0,0,True,0,0.0,True,
Mask/Lookalike/00122_segmentation.tif,True,2048,2048,1,uint8,,,,1,0.0,0.0,0.0,0.0,0.0,0.0,0.0,0.0,0.0,0.0,0.0,0.0,0,0,0,True,0,0.0,True,
Mask/Lookalike/00123_segmentation.tif,True,2048,2048,1,uint8,,,,1,0.0,0.0,0.0,0.0,0.0,0.0,0.0,0.0,0.0,0.0,0.0,0.0,0,0,0,True,0,0.0,True,
Mask/Lookalike/00124_segmentation.tif,True,2048,2048,1,uint8,,,,1,0.0,0.0,0.0,0.0,0.0,0.0,0.0,0.0,0.0,0.0,0.0,0.0,0,0,0,True,0,0.0,True,
Mask/Lookalike/00125_segmentation.tif,True,2048,2048,1,uint8,,,,1,0.0,0.0,0.0,0.0,0.0,0.0,0.0,0.0,0.0,0.0,0.0,0.0,0,0,0,True,0,0.0,True,
Mask/Lookalike/00126_segmentation.tif,True,2048,2048,1,uint8,,,,1,0.0,0.0,0.0,0.0,0.0,0.0,0.0,0.0,0.0,0.0,0.0,0.0,0,0,0,True,0,0.0,True,
Mask/Lookalike/00127_segmentation.tif,True,2048,2048,1,uint8,,,,1,0.0,0.0,0.0,0.0,0.0,0.0,0.0,0.0,0.0,0.0,0.0,0.0,0,0,0,True,0,0.0,True,
Mask/Lookalike/00128_segmentation.tif,True,2048,2048,1,uint8,,,,1,0.0,0.0,0.0,0.0,0.0,0.0,0.0,0.0,0.0,0.0,0.0,0.0,0,0,0,True,0,0.0,True,
Mask/Lookalike/00129_segmentation.tif,True,2048,2048,1,uint8,,,,1,0.0,0.0,0.0,0.0,0.0,0.0,0.0,0.0,0.0,0.0,0.0,0.0,0,0,0,True,0,0.0,True,
Mask/Lookalike/00130_segmentation.tif,True,2048,2048,1,uint8,,,,1,0.0,0.0,0.0,0.0,0.0,0.0,0.0,0.0,0.0,0.0,0.0,0.0,0,0,0,True,0,0.0,True,
Mask/Lookalike/00131_segmentation.tif,True,2048,2048,1,uint8,,,,1,0.0,0.0,0.0,0.0,0.0,0.0,0.0,0.0,0.0,0.0,0.0,0.0,0,0,0,True,0,0.0,True,
Mask/Lookalike/00132_segmentation.tif,True,2048,2048,1,uint8,,,,1,0.0,0.0,0.0,0.0,0.0,0.0,0.0,0.0,0.0,0.0,0.0,0.0,0,0,0,True,0,0.0,True,
Mask/Lookalike/00133_segmentation.tif,True,2048,2048,1,uint8,,,,1,0.0,0.0,0.0,0.0,0.0,0.0,0.0,0.0,0.0,0.0,0.0,0.0,0,0,0,True,0,0.0,True,
Mask/Lookalike/00134_segmentation.tif,True,2048,2048,1,uint8,,,,1,0.0,0.0,0.0,0.0,0.0,0.0,0.0,0.0,0.0,0.0,0.0,0.0,0,0,0,True,0,0.0,True,
Mask/Lookalike/00135_segmentation.tif,True,2048,2048,1,uint8,,,,1,0.0,0.0,0.0,0.0,0.0,0.0,0.0,0.0,0.0,0.0,0.0,0.0,0,0,0,True,0,0.0,True,
Mask/Lookalike/00136_segmentation.tif,True,2048,2048,1,uint8,,,,1,0.0,0.0,0.0,0.0,0.0,0.0,0.0,0.0,0.0,0.0,0.0,0.0,0,0,0,True,0,0.0,True,
Mask/Lookalike/00137_segmentation.tif,True,2048,2048,1,uint8,,,,1,0.0,0.0,0.0,0.0,0.0,0.0,0.0,0.0,0.0,0.0,0.0,0.0,0,0,0,True,0,0.0,True,
Mask/Lookalike/00138_segmentation.tif,True,2048,2048,1,uint8,,,,1,0.0,0.0,0.0,0.0,0.0,0.0,0.0,0.0,0.0,0.0,0.0,0.0,0,0,0,True,0,0.0,True,
Mask/Lookalike/00139_segmentation.tif,True,2048,2048,1,uint8,,,,1,0.0,0.0,0.0,0.0,0.0,0.0,0.0,0.0,0.0,0.0,0.0,0.0,0,0,0,True,0,0.0,True,
Mask/Lookalike/00140_segmentation.tif,True,2048,2048,1,uint8,,,,1,0.0,0.0,0.0,0.0,0.0,0.0,0.0,0.0,0.0,0.0,0.0,0.0,0,0,0,True,0,0.0,True,
Mask/Lookalike/00141_segmentation.tif,True,2048,2048,1,uint8,,,,1,0.0,0.0,0.0,0.0,0.0,0.0,0.0,0.0,0.0,0.0,0.0,0.0,0,0,0,True,0,0.0,True,
Mask/Lookalike/00142_segmentation.tif,True,2048,2048,1,uint8,,,,1,0.0,0.0,0.0,0.0,0.0,0.0,0.0,0.0,0.0,0.0,0.0,0.0,0,0,0,True,0,0.0,True,
Mask/Lookalike/00143_segmentation.tif,True,2048,2048,1,uint8,,,,1,0.0,0.0,0.0,0.0,0.0,0.0,0.0,0.0,0.0,0.0,0.0,0.0,0,0,0,True,0,0.0,True,
Mask/Lookalike/00144_segmentation.tif,True,2048,2048,1,uint8,,,,1,0.0,0.0,0.0,0.0,0.0,0.0,0.0,0.0,0.0,0.0,0.0,0.0,0,0,0,True,0,0.0,True,
Mask/Lookalike/00145_segmentation.tif,True,2048,2048,1,uint8,,,,1,0.0,0.0,0.0,0.0,0.0,0.0,0.0,0.0,0.0,0.0,0.0,0.0,0,0,0,True,0,0.0,True,
Mask/Lookalike/00146_segmentation.tif,True,2048,2048,1,uint8,,,,1,0.0,0.0,0.0,0.0,0.0,0.0,0.0,0.0,0.0,0.0,0.0,0.0,0,0,0,True,0,0.0,True,
Mask/Lookalike/00147_segmentation.tif,True,2048,2048,1,uint8,,,,1,0.0,0.0,0.0,0.0,0.0,0.0,0.0,0.0,0.0,0.0,0.0,0.0,0,0,0,True,0,0.0,True,
Mask/Lookalike/00148_segmentation.tif,True,2048,2048,1,uint8,,,,1,0.0,0.0,0.0,0.0,0.0,0.0,0.0,0.0,0.0,0.0,0.0,0.0,0,0,0,True,0,0.0,True,
Mask/Lookalike/00149_segmentation.tif,True,2048,2048,1,uint8,,,,1,0.0,0.0,0.0,0.0,0.0,0.0,0.0,0.0,0.0,0.0,0.0,0.0,0,0,0,True,0,0.0,True,
